"model","resolution","iteration","threshold","strategy","net_benefit"
"1-3arc-Iteration0-PA1:1.25DO:0-Seed1034","1/3 arc-second",0,0.01,"model",0.407871821664925
"1-3arc-Iteration0-PA1:1.25DO:0-Seed1034","1/3 arc-second",0,0.02,"model",0.4018296973962
"1-3arc-Iteration0-PA1:1.25DO:0-Seed1034","1/3 arc-second",0,0.03,"model",0.395662993245645
"1-3arc-Iteration0-PA1:1.25DO:0-Seed1034","1/3 arc-second",0,0.04,"model",0.389367816091954
"1-3arc-Iteration0-PA1:1.25DO:0-Seed1034","1/3 arc-second",0,0.05,"model",0.382940108892922
"1-3arc-Iteration0-PA1:1.25DO:0-Seed1034","1/3 arc-second",0,0.06,"model",0.376375641966251
"1-3arc-Iteration0-PA1:1.25DO:0-Seed1034","1/3 arc-second",0,0.07,"model",0.369670003707823
"1-3arc-Iteration0-PA1:1.25DO:0-Seed1034","1/3 arc-second",0,0.08,"model",0.362818590704648
"1-3arc-Iteration0-PA1:1.25DO:0-Seed1034","1/3 arc-second",0,0.09,"model",0.355816597195908
"1-3arc-Iteration0-PA1:1.25DO:0-Seed1034","1/3 arc-second",0,0.1,"model",0.348659003831418
"1-3arc-Iteration0-PA1:1.25DO:0-Seed1034","1/3 arc-second",0,0.11,"model",0.34134056567222
"1-3arc-Iteration0-PA1:1.25DO:0-Seed1034","1/3 arc-second",0,0.12,"model",0.333855799373041
"1-3arc-Iteration0-PA1:1.25DO:0-Seed1034","1/3 arc-second",0,0.13,"model",0.326198969480777
"1-3arc-Iteration0-PA1:1.25DO:0-Seed1034","1/3 arc-second",0,0.14,"model",0.318364073777065
"1-3arc-Iteration0-PA1:1.25DO:0-Seed1034","1/3 arc-second",0,0.15,"model",0.310344827586207
"1-3arc-Iteration0-PA1:1.25DO:0-Seed1034","1/3 arc-second",0,0.16,"model",0.302134646962233
"1-3arc-Iteration0-PA1:1.25DO:0-Seed1034","1/3 arc-second",0,0.17,"model",0.293726630660573
"1-3arc-Iteration0-PA1:1.25DO:0-Seed1034","1/3 arc-second",0,0.18,"model",0.28511354079058
"1-3arc-Iteration0-PA1:1.25DO:0-Seed1034","1/3 arc-second",0,0.19,"model",0.276287782034908
"1-3arc-Iteration0-PA1:1.25DO:0-Seed1034","1/3 arc-second",0,0.2,"model",0.271551724137931
"1-3arc-Iteration0-PA1:1.25DO:0-Seed1034","1/3 arc-second",0,0.21,"model",0.262549105194238
"1-3arc-Iteration0-PA1:1.25DO:0-Seed1034","1/3 arc-second",0,0.22,"model",0.253315649867374
"1-3arc-Iteration0-PA1:1.25DO:0-Seed1034","1/3 arc-second",0,0.23,"model",0.24384236453202
"1-3arc-Iteration0-PA1:1.25DO:0-Seed1034","1/3 arc-second",0,0.24,"model",0.234119782214156
"1-3arc-Iteration0-PA1:1.25DO:0-Seed1034","1/3 arc-second",0,0.25,"model",0.224137931034483
"1-3arc-Iteration0-PA1:1.25DO:0-Seed1034","1/3 arc-second",0,0.26,"model",0.213886300093197
"1-3arc-Iteration0-PA1:1.25DO:0-Seed1034","1/3 arc-second",0,0.27,"model",0.203353802550779
"1-3arc-Iteration0-PA1:1.25DO:0-Seed1034","1/3 arc-second",0,0.28,"model",0.192528735632184
"1-3arc-Iteration0-PA1:1.25DO:0-Seed1034","1/3 arc-second",0,0.29,"model",0.181398737251093
"1-3arc-Iteration0-PA1:1.25DO:0-Seed1034","1/3 arc-second",0,0.3,"model",0.169950738916256
"1-3arc-Iteration0-PA1:1.25DO:0-Seed1034","1/3 arc-second",0,0.31,"model",0.158170914542729
"1-3arc-Iteration0-PA1:1.25DO:0-Seed1034","1/3 arc-second",0,0.32,"model",0.14604462474645
"1-3arc-Iteration0-PA1:1.25DO:0-Seed1034","1/3 arc-second",0,0.33,"model",0.133556356150283
"1-3arc-Iteration0-PA1:1.25DO:0-Seed1034","1/3 arc-second",0,0.34,"model",0.120689655172414
"1-3arc-Iteration0-PA1:1.25DO:0-Seed1034","1/3 arc-second",0,0.35,"model",0.107427055702918
"1-3arc-Iteration0-PA1:1.25DO:0-Seed1034","1/3 arc-second",0,0.36,"model",0.0937499999999999
"1-3arc-Iteration0-PA1:1.25DO:0-Seed1034","1/3 arc-second",0,0.37,"model",0.0796387520525451
"1-3arc-Iteration0-PA1:1.25DO:0-Seed1034","1/3 arc-second",0,0.38,"model",0.0650723025583982
"1-3arc-Iteration0-PA1:1.25DO:0-Seed1034","1/3 arc-second",0,0.39,"model",0.0500282645562464
"1-3arc-Iteration0-PA1:1.25DO:0-Seed1034","1/3 arc-second",0,0.4,"model",0.0344827586206896
"1-3arc-Iteration0-PA1:1.25DO:0-Seed1034","1/3 arc-second",0,0.41,"model",0.0184102863822326
"1-3arc-Iteration0-PA1:1.25DO:0-Seed1034","1/3 arc-second",0,0.42,"model",0.00178359096313901
"1-3arc-Iteration0-PA1:1.25DO:0-Seed1034","1/3 arc-second",0,0.43,"model",-0.0154264972776769
"1-3arc-Iteration0-PA1:1.25DO:0-Seed1034","1/3 arc-second",0,0.44,"model",-0.0332512315270936
"1-3arc-Iteration0-PA1:1.25DO:0-Seed1034","1/3 arc-second",0,0.45,"model",-0.0517241379310345
"1-3arc-Iteration0-PA1:1.25DO:0-Seed1034","1/3 arc-second",0,0.46,"model",-0.0708812260536399
"1-3arc-Iteration0-PA1:1.25DO:0-Seed1034","1/3 arc-second",0,0.47,"model",-0.0907612231620039
"1-3arc-Iteration0-PA1:1.25DO:0-Seed1034","1/3 arc-second",0,0.48,"model",-0.111405835543767
"1-3arc-Iteration0-PA1:1.25DO:0-Seed1034","1/3 arc-second",0,0.49,"model",-0.132860040567951
"1-3arc-Iteration0-PA1:1.25DO:0-Seed1034","1/3 arc-second",0,0.5,"model",-0.155172413793103
"1-3arc-Iteration0-PA1:1.25DO:0-Seed1034","1/3 arc-second",0,0.51,"model",-0.178395496129486
"1-3arc-Iteration0-PA1:1.25DO:0-Seed1034","1/3 arc-second",0,0.52,"model",-0.202586206896552
"1-3arc-Iteration0-PA1:1.25DO:0-Seed1034","1/3 arc-second",0,0.53,"model",-0.227806309611152
"1-3arc-Iteration0-PA1:1.25DO:0-Seed1034","1/3 arc-second",0,0.54,"model",-0.254122938530735
"1-3arc-Iteration0-PA1:1.25DO:0-Seed1034","1/3 arc-second",0,0.55,"model",-0.281609195402299
"1-3arc-Iteration0-PA1:1.25DO:0-Seed1034","1/3 arc-second",0,0.56,"model",-0.310344827586207
"1-3arc-Iteration0-PA1:1.25DO:0-Seed1034","1/3 arc-second",0,0.57,"model",-0.340417000801925
"1-3arc-Iteration0-PA1:1.25DO:0-Seed1034","1/3 arc-second",0,0.58,"model",-0.37192118226601
"1-3arc-Iteration0-PA1:1.25DO:0-Seed1034","1/3 arc-second",0,0.59,"model",-0.404962153069806
"1-3arc-Iteration0-PA1:1.25DO:0-Seed1034","1/3 arc-second",0,0.6,"model",-0.439655172413793
"1-3arc-Iteration0-PA1:1.25DO:0-Seed1034","1/3 arc-second",0,0.61,"model",-0.476127320954907
"1-3arc-Iteration0-PA1:1.25DO:0-Seed1034","1/3 arc-second",0,0.62,"model",-0.514519056261343
"1-3arc-Iteration0-PA1:1.25DO:0-Seed1034","1/3 arc-second",0,0.63,"model",-0.554986020503262
"1-3arc-Iteration0-PA1:1.25DO:0-Seed1034","1/3 arc-second",0,0.64,"model",-0.597701149425288
"1-3arc-Iteration0-PA1:1.25DO:0-Seed1034","1/3 arc-second",0,0.65,"model",-0.642857142857143
"1-3arc-Iteration0-PA1:1.25DO:0-Seed1034","1/3 arc-second",0,0.66,"model",-0.690669371196755
"1-3arc-Iteration0-PA1:1.25DO:0-Seed1034","1/3 arc-second",0,0.67,"model",-0.741379310344828
"1-3arc-Iteration0-PA1:1.25DO:0-Seed1034","1/3 arc-second",0,0.68,"model",-0.795258620689655
"1-3arc-Iteration0-PA1:1.25DO:0-Seed1034","1/3 arc-second",0,0.69,"model",-0.852614015572859
"1-3arc-Iteration0-PA1:1.25DO:0-Seed1034","1/3 arc-second",0,0.7,"model",-0.913793103448276
"1-3arc-Iteration0-PA1:1.25DO:0-Seed1034","1/3 arc-second",0,0.71,"model",-0.979191438763378
"1-3arc-Iteration0-PA1:1.25DO:0-Seed1034","1/3 arc-second",0,0.72,"model",-1.04926108374384
"1-3arc-Iteration0-PA1:1.25DO:0-Seed1034","1/3 arc-second",0,0.73,"model",-1.12452107279693
"1-3arc-Iteration0-PA1:1.25DO:0-Seed1034","1/3 arc-second",0,0.74,"model",-1.20557029177719
"1-3arc-Iteration0-PA1:1.25DO:0-Seed1034","1/3 arc-second",0,0.75,"model",-1.29310344827586
"1-3arc-Iteration0-PA1:1.25DO:0-Seed1034","1/3 arc-second",0,0.76,"model",-1.38793103448276
"1-3arc-Iteration0-PA1:1.25DO:0-Seed1034","1/3 arc-second",0,0.77,"model",-1.49100449775112
"1-3arc-Iteration0-PA1:1.25DO:0-Seed1034","1/3 arc-second",0,0.78,"model",-1.5423197492163
"1-3arc-Iteration0-PA1:1.25DO:0-Seed1034","1/3 arc-second",0,0.79,"model",-1.66174055829228
"1-3arc-Iteration0-PA1:1.25DO:0-Seed1034","1/3 arc-second",0,0.8,"model",-1.72413793103448
"1-3arc-Iteration0-PA1:1.25DO:0-Seed1034","1/3 arc-second",0,0.81,"model",-1.86479128856624
"1-3arc-Iteration0-PA1:1.25DO:0-Seed1034","1/3 arc-second",0,0.82,"model",-2.02107279693487
"1-3arc-Iteration0-PA1:1.25DO:0-Seed1034","1/3 arc-second",0,0.83,"model",-2.11156186612576
"1-3arc-Iteration0-PA1:1.25DO:0-Seed1034","1/3 arc-second",0,0.84,"model",-2.30172413793104
"1-3arc-Iteration0-PA1:1.25DO:0-Seed1034","1/3 arc-second",0,0.85,"model",-2.51724137931034
"1-3arc-Iteration0-PA1:1.25DO:0-Seed1034","1/3 arc-second",0,0.86,"model",-2.76354679802956
"1-3arc-Iteration0-PA1:1.25DO:0-Seed1034","1/3 arc-second",0,0.87,"model",-3.04774535809019
"1-3arc-Iteration0-PA1:1.25DO:0-Seed1034","1/3 arc-second",0,0.88,"model",-3.39655172413793
"1-3arc-Iteration0-PA1:1.25DO:0-Seed1034","1/3 arc-second",0,0.89,"model",-3.7884012539185
"1-3arc-Iteration0-PA1:1.25DO:0-Seed1034","1/3 arc-second",0,0.9,"model",-4.10344827586207
"1-3arc-Iteration0-PA1:1.25DO:0-Seed1034","1/3 arc-second",0,0.91,"model",-4.65900383141763
"1-3arc-Iteration0-PA1:1.25DO:0-Seed1034","1/3 arc-second",0,0.92,"model",-5.15517241379311
"1-3arc-Iteration0-PA1:1.25DO:0-Seed1034","1/3 arc-second",0,0.93,"model",-6.06896551724138
"1-3arc-Iteration0-PA1:1.25DO:0-Seed1034","1/3 arc-second",0,0.94,"model",-6.69540229885058
"1-3arc-Iteration0-PA1:1.25DO:0-Seed1034","1/3 arc-second",0,0.95,"model",-7.86206896551725
"1-3arc-Iteration0-PA1:1.25DO:0-Seed1034","1/3 arc-second",0,0.96,"model",-9.60344827586209
"1-3arc-Iteration0-PA1:1.25DO:0-Seed1034","1/3 arc-second",0,0.97,"model",-13.0689655172414
"1-3arc-Iteration0-PA1:1.25DO:0-Seed1034","1/3 arc-second",0,0.98,"model",-18.3448275862069
"1-3arc-Iteration0-PA1:1.25DO:0-Seed1034","1/3 arc-second",0,0.99,"model",-33.9655172413793
"1-3arc-Iteration0-PA1:1.25DO:0-Seed1034","1/3 arc-second",0,0.01,"treat_all",0.407871821664925
"1-3arc-Iteration0-PA1:1.25DO:0-Seed1034","1/3 arc-second",0,0.02,"treat_all",0.4018296973962
"1-3arc-Iteration0-PA1:1.25DO:0-Seed1034","1/3 arc-second",0,0.03,"treat_all",0.395662993245645
"1-3arc-Iteration0-PA1:1.25DO:0-Seed1034","1/3 arc-second",0,0.04,"treat_all",0.389367816091954
"1-3arc-Iteration0-PA1:1.25DO:0-Seed1034","1/3 arc-second",0,0.05,"treat_all",0.382940108892922
"1-3arc-Iteration0-PA1:1.25DO:0-Seed1034","1/3 arc-second",0,0.06,"treat_all",0.376375641966251
"1-3arc-Iteration0-PA1:1.25DO:0-Seed1034","1/3 arc-second",0,0.07,"treat_all",0.369670003707823
"1-3arc-Iteration0-PA1:1.25DO:0-Seed1034","1/3 arc-second",0,0.08,"treat_all",0.362818590704648
"1-3arc-Iteration0-PA1:1.25DO:0-Seed1034","1/3 arc-second",0,0.09,"treat_all",0.355816597195908
"1-3arc-Iteration0-PA1:1.25DO:0-Seed1034","1/3 arc-second",0,0.1,"treat_all",0.348659003831418
"1-3arc-Iteration0-PA1:1.25DO:0-Seed1034","1/3 arc-second",0,0.11,"treat_all",0.34134056567222
"1-3arc-Iteration0-PA1:1.25DO:0-Seed1034","1/3 arc-second",0,0.12,"treat_all",0.333855799373041
"1-3arc-Iteration0-PA1:1.25DO:0-Seed1034","1/3 arc-second",0,0.13,"treat_all",0.326198969480777
"1-3arc-Iteration0-PA1:1.25DO:0-Seed1034","1/3 arc-second",0,0.14,"treat_all",0.318364073777065
"1-3arc-Iteration0-PA1:1.25DO:0-Seed1034","1/3 arc-second",0,0.15,"treat_all",0.310344827586207
"1-3arc-Iteration0-PA1:1.25DO:0-Seed1034","1/3 arc-second",0,0.16,"treat_all",0.302134646962233
"1-3arc-Iteration0-PA1:1.25DO:0-Seed1034","1/3 arc-second",0,0.17,"treat_all",0.293726630660573
"1-3arc-Iteration0-PA1:1.25DO:0-Seed1034","1/3 arc-second",0,0.18,"treat_all",0.28511354079058
"1-3arc-Iteration0-PA1:1.25DO:0-Seed1034","1/3 arc-second",0,0.19,"treat_all",0.276287782034908
"1-3arc-Iteration0-PA1:1.25DO:0-Seed1034","1/3 arc-second",0,0.2,"treat_all",0.267241379310345
"1-3arc-Iteration0-PA1:1.25DO:0-Seed1034","1/3 arc-second",0,0.21,"treat_all",0.257965953731995
"1-3arc-Iteration0-PA1:1.25DO:0-Seed1034","1/3 arc-second",0,0.22,"treat_all",0.248452696728559
"1-3arc-Iteration0-PA1:1.25DO:0-Seed1034","1/3 arc-second",0,0.23,"treat_all",0.238692342140618
"1-3arc-Iteration0-PA1:1.25DO:0-Seed1034","1/3 arc-second",0,0.24,"treat_all",0.228675136116152
"1-3arc-Iteration0-PA1:1.25DO:0-Seed1034","1/3 arc-second",0,0.25,"treat_all",0.218390804597701
"1-3arc-Iteration0-PA1:1.25DO:0-Seed1034","1/3 arc-second",0,0.26,"treat_all",0.207828518173346
"1-3arc-Iteration0-PA1:1.25DO:0-Seed1034","1/3 arc-second",0,0.27,"treat_all",0.196976854038734
"1-3arc-Iteration0-PA1:1.25DO:0-Seed1034","1/3 arc-second",0,0.28,"treat_all",0.185823754789272
"1-3arc-Iteration0-PA1:1.25DO:0-Seed1034","1/3 arc-second",0,0.29,"treat_all",0.174356483729966
"1-3arc-Iteration0-PA1:1.25DO:0-Seed1034","1/3 arc-second",0,0.3,"treat_all",0.16256157635468
"1-3arc-Iteration0-PA1:1.25DO:0-Seed1034","1/3 arc-second",0,0.31,"treat_all",0.150424787606197
"1-3arc-Iteration0-PA1:1.25DO:0-Seed1034","1/3 arc-second",0,0.32,"treat_all",0.137931034482759
"1-3arc-Iteration0-PA1:1.25DO:0-Seed1034","1/3 arc-second",0,0.33,"treat_all",0.125064333504889
"1-3arc-Iteration0-PA1:1.25DO:0-Seed1034","1/3 arc-second",0,0.34,"treat_all",0.111807732497388
"1-3arc-Iteration0-PA1:1.25DO:0-Seed1034","1/3 arc-second",0,0.35,"treat_all",0.0981432360742704
"1-3arc-Iteration0-PA1:1.25DO:0-Seed1034","1/3 arc-second",0,0.36,"treat_all",0.0840517241379309
"1-3arc-Iteration0-PA1:1.25DO:0-Seed1034","1/3 arc-second",0,0.37,"treat_all",0.0695128626163108
"1-3arc-Iteration0-PA1:1.25DO:0-Seed1034","1/3 arc-second",0,0.38,"treat_all",0.0545050055617352
"1-3arc-Iteration0-PA1:1.25DO:0-Seed1034","1/3 arc-second",0,0.39,"treat_all",0.0390050876201243
"1-3arc-Iteration0-PA1:1.25DO:0-Seed1034","1/3 arc-second",0,0.4,"treat_all",0.0229885057471264
"1-3arc-Iteration0-PA1:1.25DO:0-Seed1034","1/3 arc-second",0,0.41,"treat_all",0.00642898889538274
"1-3arc-Iteration0-PA1:1.25DO:0-Seed1034","1/3 arc-second",0,0.42,"treat_all",-0.0107015457788349
"1-3arc-Iteration0-PA1:1.25DO:0-Seed1034","1/3 arc-second",0,0.43,"treat_all",-0.0284331518451301
"1-3arc-Iteration0-PA1:1.25DO:0-Seed1034","1/3 arc-second",0,0.44,"treat_all",-0.0467980295566503
"1-3arc-Iteration0-PA1:1.25DO:0-Seed1034","1/3 arc-second",0,0.45,"treat_all",-0.0658307210031348
"1-3arc-Iteration0-PA1:1.25DO:0-Seed1034","1/3 arc-second",0,0.46,"treat_all",-0.0855683269476373
"1-3arc-Iteration0-PA1:1.25DO:0-Seed1034","1/3 arc-second",0,0.47,"treat_all",-0.1060507482108
"1-3arc-Iteration0-PA1:1.25DO:0-Seed1034","1/3 arc-second",0,0.48,"treat_all",-0.127320954907162
"1-3arc-Iteration0-PA1:1.25DO:0-Seed1034","1/3 arc-second",0,0.49,"treat_all",-0.149425287356322
"1-3arc-Iteration0-PA1:1.25DO:0-Seed1034","1/3 arc-second",0,0.5,"treat_all",-0.172413793103448
"1-3arc-Iteration0-PA1:1.25DO:0-Seed1034","1/3 arc-second",0,0.51,"treat_all",-0.1963406052076
"1-3arc-Iteration0-PA1:1.25DO:0-Seed1034","1/3 arc-second",0,0.52,"treat_all",-0.221264367816092
"1-3arc-Iteration0-PA1:1.25DO:0-Seed1034","1/3 arc-second",0,0.53,"treat_all",-0.247248716067498
"1-3arc-Iteration0-PA1:1.25DO:0-Seed1034","1/3 arc-second",0,0.54,"treat_all",-0.274362818590705
"1-3arc-Iteration0-PA1:1.25DO:0-Seed1034","1/3 arc-second",0,0.55,"treat_all",-0.302681992337165
"1-3arc-Iteration0-PA1:1.25DO:0-Seed1034","1/3 arc-second",0,0.56,"treat_all",-0.332288401253919
"1-3arc-Iteration0-PA1:1.25DO:0-Seed1034","1/3 arc-second",0,0.57,"treat_all",-0.36327185244587
"1-3arc-Iteration0-PA1:1.25DO:0-Seed1034","1/3 arc-second",0,0.58,"treat_all",-0.395730706075534
"1-3arc-Iteration0-PA1:1.25DO:0-Seed1034","1/3 arc-second",0,0.59,"treat_all",-0.429772918418839
"1-3arc-Iteration0-PA1:1.25DO:0-Seed1034","1/3 arc-second",0,0.6,"treat_all",-0.46551724137931
"1-3arc-Iteration0-PA1:1.25DO:0-Seed1034","1/3 arc-second",0,0.61,"treat_all",-0.503094606542883
"1-3arc-Iteration0-PA1:1.25DO:0-Seed1034","1/3 arc-second",0,0.62,"treat_all",-0.542649727767695
"1-3arc-Iteration0-PA1:1.25DO:0-Seed1034","1/3 arc-second",0,0.63,"treat_all",-0.584342963653309
"1-3arc-Iteration0-PA1:1.25DO:0-Seed1034","1/3 arc-second",0,0.64,"treat_all",-0.628352490421456
"1-3arc-Iteration0-PA1:1.25DO:0-Seed1034","1/3 arc-second",0,0.65,"treat_all",-0.674876847290641
"1-3arc-Iteration0-PA1:1.25DO:0-Seed1034","1/3 arc-second",0,0.66,"treat_all",-0.724137931034483
"1-3arc-Iteration0-PA1:1.25DO:0-Seed1034","1/3 arc-second",0,0.67,"treat_all",-0.776384535005225
"1-3arc-Iteration0-PA1:1.25DO:0-Seed1034","1/3 arc-second",0,0.68,"treat_all",-0.831896551724138
"1-3arc-Iteration0-PA1:1.25DO:0-Seed1034","1/3 arc-second",0,0.69,"treat_all",-0.89098998887653
"1-3arc-Iteration0-PA1:1.25DO:0-Seed1034","1/3 arc-second",0,0.7,"treat_all",-0.954022988505748
"1-3arc-Iteration0-PA1:1.25DO:0-Seed1034","1/3 arc-second",0,0.71,"treat_all",-1.02140309155767
"1-3arc-Iteration0-PA1:1.25DO:0-Seed1034","1/3 arc-second",0,0.72,"treat_all",-1.0935960591133
"1-3arc-Iteration0-PA1:1.25DO:0-Seed1034","1/3 arc-second",0,0.73,"treat_all",-1.17113665389527
"1-3arc-Iteration0-PA1:1.25DO:0-Seed1034","1/3 arc-second",0,0.74,"treat_all",-1.25464190981432
"1-3arc-Iteration0-PA1:1.25DO:0-Seed1034","1/3 arc-second",0,0.75,"treat_all",-1.3448275862069
"1-3arc-Iteration0-PA1:1.25DO:0-Seed1034","1/3 arc-second",0,0.76,"treat_all",-1.44252873563218
"1-3arc-Iteration0-PA1:1.25DO:0-Seed1034","1/3 arc-second",0,0.77,"treat_all",-1.54872563718141
"1-3arc-Iteration0-PA1:1.25DO:0-Seed1034","1/3 arc-second",0,0.78,"treat_all",-1.66457680250784
"1-3arc-Iteration0-PA1:1.25DO:0-Seed1034","1/3 arc-second",0,0.79,"treat_all",-1.79146141215107
"1-3arc-Iteration0-PA1:1.25DO:0-Seed1034","1/3 arc-second",0,0.8,"treat_all",-1.93103448275862
"1-3arc-Iteration0-PA1:1.25DO:0-Seed1034","1/3 arc-second",0,0.81,"treat_all",-2.08529945553539
"1-3arc-Iteration0-PA1:1.25DO:0-Seed1034","1/3 arc-second",0,0.82,"treat_all",-2.25670498084291
"1-3arc-Iteration0-PA1:1.25DO:0-Seed1034","1/3 arc-second",0,0.83,"treat_all",-2.44827586206897
"1-3arc-Iteration0-PA1:1.25DO:0-Seed1034","1/3 arc-second",0,0.84,"treat_all",-2.66379310344828
"1-3arc-Iteration0-PA1:1.25DO:0-Seed1034","1/3 arc-second",0,0.85,"treat_all",-2.90804597701149
"1-3arc-Iteration0-PA1:1.25DO:0-Seed1034","1/3 arc-second",0,0.86,"treat_all",-3.1871921182266
"1-3arc-Iteration0-PA1:1.25DO:0-Seed1034","1/3 arc-second",0,0.87,"treat_all",-3.50928381962865
"1-3arc-Iteration0-PA1:1.25DO:0-Seed1034","1/3 arc-second",0,0.88,"treat_all",-3.88505747126437
"1-3arc-Iteration0-PA1:1.25DO:0-Seed1034","1/3 arc-second",0,0.89,"treat_all",-4.32915360501567
"1-3arc-Iteration0-PA1:1.25DO:0-Seed1034","1/3 arc-second",0,0.9,"treat_all",-4.86206896551724
"1-3arc-Iteration0-PA1:1.25DO:0-Seed1034","1/3 arc-second",0,0.91,"treat_all",-5.51340996168583
"1-3arc-Iteration0-PA1:1.25DO:0-Seed1034","1/3 arc-second",0,0.92,"treat_all",-6.32758620689656
"1-3arc-Iteration0-PA1:1.25DO:0-Seed1034","1/3 arc-second",0,0.93,"treat_all",-7.37438423645321
"1-3arc-Iteration0-PA1:1.25DO:0-Seed1034","1/3 arc-second",0,0.94,"treat_all",-8.77011494252875
"1-3arc-Iteration0-PA1:1.25DO:0-Seed1034","1/3 arc-second",0,0.95,"treat_all",-10.7241379310345
"1-3arc-Iteration0-PA1:1.25DO:0-Seed1034","1/3 arc-second",0,0.96,"treat_all",-13.6551724137931
"1-3arc-Iteration0-PA1:1.25DO:0-Seed1034","1/3 arc-second",0,0.97,"treat_all",-18.5402298850575
"1-3arc-Iteration0-PA1:1.25DO:0-Seed1034","1/3 arc-second",0,0.98,"treat_all",-28.3103448275862
"1-3arc-Iteration0-PA1:1.25DO:0-Seed1034","1/3 arc-second",0,0.99,"treat_all",-57.6206896551724
"1-3arc-Iteration0-PA1:1.25DO:0-Seed1034","1/3 arc-second",0,0.01,"treat_none",0
"1-3arc-Iteration0-PA1:1.25DO:0-Seed1034","1/3 arc-second",0,0.02,"treat_none",0
"1-3arc-Iteration0-PA1:1.25DO:0-Seed1034","1/3 arc-second",0,0.03,"treat_none",0
"1-3arc-Iteration0-PA1:1.25DO:0-Seed1034","1/3 arc-second",0,0.04,"treat_none",0
"1-3arc-Iteration0-PA1:1.25DO:0-Seed1034","1/3 arc-second",0,0.05,"treat_none",0
"1-3arc-Iteration0-PA1:1.25DO:0-Seed1034","1/3 arc-second",0,0.06,"treat_none",0
"1-3arc-Iteration0-PA1:1.25DO:0-Seed1034","1/3 arc-second",0,0.07,"treat_none",0
"1-3arc-Iteration0-PA1:1.25DO:0-Seed1034","1/3 arc-second",0,0.08,"treat_none",0
"1-3arc-Iteration0-PA1:1.25DO:0-Seed1034","1/3 arc-second",0,0.09,"treat_none",0
"1-3arc-Iteration0-PA1:1.25DO:0-Seed1034","1/3 arc-second",0,0.1,"treat_none",0
"1-3arc-Iteration0-PA1:1.25DO:0-Seed1034","1/3 arc-second",0,0.11,"treat_none",0
"1-3arc-Iteration0-PA1:1.25DO:0-Seed1034","1/3 arc-second",0,0.12,"treat_none",0
"1-3arc-Iteration0-PA1:1.25DO:0-Seed1034","1/3 arc-second",0,0.13,"treat_none",0
"1-3arc-Iteration0-PA1:1.25DO:0-Seed1034","1/3 arc-second",0,0.14,"treat_none",0
"1-3arc-Iteration0-PA1:1.25DO:0-Seed1034","1/3 arc-second",0,0.15,"treat_none",0
"1-3arc-Iteration0-PA1:1.25DO:0-Seed1034","1/3 arc-second",0,0.16,"treat_none",0
"1-3arc-Iteration0-PA1:1.25DO:0-Seed1034","1/3 arc-second",0,0.17,"treat_none",0
"1-3arc-Iteration0-PA1:1.25DO:0-Seed1034","1/3 arc-second",0,0.18,"treat_none",0
"1-3arc-Iteration0-PA1:1.25DO:0-Seed1034","1/3 arc-second",0,0.19,"treat_none",0
"1-3arc-Iteration0-PA1:1.25DO:0-Seed1034","1/3 arc-second",0,0.2,"treat_none",0
"1-3arc-Iteration0-PA1:1.25DO:0-Seed1034","1/3 arc-second",0,0.21,"treat_none",0
"1-3arc-Iteration0-PA1:1.25DO:0-Seed1034","1/3 arc-second",0,0.22,"treat_none",0
"1-3arc-Iteration0-PA1:1.25DO:0-Seed1034","1/3 arc-second",0,0.23,"treat_none",0
"1-3arc-Iteration0-PA1:1.25DO:0-Seed1034","1/3 arc-second",0,0.24,"treat_none",0
"1-3arc-Iteration0-PA1:1.25DO:0-Seed1034","1/3 arc-second",0,0.25,"treat_none",0
"1-3arc-Iteration0-PA1:1.25DO:0-Seed1034","1/3 arc-second",0,0.26,"treat_none",0
"1-3arc-Iteration0-PA1:1.25DO:0-Seed1034","1/3 arc-second",0,0.27,"treat_none",0
"1-3arc-Iteration0-PA1:1.25DO:0-Seed1034","1/3 arc-second",0,0.28,"treat_none",0
"1-3arc-Iteration0-PA1:1.25DO:0-Seed1034","1/3 arc-second",0,0.29,"treat_none",0
"1-3arc-Iteration0-PA1:1.25DO:0-Seed1034","1/3 arc-second",0,0.3,"treat_none",0
"1-3arc-Iteration0-PA1:1.25DO:0-Seed1034","1/3 arc-second",0,0.31,"treat_none",0
"1-3arc-Iteration0-PA1:1.25DO:0-Seed1034","1/3 arc-second",0,0.32,"treat_none",0
"1-3arc-Iteration0-PA1:1.25DO:0-Seed1034","1/3 arc-second",0,0.33,"treat_none",0
"1-3arc-Iteration0-PA1:1.25DO:0-Seed1034","1/3 arc-second",0,0.34,"treat_none",0
"1-3arc-Iteration0-PA1:1.25DO:0-Seed1034","1/3 arc-second",0,0.35,"treat_none",0
"1-3arc-Iteration0-PA1:1.25DO:0-Seed1034","1/3 arc-second",0,0.36,"treat_none",0
"1-3arc-Iteration0-PA1:1.25DO:0-Seed1034","1/3 arc-second",0,0.37,"treat_none",0
"1-3arc-Iteration0-PA1:1.25DO:0-Seed1034","1/3 arc-second",0,0.38,"treat_none",0
"1-3arc-Iteration0-PA1:1.25DO:0-Seed1034","1/3 arc-second",0,0.39,"treat_none",0
"1-3arc-Iteration0-PA1:1.25DO:0-Seed1034","1/3 arc-second",0,0.4,"treat_none",0
"1-3arc-Iteration0-PA1:1.25DO:0-Seed1034","1/3 arc-second",0,0.41,"treat_none",0
"1-3arc-Iteration0-PA1:1.25DO:0-Seed1034","1/3 arc-second",0,0.42,"treat_none",0
"1-3arc-Iteration0-PA1:1.25DO:0-Seed1034","1/3 arc-second",0,0.43,"treat_none",0
"1-3arc-Iteration0-PA1:1.25DO:0-Seed1034","1/3 arc-second",0,0.44,"treat_none",0
"1-3arc-Iteration0-PA1:1.25DO:0-Seed1034","1/3 arc-second",0,0.45,"treat_none",0
"1-3arc-Iteration0-PA1:1.25DO:0-Seed1034","1/3 arc-second",0,0.46,"treat_none",0
"1-3arc-Iteration0-PA1:1.25DO:0-Seed1034","1/3 arc-second",0,0.47,"treat_none",0
"1-3arc-Iteration0-PA1:1.25DO:0-Seed1034","1/3 arc-second",0,0.48,"treat_none",0
"1-3arc-Iteration0-PA1:1.25DO:0-Seed1034","1/3 arc-second",0,0.49,"treat_none",0
"1-3arc-Iteration0-PA1:1.25DO:0-Seed1034","1/3 arc-second",0,0.5,"treat_none",0
"1-3arc-Iteration0-PA1:1.25DO:0-Seed1034","1/3 arc-second",0,0.51,"treat_none",0
"1-3arc-Iteration0-PA1:1.25DO:0-Seed1034","1/3 arc-second",0,0.52,"treat_none",0
"1-3arc-Iteration0-PA1:1.25DO:0-Seed1034","1/3 arc-second",0,0.53,"treat_none",0
"1-3arc-Iteration0-PA1:1.25DO:0-Seed1034","1/3 arc-second",0,0.54,"treat_none",0
"1-3arc-Iteration0-PA1:1.25DO:0-Seed1034","1/3 arc-second",0,0.55,"treat_none",0
"1-3arc-Iteration0-PA1:1.25DO:0-Seed1034","1/3 arc-second",0,0.56,"treat_none",0
"1-3arc-Iteration0-PA1:1.25DO:0-Seed1034","1/3 arc-second",0,0.57,"treat_none",0
"1-3arc-Iteration0-PA1:1.25DO:0-Seed1034","1/3 arc-second",0,0.58,"treat_none",0
"1-3arc-Iteration0-PA1:1.25DO:0-Seed1034","1/3 arc-second",0,0.59,"treat_none",0
"1-3arc-Iteration0-PA1:1.25DO:0-Seed1034","1/3 arc-second",0,0.6,"treat_none",0
"1-3arc-Iteration0-PA1:1.25DO:0-Seed1034","1/3 arc-second",0,0.61,"treat_none",0
"1-3arc-Iteration0-PA1:1.25DO:0-Seed1034","1/3 arc-second",0,0.62,"treat_none",0
"1-3arc-Iteration0-PA1:1.25DO:0-Seed1034","1/3 arc-second",0,0.63,"treat_none",0
"1-3arc-Iteration0-PA1:1.25DO:0-Seed1034","1/3 arc-second",0,0.64,"treat_none",0
"1-3arc-Iteration0-PA1:1.25DO:0-Seed1034","1/3 arc-second",0,0.65,"treat_none",0
"1-3arc-Iteration0-PA1:1.25DO:0-Seed1034","1/3 arc-second",0,0.66,"treat_none",0
"1-3arc-Iteration0-PA1:1.25DO:0-Seed1034","1/3 arc-second",0,0.67,"treat_none",0
"1-3arc-Iteration0-PA1:1.25DO:0-Seed1034","1/3 arc-second",0,0.68,"treat_none",0
"1-3arc-Iteration0-PA1:1.25DO:0-Seed1034","1/3 arc-second",0,0.69,"treat_none",0
"1-3arc-Iteration0-PA1:1.25DO:0-Seed1034","1/3 arc-second",0,0.7,"treat_none",0
"1-3arc-Iteration0-PA1:1.25DO:0-Seed1034","1/3 arc-second",0,0.71,"treat_none",0
"1-3arc-Iteration0-PA1:1.25DO:0-Seed1034","1/3 arc-second",0,0.72,"treat_none",0
"1-3arc-Iteration0-PA1:1.25DO:0-Seed1034","1/3 arc-second",0,0.73,"treat_none",0
"1-3arc-Iteration0-PA1:1.25DO:0-Seed1034","1/3 arc-second",0,0.74,"treat_none",0
"1-3arc-Iteration0-PA1:1.25DO:0-Seed1034","1/3 arc-second",0,0.75,"treat_none",0
"1-3arc-Iteration0-PA1:1.25DO:0-Seed1034","1/3 arc-second",0,0.76,"treat_none",0
"1-3arc-Iteration0-PA1:1.25DO:0-Seed1034","1/3 arc-second",0,0.77,"treat_none",0
"1-3arc-Iteration0-PA1:1.25DO:0-Seed1034","1/3 arc-second",0,0.78,"treat_none",0
"1-3arc-Iteration0-PA1:1.25DO:0-Seed1034","1/3 arc-second",0,0.79,"treat_none",0
"1-3arc-Iteration0-PA1:1.25DO:0-Seed1034","1/3 arc-second",0,0.8,"treat_none",0
"1-3arc-Iteration0-PA1:1.25DO:0-Seed1034","1/3 arc-second",0,0.81,"treat_none",0
"1-3arc-Iteration0-PA1:1.25DO:0-Seed1034","1/3 arc-second",0,0.82,"treat_none",0
"1-3arc-Iteration0-PA1:1.25DO:0-Seed1034","1/3 arc-second",0,0.83,"treat_none",0
"1-3arc-Iteration0-PA1:1.25DO:0-Seed1034","1/3 arc-second",0,0.84,"treat_none",0
"1-3arc-Iteration0-PA1:1.25DO:0-Seed1034","1/3 arc-second",0,0.85,"treat_none",0
"1-3arc-Iteration0-PA1:1.25DO:0-Seed1034","1/3 arc-second",0,0.86,"treat_none",0
"1-3arc-Iteration0-PA1:1.25DO:0-Seed1034","1/3 arc-second",0,0.87,"treat_none",0
"1-3arc-Iteration0-PA1:1.25DO:0-Seed1034","1/3 arc-second",0,0.88,"treat_none",0
"1-3arc-Iteration0-PA1:1.25DO:0-Seed1034","1/3 arc-second",0,0.89,"treat_none",0
"1-3arc-Iteration0-PA1:1.25DO:0-Seed1034","1/3 arc-second",0,0.9,"treat_none",0
"1-3arc-Iteration0-PA1:1.25DO:0-Seed1034","1/3 arc-second",0,0.91,"treat_none",0
"1-3arc-Iteration0-PA1:1.25DO:0-Seed1034","1/3 arc-second",0,0.92,"treat_none",0
"1-3arc-Iteration0-PA1:1.25DO:0-Seed1034","1/3 arc-second",0,0.93,"treat_none",0
"1-3arc-Iteration0-PA1:1.25DO:0-Seed1034","1/3 arc-second",0,0.94,"treat_none",0
"1-3arc-Iteration0-PA1:1.25DO:0-Seed1034","1/3 arc-second",0,0.95,"treat_none",0
"1-3arc-Iteration0-PA1:1.25DO:0-Seed1034","1/3 arc-second",0,0.96,"treat_none",0
"1-3arc-Iteration0-PA1:1.25DO:0-Seed1034","1/3 arc-second",0,0.97,"treat_none",0
"1-3arc-Iteration0-PA1:1.25DO:0-Seed1034","1/3 arc-second",0,0.98,"treat_none",0
"1-3arc-Iteration0-PA1:1.25DO:0-Seed1034","1/3 arc-second",0,0.99,"treat_none",0
"1-3arc-Iteration1-PA1:1DO:0-Seed1021","1/3 arc-second",1,0.01,"model",0.408045977011494
"1-3arc-Iteration1-PA1:1DO:0-Seed1021","1/3 arc-second",1,0.02,"model",0.402181562280084
"1-3arc-Iteration1-PA1:1DO:0-Seed1021","1/3 arc-second",1,0.03,"model",0.396196231781017
"1-3arc-Iteration1-PA1:1DO:0-Seed1021","1/3 arc-second",1,0.04,"model",0.390086206896552
"1-3arc-Iteration1-PA1:1DO:0-Seed1021","1/3 arc-second",1,0.05,"model",0.383847549909256
"1-3arc-Iteration1-PA1:1DO:0-Seed1021","1/3 arc-second",1,0.06,"model",0.377476155539252
"1-3arc-Iteration1-PA1:1DO:0-Seed1021","1/3 arc-second",1,0.07,"model",0.370967741935484
"1-3arc-Iteration1-PA1:1DO:0-Seed1021","1/3 arc-second",1,0.08,"model",0.36431784107946
"1-3arc-Iteration1-PA1:1DO:0-Seed1021","1/3 arc-second",1,0.09,"model",0.357521788556271
"1-3arc-Iteration1-PA1:1DO:0-Seed1021","1/3 arc-second",1,0.1,"model",0.350574712643678
"1-3arc-Iteration1-PA1:1DO:0-Seed1021","1/3 arc-second",1,0.11,"model",0.343471522665633
"1-3arc-Iteration1-PA1:1DO:0-Seed1021","1/3 arc-second",1,0.12,"model",0.336206896551724
"1-3arc-Iteration1-PA1:1DO:0-Seed1021","1/3 arc-second",1,0.13,"model",0.328775267538644
"1-3arc-Iteration1-PA1:1DO:0-Seed1021","1/3 arc-second",1,0.14,"model",0.321170809943865
"1-3arc-Iteration1-PA1:1DO:0-Seed1021","1/3 arc-second",1,0.15,"model",0.313387423935091
"1-3arc-Iteration1-PA1:1DO:0-Seed1021","1/3 arc-second",1,0.16,"model",0.308702791461412
"1-3arc-Iteration1-PA1:1DO:0-Seed1021","1/3 arc-second",1,0.17,"model",0.300789364353968
"1-3arc-Iteration1-PA1:1DO:0-Seed1021","1/3 arc-second",1,0.18,"model",0.292682926829268
"1-3arc-Iteration1-PA1:1DO:0-Seed1021","1/3 arc-second",1,0.19,"model",0.284376330353342
"1-3arc-Iteration1-PA1:1DO:0-Seed1021","1/3 arc-second",1,0.2,"model",0.275862068965517
"1-3arc-Iteration1-PA1:1DO:0-Seed1021","1/3 arc-second",1,0.21,"model",0.267132256656482
"1-3arc-Iteration1-PA1:1DO:0-Seed1021","1/3 arc-second",1,0.22,"model",0.258178603006189
"1-3arc-Iteration1-PA1:1DO:0-Seed1021","1/3 arc-second",1,0.23,"model",0.248992386923421
"1-3arc-Iteration1-PA1:1DO:0-Seed1021","1/3 arc-second",1,0.24,"model",0.23956442831216
"1-3arc-Iteration1-PA1:1DO:0-Seed1021","1/3 arc-second",1,0.25,"model",0.235632183908046
"1-3arc-Iteration1-PA1:1DO:0-Seed1021","1/3 arc-second",1,0.26,"model",0.226001863932898
"1-3arc-Iteration1-PA1:1DO:0-Seed1021","1/3 arc-second",1,0.27,"model",0.21610769957487
"1-3arc-Iteration1-PA1:1DO:0-Seed1021","1/3 arc-second",1,0.28,"model",0.205938697318008
"1-3arc-Iteration1-PA1:1DO:0-Seed1021","1/3 arc-second",1,0.29,"model",0.195483244293346
"1-3arc-Iteration1-PA1:1DO:0-Seed1021","1/3 arc-second",1,0.3,"model",0.184729064039409
"1-3arc-Iteration1-PA1:1DO:0-Seed1021","1/3 arc-second",1,0.31,"model",0.173663168415792
"1-3arc-Iteration1-PA1:1DO:0-Seed1021","1/3 arc-second",1,0.32,"model",0.162271805273834
"1-3arc-Iteration1-PA1:1DO:0-Seed1021","1/3 arc-second",1,0.33,"model",0.150540401441071
"1-3arc-Iteration1-PA1:1DO:0-Seed1021","1/3 arc-second",1,0.34,"model",0.165099268547544
"1-3arc-Iteration1-PA1:1DO:0-Seed1021","1/3 arc-second",1,0.35,"model",0.163129973474801
"1-3arc-Iteration1-PA1:1DO:0-Seed1021","1/3 arc-second",1,0.36,"model",0.151939655172414
"1-3arc-Iteration1-PA1:1DO:0-Seed1021","1/3 arc-second",1,0.37,"model",0.123152709359606
"1-3arc-Iteration1-PA1:1DO:0-Seed1021","1/3 arc-second",1,0.38,"model",0.115127919911012
"1-3arc-Iteration1-PA1:1DO:0-Seed1021","1/3 arc-second",1,0.39,"model",0.103730921424534
"1-3arc-Iteration1-PA1:1DO:0-Seed1021","1/3 arc-second",1,0.4,"model",0.0747126436781609
"1-3arc-Iteration1-PA1:1DO:0-Seed1021","1/3 arc-second",1,0.41,"model",0.0625365283459965
"1-3arc-Iteration1-PA1:1DO:0-Seed1021","1/3 arc-second",1,0.42,"model",0.0499405469678953
"1-3arc-Iteration1-PA1:1DO:0-Seed1021","1/3 arc-second",1,0.43,"model",0.0369026013309136
"1-3arc-Iteration1-PA1:1DO:0-Seed1021","1/3 arc-second",1,0.44,"model",0.0233990147783252
"1-3arc-Iteration1-PA1:1DO:0-Seed1021","1/3 arc-second",1,0.45,"model",0.00940438871473359
"1-3arc-Iteration1-PA1:1DO:0-Seed1021","1/3 arc-second",1,0.46,"model",-0.00510855683269473
"1-3arc-Iteration1-PA1:1DO:0-Seed1021","1/3 arc-second",1,0.47,"model",-0.0201691607026675
"1-3arc-Iteration1-PA1:1DO:0-Seed1021","1/3 arc-second",1,0.48,"model",-0.0198938992042441
"1-3arc-Iteration1-PA1:1DO:0-Seed1021","1/3 arc-second",1,0.49,"model",-0.0354969574036511
"1-3arc-Iteration1-PA1:1DO:0-Seed1021","1/3 arc-second",1,0.5,"model",-0.0689655172413793
"1-3arc-Iteration1-PA1:1DO:0-Seed1021","1/3 arc-second",1,0.51,"model",-0.103096410978184
"1-3arc-Iteration1-PA1:1DO:0-Seed1021","1/3 arc-second",1,0.52,"model",-0.120689655172414
"1-3arc-Iteration1-PA1:1DO:0-Seed1021","1/3 arc-second",1,0.53,"model",-0.139031548055759
"1-3arc-Iteration1-PA1:1DO:0-Seed1021","1/3 arc-second",1,0.54,"model",-0.137931034482759
"1-3arc-Iteration1-PA1:1DO:0-Seed1021","1/3 arc-second",1,0.55,"model",-0.136015325670498
"1-3arc-Iteration1-PA1:1DO:0-Seed1021","1/3 arc-second",1,0.56,"model",-0.172413793103448
"1-3arc-Iteration1-PA1:1DO:0-Seed1021","1/3 arc-second",1,0.57,"model",-0.192461908580593
"1-3arc-Iteration1-PA1:1DO:0-Seed1021","1/3 arc-second",1,0.58,"model",-0.213464696223317
"1-3arc-Iteration1-PA1:1DO:0-Seed1021","1/3 arc-second",1,0.59,"model",-0.252733389402859
"1-3arc-Iteration1-PA1:1DO:0-Seed1021","1/3 arc-second",1,0.6,"model",-0.275862068965517
"1-3arc-Iteration1-PA1:1DO:0-Seed1021","1/3 arc-second",1,0.61,"model",-0.300176834659593
"1-3arc-Iteration1-PA1:1DO:0-Seed1021","1/3 arc-second",1,0.62,"model",-0.297640653357532
"1-3arc-Iteration1-PA1:1DO:0-Seed1021","1/3 arc-second",1,0.63,"model",-0.29403541472507
"1-3arc-Iteration1-PA1:1DO:0-Seed1021","1/3 arc-second",1,0.64,"model",-0.289272030651341
"1-3arc-Iteration1-PA1:1DO:0-Seed1021","1/3 arc-second",1,0.65,"model",-0.283251231527094
"1-3arc-Iteration1-PA1:1DO:0-Seed1021","1/3 arc-second",1,0.66,"model",-0.309330628803246
"1-3arc-Iteration1-PA1:1DO:0-Seed1021","1/3 arc-second",1,0.67,"model",-0.35423197492163
"1-3arc-Iteration1-PA1:1DO:0-Seed1021","1/3 arc-second",1,0.68,"model",-0.383620689655173
"1-3arc-Iteration1-PA1:1DO:0-Seed1021","1/3 arc-second",1,0.69,"model",-0.414905450500556
"1-3arc-Iteration1-PA1:1DO:0-Seed1021","1/3 arc-second",1,0.7,"model",-0.465517241379311
"1-3arc-Iteration1-PA1:1DO:0-Seed1021","1/3 arc-second",1,0.71,"model",-0.434007134363853
"1-3arc-Iteration1-PA1:1DO:0-Seed1021","1/3 arc-second",1,0.72,"model",-0.467980295566502
"1-3arc-Iteration1-PA1:1DO:0-Seed1021","1/3 arc-second",1,0.73,"model",-0.411238825031928
"1-3arc-Iteration1-PA1:1DO:0-Seed1021","1/3 arc-second",1,0.74,"model",-0.347480106100796
"1-3arc-Iteration1-PA1:1DO:0-Seed1021","1/3 arc-second",1,0.75,"model",-0.413793103448276
"1-3arc-Iteration1-PA1:1DO:0-Seed1021","1/3 arc-second",1,0.76,"model",-0.410919540229885
"1-3arc-Iteration1-PA1:1DO:0-Seed1021","1/3 arc-second",1,0.77,"model",-0.44527736131934
"1-3arc-Iteration1-PA1:1DO:0-Seed1021","1/3 arc-second",1,0.78,"model",-0.482758620689655
"1-3arc-Iteration1-PA1:1DO:0-Seed1021","1/3 arc-second",1,0.79,"model",-0.394088669950739
"1-3arc-Iteration1-PA1:1DO:0-Seed1021","1/3 arc-second",1,0.8,"model",-0.431034482758621
"1-3arc-Iteration1-PA1:1DO:0-Seed1021","1/3 arc-second",1,0.81,"model",-0.471869328493648
"1-3arc-Iteration1-PA1:1DO:0-Seed1021","1/3 arc-second",1,0.82,"model",-0.517241379310345
"1-3arc-Iteration1-PA1:1DO:0-Seed1021","1/3 arc-second",1,0.83,"model",-0.483772819472617
"1-3arc-Iteration1-PA1:1DO:0-Seed1021","1/3 arc-second",1,0.84,"model",-0.44396551724138
"1-3arc-Iteration1-PA1:1DO:0-Seed1021","1/3 arc-second",1,0.85,"model",-0.298850574712644
"1-3arc-Iteration1-PA1:1DO:0-Seed1021","1/3 arc-second",1,0.86,"model",-0.233990147783251
"1-3arc-Iteration1-PA1:1DO:0-Seed1021","1/3 arc-second",1,0.87,"model",-0.156498673740053
"1-3arc-Iteration1-PA1:1DO:0-Seed1021","1/3 arc-second",1,0.88,"model",-0.189655172413793
"1-3arc-Iteration1-PA1:1DO:0-Seed1021","1/3 arc-second",1,0.89,"model",-0.106583072100313
"1-3arc-Iteration1-PA1:1DO:0-Seed1021","1/3 arc-second",1,0.9,"model",-0.137931034482759
"1-3arc-Iteration1-PA1:1DO:0-Seed1021","1/3 arc-second",1,0.91,"model",-0.193486590038314
"1-3arc-Iteration1-PA1:1DO:0-Seed1021","1/3 arc-second",1,0.92,"model",-0.0431034482758622
"1-3arc-Iteration1-PA1:1DO:0-Seed1021","1/3 arc-second",1,0.93,"model",0.137931034482759
"1-3arc-Iteration1-PA1:1DO:0-Seed1021","1/3 arc-second",1,0.94,"model",0.120689655172414
"1-3arc-Iteration1-PA1:1DO:0-Seed1021","1/3 arc-second",1,0.95,"model",0.120689655172414
"1-3arc-Iteration1-PA1:1DO:0-Seed1021","1/3 arc-second",1,0.96,"model",0.120689655172414
"1-3arc-Iteration1-PA1:1DO:0-Seed1021","1/3 arc-second",1,0.97,"model",0.120689655172414
"1-3arc-Iteration1-PA1:1DO:0-Seed1021","1/3 arc-second",1,0.98,"model",0.0862068965517241
"1-3arc-Iteration1-PA1:1DO:0-Seed1021","1/3 arc-second",1,0.99,"model",0.0689655172413793
"1-3arc-Iteration1-PA1:1DO:0-Seed1021","1/3 arc-second",1,0.01,"treat_all",0.407871821664925
"1-3arc-Iteration1-PA1:1DO:0-Seed1021","1/3 arc-second",1,0.02,"treat_all",0.4018296973962
"1-3arc-Iteration1-PA1:1DO:0-Seed1021","1/3 arc-second",1,0.03,"treat_all",0.395662993245645
"1-3arc-Iteration1-PA1:1DO:0-Seed1021","1/3 arc-second",1,0.04,"treat_all",0.389367816091954
"1-3arc-Iteration1-PA1:1DO:0-Seed1021","1/3 arc-second",1,0.05,"treat_all",0.382940108892922
"1-3arc-Iteration1-PA1:1DO:0-Seed1021","1/3 arc-second",1,0.06,"treat_all",0.376375641966251
"1-3arc-Iteration1-PA1:1DO:0-Seed1021","1/3 arc-second",1,0.07,"treat_all",0.369670003707823
"1-3arc-Iteration1-PA1:1DO:0-Seed1021","1/3 arc-second",1,0.08,"treat_all",0.362818590704648
"1-3arc-Iteration1-PA1:1DO:0-Seed1021","1/3 arc-second",1,0.09,"treat_all",0.355816597195908
"1-3arc-Iteration1-PA1:1DO:0-Seed1021","1/3 arc-second",1,0.1,"treat_all",0.348659003831418
"1-3arc-Iteration1-PA1:1DO:0-Seed1021","1/3 arc-second",1,0.11,"treat_all",0.34134056567222
"1-3arc-Iteration1-PA1:1DO:0-Seed1021","1/3 arc-second",1,0.12,"treat_all",0.333855799373041
"1-3arc-Iteration1-PA1:1DO:0-Seed1021","1/3 arc-second",1,0.13,"treat_all",0.326198969480777
"1-3arc-Iteration1-PA1:1DO:0-Seed1021","1/3 arc-second",1,0.14,"treat_all",0.318364073777065
"1-3arc-Iteration1-PA1:1DO:0-Seed1021","1/3 arc-second",1,0.15,"treat_all",0.310344827586207
"1-3arc-Iteration1-PA1:1DO:0-Seed1021","1/3 arc-second",1,0.16,"treat_all",0.302134646962233
"1-3arc-Iteration1-PA1:1DO:0-Seed1021","1/3 arc-second",1,0.17,"treat_all",0.293726630660573
"1-3arc-Iteration1-PA1:1DO:0-Seed1021","1/3 arc-second",1,0.18,"treat_all",0.28511354079058
"1-3arc-Iteration1-PA1:1DO:0-Seed1021","1/3 arc-second",1,0.19,"treat_all",0.276287782034908
"1-3arc-Iteration1-PA1:1DO:0-Seed1021","1/3 arc-second",1,0.2,"treat_all",0.267241379310345
"1-3arc-Iteration1-PA1:1DO:0-Seed1021","1/3 arc-second",1,0.21,"treat_all",0.257965953731995
"1-3arc-Iteration1-PA1:1DO:0-Seed1021","1/3 arc-second",1,0.22,"treat_all",0.248452696728559
"1-3arc-Iteration1-PA1:1DO:0-Seed1021","1/3 arc-second",1,0.23,"treat_all",0.238692342140618
"1-3arc-Iteration1-PA1:1DO:0-Seed1021","1/3 arc-second",1,0.24,"treat_all",0.228675136116152
"1-3arc-Iteration1-PA1:1DO:0-Seed1021","1/3 arc-second",1,0.25,"treat_all",0.218390804597701
"1-3arc-Iteration1-PA1:1DO:0-Seed1021","1/3 arc-second",1,0.26,"treat_all",0.207828518173346
"1-3arc-Iteration1-PA1:1DO:0-Seed1021","1/3 arc-second",1,0.27,"treat_all",0.196976854038734
"1-3arc-Iteration1-PA1:1DO:0-Seed1021","1/3 arc-second",1,0.28,"treat_all",0.185823754789272
"1-3arc-Iteration1-PA1:1DO:0-Seed1021","1/3 arc-second",1,0.29,"treat_all",0.174356483729966
"1-3arc-Iteration1-PA1:1DO:0-Seed1021","1/3 arc-second",1,0.3,"treat_all",0.16256157635468
"1-3arc-Iteration1-PA1:1DO:0-Seed1021","1/3 arc-second",1,0.31,"treat_all",0.150424787606197
"1-3arc-Iteration1-PA1:1DO:0-Seed1021","1/3 arc-second",1,0.32,"treat_all",0.137931034482759
"1-3arc-Iteration1-PA1:1DO:0-Seed1021","1/3 arc-second",1,0.33,"treat_all",0.125064333504889
"1-3arc-Iteration1-PA1:1DO:0-Seed1021","1/3 arc-second",1,0.34,"treat_all",0.111807732497388
"1-3arc-Iteration1-PA1:1DO:0-Seed1021","1/3 arc-second",1,0.35,"treat_all",0.0981432360742704
"1-3arc-Iteration1-PA1:1DO:0-Seed1021","1/3 arc-second",1,0.36,"treat_all",0.0840517241379309
"1-3arc-Iteration1-PA1:1DO:0-Seed1021","1/3 arc-second",1,0.37,"treat_all",0.0695128626163108
"1-3arc-Iteration1-PA1:1DO:0-Seed1021","1/3 arc-second",1,0.38,"treat_all",0.0545050055617352
"1-3arc-Iteration1-PA1:1DO:0-Seed1021","1/3 arc-second",1,0.39,"treat_all",0.0390050876201243
"1-3arc-Iteration1-PA1:1DO:0-Seed1021","1/3 arc-second",1,0.4,"treat_all",0.0229885057471264
"1-3arc-Iteration1-PA1:1DO:0-Seed1021","1/3 arc-second",1,0.41,"treat_all",0.00642898889538274
"1-3arc-Iteration1-PA1:1DO:0-Seed1021","1/3 arc-second",1,0.42,"treat_all",-0.0107015457788349
"1-3arc-Iteration1-PA1:1DO:0-Seed1021","1/3 arc-second",1,0.43,"treat_all",-0.0284331518451301
"1-3arc-Iteration1-PA1:1DO:0-Seed1021","1/3 arc-second",1,0.44,"treat_all",-0.0467980295566503
"1-3arc-Iteration1-PA1:1DO:0-Seed1021","1/3 arc-second",1,0.45,"treat_all",-0.0658307210031348
"1-3arc-Iteration1-PA1:1DO:0-Seed1021","1/3 arc-second",1,0.46,"treat_all",-0.0855683269476373
"1-3arc-Iteration1-PA1:1DO:0-Seed1021","1/3 arc-second",1,0.47,"treat_all",-0.1060507482108
"1-3arc-Iteration1-PA1:1DO:0-Seed1021","1/3 arc-second",1,0.48,"treat_all",-0.127320954907162
"1-3arc-Iteration1-PA1:1DO:0-Seed1021","1/3 arc-second",1,0.49,"treat_all",-0.149425287356322
"1-3arc-Iteration1-PA1:1DO:0-Seed1021","1/3 arc-second",1,0.5,"treat_all",-0.172413793103448
"1-3arc-Iteration1-PA1:1DO:0-Seed1021","1/3 arc-second",1,0.51,"treat_all",-0.1963406052076
"1-3arc-Iteration1-PA1:1DO:0-Seed1021","1/3 arc-second",1,0.52,"treat_all",-0.221264367816092
"1-3arc-Iteration1-PA1:1DO:0-Seed1021","1/3 arc-second",1,0.53,"treat_all",-0.247248716067498
"1-3arc-Iteration1-PA1:1DO:0-Seed1021","1/3 arc-second",1,0.54,"treat_all",-0.274362818590705
"1-3arc-Iteration1-PA1:1DO:0-Seed1021","1/3 arc-second",1,0.55,"treat_all",-0.302681992337165
"1-3arc-Iteration1-PA1:1DO:0-Seed1021","1/3 arc-second",1,0.56,"treat_all",-0.332288401253919
"1-3arc-Iteration1-PA1:1DO:0-Seed1021","1/3 arc-second",1,0.57,"treat_all",-0.36327185244587
"1-3arc-Iteration1-PA1:1DO:0-Seed1021","1/3 arc-second",1,0.58,"treat_all",-0.395730706075534
"1-3arc-Iteration1-PA1:1DO:0-Seed1021","1/3 arc-second",1,0.59,"treat_all",-0.429772918418839
"1-3arc-Iteration1-PA1:1DO:0-Seed1021","1/3 arc-second",1,0.6,"treat_all",-0.46551724137931
"1-3arc-Iteration1-PA1:1DO:0-Seed1021","1/3 arc-second",1,0.61,"treat_all",-0.503094606542883
"1-3arc-Iteration1-PA1:1DO:0-Seed1021","1/3 arc-second",1,0.62,"treat_all",-0.542649727767695
"1-3arc-Iteration1-PA1:1DO:0-Seed1021","1/3 arc-second",1,0.63,"treat_all",-0.584342963653309
"1-3arc-Iteration1-PA1:1DO:0-Seed1021","1/3 arc-second",1,0.64,"treat_all",-0.628352490421456
"1-3arc-Iteration1-PA1:1DO:0-Seed1021","1/3 arc-second",1,0.65,"treat_all",-0.674876847290641
"1-3arc-Iteration1-PA1:1DO:0-Seed1021","1/3 arc-second",1,0.66,"treat_all",-0.724137931034483
"1-3arc-Iteration1-PA1:1DO:0-Seed1021","1/3 arc-second",1,0.67,"treat_all",-0.776384535005225
"1-3arc-Iteration1-PA1:1DO:0-Seed1021","1/3 arc-second",1,0.68,"treat_all",-0.831896551724138
"1-3arc-Iteration1-PA1:1DO:0-Seed1021","1/3 arc-second",1,0.69,"treat_all",-0.89098998887653
"1-3arc-Iteration1-PA1:1DO:0-Seed1021","1/3 arc-second",1,0.7,"treat_all",-0.954022988505748
"1-3arc-Iteration1-PA1:1DO:0-Seed1021","1/3 arc-second",1,0.71,"treat_all",-1.02140309155767
"1-3arc-Iteration1-PA1:1DO:0-Seed1021","1/3 arc-second",1,0.72,"treat_all",-1.0935960591133
"1-3arc-Iteration1-PA1:1DO:0-Seed1021","1/3 arc-second",1,0.73,"treat_all",-1.17113665389527
"1-3arc-Iteration1-PA1:1DO:0-Seed1021","1/3 arc-second",1,0.74,"treat_all",-1.25464190981432
"1-3arc-Iteration1-PA1:1DO:0-Seed1021","1/3 arc-second",1,0.75,"treat_all",-1.3448275862069
"1-3arc-Iteration1-PA1:1DO:0-Seed1021","1/3 arc-second",1,0.76,"treat_all",-1.44252873563218
"1-3arc-Iteration1-PA1:1DO:0-Seed1021","1/3 arc-second",1,0.77,"treat_all",-1.54872563718141
"1-3arc-Iteration1-PA1:1DO:0-Seed1021","1/3 arc-second",1,0.78,"treat_all",-1.66457680250784
"1-3arc-Iteration1-PA1:1DO:0-Seed1021","1/3 arc-second",1,0.79,"treat_all",-1.79146141215107
"1-3arc-Iteration1-PA1:1DO:0-Seed1021","1/3 arc-second",1,0.8,"treat_all",-1.93103448275862
"1-3arc-Iteration1-PA1:1DO:0-Seed1021","1/3 arc-second",1,0.81,"treat_all",-2.08529945553539
"1-3arc-Iteration1-PA1:1DO:0-Seed1021","1/3 arc-second",1,0.82,"treat_all",-2.25670498084291
"1-3arc-Iteration1-PA1:1DO:0-Seed1021","1/3 arc-second",1,0.83,"treat_all",-2.44827586206897
"1-3arc-Iteration1-PA1:1DO:0-Seed1021","1/3 arc-second",1,0.84,"treat_all",-2.66379310344828
"1-3arc-Iteration1-PA1:1DO:0-Seed1021","1/3 arc-second",1,0.85,"treat_all",-2.90804597701149
"1-3arc-Iteration1-PA1:1DO:0-Seed1021","1/3 arc-second",1,0.86,"treat_all",-3.1871921182266
"1-3arc-Iteration1-PA1:1DO:0-Seed1021","1/3 arc-second",1,0.87,"treat_all",-3.50928381962865
"1-3arc-Iteration1-PA1:1DO:0-Seed1021","1/3 arc-second",1,0.88,"treat_all",-3.88505747126437
"1-3arc-Iteration1-PA1:1DO:0-Seed1021","1/3 arc-second",1,0.89,"treat_all",-4.32915360501567
"1-3arc-Iteration1-PA1:1DO:0-Seed1021","1/3 arc-second",1,0.9,"treat_all",-4.86206896551724
"1-3arc-Iteration1-PA1:1DO:0-Seed1021","1/3 arc-second",1,0.91,"treat_all",-5.51340996168583
"1-3arc-Iteration1-PA1:1DO:0-Seed1021","1/3 arc-second",1,0.92,"treat_all",-6.32758620689656
"1-3arc-Iteration1-PA1:1DO:0-Seed1021","1/3 arc-second",1,0.93,"treat_all",-7.37438423645321
"1-3arc-Iteration1-PA1:1DO:0-Seed1021","1/3 arc-second",1,0.94,"treat_all",-8.77011494252875
"1-3arc-Iteration1-PA1:1DO:0-Seed1021","1/3 arc-second",1,0.95,"treat_all",-10.7241379310345
"1-3arc-Iteration1-PA1:1DO:0-Seed1021","1/3 arc-second",1,0.96,"treat_all",-13.6551724137931
"1-3arc-Iteration1-PA1:1DO:0-Seed1021","1/3 arc-second",1,0.97,"treat_all",-18.5402298850575
"1-3arc-Iteration1-PA1:1DO:0-Seed1021","1/3 arc-second",1,0.98,"treat_all",-28.3103448275862
"1-3arc-Iteration1-PA1:1DO:0-Seed1021","1/3 arc-second",1,0.99,"treat_all",-57.6206896551724
"1-3arc-Iteration1-PA1:1DO:0-Seed1021","1/3 arc-second",1,0.01,"treat_none",0
"1-3arc-Iteration1-PA1:1DO:0-Seed1021","1/3 arc-second",1,0.02,"treat_none",0
"1-3arc-Iteration1-PA1:1DO:0-Seed1021","1/3 arc-second",1,0.03,"treat_none",0
"1-3arc-Iteration1-PA1:1DO:0-Seed1021","1/3 arc-second",1,0.04,"treat_none",0
"1-3arc-Iteration1-PA1:1DO:0-Seed1021","1/3 arc-second",1,0.05,"treat_none",0
"1-3arc-Iteration1-PA1:1DO:0-Seed1021","1/3 arc-second",1,0.06,"treat_none",0
"1-3arc-Iteration1-PA1:1DO:0-Seed1021","1/3 arc-second",1,0.07,"treat_none",0
"1-3arc-Iteration1-PA1:1DO:0-Seed1021","1/3 arc-second",1,0.08,"treat_none",0
"1-3arc-Iteration1-PA1:1DO:0-Seed1021","1/3 arc-second",1,0.09,"treat_none",0
"1-3arc-Iteration1-PA1:1DO:0-Seed1021","1/3 arc-second",1,0.1,"treat_none",0
"1-3arc-Iteration1-PA1:1DO:0-Seed1021","1/3 arc-second",1,0.11,"treat_none",0
"1-3arc-Iteration1-PA1:1DO:0-Seed1021","1/3 arc-second",1,0.12,"treat_none",0
"1-3arc-Iteration1-PA1:1DO:0-Seed1021","1/3 arc-second",1,0.13,"treat_none",0
"1-3arc-Iteration1-PA1:1DO:0-Seed1021","1/3 arc-second",1,0.14,"treat_none",0
"1-3arc-Iteration1-PA1:1DO:0-Seed1021","1/3 arc-second",1,0.15,"treat_none",0
"1-3arc-Iteration1-PA1:1DO:0-Seed1021","1/3 arc-second",1,0.16,"treat_none",0
"1-3arc-Iteration1-PA1:1DO:0-Seed1021","1/3 arc-second",1,0.17,"treat_none",0
"1-3arc-Iteration1-PA1:1DO:0-Seed1021","1/3 arc-second",1,0.18,"treat_none",0
"1-3arc-Iteration1-PA1:1DO:0-Seed1021","1/3 arc-second",1,0.19,"treat_none",0
"1-3arc-Iteration1-PA1:1DO:0-Seed1021","1/3 arc-second",1,0.2,"treat_none",0
"1-3arc-Iteration1-PA1:1DO:0-Seed1021","1/3 arc-second",1,0.21,"treat_none",0
"1-3arc-Iteration1-PA1:1DO:0-Seed1021","1/3 arc-second",1,0.22,"treat_none",0
"1-3arc-Iteration1-PA1:1DO:0-Seed1021","1/3 arc-second",1,0.23,"treat_none",0
"1-3arc-Iteration1-PA1:1DO:0-Seed1021","1/3 arc-second",1,0.24,"treat_none",0
"1-3arc-Iteration1-PA1:1DO:0-Seed1021","1/3 arc-second",1,0.25,"treat_none",0
"1-3arc-Iteration1-PA1:1DO:0-Seed1021","1/3 arc-second",1,0.26,"treat_none",0
"1-3arc-Iteration1-PA1:1DO:0-Seed1021","1/3 arc-second",1,0.27,"treat_none",0
"1-3arc-Iteration1-PA1:1DO:0-Seed1021","1/3 arc-second",1,0.28,"treat_none",0
"1-3arc-Iteration1-PA1:1DO:0-Seed1021","1/3 arc-second",1,0.29,"treat_none",0
"1-3arc-Iteration1-PA1:1DO:0-Seed1021","1/3 arc-second",1,0.3,"treat_none",0
"1-3arc-Iteration1-PA1:1DO:0-Seed1021","1/3 arc-second",1,0.31,"treat_none",0
"1-3arc-Iteration1-PA1:1DO:0-Seed1021","1/3 arc-second",1,0.32,"treat_none",0
"1-3arc-Iteration1-PA1:1DO:0-Seed1021","1/3 arc-second",1,0.33,"treat_none",0
"1-3arc-Iteration1-PA1:1DO:0-Seed1021","1/3 arc-second",1,0.34,"treat_none",0
"1-3arc-Iteration1-PA1:1DO:0-Seed1021","1/3 arc-second",1,0.35,"treat_none",0
"1-3arc-Iteration1-PA1:1DO:0-Seed1021","1/3 arc-second",1,0.36,"treat_none",0
"1-3arc-Iteration1-PA1:1DO:0-Seed1021","1/3 arc-second",1,0.37,"treat_none",0
"1-3arc-Iteration1-PA1:1DO:0-Seed1021","1/3 arc-second",1,0.38,"treat_none",0
"1-3arc-Iteration1-PA1:1DO:0-Seed1021","1/3 arc-second",1,0.39,"treat_none",0
"1-3arc-Iteration1-PA1:1DO:0-Seed1021","1/3 arc-second",1,0.4,"treat_none",0
"1-3arc-Iteration1-PA1:1DO:0-Seed1021","1/3 arc-second",1,0.41,"treat_none",0
"1-3arc-Iteration1-PA1:1DO:0-Seed1021","1/3 arc-second",1,0.42,"treat_none",0
"1-3arc-Iteration1-PA1:1DO:0-Seed1021","1/3 arc-second",1,0.43,"treat_none",0
"1-3arc-Iteration1-PA1:1DO:0-Seed1021","1/3 arc-second",1,0.44,"treat_none",0
"1-3arc-Iteration1-PA1:1DO:0-Seed1021","1/3 arc-second",1,0.45,"treat_none",0
"1-3arc-Iteration1-PA1:1DO:0-Seed1021","1/3 arc-second",1,0.46,"treat_none",0
"1-3arc-Iteration1-PA1:1DO:0-Seed1021","1/3 arc-second",1,0.47,"treat_none",0
"1-3arc-Iteration1-PA1:1DO:0-Seed1021","1/3 arc-second",1,0.48,"treat_none",0
"1-3arc-Iteration1-PA1:1DO:0-Seed1021","1/3 arc-second",1,0.49,"treat_none",0
"1-3arc-Iteration1-PA1:1DO:0-Seed1021","1/3 arc-second",1,0.5,"treat_none",0
"1-3arc-Iteration1-PA1:1DO:0-Seed1021","1/3 arc-second",1,0.51,"treat_none",0
"1-3arc-Iteration1-PA1:1DO:0-Seed1021","1/3 arc-second",1,0.52,"treat_none",0
"1-3arc-Iteration1-PA1:1DO:0-Seed1021","1/3 arc-second",1,0.53,"treat_none",0
"1-3arc-Iteration1-PA1:1DO:0-Seed1021","1/3 arc-second",1,0.54,"treat_none",0
"1-3arc-Iteration1-PA1:1DO:0-Seed1021","1/3 arc-second",1,0.55,"treat_none",0
"1-3arc-Iteration1-PA1:1DO:0-Seed1021","1/3 arc-second",1,0.56,"treat_none",0
"1-3arc-Iteration1-PA1:1DO:0-Seed1021","1/3 arc-second",1,0.57,"treat_none",0
"1-3arc-Iteration1-PA1:1DO:0-Seed1021","1/3 arc-second",1,0.58,"treat_none",0
"1-3arc-Iteration1-PA1:1DO:0-Seed1021","1/3 arc-second",1,0.59,"treat_none",0
"1-3arc-Iteration1-PA1:1DO:0-Seed1021","1/3 arc-second",1,0.6,"treat_none",0
"1-3arc-Iteration1-PA1:1DO:0-Seed1021","1/3 arc-second",1,0.61,"treat_none",0
"1-3arc-Iteration1-PA1:1DO:0-Seed1021","1/3 arc-second",1,0.62,"treat_none",0
"1-3arc-Iteration1-PA1:1DO:0-Seed1021","1/3 arc-second",1,0.63,"treat_none",0
"1-3arc-Iteration1-PA1:1DO:0-Seed1021","1/3 arc-second",1,0.64,"treat_none",0
"1-3arc-Iteration1-PA1:1DO:0-Seed1021","1/3 arc-second",1,0.65,"treat_none",0
"1-3arc-Iteration1-PA1:1DO:0-Seed1021","1/3 arc-second",1,0.66,"treat_none",0
"1-3arc-Iteration1-PA1:1DO:0-Seed1021","1/3 arc-second",1,0.67,"treat_none",0
"1-3arc-Iteration1-PA1:1DO:0-Seed1021","1/3 arc-second",1,0.68,"treat_none",0
"1-3arc-Iteration1-PA1:1DO:0-Seed1021","1/3 arc-second",1,0.69,"treat_none",0
"1-3arc-Iteration1-PA1:1DO:0-Seed1021","1/3 arc-second",1,0.7,"treat_none",0
"1-3arc-Iteration1-PA1:1DO:0-Seed1021","1/3 arc-second",1,0.71,"treat_none",0
"1-3arc-Iteration1-PA1:1DO:0-Seed1021","1/3 arc-second",1,0.72,"treat_none",0
"1-3arc-Iteration1-PA1:1DO:0-Seed1021","1/3 arc-second",1,0.73,"treat_none",0
"1-3arc-Iteration1-PA1:1DO:0-Seed1021","1/3 arc-second",1,0.74,"treat_none",0
"1-3arc-Iteration1-PA1:1DO:0-Seed1021","1/3 arc-second",1,0.75,"treat_none",0
"1-3arc-Iteration1-PA1:1DO:0-Seed1021","1/3 arc-second",1,0.76,"treat_none",0
"1-3arc-Iteration1-PA1:1DO:0-Seed1021","1/3 arc-second",1,0.77,"treat_none",0
"1-3arc-Iteration1-PA1:1DO:0-Seed1021","1/3 arc-second",1,0.78,"treat_none",0
"1-3arc-Iteration1-PA1:1DO:0-Seed1021","1/3 arc-second",1,0.79,"treat_none",0
"1-3arc-Iteration1-PA1:1DO:0-Seed1021","1/3 arc-second",1,0.8,"treat_none",0
"1-3arc-Iteration1-PA1:1DO:0-Seed1021","1/3 arc-second",1,0.81,"treat_none",0
"1-3arc-Iteration1-PA1:1DO:0-Seed1021","1/3 arc-second",1,0.82,"treat_none",0
"1-3arc-Iteration1-PA1:1DO:0-Seed1021","1/3 arc-second",1,0.83,"treat_none",0
"1-3arc-Iteration1-PA1:1DO:0-Seed1021","1/3 arc-second",1,0.84,"treat_none",0
"1-3arc-Iteration1-PA1:1DO:0-Seed1021","1/3 arc-second",1,0.85,"treat_none",0
"1-3arc-Iteration1-PA1:1DO:0-Seed1021","1/3 arc-second",1,0.86,"treat_none",0
"1-3arc-Iteration1-PA1:1DO:0-Seed1021","1/3 arc-second",1,0.87,"treat_none",0
"1-3arc-Iteration1-PA1:1DO:0-Seed1021","1/3 arc-second",1,0.88,"treat_none",0
"1-3arc-Iteration1-PA1:1DO:0-Seed1021","1/3 arc-second",1,0.89,"treat_none",0
"1-3arc-Iteration1-PA1:1DO:0-Seed1021","1/3 arc-second",1,0.9,"treat_none",0
"1-3arc-Iteration1-PA1:1DO:0-Seed1021","1/3 arc-second",1,0.91,"treat_none",0
"1-3arc-Iteration1-PA1:1DO:0-Seed1021","1/3 arc-second",1,0.92,"treat_none",0
"1-3arc-Iteration1-PA1:1DO:0-Seed1021","1/3 arc-second",1,0.93,"treat_none",0
"1-3arc-Iteration1-PA1:1DO:0-Seed1021","1/3 arc-second",1,0.94,"treat_none",0
"1-3arc-Iteration1-PA1:1DO:0-Seed1021","1/3 arc-second",1,0.95,"treat_none",0
"1-3arc-Iteration1-PA1:1DO:0-Seed1021","1/3 arc-second",1,0.96,"treat_none",0
"1-3arc-Iteration1-PA1:1DO:0-Seed1021","1/3 arc-second",1,0.97,"treat_none",0
"1-3arc-Iteration1-PA1:1DO:0-Seed1021","1/3 arc-second",1,0.98,"treat_none",0
"1-3arc-Iteration1-PA1:1DO:0-Seed1021","1/3 arc-second",1,0.99,"treat_none",0
"1-3arc-Iteration1-PA1:1DO:0-Seed1061","1/3 arc-second",1,0.01,"model",0.407871821664925
"1-3arc-Iteration1-PA1:1DO:0-Seed1061","1/3 arc-second",1,0.02,"model",0.4018296973962
"1-3arc-Iteration1-PA1:1DO:0-Seed1061","1/3 arc-second",1,0.03,"model",0.395662993245645
"1-3arc-Iteration1-PA1:1DO:0-Seed1061","1/3 arc-second",1,0.04,"model",0.389367816091954
"1-3arc-Iteration1-PA1:1DO:0-Seed1061","1/3 arc-second",1,0.05,"model",0.382940108892922
"1-3arc-Iteration1-PA1:1DO:0-Seed1061","1/3 arc-second",1,0.06,"model",0.376375641966251
"1-3arc-Iteration1-PA1:1DO:0-Seed1061","1/3 arc-second",1,0.07,"model",0.369670003707823
"1-3arc-Iteration1-PA1:1DO:0-Seed1061","1/3 arc-second",1,0.08,"model",0.362818590704648
"1-3arc-Iteration1-PA1:1DO:0-Seed1061","1/3 arc-second",1,0.09,"model",0.355816597195908
"1-3arc-Iteration1-PA1:1DO:0-Seed1061","1/3 arc-second",1,0.1,"model",0.348659003831418
"1-3arc-Iteration1-PA1:1DO:0-Seed1061","1/3 arc-second",1,0.11,"model",0.34134056567222
"1-3arc-Iteration1-PA1:1DO:0-Seed1061","1/3 arc-second",1,0.12,"model",0.333855799373041
"1-3arc-Iteration1-PA1:1DO:0-Seed1061","1/3 arc-second",1,0.13,"model",0.326198969480777
"1-3arc-Iteration1-PA1:1DO:0-Seed1061","1/3 arc-second",1,0.14,"model",0.318364073777065
"1-3arc-Iteration1-PA1:1DO:0-Seed1061","1/3 arc-second",1,0.15,"model",0.310344827586207
"1-3arc-Iteration1-PA1:1DO:0-Seed1061","1/3 arc-second",1,0.16,"model",0.302134646962233
"1-3arc-Iteration1-PA1:1DO:0-Seed1061","1/3 arc-second",1,0.17,"model",0.293726630660573
"1-3arc-Iteration1-PA1:1DO:0-Seed1061","1/3 arc-second",1,0.18,"model",0.28511354079058
"1-3arc-Iteration1-PA1:1DO:0-Seed1061","1/3 arc-second",1,0.19,"model",0.276287782034908
"1-3arc-Iteration1-PA1:1DO:0-Seed1061","1/3 arc-second",1,0.2,"model",0.267241379310345
"1-3arc-Iteration1-PA1:1DO:0-Seed1061","1/3 arc-second",1,0.21,"model",0.257965953731995
"1-3arc-Iteration1-PA1:1DO:0-Seed1061","1/3 arc-second",1,0.22,"model",0.248452696728559
"1-3arc-Iteration1-PA1:1DO:0-Seed1061","1/3 arc-second",1,0.23,"model",0.238692342140618
"1-3arc-Iteration1-PA1:1DO:0-Seed1061","1/3 arc-second",1,0.24,"model",0.228675136116152
"1-3arc-Iteration1-PA1:1DO:0-Seed1061","1/3 arc-second",1,0.25,"model",0.218390804597701
"1-3arc-Iteration1-PA1:1DO:0-Seed1061","1/3 arc-second",1,0.26,"model",0.207828518173346
"1-3arc-Iteration1-PA1:1DO:0-Seed1061","1/3 arc-second",1,0.27,"model",0.196976854038734
"1-3arc-Iteration1-PA1:1DO:0-Seed1061","1/3 arc-second",1,0.28,"model",0.185823754789272
"1-3arc-Iteration1-PA1:1DO:0-Seed1061","1/3 arc-second",1,0.29,"model",0.181398737251093
"1-3arc-Iteration1-PA1:1DO:0-Seed1061","1/3 arc-second",1,0.3,"model",0.169950738916256
"1-3arc-Iteration1-PA1:1DO:0-Seed1061","1/3 arc-second",1,0.31,"model",0.158170914542729
"1-3arc-Iteration1-PA1:1DO:0-Seed1061","1/3 arc-second",1,0.32,"model",0.14604462474645
"1-3arc-Iteration1-PA1:1DO:0-Seed1061","1/3 arc-second",1,0.33,"model",0.142048378795677
"1-3arc-Iteration1-PA1:1DO:0-Seed1061","1/3 arc-second",1,0.34,"model",0.138453500522466
"1-3arc-Iteration1-PA1:1DO:0-Seed1061","1/3 arc-second",1,0.35,"model",0.118037135278515
"1-3arc-Iteration1-PA1:1DO:0-Seed1061","1/3 arc-second",1,0.36,"model",0.105603448275862
"1-3arc-Iteration1-PA1:1DO:0-Seed1061","1/3 arc-second",1,0.37,"model",0.0927750410509031
"1-3arc-Iteration1-PA1:1DO:0-Seed1061","1/3 arc-second",1,0.38,"model",0.0795328142380423
"1-3arc-Iteration1-PA1:1DO:0-Seed1061","1/3 arc-second",1,0.39,"model",0.0658564160542679
"1-3arc-Iteration1-PA1:1DO:0-Seed1061","1/3 arc-second",1,0.4,"model",0.0632183908045977
"1-3arc-Iteration1-PA1:1DO:0-Seed1061","1/3 arc-second",1,0.41,"model",0.049094097019287
"1-3arc-Iteration1-PA1:1DO:0-Seed1061","1/3 arc-second",1,0.42,"model",0.0344827586206896
"1-3arc-Iteration1-PA1:1DO:0-Seed1061","1/3 arc-second",1,0.43,"model",0.00211736237144589
"1-3arc-Iteration1-PA1:1DO:0-Seed1061","1/3 arc-second",1,0.44,"model",-0.0135467980295567
"1-3arc-Iteration1-PA1:1DO:0-Seed1061","1/3 arc-second",1,0.45,"model",-0.0297805642633229
"1-3arc-Iteration1-PA1:1DO:0-Seed1061","1/3 arc-second",1,0.46,"model",-0.0638569604086845
"1-3arc-Iteration1-PA1:1DO:0-Seed1061","1/3 arc-second",1,0.47,"model",-0.081327260897853
"1-3arc-Iteration1-PA1:1DO:0-Seed1061","1/3 arc-second",1,0.48,"model",-0.0994694960212202
"1-3arc-Iteration1-PA1:1DO:0-Seed1061","1/3 arc-second",1,0.49,"model",-0.0851926977687626
"1-3arc-Iteration1-PA1:1DO:0-Seed1061","1/3 arc-second",1,0.5,"model",-0.120689655172414
"1-3arc-Iteration1-PA1:1DO:0-Seed1061","1/3 arc-second",1,0.51,"model",-0.139690358902182
"1-3arc-Iteration1-PA1:1DO:0-Seed1061","1/3 arc-second",1,0.52,"model",-0.176724137931035
"1-3arc-Iteration1-PA1:1DO:0-Seed1061","1/3 arc-second",1,0.53,"model",-0.177916360968452
"1-3arc-Iteration1-PA1:1DO:0-Seed1061","1/3 arc-second",1,0.54,"model",-0.198650674662669
"1-3arc-Iteration1-PA1:1DO:0-Seed1061","1/3 arc-second",1,0.55,"model",-0.237547892720307
"1-3arc-Iteration1-PA1:1DO:0-Seed1061","1/3 arc-second",1,0.56,"model",-0.260188087774295
"1-3arc-Iteration1-PA1:1DO:0-Seed1061","1/3 arc-second",1,0.57,"model",-0.238171611868485
"1-3arc-Iteration1-PA1:1DO:0-Seed1061","1/3 arc-second",1,0.58,"model",-0.230706075533662
"1-3arc-Iteration1-PA1:1DO:0-Seed1061","1/3 arc-second",1,0.59,"model",-0.269974768713204
"1-3arc-Iteration1-PA1:1DO:0-Seed1061","1/3 arc-second",1,0.6,"model",-0.293103448275862
"1-3arc-Iteration1-PA1:1DO:0-Seed1061","1/3 arc-second",1,0.61,"model",-0.317418213969938
"1-3arc-Iteration1-PA1:1DO:0-Seed1061","1/3 arc-second",1,0.62,"model",-0.343012704174229
"1-3arc-Iteration1-PA1:1DO:0-Seed1061","1/3 arc-second",1,0.63,"model",-0.387232059645853
"1-3arc-Iteration1-PA1:1DO:0-Seed1061","1/3 arc-second",1,0.64,"model",-0.415708812260536
"1-3arc-Iteration1-PA1:1DO:0-Seed1061","1/3 arc-second",1,0.65,"model",-0.445812807881773
"1-3arc-Iteration1-PA1:1DO:0-Seed1061","1/3 arc-second",1,0.66,"model",-0.410750507099392
"1-3arc-Iteration1-PA1:1DO:0-Seed1061","1/3 arc-second",1,0.67,"model",-0.458725182863114
"1-3arc-Iteration1-PA1:1DO:0-Seed1061","1/3 arc-second",1,0.68,"model",-0.454741379310345
"1-3arc-Iteration1-PA1:1DO:0-Seed1061","1/3 arc-second",1,0.69,"model",-0.466629588431591
"1-3arc-Iteration1-PA1:1DO:0-Seed1061","1/3 arc-second",1,0.7,"model",-0.477011494252874
"1-3arc-Iteration1-PA1:1DO:0-Seed1061","1/3 arc-second",1,0.71,"model",-0.42627824019025
"1-3arc-Iteration1-PA1:1DO:0-Seed1061","1/3 arc-second",1,0.72,"model",-0.413793103448276
"1-3arc-Iteration1-PA1:1DO:0-Seed1061","1/3 arc-second",1,0.73,"model",-0.445721583652618
"1-3arc-Iteration1-PA1:1DO:0-Seed1061","1/3 arc-second",1,0.74,"model",-0.480106100795756
"1-3arc-Iteration1-PA1:1DO:0-Seed1061","1/3 arc-second",1,0.75,"model",-0.482758620689655
"1-3arc-Iteration1-PA1:1DO:0-Seed1061","1/3 arc-second",1,0.76,"model",-0.410919540229885
"1-3arc-Iteration1-PA1:1DO:0-Seed1061","1/3 arc-second",1,0.77,"model",-0.44527736131934
"1-3arc-Iteration1-PA1:1DO:0-Seed1061","1/3 arc-second",1,0.78,"model",-0.482758620689655
"1-3arc-Iteration1-PA1:1DO:0-Seed1061","1/3 arc-second",1,0.79,"model",-0.523809523809524
"1-3arc-Iteration1-PA1:1DO:0-Seed1061","1/3 arc-second",1,0.8,"model",-0.568965517241379
"1-3arc-Iteration1-PA1:1DO:0-Seed1061","1/3 arc-second",1,0.81,"model",-0.32486388384755
"1-3arc-Iteration1-PA1:1DO:0-Seed1061","1/3 arc-second",1,0.82,"model",-0.360153256704981
"1-3arc-Iteration1-PA1:1DO:0-Seed1061","1/3 arc-second",1,0.83,"model",-0.315415821501014
"1-3arc-Iteration1-PA1:1DO:0-Seed1061","1/3 arc-second",1,0.84,"model",-0.370689655172414
"1-3arc-Iteration1-PA1:1DO:0-Seed1061","1/3 arc-second",1,0.85,"model",-0.316091954022988
"1-3arc-Iteration1-PA1:1DO:0-Seed1061","1/3 arc-second",1,0.86,"model",-0.251231527093596
"1-3arc-Iteration1-PA1:1DO:0-Seed1061","1/3 arc-second",1,0.87,"model",-0.323607427055703
"1-3arc-Iteration1-PA1:1DO:0-Seed1061","1/3 arc-second",1,0.88,"model",-0.258620689655172
"1-3arc-Iteration1-PA1:1DO:0-Seed1061","1/3 arc-second",1,0.89,"model",-0.297805642633229
"1-3arc-Iteration1-PA1:1DO:0-Seed1061","1/3 arc-second",1,0.9,"model",-0.344827586206897
"1-3arc-Iteration1-PA1:1DO:0-Seed1061","1/3 arc-second",1,0.91,"model",-0.245210727969349
"1-3arc-Iteration1-PA1:1DO:0-Seed1061","1/3 arc-second",1,0.92,"model",-0.293103448275862
"1-3arc-Iteration1-PA1:1DO:0-Seed1061","1/3 arc-second",1,0.93,"model",-0.125615763546798
"1-3arc-Iteration1-PA1:1DO:0-Seed1061","1/3 arc-second",1,0.94,"model",-0.166666666666667
"1-3arc-Iteration1-PA1:1DO:0-Seed1061","1/3 arc-second",1,0.95,"model",-0.224137931034483
"1-3arc-Iteration1-PA1:1DO:0-Seed1061","1/3 arc-second",1,0.96,"model",0.103448275862069
"1-3arc-Iteration1-PA1:1DO:0-Seed1061","1/3 arc-second",1,0.97,"model",0.103448275862069
"1-3arc-Iteration1-PA1:1DO:0-Seed1061","1/3 arc-second",1,0.98,"model",0.0689655172413793
"1-3arc-Iteration1-PA1:1DO:0-Seed1061","1/3 arc-second",1,0.99,"model",0.0517241379310345
"1-3arc-Iteration1-PA1:1DO:0-Seed1061","1/3 arc-second",1,0.01,"treat_all",0.407871821664925
"1-3arc-Iteration1-PA1:1DO:0-Seed1061","1/3 arc-second",1,0.02,"treat_all",0.4018296973962
"1-3arc-Iteration1-PA1:1DO:0-Seed1061","1/3 arc-second",1,0.03,"treat_all",0.395662993245645
"1-3arc-Iteration1-PA1:1DO:0-Seed1061","1/3 arc-second",1,0.04,"treat_all",0.389367816091954
"1-3arc-Iteration1-PA1:1DO:0-Seed1061","1/3 arc-second",1,0.05,"treat_all",0.382940108892922
"1-3arc-Iteration1-PA1:1DO:0-Seed1061","1/3 arc-second",1,0.06,"treat_all",0.376375641966251
"1-3arc-Iteration1-PA1:1DO:0-Seed1061","1/3 arc-second",1,0.07,"treat_all",0.369670003707823
"1-3arc-Iteration1-PA1:1DO:0-Seed1061","1/3 arc-second",1,0.08,"treat_all",0.362818590704648
"1-3arc-Iteration1-PA1:1DO:0-Seed1061","1/3 arc-second",1,0.09,"treat_all",0.355816597195908
"1-3arc-Iteration1-PA1:1DO:0-Seed1061","1/3 arc-second",1,0.1,"treat_all",0.348659003831418
"1-3arc-Iteration1-PA1:1DO:0-Seed1061","1/3 arc-second",1,0.11,"treat_all",0.34134056567222
"1-3arc-Iteration1-PA1:1DO:0-Seed1061","1/3 arc-second",1,0.12,"treat_all",0.333855799373041
"1-3arc-Iteration1-PA1:1DO:0-Seed1061","1/3 arc-second",1,0.13,"treat_all",0.326198969480777
"1-3arc-Iteration1-PA1:1DO:0-Seed1061","1/3 arc-second",1,0.14,"treat_all",0.318364073777065
"1-3arc-Iteration1-PA1:1DO:0-Seed1061","1/3 arc-second",1,0.15,"treat_all",0.310344827586207
"1-3arc-Iteration1-PA1:1DO:0-Seed1061","1/3 arc-second",1,0.16,"treat_all",0.302134646962233
"1-3arc-Iteration1-PA1:1DO:0-Seed1061","1/3 arc-second",1,0.17,"treat_all",0.293726630660573
"1-3arc-Iteration1-PA1:1DO:0-Seed1061","1/3 arc-second",1,0.18,"treat_all",0.28511354079058
"1-3arc-Iteration1-PA1:1DO:0-Seed1061","1/3 arc-second",1,0.19,"treat_all",0.276287782034908
"1-3arc-Iteration1-PA1:1DO:0-Seed1061","1/3 arc-second",1,0.2,"treat_all",0.267241379310345
"1-3arc-Iteration1-PA1:1DO:0-Seed1061","1/3 arc-second",1,0.21,"treat_all",0.257965953731995
"1-3arc-Iteration1-PA1:1DO:0-Seed1061","1/3 arc-second",1,0.22,"treat_all",0.248452696728559
"1-3arc-Iteration1-PA1:1DO:0-Seed1061","1/3 arc-second",1,0.23,"treat_all",0.238692342140618
"1-3arc-Iteration1-PA1:1DO:0-Seed1061","1/3 arc-second",1,0.24,"treat_all",0.228675136116152
"1-3arc-Iteration1-PA1:1DO:0-Seed1061","1/3 arc-second",1,0.25,"treat_all",0.218390804597701
"1-3arc-Iteration1-PA1:1DO:0-Seed1061","1/3 arc-second",1,0.26,"treat_all",0.207828518173346
"1-3arc-Iteration1-PA1:1DO:0-Seed1061","1/3 arc-second",1,0.27,"treat_all",0.196976854038734
"1-3arc-Iteration1-PA1:1DO:0-Seed1061","1/3 arc-second",1,0.28,"treat_all",0.185823754789272
"1-3arc-Iteration1-PA1:1DO:0-Seed1061","1/3 arc-second",1,0.29,"treat_all",0.174356483729966
"1-3arc-Iteration1-PA1:1DO:0-Seed1061","1/3 arc-second",1,0.3,"treat_all",0.16256157635468
"1-3arc-Iteration1-PA1:1DO:0-Seed1061","1/3 arc-second",1,0.31,"treat_all",0.150424787606197
"1-3arc-Iteration1-PA1:1DO:0-Seed1061","1/3 arc-second",1,0.32,"treat_all",0.137931034482759
"1-3arc-Iteration1-PA1:1DO:0-Seed1061","1/3 arc-second",1,0.33,"treat_all",0.125064333504889
"1-3arc-Iteration1-PA1:1DO:0-Seed1061","1/3 arc-second",1,0.34,"treat_all",0.111807732497388
"1-3arc-Iteration1-PA1:1DO:0-Seed1061","1/3 arc-second",1,0.35,"treat_all",0.0981432360742704
"1-3arc-Iteration1-PA1:1DO:0-Seed1061","1/3 arc-second",1,0.36,"treat_all",0.0840517241379309
"1-3arc-Iteration1-PA1:1DO:0-Seed1061","1/3 arc-second",1,0.37,"treat_all",0.0695128626163108
"1-3arc-Iteration1-PA1:1DO:0-Seed1061","1/3 arc-second",1,0.38,"treat_all",0.0545050055617352
"1-3arc-Iteration1-PA1:1DO:0-Seed1061","1/3 arc-second",1,0.39,"treat_all",0.0390050876201243
"1-3arc-Iteration1-PA1:1DO:0-Seed1061","1/3 arc-second",1,0.4,"treat_all",0.0229885057471264
"1-3arc-Iteration1-PA1:1DO:0-Seed1061","1/3 arc-second",1,0.41,"treat_all",0.00642898889538274
"1-3arc-Iteration1-PA1:1DO:0-Seed1061","1/3 arc-second",1,0.42,"treat_all",-0.0107015457788349
"1-3arc-Iteration1-PA1:1DO:0-Seed1061","1/3 arc-second",1,0.43,"treat_all",-0.0284331518451301
"1-3arc-Iteration1-PA1:1DO:0-Seed1061","1/3 arc-second",1,0.44,"treat_all",-0.0467980295566503
"1-3arc-Iteration1-PA1:1DO:0-Seed1061","1/3 arc-second",1,0.45,"treat_all",-0.0658307210031348
"1-3arc-Iteration1-PA1:1DO:0-Seed1061","1/3 arc-second",1,0.46,"treat_all",-0.0855683269476373
"1-3arc-Iteration1-PA1:1DO:0-Seed1061","1/3 arc-second",1,0.47,"treat_all",-0.1060507482108
"1-3arc-Iteration1-PA1:1DO:0-Seed1061","1/3 arc-second",1,0.48,"treat_all",-0.127320954907162
"1-3arc-Iteration1-PA1:1DO:0-Seed1061","1/3 arc-second",1,0.49,"treat_all",-0.149425287356322
"1-3arc-Iteration1-PA1:1DO:0-Seed1061","1/3 arc-second",1,0.5,"treat_all",-0.172413793103448
"1-3arc-Iteration1-PA1:1DO:0-Seed1061","1/3 arc-second",1,0.51,"treat_all",-0.1963406052076
"1-3arc-Iteration1-PA1:1DO:0-Seed1061","1/3 arc-second",1,0.52,"treat_all",-0.221264367816092
"1-3arc-Iteration1-PA1:1DO:0-Seed1061","1/3 arc-second",1,0.53,"treat_all",-0.247248716067498
"1-3arc-Iteration1-PA1:1DO:0-Seed1061","1/3 arc-second",1,0.54,"treat_all",-0.274362818590705
"1-3arc-Iteration1-PA1:1DO:0-Seed1061","1/3 arc-second",1,0.55,"treat_all",-0.302681992337165
"1-3arc-Iteration1-PA1:1DO:0-Seed1061","1/3 arc-second",1,0.56,"treat_all",-0.332288401253919
"1-3arc-Iteration1-PA1:1DO:0-Seed1061","1/3 arc-second",1,0.57,"treat_all",-0.36327185244587
"1-3arc-Iteration1-PA1:1DO:0-Seed1061","1/3 arc-second",1,0.58,"treat_all",-0.395730706075534
"1-3arc-Iteration1-PA1:1DO:0-Seed1061","1/3 arc-second",1,0.59,"treat_all",-0.429772918418839
"1-3arc-Iteration1-PA1:1DO:0-Seed1061","1/3 arc-second",1,0.6,"treat_all",-0.46551724137931
"1-3arc-Iteration1-PA1:1DO:0-Seed1061","1/3 arc-second",1,0.61,"treat_all",-0.503094606542883
"1-3arc-Iteration1-PA1:1DO:0-Seed1061","1/3 arc-second",1,0.62,"treat_all",-0.542649727767695
"1-3arc-Iteration1-PA1:1DO:0-Seed1061","1/3 arc-second",1,0.63,"treat_all",-0.584342963653309
"1-3arc-Iteration1-PA1:1DO:0-Seed1061","1/3 arc-second",1,0.64,"treat_all",-0.628352490421456
"1-3arc-Iteration1-PA1:1DO:0-Seed1061","1/3 arc-second",1,0.65,"treat_all",-0.674876847290641
"1-3arc-Iteration1-PA1:1DO:0-Seed1061","1/3 arc-second",1,0.66,"treat_all",-0.724137931034483
"1-3arc-Iteration1-PA1:1DO:0-Seed1061","1/3 arc-second",1,0.67,"treat_all",-0.776384535005225
"1-3arc-Iteration1-PA1:1DO:0-Seed1061","1/3 arc-second",1,0.68,"treat_all",-0.831896551724138
"1-3arc-Iteration1-PA1:1DO:0-Seed1061","1/3 arc-second",1,0.69,"treat_all",-0.89098998887653
"1-3arc-Iteration1-PA1:1DO:0-Seed1061","1/3 arc-second",1,0.7,"treat_all",-0.954022988505748
"1-3arc-Iteration1-PA1:1DO:0-Seed1061","1/3 arc-second",1,0.71,"treat_all",-1.02140309155767
"1-3arc-Iteration1-PA1:1DO:0-Seed1061","1/3 arc-second",1,0.72,"treat_all",-1.0935960591133
"1-3arc-Iteration1-PA1:1DO:0-Seed1061","1/3 arc-second",1,0.73,"treat_all",-1.17113665389527
"1-3arc-Iteration1-PA1:1DO:0-Seed1061","1/3 arc-second",1,0.74,"treat_all",-1.25464190981432
"1-3arc-Iteration1-PA1:1DO:0-Seed1061","1/3 arc-second",1,0.75,"treat_all",-1.3448275862069
"1-3arc-Iteration1-PA1:1DO:0-Seed1061","1/3 arc-second",1,0.76,"treat_all",-1.44252873563218
"1-3arc-Iteration1-PA1:1DO:0-Seed1061","1/3 arc-second",1,0.77,"treat_all",-1.54872563718141
"1-3arc-Iteration1-PA1:1DO:0-Seed1061","1/3 arc-second",1,0.78,"treat_all",-1.66457680250784
"1-3arc-Iteration1-PA1:1DO:0-Seed1061","1/3 arc-second",1,0.79,"treat_all",-1.79146141215107
"1-3arc-Iteration1-PA1:1DO:0-Seed1061","1/3 arc-second",1,0.8,"treat_all",-1.93103448275862
"1-3arc-Iteration1-PA1:1DO:0-Seed1061","1/3 arc-second",1,0.81,"treat_all",-2.08529945553539
"1-3arc-Iteration1-PA1:1DO:0-Seed1061","1/3 arc-second",1,0.82,"treat_all",-2.25670498084291
"1-3arc-Iteration1-PA1:1DO:0-Seed1061","1/3 arc-second",1,0.83,"treat_all",-2.44827586206897
"1-3arc-Iteration1-PA1:1DO:0-Seed1061","1/3 arc-second",1,0.84,"treat_all",-2.66379310344828
"1-3arc-Iteration1-PA1:1DO:0-Seed1061","1/3 arc-second",1,0.85,"treat_all",-2.90804597701149
"1-3arc-Iteration1-PA1:1DO:0-Seed1061","1/3 arc-second",1,0.86,"treat_all",-3.1871921182266
"1-3arc-Iteration1-PA1:1DO:0-Seed1061","1/3 arc-second",1,0.87,"treat_all",-3.50928381962865
"1-3arc-Iteration1-PA1:1DO:0-Seed1061","1/3 arc-second",1,0.88,"treat_all",-3.88505747126437
"1-3arc-Iteration1-PA1:1DO:0-Seed1061","1/3 arc-second",1,0.89,"treat_all",-4.32915360501567
"1-3arc-Iteration1-PA1:1DO:0-Seed1061","1/3 arc-second",1,0.9,"treat_all",-4.86206896551724
"1-3arc-Iteration1-PA1:1DO:0-Seed1061","1/3 arc-second",1,0.91,"treat_all",-5.51340996168583
"1-3arc-Iteration1-PA1:1DO:0-Seed1061","1/3 arc-second",1,0.92,"treat_all",-6.32758620689656
"1-3arc-Iteration1-PA1:1DO:0-Seed1061","1/3 arc-second",1,0.93,"treat_all",-7.37438423645321
"1-3arc-Iteration1-PA1:1DO:0-Seed1061","1/3 arc-second",1,0.94,"treat_all",-8.77011494252875
"1-3arc-Iteration1-PA1:1DO:0-Seed1061","1/3 arc-second",1,0.95,"treat_all",-10.7241379310345
"1-3arc-Iteration1-PA1:1DO:0-Seed1061","1/3 arc-second",1,0.96,"treat_all",-13.6551724137931
"1-3arc-Iteration1-PA1:1DO:0-Seed1061","1/3 arc-second",1,0.97,"treat_all",-18.5402298850575
"1-3arc-Iteration1-PA1:1DO:0-Seed1061","1/3 arc-second",1,0.98,"treat_all",-28.3103448275862
"1-3arc-Iteration1-PA1:1DO:0-Seed1061","1/3 arc-second",1,0.99,"treat_all",-57.6206896551724
"1-3arc-Iteration1-PA1:1DO:0-Seed1061","1/3 arc-second",1,0.01,"treat_none",0
"1-3arc-Iteration1-PA1:1DO:0-Seed1061","1/3 arc-second",1,0.02,"treat_none",0
"1-3arc-Iteration1-PA1:1DO:0-Seed1061","1/3 arc-second",1,0.03,"treat_none",0
"1-3arc-Iteration1-PA1:1DO:0-Seed1061","1/3 arc-second",1,0.04,"treat_none",0
"1-3arc-Iteration1-PA1:1DO:0-Seed1061","1/3 arc-second",1,0.05,"treat_none",0
"1-3arc-Iteration1-PA1:1DO:0-Seed1061","1/3 arc-second",1,0.06,"treat_none",0
"1-3arc-Iteration1-PA1:1DO:0-Seed1061","1/3 arc-second",1,0.07,"treat_none",0
"1-3arc-Iteration1-PA1:1DO:0-Seed1061","1/3 arc-second",1,0.08,"treat_none",0
"1-3arc-Iteration1-PA1:1DO:0-Seed1061","1/3 arc-second",1,0.09,"treat_none",0
"1-3arc-Iteration1-PA1:1DO:0-Seed1061","1/3 arc-second",1,0.1,"treat_none",0
"1-3arc-Iteration1-PA1:1DO:0-Seed1061","1/3 arc-second",1,0.11,"treat_none",0
"1-3arc-Iteration1-PA1:1DO:0-Seed1061","1/3 arc-second",1,0.12,"treat_none",0
"1-3arc-Iteration1-PA1:1DO:0-Seed1061","1/3 arc-second",1,0.13,"treat_none",0
"1-3arc-Iteration1-PA1:1DO:0-Seed1061","1/3 arc-second",1,0.14,"treat_none",0
"1-3arc-Iteration1-PA1:1DO:0-Seed1061","1/3 arc-second",1,0.15,"treat_none",0
"1-3arc-Iteration1-PA1:1DO:0-Seed1061","1/3 arc-second",1,0.16,"treat_none",0
"1-3arc-Iteration1-PA1:1DO:0-Seed1061","1/3 arc-second",1,0.17,"treat_none",0
"1-3arc-Iteration1-PA1:1DO:0-Seed1061","1/3 arc-second",1,0.18,"treat_none",0
"1-3arc-Iteration1-PA1:1DO:0-Seed1061","1/3 arc-second",1,0.19,"treat_none",0
"1-3arc-Iteration1-PA1:1DO:0-Seed1061","1/3 arc-second",1,0.2,"treat_none",0
"1-3arc-Iteration1-PA1:1DO:0-Seed1061","1/3 arc-second",1,0.21,"treat_none",0
"1-3arc-Iteration1-PA1:1DO:0-Seed1061","1/3 arc-second",1,0.22,"treat_none",0
"1-3arc-Iteration1-PA1:1DO:0-Seed1061","1/3 arc-second",1,0.23,"treat_none",0
"1-3arc-Iteration1-PA1:1DO:0-Seed1061","1/3 arc-second",1,0.24,"treat_none",0
"1-3arc-Iteration1-PA1:1DO:0-Seed1061","1/3 arc-second",1,0.25,"treat_none",0
"1-3arc-Iteration1-PA1:1DO:0-Seed1061","1/3 arc-second",1,0.26,"treat_none",0
"1-3arc-Iteration1-PA1:1DO:0-Seed1061","1/3 arc-second",1,0.27,"treat_none",0
"1-3arc-Iteration1-PA1:1DO:0-Seed1061","1/3 arc-second",1,0.28,"treat_none",0
"1-3arc-Iteration1-PA1:1DO:0-Seed1061","1/3 arc-second",1,0.29,"treat_none",0
"1-3arc-Iteration1-PA1:1DO:0-Seed1061","1/3 arc-second",1,0.3,"treat_none",0
"1-3arc-Iteration1-PA1:1DO:0-Seed1061","1/3 arc-second",1,0.31,"treat_none",0
"1-3arc-Iteration1-PA1:1DO:0-Seed1061","1/3 arc-second",1,0.32,"treat_none",0
"1-3arc-Iteration1-PA1:1DO:0-Seed1061","1/3 arc-second",1,0.33,"treat_none",0
"1-3arc-Iteration1-PA1:1DO:0-Seed1061","1/3 arc-second",1,0.34,"treat_none",0
"1-3arc-Iteration1-PA1:1DO:0-Seed1061","1/3 arc-second",1,0.35,"treat_none",0
"1-3arc-Iteration1-PA1:1DO:0-Seed1061","1/3 arc-second",1,0.36,"treat_none",0
"1-3arc-Iteration1-PA1:1DO:0-Seed1061","1/3 arc-second",1,0.37,"treat_none",0
"1-3arc-Iteration1-PA1:1DO:0-Seed1061","1/3 arc-second",1,0.38,"treat_none",0
"1-3arc-Iteration1-PA1:1DO:0-Seed1061","1/3 arc-second",1,0.39,"treat_none",0
"1-3arc-Iteration1-PA1:1DO:0-Seed1061","1/3 arc-second",1,0.4,"treat_none",0
"1-3arc-Iteration1-PA1:1DO:0-Seed1061","1/3 arc-second",1,0.41,"treat_none",0
"1-3arc-Iteration1-PA1:1DO:0-Seed1061","1/3 arc-second",1,0.42,"treat_none",0
"1-3arc-Iteration1-PA1:1DO:0-Seed1061","1/3 arc-second",1,0.43,"treat_none",0
"1-3arc-Iteration1-PA1:1DO:0-Seed1061","1/3 arc-second",1,0.44,"treat_none",0
"1-3arc-Iteration1-PA1:1DO:0-Seed1061","1/3 arc-second",1,0.45,"treat_none",0
"1-3arc-Iteration1-PA1:1DO:0-Seed1061","1/3 arc-second",1,0.46,"treat_none",0
"1-3arc-Iteration1-PA1:1DO:0-Seed1061","1/3 arc-second",1,0.47,"treat_none",0
"1-3arc-Iteration1-PA1:1DO:0-Seed1061","1/3 arc-second",1,0.48,"treat_none",0
"1-3arc-Iteration1-PA1:1DO:0-Seed1061","1/3 arc-second",1,0.49,"treat_none",0
"1-3arc-Iteration1-PA1:1DO:0-Seed1061","1/3 arc-second",1,0.5,"treat_none",0
"1-3arc-Iteration1-PA1:1DO:0-Seed1061","1/3 arc-second",1,0.51,"treat_none",0
"1-3arc-Iteration1-PA1:1DO:0-Seed1061","1/3 arc-second",1,0.52,"treat_none",0
"1-3arc-Iteration1-PA1:1DO:0-Seed1061","1/3 arc-second",1,0.53,"treat_none",0
"1-3arc-Iteration1-PA1:1DO:0-Seed1061","1/3 arc-second",1,0.54,"treat_none",0
"1-3arc-Iteration1-PA1:1DO:0-Seed1061","1/3 arc-second",1,0.55,"treat_none",0
"1-3arc-Iteration1-PA1:1DO:0-Seed1061","1/3 arc-second",1,0.56,"treat_none",0
"1-3arc-Iteration1-PA1:1DO:0-Seed1061","1/3 arc-second",1,0.57,"treat_none",0
"1-3arc-Iteration1-PA1:1DO:0-Seed1061","1/3 arc-second",1,0.58,"treat_none",0
"1-3arc-Iteration1-PA1:1DO:0-Seed1061","1/3 arc-second",1,0.59,"treat_none",0
"1-3arc-Iteration1-PA1:1DO:0-Seed1061","1/3 arc-second",1,0.6,"treat_none",0
"1-3arc-Iteration1-PA1:1DO:0-Seed1061","1/3 arc-second",1,0.61,"treat_none",0
"1-3arc-Iteration1-PA1:1DO:0-Seed1061","1/3 arc-second",1,0.62,"treat_none",0
"1-3arc-Iteration1-PA1:1DO:0-Seed1061","1/3 arc-second",1,0.63,"treat_none",0
"1-3arc-Iteration1-PA1:1DO:0-Seed1061","1/3 arc-second",1,0.64,"treat_none",0
"1-3arc-Iteration1-PA1:1DO:0-Seed1061","1/3 arc-second",1,0.65,"treat_none",0
"1-3arc-Iteration1-PA1:1DO:0-Seed1061","1/3 arc-second",1,0.66,"treat_none",0
"1-3arc-Iteration1-PA1:1DO:0-Seed1061","1/3 arc-second",1,0.67,"treat_none",0
"1-3arc-Iteration1-PA1:1DO:0-Seed1061","1/3 arc-second",1,0.68,"treat_none",0
"1-3arc-Iteration1-PA1:1DO:0-Seed1061","1/3 arc-second",1,0.69,"treat_none",0
"1-3arc-Iteration1-PA1:1DO:0-Seed1061","1/3 arc-second",1,0.7,"treat_none",0
"1-3arc-Iteration1-PA1:1DO:0-Seed1061","1/3 arc-second",1,0.71,"treat_none",0
"1-3arc-Iteration1-PA1:1DO:0-Seed1061","1/3 arc-second",1,0.72,"treat_none",0
"1-3arc-Iteration1-PA1:1DO:0-Seed1061","1/3 arc-second",1,0.73,"treat_none",0
"1-3arc-Iteration1-PA1:1DO:0-Seed1061","1/3 arc-second",1,0.74,"treat_none",0
"1-3arc-Iteration1-PA1:1DO:0-Seed1061","1/3 arc-second",1,0.75,"treat_none",0
"1-3arc-Iteration1-PA1:1DO:0-Seed1061","1/3 arc-second",1,0.76,"treat_none",0
"1-3arc-Iteration1-PA1:1DO:0-Seed1061","1/3 arc-second",1,0.77,"treat_none",0
"1-3arc-Iteration1-PA1:1DO:0-Seed1061","1/3 arc-second",1,0.78,"treat_none",0
"1-3arc-Iteration1-PA1:1DO:0-Seed1061","1/3 arc-second",1,0.79,"treat_none",0
"1-3arc-Iteration1-PA1:1DO:0-Seed1061","1/3 arc-second",1,0.8,"treat_none",0
"1-3arc-Iteration1-PA1:1DO:0-Seed1061","1/3 arc-second",1,0.81,"treat_none",0
"1-3arc-Iteration1-PA1:1DO:0-Seed1061","1/3 arc-second",1,0.82,"treat_none",0
"1-3arc-Iteration1-PA1:1DO:0-Seed1061","1/3 arc-second",1,0.83,"treat_none",0
"1-3arc-Iteration1-PA1:1DO:0-Seed1061","1/3 arc-second",1,0.84,"treat_none",0
"1-3arc-Iteration1-PA1:1DO:0-Seed1061","1/3 arc-second",1,0.85,"treat_none",0
"1-3arc-Iteration1-PA1:1DO:0-Seed1061","1/3 arc-second",1,0.86,"treat_none",0
"1-3arc-Iteration1-PA1:1DO:0-Seed1061","1/3 arc-second",1,0.87,"treat_none",0
"1-3arc-Iteration1-PA1:1DO:0-Seed1061","1/3 arc-second",1,0.88,"treat_none",0
"1-3arc-Iteration1-PA1:1DO:0-Seed1061","1/3 arc-second",1,0.89,"treat_none",0
"1-3arc-Iteration1-PA1:1DO:0-Seed1061","1/3 arc-second",1,0.9,"treat_none",0
"1-3arc-Iteration1-PA1:1DO:0-Seed1061","1/3 arc-second",1,0.91,"treat_none",0
"1-3arc-Iteration1-PA1:1DO:0-Seed1061","1/3 arc-second",1,0.92,"treat_none",0
"1-3arc-Iteration1-PA1:1DO:0-Seed1061","1/3 arc-second",1,0.93,"treat_none",0
"1-3arc-Iteration1-PA1:1DO:0-Seed1061","1/3 arc-second",1,0.94,"treat_none",0
"1-3arc-Iteration1-PA1:1DO:0-Seed1061","1/3 arc-second",1,0.95,"treat_none",0
"1-3arc-Iteration1-PA1:1DO:0-Seed1061","1/3 arc-second",1,0.96,"treat_none",0
"1-3arc-Iteration1-PA1:1DO:0-Seed1061","1/3 arc-second",1,0.97,"treat_none",0
"1-3arc-Iteration1-PA1:1DO:0-Seed1061","1/3 arc-second",1,0.98,"treat_none",0
"1-3arc-Iteration1-PA1:1DO:0-Seed1061","1/3 arc-second",1,0.99,"treat_none",0
"1arc-Iteration0-PA1:1DO:0-Seed1054","1 arc-second",0,0.01,"model",0.407871821664925
"1arc-Iteration0-PA1:1DO:0-Seed1054","1 arc-second",0,0.02,"model",0.4018296973962
"1arc-Iteration0-PA1:1DO:0-Seed1054","1 arc-second",0,0.03,"model",0.395662993245645
"1arc-Iteration0-PA1:1DO:0-Seed1054","1 arc-second",0,0.04,"model",0.389367816091954
"1arc-Iteration0-PA1:1DO:0-Seed1054","1 arc-second",0,0.05,"model",0.382940108892922
"1arc-Iteration0-PA1:1DO:0-Seed1054","1 arc-second",0,0.06,"model",0.376375641966251
"1arc-Iteration0-PA1:1DO:0-Seed1054","1 arc-second",0,0.07,"model",0.369670003707823
"1arc-Iteration0-PA1:1DO:0-Seed1054","1 arc-second",0,0.08,"model",0.362818590704648
"1arc-Iteration0-PA1:1DO:0-Seed1054","1 arc-second",0,0.09,"model",0.355816597195908
"1arc-Iteration0-PA1:1DO:0-Seed1054","1 arc-second",0,0.1,"model",0.348659003831418
"1arc-Iteration0-PA1:1DO:0-Seed1054","1 arc-second",0,0.11,"model",0.34134056567222
"1arc-Iteration0-PA1:1DO:0-Seed1054","1 arc-second",0,0.12,"model",0.333855799373041
"1arc-Iteration0-PA1:1DO:0-Seed1054","1 arc-second",0,0.13,"model",0.326198969480777
"1arc-Iteration0-PA1:1DO:0-Seed1054","1 arc-second",0,0.14,"model",0.318364073777065
"1arc-Iteration0-PA1:1DO:0-Seed1054","1 arc-second",0,0.15,"model",0.310344827586207
"1arc-Iteration0-PA1:1DO:0-Seed1054","1 arc-second",0,0.16,"model",0.302134646962233
"1arc-Iteration0-PA1:1DO:0-Seed1054","1 arc-second",0,0.17,"model",0.293726630660573
"1arc-Iteration0-PA1:1DO:0-Seed1054","1 arc-second",0,0.18,"model",0.28511354079058
"1arc-Iteration0-PA1:1DO:0-Seed1054","1 arc-second",0,0.19,"model",0.276287782034908
"1arc-Iteration0-PA1:1DO:0-Seed1054","1 arc-second",0,0.2,"model",0.267241379310345
"1arc-Iteration0-PA1:1DO:0-Seed1054","1 arc-second",0,0.21,"model",0.257965953731995
"1arc-Iteration0-PA1:1DO:0-Seed1054","1 arc-second",0,0.22,"model",0.248452696728559
"1arc-Iteration0-PA1:1DO:0-Seed1054","1 arc-second",0,0.23,"model",0.238692342140618
"1arc-Iteration0-PA1:1DO:0-Seed1054","1 arc-second",0,0.24,"model",0.228675136116152
"1arc-Iteration0-PA1:1DO:0-Seed1054","1 arc-second",0,0.25,"model",0.218390804597701
"1arc-Iteration0-PA1:1DO:0-Seed1054","1 arc-second",0,0.26,"model",0.207828518173346
"1arc-Iteration0-PA1:1DO:0-Seed1054","1 arc-second",0,0.27,"model",0.196976854038734
"1arc-Iteration0-PA1:1DO:0-Seed1054","1 arc-second",0,0.28,"model",0.185823754789272
"1arc-Iteration0-PA1:1DO:0-Seed1054","1 arc-second",0,0.29,"model",0.174356483729966
"1arc-Iteration0-PA1:1DO:0-Seed1054","1 arc-second",0,0.3,"model",0.16256157635468
"1arc-Iteration0-PA1:1DO:0-Seed1054","1 arc-second",0,0.31,"model",0.150424787606197
"1arc-Iteration0-PA1:1DO:0-Seed1054","1 arc-second",0,0.32,"model",0.137931034482759
"1arc-Iteration0-PA1:1DO:0-Seed1054","1 arc-second",0,0.33,"model",0.125064333504889
"1arc-Iteration0-PA1:1DO:0-Seed1054","1 arc-second",0,0.34,"model",0.111807732497388
"1arc-Iteration0-PA1:1DO:0-Seed1054","1 arc-second",0,0.35,"model",0.0981432360742705
"1arc-Iteration0-PA1:1DO:0-Seed1054","1 arc-second",0,0.36,"model",0.084051724137931
"1arc-Iteration0-PA1:1DO:0-Seed1054","1 arc-second",0,0.37,"model",0.0695128626163109
"1arc-Iteration0-PA1:1DO:0-Seed1054","1 arc-second",0,0.38,"model",0.0545050055617353
"1arc-Iteration0-PA1:1DO:0-Seed1054","1 arc-second",0,0.39,"model",0.0390050876201244
"1arc-Iteration0-PA1:1DO:0-Seed1054","1 arc-second",0,0.4,"model",0.0229885057471264
"1arc-Iteration0-PA1:1DO:0-Seed1054","1 arc-second",0,0.41,"model",0.00642898889538285
"1arc-Iteration0-PA1:1DO:0-Seed1054","1 arc-second",0,0.42,"model",-0.0107015457788348
"1arc-Iteration0-PA1:1DO:0-Seed1054","1 arc-second",0,0.43,"model",-0.02843315184513
"1arc-Iteration0-PA1:1DO:0-Seed1054","1 arc-second",0,0.44,"model",-0.0467980295566502
"1arc-Iteration0-PA1:1DO:0-Seed1054","1 arc-second",0,0.45,"model",-0.0658307210031348
"1arc-Iteration0-PA1:1DO:0-Seed1054","1 arc-second",0,0.46,"model",-0.0855683269476373
"1arc-Iteration0-PA1:1DO:0-Seed1054","1 arc-second",0,0.47,"model",-0.1060507482108
"1arc-Iteration0-PA1:1DO:0-Seed1054","1 arc-second",0,0.48,"model",-0.127320954907162
"1arc-Iteration0-PA1:1DO:0-Seed1054","1 arc-second",0,0.49,"model",-0.149425287356322
"1arc-Iteration0-PA1:1DO:0-Seed1054","1 arc-second",0,0.5,"model",-0.172413793103448
"1arc-Iteration0-PA1:1DO:0-Seed1054","1 arc-second",0,0.51,"model",-0.1963406052076
"1arc-Iteration0-PA1:1DO:0-Seed1054","1 arc-second",0,0.52,"model",-0.221264367816092
"1arc-Iteration0-PA1:1DO:0-Seed1054","1 arc-second",0,0.53,"model",-0.247248716067498
"1arc-Iteration0-PA1:1DO:0-Seed1054","1 arc-second",0,0.54,"model",-0.274362818590705
"1arc-Iteration0-PA1:1DO:0-Seed1054","1 arc-second",0,0.55,"model",-0.302681992337165
"1arc-Iteration0-PA1:1DO:0-Seed1054","1 arc-second",0,0.56,"model",-0.332288401253919
"1arc-Iteration0-PA1:1DO:0-Seed1054","1 arc-second",0,0.57,"model",-0.36327185244587
"1arc-Iteration0-PA1:1DO:0-Seed1054","1 arc-second",0,0.58,"model",-0.395730706075534
"1arc-Iteration0-PA1:1DO:0-Seed1054","1 arc-second",0,0.59,"model",-0.429772918418839
"1arc-Iteration0-PA1:1DO:0-Seed1054","1 arc-second",0,0.6,"model",-0.46551724137931
"1arc-Iteration0-PA1:1DO:0-Seed1054","1 arc-second",0,0.61,"model",-0.503094606542882
"1arc-Iteration0-PA1:1DO:0-Seed1054","1 arc-second",0,0.62,"model",-0.542649727767695
"1arc-Iteration0-PA1:1DO:0-Seed1054","1 arc-second",0,0.63,"model",-0.584342963653308
"1arc-Iteration0-PA1:1DO:0-Seed1054","1 arc-second",0,0.64,"model",-0.628352490421456
"1arc-Iteration0-PA1:1DO:0-Seed1054","1 arc-second",0,0.65,"model",-0.674876847290641
"1arc-Iteration0-PA1:1DO:0-Seed1054","1 arc-second",0,0.66,"model",-0.724137931034483
"1arc-Iteration0-PA1:1DO:0-Seed1054","1 arc-second",0,0.67,"model",-0.776384535005225
"1arc-Iteration0-PA1:1DO:0-Seed1054","1 arc-second",0,0.68,"model",-0.831896551724138
"1arc-Iteration0-PA1:1DO:0-Seed1054","1 arc-second",0,0.69,"model",-0.89098998887653
"1arc-Iteration0-PA1:1DO:0-Seed1054","1 arc-second",0,0.7,"model",-0.954022988505747
"1arc-Iteration0-PA1:1DO:0-Seed1054","1 arc-second",0,0.71,"model",-1.02140309155767
"1arc-Iteration0-PA1:1DO:0-Seed1054","1 arc-second",0,0.72,"model",-1.0935960591133
"1arc-Iteration0-PA1:1DO:0-Seed1054","1 arc-second",0,0.73,"model",-1.17113665389527
"1arc-Iteration0-PA1:1DO:0-Seed1054","1 arc-second",0,0.74,"model",-1.25464190981432
"1arc-Iteration0-PA1:1DO:0-Seed1054","1 arc-second",0,0.75,"model",-1.3448275862069
"1arc-Iteration0-PA1:1DO:0-Seed1054","1 arc-second",0,0.76,"model",-1.44252873563218
"1arc-Iteration0-PA1:1DO:0-Seed1054","1 arc-second",0,0.77,"model",-1.54872563718141
"1arc-Iteration0-PA1:1DO:0-Seed1054","1 arc-second",0,0.78,"model",-1.66457680250784
"1arc-Iteration0-PA1:1DO:0-Seed1054","1 arc-second",0,0.79,"model",-1.79146141215107
"1arc-Iteration0-PA1:1DO:0-Seed1054","1 arc-second",0,0.8,"model",-1.93103448275862
"1arc-Iteration0-PA1:1DO:0-Seed1054","1 arc-second",0,0.81,"model",-2.08529945553539
"1arc-Iteration0-PA1:1DO:0-Seed1054","1 arc-second",0,0.82,"model",-2.25670498084291
"1arc-Iteration0-PA1:1DO:0-Seed1054","1 arc-second",0,0.83,"model",-2.44827586206897
"1arc-Iteration0-PA1:1DO:0-Seed1054","1 arc-second",0,0.84,"model",-2.66379310344828
"1arc-Iteration0-PA1:1DO:0-Seed1054","1 arc-second",0,0.85,"model",-2.90804597701149
"1arc-Iteration0-PA1:1DO:0-Seed1054","1 arc-second",0,0.86,"model",-3.1871921182266
"1arc-Iteration0-PA1:1DO:0-Seed1054","1 arc-second",0,0.87,"model",-3.50928381962865
"1arc-Iteration0-PA1:1DO:0-Seed1054","1 arc-second",0,0.88,"model",-3.88505747126437
"1arc-Iteration0-PA1:1DO:0-Seed1054","1 arc-second",0,0.89,"model",-4.32915360501567
"1arc-Iteration0-PA1:1DO:0-Seed1054","1 arc-second",0,0.9,"model",-4.86206896551724
"1arc-Iteration0-PA1:1DO:0-Seed1054","1 arc-second",0,0.91,"model",-5.51340996168583
"1arc-Iteration0-PA1:1DO:0-Seed1054","1 arc-second",0,0.92,"model",-6.32758620689656
"1arc-Iteration0-PA1:1DO:0-Seed1054","1 arc-second",0,0.93,"model",-7.37438423645321
"1arc-Iteration0-PA1:1DO:0-Seed1054","1 arc-second",0,0.94,"model",-8.80459770114943
"1arc-Iteration0-PA1:1DO:0-Seed1054","1 arc-second",0,0.95,"model",-10.1034482758621
"1arc-Iteration0-PA1:1DO:0-Seed1054","1 arc-second",0,0.96,"model",-12.448275862069
"1arc-Iteration0-PA1:1DO:0-Seed1054","1 arc-second",0,0.97,"model",-16.9022988505747
"1arc-Iteration0-PA1:1DO:0-Seed1054","1 arc-second",0,0.98,"model",-25.8275862068965
"1arc-Iteration0-PA1:1DO:0-Seed1054","1 arc-second",0,0.99,"model",-44.1551724137931
"1arc-Iteration0-PA1:1DO:0-Seed1054","1 arc-second",0,0.01,"treat_all",0.407871821664925
"1arc-Iteration0-PA1:1DO:0-Seed1054","1 arc-second",0,0.02,"treat_all",0.4018296973962
"1arc-Iteration0-PA1:1DO:0-Seed1054","1 arc-second",0,0.03,"treat_all",0.395662993245645
"1arc-Iteration0-PA1:1DO:0-Seed1054","1 arc-second",0,0.04,"treat_all",0.389367816091954
"1arc-Iteration0-PA1:1DO:0-Seed1054","1 arc-second",0,0.05,"treat_all",0.382940108892922
"1arc-Iteration0-PA1:1DO:0-Seed1054","1 arc-second",0,0.06,"treat_all",0.376375641966251
"1arc-Iteration0-PA1:1DO:0-Seed1054","1 arc-second",0,0.07,"treat_all",0.369670003707823
"1arc-Iteration0-PA1:1DO:0-Seed1054","1 arc-second",0,0.08,"treat_all",0.362818590704648
"1arc-Iteration0-PA1:1DO:0-Seed1054","1 arc-second",0,0.09,"treat_all",0.355816597195908
"1arc-Iteration0-PA1:1DO:0-Seed1054","1 arc-second",0,0.1,"treat_all",0.348659003831418
"1arc-Iteration0-PA1:1DO:0-Seed1054","1 arc-second",0,0.11,"treat_all",0.34134056567222
"1arc-Iteration0-PA1:1DO:0-Seed1054","1 arc-second",0,0.12,"treat_all",0.333855799373041
"1arc-Iteration0-PA1:1DO:0-Seed1054","1 arc-second",0,0.13,"treat_all",0.326198969480777
"1arc-Iteration0-PA1:1DO:0-Seed1054","1 arc-second",0,0.14,"treat_all",0.318364073777065
"1arc-Iteration0-PA1:1DO:0-Seed1054","1 arc-second",0,0.15,"treat_all",0.310344827586207
"1arc-Iteration0-PA1:1DO:0-Seed1054","1 arc-second",0,0.16,"treat_all",0.302134646962233
"1arc-Iteration0-PA1:1DO:0-Seed1054","1 arc-second",0,0.17,"treat_all",0.293726630660573
"1arc-Iteration0-PA1:1DO:0-Seed1054","1 arc-second",0,0.18,"treat_all",0.28511354079058
"1arc-Iteration0-PA1:1DO:0-Seed1054","1 arc-second",0,0.19,"treat_all",0.276287782034908
"1arc-Iteration0-PA1:1DO:0-Seed1054","1 arc-second",0,0.2,"treat_all",0.267241379310345
"1arc-Iteration0-PA1:1DO:0-Seed1054","1 arc-second",0,0.21,"treat_all",0.257965953731995
"1arc-Iteration0-PA1:1DO:0-Seed1054","1 arc-second",0,0.22,"treat_all",0.248452696728559
"1arc-Iteration0-PA1:1DO:0-Seed1054","1 arc-second",0,0.23,"treat_all",0.238692342140618
"1arc-Iteration0-PA1:1DO:0-Seed1054","1 arc-second",0,0.24,"treat_all",0.228675136116152
"1arc-Iteration0-PA1:1DO:0-Seed1054","1 arc-second",0,0.25,"treat_all",0.218390804597701
"1arc-Iteration0-PA1:1DO:0-Seed1054","1 arc-second",0,0.26,"treat_all",0.207828518173346
"1arc-Iteration0-PA1:1DO:0-Seed1054","1 arc-second",0,0.27,"treat_all",0.196976854038734
"1arc-Iteration0-PA1:1DO:0-Seed1054","1 arc-second",0,0.28,"treat_all",0.185823754789272
"1arc-Iteration0-PA1:1DO:0-Seed1054","1 arc-second",0,0.29,"treat_all",0.174356483729966
"1arc-Iteration0-PA1:1DO:0-Seed1054","1 arc-second",0,0.3,"treat_all",0.16256157635468
"1arc-Iteration0-PA1:1DO:0-Seed1054","1 arc-second",0,0.31,"treat_all",0.150424787606197
"1arc-Iteration0-PA1:1DO:0-Seed1054","1 arc-second",0,0.32,"treat_all",0.137931034482759
"1arc-Iteration0-PA1:1DO:0-Seed1054","1 arc-second",0,0.33,"treat_all",0.125064333504889
"1arc-Iteration0-PA1:1DO:0-Seed1054","1 arc-second",0,0.34,"treat_all",0.111807732497388
"1arc-Iteration0-PA1:1DO:0-Seed1054","1 arc-second",0,0.35,"treat_all",0.0981432360742704
"1arc-Iteration0-PA1:1DO:0-Seed1054","1 arc-second",0,0.36,"treat_all",0.0840517241379309
"1arc-Iteration0-PA1:1DO:0-Seed1054","1 arc-second",0,0.37,"treat_all",0.0695128626163108
"1arc-Iteration0-PA1:1DO:0-Seed1054","1 arc-second",0,0.38,"treat_all",0.0545050055617352
"1arc-Iteration0-PA1:1DO:0-Seed1054","1 arc-second",0,0.39,"treat_all",0.0390050876201243
"1arc-Iteration0-PA1:1DO:0-Seed1054","1 arc-second",0,0.4,"treat_all",0.0229885057471264
"1arc-Iteration0-PA1:1DO:0-Seed1054","1 arc-second",0,0.41,"treat_all",0.00642898889538274
"1arc-Iteration0-PA1:1DO:0-Seed1054","1 arc-second",0,0.42,"treat_all",-0.0107015457788349
"1arc-Iteration0-PA1:1DO:0-Seed1054","1 arc-second",0,0.43,"treat_all",-0.0284331518451301
"1arc-Iteration0-PA1:1DO:0-Seed1054","1 arc-second",0,0.44,"treat_all",-0.0467980295566503
"1arc-Iteration0-PA1:1DO:0-Seed1054","1 arc-second",0,0.45,"treat_all",-0.0658307210031348
"1arc-Iteration0-PA1:1DO:0-Seed1054","1 arc-second",0,0.46,"treat_all",-0.0855683269476373
"1arc-Iteration0-PA1:1DO:0-Seed1054","1 arc-second",0,0.47,"treat_all",-0.1060507482108
"1arc-Iteration0-PA1:1DO:0-Seed1054","1 arc-second",0,0.48,"treat_all",-0.127320954907162
"1arc-Iteration0-PA1:1DO:0-Seed1054","1 arc-second",0,0.49,"treat_all",-0.149425287356322
"1arc-Iteration0-PA1:1DO:0-Seed1054","1 arc-second",0,0.5,"treat_all",-0.172413793103448
"1arc-Iteration0-PA1:1DO:0-Seed1054","1 arc-second",0,0.51,"treat_all",-0.1963406052076
"1arc-Iteration0-PA1:1DO:0-Seed1054","1 arc-second",0,0.52,"treat_all",-0.221264367816092
"1arc-Iteration0-PA1:1DO:0-Seed1054","1 arc-second",0,0.53,"treat_all",-0.247248716067498
"1arc-Iteration0-PA1:1DO:0-Seed1054","1 arc-second",0,0.54,"treat_all",-0.274362818590705
"1arc-Iteration0-PA1:1DO:0-Seed1054","1 arc-second",0,0.55,"treat_all",-0.302681992337165
"1arc-Iteration0-PA1:1DO:0-Seed1054","1 arc-second",0,0.56,"treat_all",-0.332288401253919
"1arc-Iteration0-PA1:1DO:0-Seed1054","1 arc-second",0,0.57,"treat_all",-0.36327185244587
"1arc-Iteration0-PA1:1DO:0-Seed1054","1 arc-second",0,0.58,"treat_all",-0.395730706075534
"1arc-Iteration0-PA1:1DO:0-Seed1054","1 arc-second",0,0.59,"treat_all",-0.429772918418839
"1arc-Iteration0-PA1:1DO:0-Seed1054","1 arc-second",0,0.6,"treat_all",-0.46551724137931
"1arc-Iteration0-PA1:1DO:0-Seed1054","1 arc-second",0,0.61,"treat_all",-0.503094606542883
"1arc-Iteration0-PA1:1DO:0-Seed1054","1 arc-second",0,0.62,"treat_all",-0.542649727767695
"1arc-Iteration0-PA1:1DO:0-Seed1054","1 arc-second",0,0.63,"treat_all",-0.584342963653309
"1arc-Iteration0-PA1:1DO:0-Seed1054","1 arc-second",0,0.64,"treat_all",-0.628352490421456
"1arc-Iteration0-PA1:1DO:0-Seed1054","1 arc-second",0,0.65,"treat_all",-0.674876847290641
"1arc-Iteration0-PA1:1DO:0-Seed1054","1 arc-second",0,0.66,"treat_all",-0.724137931034483
"1arc-Iteration0-PA1:1DO:0-Seed1054","1 arc-second",0,0.67,"treat_all",-0.776384535005225
"1arc-Iteration0-PA1:1DO:0-Seed1054","1 arc-second",0,0.68,"treat_all",-0.831896551724138
"1arc-Iteration0-PA1:1DO:0-Seed1054","1 arc-second",0,0.69,"treat_all",-0.89098998887653
"1arc-Iteration0-PA1:1DO:0-Seed1054","1 arc-second",0,0.7,"treat_all",-0.954022988505748
"1arc-Iteration0-PA1:1DO:0-Seed1054","1 arc-second",0,0.71,"treat_all",-1.02140309155767
"1arc-Iteration0-PA1:1DO:0-Seed1054","1 arc-second",0,0.72,"treat_all",-1.0935960591133
"1arc-Iteration0-PA1:1DO:0-Seed1054","1 arc-second",0,0.73,"treat_all",-1.17113665389527
"1arc-Iteration0-PA1:1DO:0-Seed1054","1 arc-second",0,0.74,"treat_all",-1.25464190981432
"1arc-Iteration0-PA1:1DO:0-Seed1054","1 arc-second",0,0.75,"treat_all",-1.3448275862069
"1arc-Iteration0-PA1:1DO:0-Seed1054","1 arc-second",0,0.76,"treat_all",-1.44252873563218
"1arc-Iteration0-PA1:1DO:0-Seed1054","1 arc-second",0,0.77,"treat_all",-1.54872563718141
"1arc-Iteration0-PA1:1DO:0-Seed1054","1 arc-second",0,0.78,"treat_all",-1.66457680250784
"1arc-Iteration0-PA1:1DO:0-Seed1054","1 arc-second",0,0.79,"treat_all",-1.79146141215107
"1arc-Iteration0-PA1:1DO:0-Seed1054","1 arc-second",0,0.8,"treat_all",-1.93103448275862
"1arc-Iteration0-PA1:1DO:0-Seed1054","1 arc-second",0,0.81,"treat_all",-2.08529945553539
"1arc-Iteration0-PA1:1DO:0-Seed1054","1 arc-second",0,0.82,"treat_all",-2.25670498084291
"1arc-Iteration0-PA1:1DO:0-Seed1054","1 arc-second",0,0.83,"treat_all",-2.44827586206897
"1arc-Iteration0-PA1:1DO:0-Seed1054","1 arc-second",0,0.84,"treat_all",-2.66379310344828
"1arc-Iteration0-PA1:1DO:0-Seed1054","1 arc-second",0,0.85,"treat_all",-2.90804597701149
"1arc-Iteration0-PA1:1DO:0-Seed1054","1 arc-second",0,0.86,"treat_all",-3.1871921182266
"1arc-Iteration0-PA1:1DO:0-Seed1054","1 arc-second",0,0.87,"treat_all",-3.50928381962865
"1arc-Iteration0-PA1:1DO:0-Seed1054","1 arc-second",0,0.88,"treat_all",-3.88505747126437
"1arc-Iteration0-PA1:1DO:0-Seed1054","1 arc-second",0,0.89,"treat_all",-4.32915360501567
"1arc-Iteration0-PA1:1DO:0-Seed1054","1 arc-second",0,0.9,"treat_all",-4.86206896551724
"1arc-Iteration0-PA1:1DO:0-Seed1054","1 arc-second",0,0.91,"treat_all",-5.51340996168583
"1arc-Iteration0-PA1:1DO:0-Seed1054","1 arc-second",0,0.92,"treat_all",-6.32758620689656
"1arc-Iteration0-PA1:1DO:0-Seed1054","1 arc-second",0,0.93,"treat_all",-7.37438423645321
"1arc-Iteration0-PA1:1DO:0-Seed1054","1 arc-second",0,0.94,"treat_all",-8.77011494252875
"1arc-Iteration0-PA1:1DO:0-Seed1054","1 arc-second",0,0.95,"treat_all",-10.7241379310345
"1arc-Iteration0-PA1:1DO:0-Seed1054","1 arc-second",0,0.96,"treat_all",-13.6551724137931
"1arc-Iteration0-PA1:1DO:0-Seed1054","1 arc-second",0,0.97,"treat_all",-18.5402298850575
"1arc-Iteration0-PA1:1DO:0-Seed1054","1 arc-second",0,0.98,"treat_all",-28.3103448275862
"1arc-Iteration0-PA1:1DO:0-Seed1054","1 arc-second",0,0.99,"treat_all",-57.6206896551724
"1arc-Iteration0-PA1:1DO:0-Seed1054","1 arc-second",0,0.01,"treat_none",0
"1arc-Iteration0-PA1:1DO:0-Seed1054","1 arc-second",0,0.02,"treat_none",0
"1arc-Iteration0-PA1:1DO:0-Seed1054","1 arc-second",0,0.03,"treat_none",0
"1arc-Iteration0-PA1:1DO:0-Seed1054","1 arc-second",0,0.04,"treat_none",0
"1arc-Iteration0-PA1:1DO:0-Seed1054","1 arc-second",0,0.05,"treat_none",0
"1arc-Iteration0-PA1:1DO:0-Seed1054","1 arc-second",0,0.06,"treat_none",0
"1arc-Iteration0-PA1:1DO:0-Seed1054","1 arc-second",0,0.07,"treat_none",0
"1arc-Iteration0-PA1:1DO:0-Seed1054","1 arc-second",0,0.08,"treat_none",0
"1arc-Iteration0-PA1:1DO:0-Seed1054","1 arc-second",0,0.09,"treat_none",0
"1arc-Iteration0-PA1:1DO:0-Seed1054","1 arc-second",0,0.1,"treat_none",0
"1arc-Iteration0-PA1:1DO:0-Seed1054","1 arc-second",0,0.11,"treat_none",0
"1arc-Iteration0-PA1:1DO:0-Seed1054","1 arc-second",0,0.12,"treat_none",0
"1arc-Iteration0-PA1:1DO:0-Seed1054","1 arc-second",0,0.13,"treat_none",0
"1arc-Iteration0-PA1:1DO:0-Seed1054","1 arc-second",0,0.14,"treat_none",0
"1arc-Iteration0-PA1:1DO:0-Seed1054","1 arc-second",0,0.15,"treat_none",0
"1arc-Iteration0-PA1:1DO:0-Seed1054","1 arc-second",0,0.16,"treat_none",0
"1arc-Iteration0-PA1:1DO:0-Seed1054","1 arc-second",0,0.17,"treat_none",0
"1arc-Iteration0-PA1:1DO:0-Seed1054","1 arc-second",0,0.18,"treat_none",0
"1arc-Iteration0-PA1:1DO:0-Seed1054","1 arc-second",0,0.19,"treat_none",0
"1arc-Iteration0-PA1:1DO:0-Seed1054","1 arc-second",0,0.2,"treat_none",0
"1arc-Iteration0-PA1:1DO:0-Seed1054","1 arc-second",0,0.21,"treat_none",0
"1arc-Iteration0-PA1:1DO:0-Seed1054","1 arc-second",0,0.22,"treat_none",0
"1arc-Iteration0-PA1:1DO:0-Seed1054","1 arc-second",0,0.23,"treat_none",0
"1arc-Iteration0-PA1:1DO:0-Seed1054","1 arc-second",0,0.24,"treat_none",0
"1arc-Iteration0-PA1:1DO:0-Seed1054","1 arc-second",0,0.25,"treat_none",0
"1arc-Iteration0-PA1:1DO:0-Seed1054","1 arc-second",0,0.26,"treat_none",0
"1arc-Iteration0-PA1:1DO:0-Seed1054","1 arc-second",0,0.27,"treat_none",0
"1arc-Iteration0-PA1:1DO:0-Seed1054","1 arc-second",0,0.28,"treat_none",0
"1arc-Iteration0-PA1:1DO:0-Seed1054","1 arc-second",0,0.29,"treat_none",0
"1arc-Iteration0-PA1:1DO:0-Seed1054","1 arc-second",0,0.3,"treat_none",0
"1arc-Iteration0-PA1:1DO:0-Seed1054","1 arc-second",0,0.31,"treat_none",0
"1arc-Iteration0-PA1:1DO:0-Seed1054","1 arc-second",0,0.32,"treat_none",0
"1arc-Iteration0-PA1:1DO:0-Seed1054","1 arc-second",0,0.33,"treat_none",0
"1arc-Iteration0-PA1:1DO:0-Seed1054","1 arc-second",0,0.34,"treat_none",0
"1arc-Iteration0-PA1:1DO:0-Seed1054","1 arc-second",0,0.35,"treat_none",0
"1arc-Iteration0-PA1:1DO:0-Seed1054","1 arc-second",0,0.36,"treat_none",0
"1arc-Iteration0-PA1:1DO:0-Seed1054","1 arc-second",0,0.37,"treat_none",0
"1arc-Iteration0-PA1:1DO:0-Seed1054","1 arc-second",0,0.38,"treat_none",0
"1arc-Iteration0-PA1:1DO:0-Seed1054","1 arc-second",0,0.39,"treat_none",0
"1arc-Iteration0-PA1:1DO:0-Seed1054","1 arc-second",0,0.4,"treat_none",0
"1arc-Iteration0-PA1:1DO:0-Seed1054","1 arc-second",0,0.41,"treat_none",0
"1arc-Iteration0-PA1:1DO:0-Seed1054","1 arc-second",0,0.42,"treat_none",0
"1arc-Iteration0-PA1:1DO:0-Seed1054","1 arc-second",0,0.43,"treat_none",0
"1arc-Iteration0-PA1:1DO:0-Seed1054","1 arc-second",0,0.44,"treat_none",0
"1arc-Iteration0-PA1:1DO:0-Seed1054","1 arc-second",0,0.45,"treat_none",0
"1arc-Iteration0-PA1:1DO:0-Seed1054","1 arc-second",0,0.46,"treat_none",0
"1arc-Iteration0-PA1:1DO:0-Seed1054","1 arc-second",0,0.47,"treat_none",0
"1arc-Iteration0-PA1:1DO:0-Seed1054","1 arc-second",0,0.48,"treat_none",0
"1arc-Iteration0-PA1:1DO:0-Seed1054","1 arc-second",0,0.49,"treat_none",0
"1arc-Iteration0-PA1:1DO:0-Seed1054","1 arc-second",0,0.5,"treat_none",0
"1arc-Iteration0-PA1:1DO:0-Seed1054","1 arc-second",0,0.51,"treat_none",0
"1arc-Iteration0-PA1:1DO:0-Seed1054","1 arc-second",0,0.52,"treat_none",0
"1arc-Iteration0-PA1:1DO:0-Seed1054","1 arc-second",0,0.53,"treat_none",0
"1arc-Iteration0-PA1:1DO:0-Seed1054","1 arc-second",0,0.54,"treat_none",0
"1arc-Iteration0-PA1:1DO:0-Seed1054","1 arc-second",0,0.55,"treat_none",0
"1arc-Iteration0-PA1:1DO:0-Seed1054","1 arc-second",0,0.56,"treat_none",0
"1arc-Iteration0-PA1:1DO:0-Seed1054","1 arc-second",0,0.57,"treat_none",0
"1arc-Iteration0-PA1:1DO:0-Seed1054","1 arc-second",0,0.58,"treat_none",0
"1arc-Iteration0-PA1:1DO:0-Seed1054","1 arc-second",0,0.59,"treat_none",0
"1arc-Iteration0-PA1:1DO:0-Seed1054","1 arc-second",0,0.6,"treat_none",0
"1arc-Iteration0-PA1:1DO:0-Seed1054","1 arc-second",0,0.61,"treat_none",0
"1arc-Iteration0-PA1:1DO:0-Seed1054","1 arc-second",0,0.62,"treat_none",0
"1arc-Iteration0-PA1:1DO:0-Seed1054","1 arc-second",0,0.63,"treat_none",0
"1arc-Iteration0-PA1:1DO:0-Seed1054","1 arc-second",0,0.64,"treat_none",0
"1arc-Iteration0-PA1:1DO:0-Seed1054","1 arc-second",0,0.65,"treat_none",0
"1arc-Iteration0-PA1:1DO:0-Seed1054","1 arc-second",0,0.66,"treat_none",0
"1arc-Iteration0-PA1:1DO:0-Seed1054","1 arc-second",0,0.67,"treat_none",0
"1arc-Iteration0-PA1:1DO:0-Seed1054","1 arc-second",0,0.68,"treat_none",0
"1arc-Iteration0-PA1:1DO:0-Seed1054","1 arc-second",0,0.69,"treat_none",0
"1arc-Iteration0-PA1:1DO:0-Seed1054","1 arc-second",0,0.7,"treat_none",0
"1arc-Iteration0-PA1:1DO:0-Seed1054","1 arc-second",0,0.71,"treat_none",0
"1arc-Iteration0-PA1:1DO:0-Seed1054","1 arc-second",0,0.72,"treat_none",0
"1arc-Iteration0-PA1:1DO:0-Seed1054","1 arc-second",0,0.73,"treat_none",0
"1arc-Iteration0-PA1:1DO:0-Seed1054","1 arc-second",0,0.74,"treat_none",0
"1arc-Iteration0-PA1:1DO:0-Seed1054","1 arc-second",0,0.75,"treat_none",0
"1arc-Iteration0-PA1:1DO:0-Seed1054","1 arc-second",0,0.76,"treat_none",0
"1arc-Iteration0-PA1:1DO:0-Seed1054","1 arc-second",0,0.77,"treat_none",0
"1arc-Iteration0-PA1:1DO:0-Seed1054","1 arc-second",0,0.78,"treat_none",0
"1arc-Iteration0-PA1:1DO:0-Seed1054","1 arc-second",0,0.79,"treat_none",0
"1arc-Iteration0-PA1:1DO:0-Seed1054","1 arc-second",0,0.8,"treat_none",0
"1arc-Iteration0-PA1:1DO:0-Seed1054","1 arc-second",0,0.81,"treat_none",0
"1arc-Iteration0-PA1:1DO:0-Seed1054","1 arc-second",0,0.82,"treat_none",0
"1arc-Iteration0-PA1:1DO:0-Seed1054","1 arc-second",0,0.83,"treat_none",0
"1arc-Iteration0-PA1:1DO:0-Seed1054","1 arc-second",0,0.84,"treat_none",0
"1arc-Iteration0-PA1:1DO:0-Seed1054","1 arc-second",0,0.85,"treat_none",0
"1arc-Iteration0-PA1:1DO:0-Seed1054","1 arc-second",0,0.86,"treat_none",0
"1arc-Iteration0-PA1:1DO:0-Seed1054","1 arc-second",0,0.87,"treat_none",0
"1arc-Iteration0-PA1:1DO:0-Seed1054","1 arc-second",0,0.88,"treat_none",0
"1arc-Iteration0-PA1:1DO:0-Seed1054","1 arc-second",0,0.89,"treat_none",0
"1arc-Iteration0-PA1:1DO:0-Seed1054","1 arc-second",0,0.9,"treat_none",0
"1arc-Iteration0-PA1:1DO:0-Seed1054","1 arc-second",0,0.91,"treat_none",0
"1arc-Iteration0-PA1:1DO:0-Seed1054","1 arc-second",0,0.92,"treat_none",0
"1arc-Iteration0-PA1:1DO:0-Seed1054","1 arc-second",0,0.93,"treat_none",0
"1arc-Iteration0-PA1:1DO:0-Seed1054","1 arc-second",0,0.94,"treat_none",0
"1arc-Iteration0-PA1:1DO:0-Seed1054","1 arc-second",0,0.95,"treat_none",0
"1arc-Iteration0-PA1:1DO:0-Seed1054","1 arc-second",0,0.96,"treat_none",0
"1arc-Iteration0-PA1:1DO:0-Seed1054","1 arc-second",0,0.97,"treat_none",0
"1arc-Iteration0-PA1:1DO:0-Seed1054","1 arc-second",0,0.98,"treat_none",0
"1arc-Iteration0-PA1:1DO:0-Seed1054","1 arc-second",0,0.99,"treat_none",0
"1arc-Iteration1-PA1:1DO:0-Seed1059","1 arc-second",1,0.01,"model",0.407871821664925
"1arc-Iteration1-PA1:1DO:0-Seed1059","1 arc-second",1,0.02,"model",0.4018296973962
"1arc-Iteration1-PA1:1DO:0-Seed1059","1 arc-second",1,0.03,"model",0.395662993245645
"1arc-Iteration1-PA1:1DO:0-Seed1059","1 arc-second",1,0.04,"model",0.389367816091954
"1arc-Iteration1-PA1:1DO:0-Seed1059","1 arc-second",1,0.05,"model",0.382940108892922
"1arc-Iteration1-PA1:1DO:0-Seed1059","1 arc-second",1,0.06,"model",0.376375641966251
"1arc-Iteration1-PA1:1DO:0-Seed1059","1 arc-second",1,0.07,"model",0.369670003707823
"1arc-Iteration1-PA1:1DO:0-Seed1059","1 arc-second",1,0.08,"model",0.362818590704648
"1arc-Iteration1-PA1:1DO:0-Seed1059","1 arc-second",1,0.09,"model",0.355816597195908
"1arc-Iteration1-PA1:1DO:0-Seed1059","1 arc-second",1,0.1,"model",0.348659003831418
"1arc-Iteration1-PA1:1DO:0-Seed1059","1 arc-second",1,0.11,"model",0.34134056567222
"1arc-Iteration1-PA1:1DO:0-Seed1059","1 arc-second",1,0.12,"model",0.333855799373041
"1arc-Iteration1-PA1:1DO:0-Seed1059","1 arc-second",1,0.13,"model",0.326198969480777
"1arc-Iteration1-PA1:1DO:0-Seed1059","1 arc-second",1,0.14,"model",0.318364073777065
"1arc-Iteration1-PA1:1DO:0-Seed1059","1 arc-second",1,0.15,"model",0.310344827586207
"1arc-Iteration1-PA1:1DO:0-Seed1059","1 arc-second",1,0.16,"model",0.302134646962233
"1arc-Iteration1-PA1:1DO:0-Seed1059","1 arc-second",1,0.17,"model",0.293726630660573
"1arc-Iteration1-PA1:1DO:0-Seed1059","1 arc-second",1,0.18,"model",0.28511354079058
"1arc-Iteration1-PA1:1DO:0-Seed1059","1 arc-second",1,0.19,"model",0.280332056194125
"1arc-Iteration1-PA1:1DO:0-Seed1059","1 arc-second",1,0.2,"model",0.254310344827586
"1arc-Iteration1-PA1:1DO:0-Seed1059","1 arc-second",1,0.21,"model",0.245307725883893
"1arc-Iteration1-PA1:1DO:0-Seed1059","1 arc-second",1,0.22,"model",0.240937223695844
"1arc-Iteration1-PA1:1DO:0-Seed1059","1 arc-second",1,0.23,"model",0.231751007613077
"1arc-Iteration1-PA1:1DO:0-Seed1059","1 arc-second",1,0.24,"model",0.227767695099819
"1arc-Iteration1-PA1:1DO:0-Seed1059","1 arc-second",1,0.25,"model",0.189655172413793
"1arc-Iteration1-PA1:1DO:0-Seed1059","1 arc-second",1,0.26,"model",0.145852749301025
"1arc-Iteration1-PA1:1DO:0-Seed1059","1 arc-second",1,0.27,"model",0.136277751535191
"1arc-Iteration1-PA1:1DO:0-Seed1059","1 arc-second",1,0.28,"model",0.126436781609195
"1arc-Iteration1-PA1:1DO:0-Seed1059","1 arc-second",1,0.29,"model",0.0716367168528411
"1arc-Iteration1-PA1:1DO:0-Seed1059","1 arc-second",1,0.3,"model",0.0615763546798029
"1arc-Iteration1-PA1:1DO:0-Seed1059","1 arc-second",1,0.31,"model",0.0512243878060969
"1arc-Iteration1-PA1:1DO:0-Seed1059","1 arc-second",1,0.32,"model",0.0486815415821501
"1arc-Iteration1-PA1:1DO:0-Seed1059","1 arc-second",1,0.33,"model",0.038085434894493
"1arc-Iteration1-PA1:1DO:0-Seed1059","1 arc-second",1,0.34,"model",0.0360501567398119
"1arc-Iteration1-PA1:1DO:0-Seed1059","1 arc-second",1,0.35,"model",0.0251989389920424
"1arc-Iteration1-PA1:1DO:0-Seed1059","1 arc-second",1,0.36,"model",0.0140086206896551
"1arc-Iteration1-PA1:1DO:0-Seed1059","1 arc-second",1,0.37,"model",0.0125889436234264
"1arc-Iteration1-PA1:1DO:0-Seed1059","1 arc-second",1,0.38,"model",0.0011123470522803
"1arc-Iteration1-PA1:1DO:0-Seed1059","1 arc-second",1,0.39,"model",-0.0107405313736574
"1arc-Iteration1-PA1:1DO:0-Seed1059","1 arc-second",1,0.4,"model",-0.0229885057471265
"1arc-Iteration1-PA1:1DO:0-Seed1059","1 arc-second",1,0.41,"model",-0.0356516656925774
"1arc-Iteration1-PA1:1DO:0-Seed1059","1 arc-second",1,0.42,"model",-0.0487514863258027
"1arc-Iteration1-PA1:1DO:0-Seed1059","1 arc-second",1,0.43,"model",-0.0623109497882637
"1arc-Iteration1-PA1:1DO:0-Seed1059","1 arc-second",1,0.44,"model",-0.0763546798029557
"1arc-Iteration1-PA1:1DO:0-Seed1059","1 arc-second",1,0.45,"model",-0.0909090909090909
"1arc-Iteration1-PA1:1DO:0-Seed1059","1 arc-second",1,0.46,"model",-0.106002554278416
"1arc-Iteration1-PA1:1DO:0-Seed1059","1 arc-second",1,0.47,"model",-0.106376057254392
"1arc-Iteration1-PA1:1DO:0-Seed1059","1 arc-second",1,0.48,"model",-0.106100795755968
"1arc-Iteration1-PA1:1DO:0-Seed1059","1 arc-second",1,0.49,"model",-0.121703853955375
"1arc-Iteration1-PA1:1DO:0-Seed1059","1 arc-second",1,0.5,"model",-0.137931034482759
"1arc-Iteration1-PA1:1DO:0-Seed1059","1 arc-second",1,0.51,"model",-0.136875439831105
"1arc-Iteration1-PA1:1DO:0-Seed1059","1 arc-second",1,0.52,"model",-0.153735632183908
"1arc-Iteration1-PA1:1DO:0-Seed1059","1 arc-second",1,0.53,"model",-0.171313279530448
"1arc-Iteration1-PA1:1DO:0-Seed1059","1 arc-second",1,0.54,"model",-0.189655172413793
"1arc-Iteration1-PA1:1DO:0-Seed1059","1 arc-second",1,0.55,"model",-0.208812260536399
"1arc-Iteration1-PA1:1DO:0-Seed1059","1 arc-second",1,0.56,"model",-0.206896551724138
"1arc-Iteration1-PA1:1DO:0-Seed1059","1 arc-second",1,0.57,"model",-0.204089815557338
"1arc-Iteration1-PA1:1DO:0-Seed1059","1 arc-second",1,0.58,"model",-0.224137931034483
"1arc-Iteration1-PA1:1DO:0-Seed1059","1 arc-second",1,0.59,"model",-0.245164003364171
"1arc-Iteration1-PA1:1DO:0-Seed1059","1 arc-second",1,0.6,"model",-0.267241379310345
"1arc-Iteration1-PA1:1DO:0-Seed1059","1 arc-second",1,0.61,"model",-0.307692307692308
"1arc-Iteration1-PA1:1DO:0-Seed1059","1 arc-second",1,0.62,"model",-0.349364791288566
"1arc-Iteration1-PA1:1DO:0-Seed1059","1 arc-second",1,0.63,"model",-0.375116495806151
"1arc-Iteration1-PA1:1DO:0-Seed1059","1 arc-second",1,0.64,"model",-0.402298850574713
"1arc-Iteration1-PA1:1DO:0-Seed1059","1 arc-second",1,0.65,"model",-0.431034482758621
"1arc-Iteration1-PA1:1DO:0-Seed1059","1 arc-second",1,0.66,"model",-0.427991886409736
"1arc-Iteration1-PA1:1DO:0-Seed1059","1 arc-second",1,0.67,"model",-0.458725182863114
"1arc-Iteration1-PA1:1DO:0-Seed1059","1 arc-second",1,0.68,"model",-0.418103448275862
"1arc-Iteration1-PA1:1DO:0-Seed1059","1 arc-second",1,0.69,"model",-0.449388209121246
"1arc-Iteration1-PA1:1DO:0-Seed1059","1 arc-second",1,0.7,"model",-0.482758620689655
"1arc-Iteration1-PA1:1DO:0-Seed1059","1 arc-second",1,0.71,"model",-0.434007134363853
"1arc-Iteration1-PA1:1DO:0-Seed1059","1 arc-second",1,0.72,"model",-0.485221674876847
"1arc-Iteration1-PA1:1DO:0-Seed1059","1 arc-second",1,0.73,"model",-0.475095785440613
"1arc-Iteration1-PA1:1DO:0-Seed1059","1 arc-second",1,0.74,"model",-0.511936339522546
"1arc-Iteration1-PA1:1DO:0-Seed1059","1 arc-second",1,0.75,"model",-0.551724137931035
"1arc-Iteration1-PA1:1DO:0-Seed1059","1 arc-second",1,0.76,"model",-0.594827586206897
"1arc-Iteration1-PA1:1DO:0-Seed1059","1 arc-second",1,0.77,"model",-0.64167916041979
"1arc-Iteration1-PA1:1DO:0-Seed1059","1 arc-second",1,0.78,"model",-0.692789968652038
"1arc-Iteration1-PA1:1DO:0-Seed1059","1 arc-second",1,0.79,"model",-0.748768472906404
"1arc-Iteration1-PA1:1DO:0-Seed1059","1 arc-second",1,0.8,"model",-0.810344827586207
"1arc-Iteration1-PA1:1DO:0-Seed1059","1 arc-second",1,0.81,"model",-0.822141560798548
"1arc-Iteration1-PA1:1DO:0-Seed1059","1 arc-second",1,0.82,"model",-0.752873563218391
"1arc-Iteration1-PA1:1DO:0-Seed1059","1 arc-second",1,0.83,"model",-0.820486815415822
"1arc-Iteration1-PA1:1DO:0-Seed1059","1 arc-second",1,0.84,"model",-0.806034482758621
"1arc-Iteration1-PA1:1DO:0-Seed1059","1 arc-second",1,0.85,"model",-0.885057471264368
"1arc-Iteration1-PA1:1DO:0-Seed1059","1 arc-second",1,0.86,"model",-0.869458128078818
"1arc-Iteration1-PA1:1DO:0-Seed1059","1 arc-second",1,0.87,"model",-0.964190981432361
"1arc-Iteration1-PA1:1DO:0-Seed1059","1 arc-second",1,0.88,"model",-1.09195402298851
"1arc-Iteration1-PA1:1DO:0-Seed1059","1 arc-second",1,0.89,"model",-1.22257053291536
"1arc-Iteration1-PA1:1DO:0-Seed1059","1 arc-second",1,0.9,"model",-1.22413793103448
"1arc-Iteration1-PA1:1DO:0-Seed1059","1 arc-second",1,0.91,"model",-1.22222222222222
"1arc-Iteration1-PA1:1DO:0-Seed1059","1 arc-second",1,0.92,"model",-1.43103448275862
"1arc-Iteration1-PA1:1DO:0-Seed1059","1 arc-second",1,0.93,"model",-1.46551724137931
"1arc-Iteration1-PA1:1DO:0-Seed1059","1 arc-second",1,0.94,"model",-1.48275862068966
"1arc-Iteration1-PA1:1DO:0-Seed1059","1 arc-second",1,0.95,"model",-1.82758620689655
"1arc-Iteration1-PA1:1DO:0-Seed1059","1 arc-second",1,0.96,"model",-1.12068965517242
"1arc-Iteration1-PA1:1DO:0-Seed1059","1 arc-second",1,0.97,"model",-1.55172413793103
"1arc-Iteration1-PA1:1DO:0-Seed1059","1 arc-second",1,0.98,"model",-0.724137931034482
"1arc-Iteration1-PA1:1DO:0-Seed1059","1 arc-second",1,0.99,"model",0.0689655172413793
"1arc-Iteration1-PA1:1DO:0-Seed1059","1 arc-second",1,0.01,"treat_all",0.407871821664925
"1arc-Iteration1-PA1:1DO:0-Seed1059","1 arc-second",1,0.02,"treat_all",0.4018296973962
"1arc-Iteration1-PA1:1DO:0-Seed1059","1 arc-second",1,0.03,"treat_all",0.395662993245645
"1arc-Iteration1-PA1:1DO:0-Seed1059","1 arc-second",1,0.04,"treat_all",0.389367816091954
"1arc-Iteration1-PA1:1DO:0-Seed1059","1 arc-second",1,0.05,"treat_all",0.382940108892922
"1arc-Iteration1-PA1:1DO:0-Seed1059","1 arc-second",1,0.06,"treat_all",0.376375641966251
"1arc-Iteration1-PA1:1DO:0-Seed1059","1 arc-second",1,0.07,"treat_all",0.369670003707823
"1arc-Iteration1-PA1:1DO:0-Seed1059","1 arc-second",1,0.08,"treat_all",0.362818590704648
"1arc-Iteration1-PA1:1DO:0-Seed1059","1 arc-second",1,0.09,"treat_all",0.355816597195908
"1arc-Iteration1-PA1:1DO:0-Seed1059","1 arc-second",1,0.1,"treat_all",0.348659003831418
"1arc-Iteration1-PA1:1DO:0-Seed1059","1 arc-second",1,0.11,"treat_all",0.34134056567222
"1arc-Iteration1-PA1:1DO:0-Seed1059","1 arc-second",1,0.12,"treat_all",0.333855799373041
"1arc-Iteration1-PA1:1DO:0-Seed1059","1 arc-second",1,0.13,"treat_all",0.326198969480777
"1arc-Iteration1-PA1:1DO:0-Seed1059","1 arc-second",1,0.14,"treat_all",0.318364073777065
"1arc-Iteration1-PA1:1DO:0-Seed1059","1 arc-second",1,0.15,"treat_all",0.310344827586207
"1arc-Iteration1-PA1:1DO:0-Seed1059","1 arc-second",1,0.16,"treat_all",0.302134646962233
"1arc-Iteration1-PA1:1DO:0-Seed1059","1 arc-second",1,0.17,"treat_all",0.293726630660573
"1arc-Iteration1-PA1:1DO:0-Seed1059","1 arc-second",1,0.18,"treat_all",0.28511354079058
"1arc-Iteration1-PA1:1DO:0-Seed1059","1 arc-second",1,0.19,"treat_all",0.276287782034908
"1arc-Iteration1-PA1:1DO:0-Seed1059","1 arc-second",1,0.2,"treat_all",0.267241379310345
"1arc-Iteration1-PA1:1DO:0-Seed1059","1 arc-second",1,0.21,"treat_all",0.257965953731995
"1arc-Iteration1-PA1:1DO:0-Seed1059","1 arc-second",1,0.22,"treat_all",0.248452696728559
"1arc-Iteration1-PA1:1DO:0-Seed1059","1 arc-second",1,0.23,"treat_all",0.238692342140618
"1arc-Iteration1-PA1:1DO:0-Seed1059","1 arc-second",1,0.24,"treat_all",0.228675136116152
"1arc-Iteration1-PA1:1DO:0-Seed1059","1 arc-second",1,0.25,"treat_all",0.218390804597701
"1arc-Iteration1-PA1:1DO:0-Seed1059","1 arc-second",1,0.26,"treat_all",0.207828518173346
"1arc-Iteration1-PA1:1DO:0-Seed1059","1 arc-second",1,0.27,"treat_all",0.196976854038734
"1arc-Iteration1-PA1:1DO:0-Seed1059","1 arc-second",1,0.28,"treat_all",0.185823754789272
"1arc-Iteration1-PA1:1DO:0-Seed1059","1 arc-second",1,0.29,"treat_all",0.174356483729966
"1arc-Iteration1-PA1:1DO:0-Seed1059","1 arc-second",1,0.3,"treat_all",0.16256157635468
"1arc-Iteration1-PA1:1DO:0-Seed1059","1 arc-second",1,0.31,"treat_all",0.150424787606197
"1arc-Iteration1-PA1:1DO:0-Seed1059","1 arc-second",1,0.32,"treat_all",0.137931034482759
"1arc-Iteration1-PA1:1DO:0-Seed1059","1 arc-second",1,0.33,"treat_all",0.125064333504889
"1arc-Iteration1-PA1:1DO:0-Seed1059","1 arc-second",1,0.34,"treat_all",0.111807732497388
"1arc-Iteration1-PA1:1DO:0-Seed1059","1 arc-second",1,0.35,"treat_all",0.0981432360742704
"1arc-Iteration1-PA1:1DO:0-Seed1059","1 arc-second",1,0.36,"treat_all",0.0840517241379309
"1arc-Iteration1-PA1:1DO:0-Seed1059","1 arc-second",1,0.37,"treat_all",0.0695128626163108
"1arc-Iteration1-PA1:1DO:0-Seed1059","1 arc-second",1,0.38,"treat_all",0.0545050055617352
"1arc-Iteration1-PA1:1DO:0-Seed1059","1 arc-second",1,0.39,"treat_all",0.0390050876201243
"1arc-Iteration1-PA1:1DO:0-Seed1059","1 arc-second",1,0.4,"treat_all",0.0229885057471264
"1arc-Iteration1-PA1:1DO:0-Seed1059","1 arc-second",1,0.41,"treat_all",0.00642898889538274
"1arc-Iteration1-PA1:1DO:0-Seed1059","1 arc-second",1,0.42,"treat_all",-0.0107015457788349
"1arc-Iteration1-PA1:1DO:0-Seed1059","1 arc-second",1,0.43,"treat_all",-0.0284331518451301
"1arc-Iteration1-PA1:1DO:0-Seed1059","1 arc-second",1,0.44,"treat_all",-0.0467980295566503
"1arc-Iteration1-PA1:1DO:0-Seed1059","1 arc-second",1,0.45,"treat_all",-0.0658307210031348
"1arc-Iteration1-PA1:1DO:0-Seed1059","1 arc-second",1,0.46,"treat_all",-0.0855683269476373
"1arc-Iteration1-PA1:1DO:0-Seed1059","1 arc-second",1,0.47,"treat_all",-0.1060507482108
"1arc-Iteration1-PA1:1DO:0-Seed1059","1 arc-second",1,0.48,"treat_all",-0.127320954907162
"1arc-Iteration1-PA1:1DO:0-Seed1059","1 arc-second",1,0.49,"treat_all",-0.149425287356322
"1arc-Iteration1-PA1:1DO:0-Seed1059","1 arc-second",1,0.5,"treat_all",-0.172413793103448
"1arc-Iteration1-PA1:1DO:0-Seed1059","1 arc-second",1,0.51,"treat_all",-0.1963406052076
"1arc-Iteration1-PA1:1DO:0-Seed1059","1 arc-second",1,0.52,"treat_all",-0.221264367816092
"1arc-Iteration1-PA1:1DO:0-Seed1059","1 arc-second",1,0.53,"treat_all",-0.247248716067498
"1arc-Iteration1-PA1:1DO:0-Seed1059","1 arc-second",1,0.54,"treat_all",-0.274362818590705
"1arc-Iteration1-PA1:1DO:0-Seed1059","1 arc-second",1,0.55,"treat_all",-0.302681992337165
"1arc-Iteration1-PA1:1DO:0-Seed1059","1 arc-second",1,0.56,"treat_all",-0.332288401253919
"1arc-Iteration1-PA1:1DO:0-Seed1059","1 arc-second",1,0.57,"treat_all",-0.36327185244587
"1arc-Iteration1-PA1:1DO:0-Seed1059","1 arc-second",1,0.58,"treat_all",-0.395730706075534
"1arc-Iteration1-PA1:1DO:0-Seed1059","1 arc-second",1,0.59,"treat_all",-0.429772918418839
"1arc-Iteration1-PA1:1DO:0-Seed1059","1 arc-second",1,0.6,"treat_all",-0.46551724137931
"1arc-Iteration1-PA1:1DO:0-Seed1059","1 arc-second",1,0.61,"treat_all",-0.503094606542883
"1arc-Iteration1-PA1:1DO:0-Seed1059","1 arc-second",1,0.62,"treat_all",-0.542649727767695
"1arc-Iteration1-PA1:1DO:0-Seed1059","1 arc-second",1,0.63,"treat_all",-0.584342963653309
"1arc-Iteration1-PA1:1DO:0-Seed1059","1 arc-second",1,0.64,"treat_all",-0.628352490421456
"1arc-Iteration1-PA1:1DO:0-Seed1059","1 arc-second",1,0.65,"treat_all",-0.674876847290641
"1arc-Iteration1-PA1:1DO:0-Seed1059","1 arc-second",1,0.66,"treat_all",-0.724137931034483
"1arc-Iteration1-PA1:1DO:0-Seed1059","1 arc-second",1,0.67,"treat_all",-0.776384535005225
"1arc-Iteration1-PA1:1DO:0-Seed1059","1 arc-second",1,0.68,"treat_all",-0.831896551724138
"1arc-Iteration1-PA1:1DO:0-Seed1059","1 arc-second",1,0.69,"treat_all",-0.89098998887653
"1arc-Iteration1-PA1:1DO:0-Seed1059","1 arc-second",1,0.7,"treat_all",-0.954022988505748
"1arc-Iteration1-PA1:1DO:0-Seed1059","1 arc-second",1,0.71,"treat_all",-1.02140309155767
"1arc-Iteration1-PA1:1DO:0-Seed1059","1 arc-second",1,0.72,"treat_all",-1.0935960591133
"1arc-Iteration1-PA1:1DO:0-Seed1059","1 arc-second",1,0.73,"treat_all",-1.17113665389527
"1arc-Iteration1-PA1:1DO:0-Seed1059","1 arc-second",1,0.74,"treat_all",-1.25464190981432
"1arc-Iteration1-PA1:1DO:0-Seed1059","1 arc-second",1,0.75,"treat_all",-1.3448275862069
"1arc-Iteration1-PA1:1DO:0-Seed1059","1 arc-second",1,0.76,"treat_all",-1.44252873563218
"1arc-Iteration1-PA1:1DO:0-Seed1059","1 arc-second",1,0.77,"treat_all",-1.54872563718141
"1arc-Iteration1-PA1:1DO:0-Seed1059","1 arc-second",1,0.78,"treat_all",-1.66457680250784
"1arc-Iteration1-PA1:1DO:0-Seed1059","1 arc-second",1,0.79,"treat_all",-1.79146141215107
"1arc-Iteration1-PA1:1DO:0-Seed1059","1 arc-second",1,0.8,"treat_all",-1.93103448275862
"1arc-Iteration1-PA1:1DO:0-Seed1059","1 arc-second",1,0.81,"treat_all",-2.08529945553539
"1arc-Iteration1-PA1:1DO:0-Seed1059","1 arc-second",1,0.82,"treat_all",-2.25670498084291
"1arc-Iteration1-PA1:1DO:0-Seed1059","1 arc-second",1,0.83,"treat_all",-2.44827586206897
"1arc-Iteration1-PA1:1DO:0-Seed1059","1 arc-second",1,0.84,"treat_all",-2.66379310344828
"1arc-Iteration1-PA1:1DO:0-Seed1059","1 arc-second",1,0.85,"treat_all",-2.90804597701149
"1arc-Iteration1-PA1:1DO:0-Seed1059","1 arc-second",1,0.86,"treat_all",-3.1871921182266
"1arc-Iteration1-PA1:1DO:0-Seed1059","1 arc-second",1,0.87,"treat_all",-3.50928381962865
"1arc-Iteration1-PA1:1DO:0-Seed1059","1 arc-second",1,0.88,"treat_all",-3.88505747126437
"1arc-Iteration1-PA1:1DO:0-Seed1059","1 arc-second",1,0.89,"treat_all",-4.32915360501567
"1arc-Iteration1-PA1:1DO:0-Seed1059","1 arc-second",1,0.9,"treat_all",-4.86206896551724
"1arc-Iteration1-PA1:1DO:0-Seed1059","1 arc-second",1,0.91,"treat_all",-5.51340996168583
"1arc-Iteration1-PA1:1DO:0-Seed1059","1 arc-second",1,0.92,"treat_all",-6.32758620689656
"1arc-Iteration1-PA1:1DO:0-Seed1059","1 arc-second",1,0.93,"treat_all",-7.37438423645321
"1arc-Iteration1-PA1:1DO:0-Seed1059","1 arc-second",1,0.94,"treat_all",-8.77011494252875
"1arc-Iteration1-PA1:1DO:0-Seed1059","1 arc-second",1,0.95,"treat_all",-10.7241379310345
"1arc-Iteration1-PA1:1DO:0-Seed1059","1 arc-second",1,0.96,"treat_all",-13.6551724137931
"1arc-Iteration1-PA1:1DO:0-Seed1059","1 arc-second",1,0.97,"treat_all",-18.5402298850575
"1arc-Iteration1-PA1:1DO:0-Seed1059","1 arc-second",1,0.98,"treat_all",-28.3103448275862
"1arc-Iteration1-PA1:1DO:0-Seed1059","1 arc-second",1,0.99,"treat_all",-57.6206896551724
"1arc-Iteration1-PA1:1DO:0-Seed1059","1 arc-second",1,0.01,"treat_none",0
"1arc-Iteration1-PA1:1DO:0-Seed1059","1 arc-second",1,0.02,"treat_none",0
"1arc-Iteration1-PA1:1DO:0-Seed1059","1 arc-second",1,0.03,"treat_none",0
"1arc-Iteration1-PA1:1DO:0-Seed1059","1 arc-second",1,0.04,"treat_none",0
"1arc-Iteration1-PA1:1DO:0-Seed1059","1 arc-second",1,0.05,"treat_none",0
"1arc-Iteration1-PA1:1DO:0-Seed1059","1 arc-second",1,0.06,"treat_none",0
"1arc-Iteration1-PA1:1DO:0-Seed1059","1 arc-second",1,0.07,"treat_none",0
"1arc-Iteration1-PA1:1DO:0-Seed1059","1 arc-second",1,0.08,"treat_none",0
"1arc-Iteration1-PA1:1DO:0-Seed1059","1 arc-second",1,0.09,"treat_none",0
"1arc-Iteration1-PA1:1DO:0-Seed1059","1 arc-second",1,0.1,"treat_none",0
"1arc-Iteration1-PA1:1DO:0-Seed1059","1 arc-second",1,0.11,"treat_none",0
"1arc-Iteration1-PA1:1DO:0-Seed1059","1 arc-second",1,0.12,"treat_none",0
"1arc-Iteration1-PA1:1DO:0-Seed1059","1 arc-second",1,0.13,"treat_none",0
"1arc-Iteration1-PA1:1DO:0-Seed1059","1 arc-second",1,0.14,"treat_none",0
"1arc-Iteration1-PA1:1DO:0-Seed1059","1 arc-second",1,0.15,"treat_none",0
"1arc-Iteration1-PA1:1DO:0-Seed1059","1 arc-second",1,0.16,"treat_none",0
"1arc-Iteration1-PA1:1DO:0-Seed1059","1 arc-second",1,0.17,"treat_none",0
"1arc-Iteration1-PA1:1DO:0-Seed1059","1 arc-second",1,0.18,"treat_none",0
"1arc-Iteration1-PA1:1DO:0-Seed1059","1 arc-second",1,0.19,"treat_none",0
"1arc-Iteration1-PA1:1DO:0-Seed1059","1 arc-second",1,0.2,"treat_none",0
"1arc-Iteration1-PA1:1DO:0-Seed1059","1 arc-second",1,0.21,"treat_none",0
"1arc-Iteration1-PA1:1DO:0-Seed1059","1 arc-second",1,0.22,"treat_none",0
"1arc-Iteration1-PA1:1DO:0-Seed1059","1 arc-second",1,0.23,"treat_none",0
"1arc-Iteration1-PA1:1DO:0-Seed1059","1 arc-second",1,0.24,"treat_none",0
"1arc-Iteration1-PA1:1DO:0-Seed1059","1 arc-second",1,0.25,"treat_none",0
"1arc-Iteration1-PA1:1DO:0-Seed1059","1 arc-second",1,0.26,"treat_none",0
"1arc-Iteration1-PA1:1DO:0-Seed1059","1 arc-second",1,0.27,"treat_none",0
"1arc-Iteration1-PA1:1DO:0-Seed1059","1 arc-second",1,0.28,"treat_none",0
"1arc-Iteration1-PA1:1DO:0-Seed1059","1 arc-second",1,0.29,"treat_none",0
"1arc-Iteration1-PA1:1DO:0-Seed1059","1 arc-second",1,0.3,"treat_none",0
"1arc-Iteration1-PA1:1DO:0-Seed1059","1 arc-second",1,0.31,"treat_none",0
"1arc-Iteration1-PA1:1DO:0-Seed1059","1 arc-second",1,0.32,"treat_none",0
"1arc-Iteration1-PA1:1DO:0-Seed1059","1 arc-second",1,0.33,"treat_none",0
"1arc-Iteration1-PA1:1DO:0-Seed1059","1 arc-second",1,0.34,"treat_none",0
"1arc-Iteration1-PA1:1DO:0-Seed1059","1 arc-second",1,0.35,"treat_none",0
"1arc-Iteration1-PA1:1DO:0-Seed1059","1 arc-second",1,0.36,"treat_none",0
"1arc-Iteration1-PA1:1DO:0-Seed1059","1 arc-second",1,0.37,"treat_none",0
"1arc-Iteration1-PA1:1DO:0-Seed1059","1 arc-second",1,0.38,"treat_none",0
"1arc-Iteration1-PA1:1DO:0-Seed1059","1 arc-second",1,0.39,"treat_none",0
"1arc-Iteration1-PA1:1DO:0-Seed1059","1 arc-second",1,0.4,"treat_none",0
"1arc-Iteration1-PA1:1DO:0-Seed1059","1 arc-second",1,0.41,"treat_none",0
"1arc-Iteration1-PA1:1DO:0-Seed1059","1 arc-second",1,0.42,"treat_none",0
"1arc-Iteration1-PA1:1DO:0-Seed1059","1 arc-second",1,0.43,"treat_none",0
"1arc-Iteration1-PA1:1DO:0-Seed1059","1 arc-second",1,0.44,"treat_none",0
"1arc-Iteration1-PA1:1DO:0-Seed1059","1 arc-second",1,0.45,"treat_none",0
"1arc-Iteration1-PA1:1DO:0-Seed1059","1 arc-second",1,0.46,"treat_none",0
"1arc-Iteration1-PA1:1DO:0-Seed1059","1 arc-second",1,0.47,"treat_none",0
"1arc-Iteration1-PA1:1DO:0-Seed1059","1 arc-second",1,0.48,"treat_none",0
"1arc-Iteration1-PA1:1DO:0-Seed1059","1 arc-second",1,0.49,"treat_none",0
"1arc-Iteration1-PA1:1DO:0-Seed1059","1 arc-second",1,0.5,"treat_none",0
"1arc-Iteration1-PA1:1DO:0-Seed1059","1 arc-second",1,0.51,"treat_none",0
"1arc-Iteration1-PA1:1DO:0-Seed1059","1 arc-second",1,0.52,"treat_none",0
"1arc-Iteration1-PA1:1DO:0-Seed1059","1 arc-second",1,0.53,"treat_none",0
"1arc-Iteration1-PA1:1DO:0-Seed1059","1 arc-second",1,0.54,"treat_none",0
"1arc-Iteration1-PA1:1DO:0-Seed1059","1 arc-second",1,0.55,"treat_none",0
"1arc-Iteration1-PA1:1DO:0-Seed1059","1 arc-second",1,0.56,"treat_none",0
"1arc-Iteration1-PA1:1DO:0-Seed1059","1 arc-second",1,0.57,"treat_none",0
"1arc-Iteration1-PA1:1DO:0-Seed1059","1 arc-second",1,0.58,"treat_none",0
"1arc-Iteration1-PA1:1DO:0-Seed1059","1 arc-second",1,0.59,"treat_none",0
"1arc-Iteration1-PA1:1DO:0-Seed1059","1 arc-second",1,0.6,"treat_none",0
"1arc-Iteration1-PA1:1DO:0-Seed1059","1 arc-second",1,0.61,"treat_none",0
"1arc-Iteration1-PA1:1DO:0-Seed1059","1 arc-second",1,0.62,"treat_none",0
"1arc-Iteration1-PA1:1DO:0-Seed1059","1 arc-second",1,0.63,"treat_none",0
"1arc-Iteration1-PA1:1DO:0-Seed1059","1 arc-second",1,0.64,"treat_none",0
"1arc-Iteration1-PA1:1DO:0-Seed1059","1 arc-second",1,0.65,"treat_none",0
"1arc-Iteration1-PA1:1DO:0-Seed1059","1 arc-second",1,0.66,"treat_none",0
"1arc-Iteration1-PA1:1DO:0-Seed1059","1 arc-second",1,0.67,"treat_none",0
"1arc-Iteration1-PA1:1DO:0-Seed1059","1 arc-second",1,0.68,"treat_none",0
"1arc-Iteration1-PA1:1DO:0-Seed1059","1 arc-second",1,0.69,"treat_none",0
"1arc-Iteration1-PA1:1DO:0-Seed1059","1 arc-second",1,0.7,"treat_none",0
"1arc-Iteration1-PA1:1DO:0-Seed1059","1 arc-second",1,0.71,"treat_none",0
"1arc-Iteration1-PA1:1DO:0-Seed1059","1 arc-second",1,0.72,"treat_none",0
"1arc-Iteration1-PA1:1DO:0-Seed1059","1 arc-second",1,0.73,"treat_none",0
"1arc-Iteration1-PA1:1DO:0-Seed1059","1 arc-second",1,0.74,"treat_none",0
"1arc-Iteration1-PA1:1DO:0-Seed1059","1 arc-second",1,0.75,"treat_none",0
"1arc-Iteration1-PA1:1DO:0-Seed1059","1 arc-second",1,0.76,"treat_none",0
"1arc-Iteration1-PA1:1DO:0-Seed1059","1 arc-second",1,0.77,"treat_none",0
"1arc-Iteration1-PA1:1DO:0-Seed1059","1 arc-second",1,0.78,"treat_none",0
"1arc-Iteration1-PA1:1DO:0-Seed1059","1 arc-second",1,0.79,"treat_none",0
"1arc-Iteration1-PA1:1DO:0-Seed1059","1 arc-second",1,0.8,"treat_none",0
"1arc-Iteration1-PA1:1DO:0-Seed1059","1 arc-second",1,0.81,"treat_none",0
"1arc-Iteration1-PA1:1DO:0-Seed1059","1 arc-second",1,0.82,"treat_none",0
"1arc-Iteration1-PA1:1DO:0-Seed1059","1 arc-second",1,0.83,"treat_none",0
"1arc-Iteration1-PA1:1DO:0-Seed1059","1 arc-second",1,0.84,"treat_none",0
"1arc-Iteration1-PA1:1DO:0-Seed1059","1 arc-second",1,0.85,"treat_none",0
"1arc-Iteration1-PA1:1DO:0-Seed1059","1 arc-second",1,0.86,"treat_none",0
"1arc-Iteration1-PA1:1DO:0-Seed1059","1 arc-second",1,0.87,"treat_none",0
"1arc-Iteration1-PA1:1DO:0-Seed1059","1 arc-second",1,0.88,"treat_none",0
"1arc-Iteration1-PA1:1DO:0-Seed1059","1 arc-second",1,0.89,"treat_none",0
"1arc-Iteration1-PA1:1DO:0-Seed1059","1 arc-second",1,0.9,"treat_none",0
"1arc-Iteration1-PA1:1DO:0-Seed1059","1 arc-second",1,0.91,"treat_none",0
"1arc-Iteration1-PA1:1DO:0-Seed1059","1 arc-second",1,0.92,"treat_none",0
"1arc-Iteration1-PA1:1DO:0-Seed1059","1 arc-second",1,0.93,"treat_none",0
"1arc-Iteration1-PA1:1DO:0-Seed1059","1 arc-second",1,0.94,"treat_none",0
"1arc-Iteration1-PA1:1DO:0-Seed1059","1 arc-second",1,0.95,"treat_none",0
"1arc-Iteration1-PA1:1DO:0-Seed1059","1 arc-second",1,0.96,"treat_none",0
"1arc-Iteration1-PA1:1DO:0-Seed1059","1 arc-second",1,0.97,"treat_none",0
"1arc-Iteration1-PA1:1DO:0-Seed1059","1 arc-second",1,0.98,"treat_none",0
"1arc-Iteration1-PA1:1DO:0-Seed1059","1 arc-second",1,0.99,"treat_none",0
"3arc-Iteration0-PA1:1DO:0-Seed1055","3 arc-second",0,0.01,"model",0.407871821664925
"3arc-Iteration0-PA1:1DO:0-Seed1055","3 arc-second",0,0.02,"model",0.4018296973962
"3arc-Iteration0-PA1:1DO:0-Seed1055","3 arc-second",0,0.03,"model",0.395662993245645
"3arc-Iteration0-PA1:1DO:0-Seed1055","3 arc-second",0,0.04,"model",0.389367816091954
"3arc-Iteration0-PA1:1DO:0-Seed1055","3 arc-second",0,0.05,"model",0.382940108892922
"3arc-Iteration0-PA1:1DO:0-Seed1055","3 arc-second",0,0.06,"model",0.376375641966251
"3arc-Iteration0-PA1:1DO:0-Seed1055","3 arc-second",0,0.07,"model",0.369670003707823
"3arc-Iteration0-PA1:1DO:0-Seed1055","3 arc-second",0,0.08,"model",0.362818590704648
"3arc-Iteration0-PA1:1DO:0-Seed1055","3 arc-second",0,0.09,"model",0.355816597195908
"3arc-Iteration0-PA1:1DO:0-Seed1055","3 arc-second",0,0.1,"model",0.348659003831418
"3arc-Iteration0-PA1:1DO:0-Seed1055","3 arc-second",0,0.11,"model",0.34134056567222
"3arc-Iteration0-PA1:1DO:0-Seed1055","3 arc-second",0,0.12,"model",0.333855799373041
"3arc-Iteration0-PA1:1DO:0-Seed1055","3 arc-second",0,0.13,"model",0.326198969480777
"3arc-Iteration0-PA1:1DO:0-Seed1055","3 arc-second",0,0.14,"model",0.318364073777065
"3arc-Iteration0-PA1:1DO:0-Seed1055","3 arc-second",0,0.15,"model",0.310344827586207
"3arc-Iteration0-PA1:1DO:0-Seed1055","3 arc-second",0,0.16,"model",0.302134646962233
"3arc-Iteration0-PA1:1DO:0-Seed1055","3 arc-second",0,0.17,"model",0.293726630660573
"3arc-Iteration0-PA1:1DO:0-Seed1055","3 arc-second",0,0.18,"model",0.28511354079058
"3arc-Iteration0-PA1:1DO:0-Seed1055","3 arc-second",0,0.19,"model",0.276287782034908
"3arc-Iteration0-PA1:1DO:0-Seed1055","3 arc-second",0,0.2,"model",0.267241379310345
"3arc-Iteration0-PA1:1DO:0-Seed1055","3 arc-second",0,0.21,"model",0.257965953731995
"3arc-Iteration0-PA1:1DO:0-Seed1055","3 arc-second",0,0.22,"model",0.248452696728559
"3arc-Iteration0-PA1:1DO:0-Seed1055","3 arc-second",0,0.23,"model",0.238692342140618
"3arc-Iteration0-PA1:1DO:0-Seed1055","3 arc-second",0,0.24,"model",0.228675136116152
"3arc-Iteration0-PA1:1DO:0-Seed1055","3 arc-second",0,0.25,"model",0.218390804597701
"3arc-Iteration0-PA1:1DO:0-Seed1055","3 arc-second",0,0.26,"model",0.207828518173346
"3arc-Iteration0-PA1:1DO:0-Seed1055","3 arc-second",0,0.27,"model",0.196976854038734
"3arc-Iteration0-PA1:1DO:0-Seed1055","3 arc-second",0,0.28,"model",0.185823754789272
"3arc-Iteration0-PA1:1DO:0-Seed1055","3 arc-second",0,0.29,"model",0.174356483729966
"3arc-Iteration0-PA1:1DO:0-Seed1055","3 arc-second",0,0.3,"model",0.16256157635468
"3arc-Iteration0-PA1:1DO:0-Seed1055","3 arc-second",0,0.31,"model",0.150424787606197
"3arc-Iteration0-PA1:1DO:0-Seed1055","3 arc-second",0,0.32,"model",0.137931034482759
"3arc-Iteration0-PA1:1DO:0-Seed1055","3 arc-second",0,0.33,"model",0.125064333504889
"3arc-Iteration0-PA1:1DO:0-Seed1055","3 arc-second",0,0.34,"model",0.111807732497388
"3arc-Iteration0-PA1:1DO:0-Seed1055","3 arc-second",0,0.35,"model",0.0981432360742705
"3arc-Iteration0-PA1:1DO:0-Seed1055","3 arc-second",0,0.36,"model",0.084051724137931
"3arc-Iteration0-PA1:1DO:0-Seed1055","3 arc-second",0,0.37,"model",0.0695128626163109
"3arc-Iteration0-PA1:1DO:0-Seed1055","3 arc-second",0,0.38,"model",0.0545050055617353
"3arc-Iteration0-PA1:1DO:0-Seed1055","3 arc-second",0,0.39,"model",0.0390050876201244
"3arc-Iteration0-PA1:1DO:0-Seed1055","3 arc-second",0,0.4,"model",0.0229885057471264
"3arc-Iteration0-PA1:1DO:0-Seed1055","3 arc-second",0,0.41,"model",0.00642898889538285
"3arc-Iteration0-PA1:1DO:0-Seed1055","3 arc-second",0,0.42,"model",-0.0107015457788348
"3arc-Iteration0-PA1:1DO:0-Seed1055","3 arc-second",0,0.43,"model",-0.02843315184513
"3arc-Iteration0-PA1:1DO:0-Seed1055","3 arc-second",0,0.44,"model",-0.0467980295566502
"3arc-Iteration0-PA1:1DO:0-Seed1055","3 arc-second",0,0.45,"model",-0.0658307210031348
"3arc-Iteration0-PA1:1DO:0-Seed1055","3 arc-second",0,0.46,"model",-0.0855683269476373
"3arc-Iteration0-PA1:1DO:0-Seed1055","3 arc-second",0,0.47,"model",-0.1060507482108
"3arc-Iteration0-PA1:1DO:0-Seed1055","3 arc-second",0,0.48,"model",-0.127320954907162
"3arc-Iteration0-PA1:1DO:0-Seed1055","3 arc-second",0,0.49,"model",-0.149425287356322
"3arc-Iteration0-PA1:1DO:0-Seed1055","3 arc-second",0,0.5,"model",-0.172413793103448
"3arc-Iteration0-PA1:1DO:0-Seed1055","3 arc-second",0,0.51,"model",-0.1963406052076
"3arc-Iteration0-PA1:1DO:0-Seed1055","3 arc-second",0,0.52,"model",-0.221264367816092
"3arc-Iteration0-PA1:1DO:0-Seed1055","3 arc-second",0,0.53,"model",-0.247248716067498
"3arc-Iteration0-PA1:1DO:0-Seed1055","3 arc-second",0,0.54,"model",-0.274362818590705
"3arc-Iteration0-PA1:1DO:0-Seed1055","3 arc-second",0,0.55,"model",-0.302681992337165
"3arc-Iteration0-PA1:1DO:0-Seed1055","3 arc-second",0,0.56,"model",-0.332288401253919
"3arc-Iteration0-PA1:1DO:0-Seed1055","3 arc-second",0,0.57,"model",-0.36327185244587
"3arc-Iteration0-PA1:1DO:0-Seed1055","3 arc-second",0,0.58,"model",-0.395730706075534
"3arc-Iteration0-PA1:1DO:0-Seed1055","3 arc-second",0,0.59,"model",-0.429772918418839
"3arc-Iteration0-PA1:1DO:0-Seed1055","3 arc-second",0,0.6,"model",-0.46551724137931
"3arc-Iteration0-PA1:1DO:0-Seed1055","3 arc-second",0,0.61,"model",-0.503094606542882
"3arc-Iteration0-PA1:1DO:0-Seed1055","3 arc-second",0,0.62,"model",-0.542649727767695
"3arc-Iteration0-PA1:1DO:0-Seed1055","3 arc-second",0,0.63,"model",-0.584342963653308
"3arc-Iteration0-PA1:1DO:0-Seed1055","3 arc-second",0,0.64,"model",-0.628352490421456
"3arc-Iteration0-PA1:1DO:0-Seed1055","3 arc-second",0,0.65,"model",-0.674876847290641
"3arc-Iteration0-PA1:1DO:0-Seed1055","3 arc-second",0,0.66,"model",-0.724137931034483
"3arc-Iteration0-PA1:1DO:0-Seed1055","3 arc-second",0,0.67,"model",-0.776384535005225
"3arc-Iteration0-PA1:1DO:0-Seed1055","3 arc-second",0,0.68,"model",-0.831896551724138
"3arc-Iteration0-PA1:1DO:0-Seed1055","3 arc-second",0,0.69,"model",-0.89098998887653
"3arc-Iteration0-PA1:1DO:0-Seed1055","3 arc-second",0,0.7,"model",-0.954022988505747
"3arc-Iteration0-PA1:1DO:0-Seed1055","3 arc-second",0,0.71,"model",-1.02140309155767
"3arc-Iteration0-PA1:1DO:0-Seed1055","3 arc-second",0,0.72,"model",-1.0935960591133
"3arc-Iteration0-PA1:1DO:0-Seed1055","3 arc-second",0,0.73,"model",-1.17113665389527
"3arc-Iteration0-PA1:1DO:0-Seed1055","3 arc-second",0,0.74,"model",-1.25464190981432
"3arc-Iteration0-PA1:1DO:0-Seed1055","3 arc-second",0,0.75,"model",-1.3448275862069
"3arc-Iteration0-PA1:1DO:0-Seed1055","3 arc-second",0,0.76,"model",-1.44252873563218
"3arc-Iteration0-PA1:1DO:0-Seed1055","3 arc-second",0,0.77,"model",-1.54872563718141
"3arc-Iteration0-PA1:1DO:0-Seed1055","3 arc-second",0,0.78,"model",-1.66457680250784
"3arc-Iteration0-PA1:1DO:0-Seed1055","3 arc-second",0,0.79,"model",-1.79146141215107
"3arc-Iteration0-PA1:1DO:0-Seed1055","3 arc-second",0,0.8,"model",-1.93103448275862
"3arc-Iteration0-PA1:1DO:0-Seed1055","3 arc-second",0,0.81,"model",-2.08529945553539
"3arc-Iteration0-PA1:1DO:0-Seed1055","3 arc-second",0,0.82,"model",-2.25670498084291
"3arc-Iteration0-PA1:1DO:0-Seed1055","3 arc-second",0,0.83,"model",-2.44827586206897
"3arc-Iteration0-PA1:1DO:0-Seed1055","3 arc-second",0,0.84,"model",-2.66379310344828
"3arc-Iteration0-PA1:1DO:0-Seed1055","3 arc-second",0,0.85,"model",-2.90804597701149
"3arc-Iteration0-PA1:1DO:0-Seed1055","3 arc-second",0,0.86,"model",-3.1871921182266
"3arc-Iteration0-PA1:1DO:0-Seed1055","3 arc-second",0,0.87,"model",-3.54376657824934
"3arc-Iteration0-PA1:1DO:0-Seed1055","3 arc-second",0,0.88,"model",-3.9367816091954
"3arc-Iteration0-PA1:1DO:0-Seed1055","3 arc-second",0,0.89,"model",-4.13636363636364
"3arc-Iteration0-PA1:1DO:0-Seed1055","3 arc-second",0,0.9,"model",-4.17241379310345
"3arc-Iteration0-PA1:1DO:0-Seed1055","3 arc-second",0,0.91,"model",-4.48275862068966
"3arc-Iteration0-PA1:1DO:0-Seed1055","3 arc-second",0,0.92,"model",-5.18103448275862
"3arc-Iteration0-PA1:1DO:0-Seed1055","3 arc-second",0,0.93,"model",-5.0960591133005
"3arc-Iteration0-PA1:1DO:0-Seed1055","3 arc-second",0,0.94,"model",-6.04022988505748
"3arc-Iteration0-PA1:1DO:0-Seed1055","3 arc-second",0,0.95,"model",-6.70689655172415
"3arc-Iteration0-PA1:1DO:0-Seed1055","3 arc-second",0,0.96,"model",-7.27586206896553
"3arc-Iteration0-PA1:1DO:0-Seed1055","3 arc-second",0,0.97,"model",-9.86206896551723
"3arc-Iteration0-PA1:1DO:0-Seed1055","3 arc-second",0,0.98,"model",-13.3448275862069
"3arc-Iteration0-PA1:1DO:0-Seed1055","3 arc-second",0,0.99,"model",-22.0344827586207
"3arc-Iteration0-PA1:1DO:0-Seed1055","3 arc-second",0,0.01,"treat_all",0.407871821664925
"3arc-Iteration0-PA1:1DO:0-Seed1055","3 arc-second",0,0.02,"treat_all",0.4018296973962
"3arc-Iteration0-PA1:1DO:0-Seed1055","3 arc-second",0,0.03,"treat_all",0.395662993245645
"3arc-Iteration0-PA1:1DO:0-Seed1055","3 arc-second",0,0.04,"treat_all",0.389367816091954
"3arc-Iteration0-PA1:1DO:0-Seed1055","3 arc-second",0,0.05,"treat_all",0.382940108892922
"3arc-Iteration0-PA1:1DO:0-Seed1055","3 arc-second",0,0.06,"treat_all",0.376375641966251
"3arc-Iteration0-PA1:1DO:0-Seed1055","3 arc-second",0,0.07,"treat_all",0.369670003707823
"3arc-Iteration0-PA1:1DO:0-Seed1055","3 arc-second",0,0.08,"treat_all",0.362818590704648
"3arc-Iteration0-PA1:1DO:0-Seed1055","3 arc-second",0,0.09,"treat_all",0.355816597195908
"3arc-Iteration0-PA1:1DO:0-Seed1055","3 arc-second",0,0.1,"treat_all",0.348659003831418
"3arc-Iteration0-PA1:1DO:0-Seed1055","3 arc-second",0,0.11,"treat_all",0.34134056567222
"3arc-Iteration0-PA1:1DO:0-Seed1055","3 arc-second",0,0.12,"treat_all",0.333855799373041
"3arc-Iteration0-PA1:1DO:0-Seed1055","3 arc-second",0,0.13,"treat_all",0.326198969480777
"3arc-Iteration0-PA1:1DO:0-Seed1055","3 arc-second",0,0.14,"treat_all",0.318364073777065
"3arc-Iteration0-PA1:1DO:0-Seed1055","3 arc-second",0,0.15,"treat_all",0.310344827586207
"3arc-Iteration0-PA1:1DO:0-Seed1055","3 arc-second",0,0.16,"treat_all",0.302134646962233
"3arc-Iteration0-PA1:1DO:0-Seed1055","3 arc-second",0,0.17,"treat_all",0.293726630660573
"3arc-Iteration0-PA1:1DO:0-Seed1055","3 arc-second",0,0.18,"treat_all",0.28511354079058
"3arc-Iteration0-PA1:1DO:0-Seed1055","3 arc-second",0,0.19,"treat_all",0.276287782034908
"3arc-Iteration0-PA1:1DO:0-Seed1055","3 arc-second",0,0.2,"treat_all",0.267241379310345
"3arc-Iteration0-PA1:1DO:0-Seed1055","3 arc-second",0,0.21,"treat_all",0.257965953731995
"3arc-Iteration0-PA1:1DO:0-Seed1055","3 arc-second",0,0.22,"treat_all",0.248452696728559
"3arc-Iteration0-PA1:1DO:0-Seed1055","3 arc-second",0,0.23,"treat_all",0.238692342140618
"3arc-Iteration0-PA1:1DO:0-Seed1055","3 arc-second",0,0.24,"treat_all",0.228675136116152
"3arc-Iteration0-PA1:1DO:0-Seed1055","3 arc-second",0,0.25,"treat_all",0.218390804597701
"3arc-Iteration0-PA1:1DO:0-Seed1055","3 arc-second",0,0.26,"treat_all",0.207828518173346
"3arc-Iteration0-PA1:1DO:0-Seed1055","3 arc-second",0,0.27,"treat_all",0.196976854038734
"3arc-Iteration0-PA1:1DO:0-Seed1055","3 arc-second",0,0.28,"treat_all",0.185823754789272
"3arc-Iteration0-PA1:1DO:0-Seed1055","3 arc-second",0,0.29,"treat_all",0.174356483729966
"3arc-Iteration0-PA1:1DO:0-Seed1055","3 arc-second",0,0.3,"treat_all",0.16256157635468
"3arc-Iteration0-PA1:1DO:0-Seed1055","3 arc-second",0,0.31,"treat_all",0.150424787606197
"3arc-Iteration0-PA1:1DO:0-Seed1055","3 arc-second",0,0.32,"treat_all",0.137931034482759
"3arc-Iteration0-PA1:1DO:0-Seed1055","3 arc-second",0,0.33,"treat_all",0.125064333504889
"3arc-Iteration0-PA1:1DO:0-Seed1055","3 arc-second",0,0.34,"treat_all",0.111807732497388
"3arc-Iteration0-PA1:1DO:0-Seed1055","3 arc-second",0,0.35,"treat_all",0.0981432360742704
"3arc-Iteration0-PA1:1DO:0-Seed1055","3 arc-second",0,0.36,"treat_all",0.0840517241379309
"3arc-Iteration0-PA1:1DO:0-Seed1055","3 arc-second",0,0.37,"treat_all",0.0695128626163108
"3arc-Iteration0-PA1:1DO:0-Seed1055","3 arc-second",0,0.38,"treat_all",0.0545050055617352
"3arc-Iteration0-PA1:1DO:0-Seed1055","3 arc-second",0,0.39,"treat_all",0.0390050876201243
"3arc-Iteration0-PA1:1DO:0-Seed1055","3 arc-second",0,0.4,"treat_all",0.0229885057471264
"3arc-Iteration0-PA1:1DO:0-Seed1055","3 arc-second",0,0.41,"treat_all",0.00642898889538274
"3arc-Iteration0-PA1:1DO:0-Seed1055","3 arc-second",0,0.42,"treat_all",-0.0107015457788349
"3arc-Iteration0-PA1:1DO:0-Seed1055","3 arc-second",0,0.43,"treat_all",-0.0284331518451301
"3arc-Iteration0-PA1:1DO:0-Seed1055","3 arc-second",0,0.44,"treat_all",-0.0467980295566503
"3arc-Iteration0-PA1:1DO:0-Seed1055","3 arc-second",0,0.45,"treat_all",-0.0658307210031348
"3arc-Iteration0-PA1:1DO:0-Seed1055","3 arc-second",0,0.46,"treat_all",-0.0855683269476373
"3arc-Iteration0-PA1:1DO:0-Seed1055","3 arc-second",0,0.47,"treat_all",-0.1060507482108
"3arc-Iteration0-PA1:1DO:0-Seed1055","3 arc-second",0,0.48,"treat_all",-0.127320954907162
"3arc-Iteration0-PA1:1DO:0-Seed1055","3 arc-second",0,0.49,"treat_all",-0.149425287356322
"3arc-Iteration0-PA1:1DO:0-Seed1055","3 arc-second",0,0.5,"treat_all",-0.172413793103448
"3arc-Iteration0-PA1:1DO:0-Seed1055","3 arc-second",0,0.51,"treat_all",-0.1963406052076
"3arc-Iteration0-PA1:1DO:0-Seed1055","3 arc-second",0,0.52,"treat_all",-0.221264367816092
"3arc-Iteration0-PA1:1DO:0-Seed1055","3 arc-second",0,0.53,"treat_all",-0.247248716067498
"3arc-Iteration0-PA1:1DO:0-Seed1055","3 arc-second",0,0.54,"treat_all",-0.274362818590705
"3arc-Iteration0-PA1:1DO:0-Seed1055","3 arc-second",0,0.55,"treat_all",-0.302681992337165
"3arc-Iteration0-PA1:1DO:0-Seed1055","3 arc-second",0,0.56,"treat_all",-0.332288401253919
"3arc-Iteration0-PA1:1DO:0-Seed1055","3 arc-second",0,0.57,"treat_all",-0.36327185244587
"3arc-Iteration0-PA1:1DO:0-Seed1055","3 arc-second",0,0.58,"treat_all",-0.395730706075534
"3arc-Iteration0-PA1:1DO:0-Seed1055","3 arc-second",0,0.59,"treat_all",-0.429772918418839
"3arc-Iteration0-PA1:1DO:0-Seed1055","3 arc-second",0,0.6,"treat_all",-0.46551724137931
"3arc-Iteration0-PA1:1DO:0-Seed1055","3 arc-second",0,0.61,"treat_all",-0.503094606542883
"3arc-Iteration0-PA1:1DO:0-Seed1055","3 arc-second",0,0.62,"treat_all",-0.542649727767695
"3arc-Iteration0-PA1:1DO:0-Seed1055","3 arc-second",0,0.63,"treat_all",-0.584342963653309
"3arc-Iteration0-PA1:1DO:0-Seed1055","3 arc-second",0,0.64,"treat_all",-0.628352490421456
"3arc-Iteration0-PA1:1DO:0-Seed1055","3 arc-second",0,0.65,"treat_all",-0.674876847290641
"3arc-Iteration0-PA1:1DO:0-Seed1055","3 arc-second",0,0.66,"treat_all",-0.724137931034483
"3arc-Iteration0-PA1:1DO:0-Seed1055","3 arc-second",0,0.67,"treat_all",-0.776384535005225
"3arc-Iteration0-PA1:1DO:0-Seed1055","3 arc-second",0,0.68,"treat_all",-0.831896551724138
"3arc-Iteration0-PA1:1DO:0-Seed1055","3 arc-second",0,0.69,"treat_all",-0.89098998887653
"3arc-Iteration0-PA1:1DO:0-Seed1055","3 arc-second",0,0.7,"treat_all",-0.954022988505748
"3arc-Iteration0-PA1:1DO:0-Seed1055","3 arc-second",0,0.71,"treat_all",-1.02140309155767
"3arc-Iteration0-PA1:1DO:0-Seed1055","3 arc-second",0,0.72,"treat_all",-1.0935960591133
"3arc-Iteration0-PA1:1DO:0-Seed1055","3 arc-second",0,0.73,"treat_all",-1.17113665389527
"3arc-Iteration0-PA1:1DO:0-Seed1055","3 arc-second",0,0.74,"treat_all",-1.25464190981432
"3arc-Iteration0-PA1:1DO:0-Seed1055","3 arc-second",0,0.75,"treat_all",-1.3448275862069
"3arc-Iteration0-PA1:1DO:0-Seed1055","3 arc-second",0,0.76,"treat_all",-1.44252873563218
"3arc-Iteration0-PA1:1DO:0-Seed1055","3 arc-second",0,0.77,"treat_all",-1.54872563718141
"3arc-Iteration0-PA1:1DO:0-Seed1055","3 arc-second",0,0.78,"treat_all",-1.66457680250784
"3arc-Iteration0-PA1:1DO:0-Seed1055","3 arc-second",0,0.79,"treat_all",-1.79146141215107
"3arc-Iteration0-PA1:1DO:0-Seed1055","3 arc-second",0,0.8,"treat_all",-1.93103448275862
"3arc-Iteration0-PA1:1DO:0-Seed1055","3 arc-second",0,0.81,"treat_all",-2.08529945553539
"3arc-Iteration0-PA1:1DO:0-Seed1055","3 arc-second",0,0.82,"treat_all",-2.25670498084291
"3arc-Iteration0-PA1:1DO:0-Seed1055","3 arc-second",0,0.83,"treat_all",-2.44827586206897
"3arc-Iteration0-PA1:1DO:0-Seed1055","3 arc-second",0,0.84,"treat_all",-2.66379310344828
"3arc-Iteration0-PA1:1DO:0-Seed1055","3 arc-second",0,0.85,"treat_all",-2.90804597701149
"3arc-Iteration0-PA1:1DO:0-Seed1055","3 arc-second",0,0.86,"treat_all",-3.1871921182266
"3arc-Iteration0-PA1:1DO:0-Seed1055","3 arc-second",0,0.87,"treat_all",-3.50928381962865
"3arc-Iteration0-PA1:1DO:0-Seed1055","3 arc-second",0,0.88,"treat_all",-3.88505747126437
"3arc-Iteration0-PA1:1DO:0-Seed1055","3 arc-second",0,0.89,"treat_all",-4.32915360501567
"3arc-Iteration0-PA1:1DO:0-Seed1055","3 arc-second",0,0.9,"treat_all",-4.86206896551724
"3arc-Iteration0-PA1:1DO:0-Seed1055","3 arc-second",0,0.91,"treat_all",-5.51340996168583
"3arc-Iteration0-PA1:1DO:0-Seed1055","3 arc-second",0,0.92,"treat_all",-6.32758620689656
"3arc-Iteration0-PA1:1DO:0-Seed1055","3 arc-second",0,0.93,"treat_all",-7.37438423645321
"3arc-Iteration0-PA1:1DO:0-Seed1055","3 arc-second",0,0.94,"treat_all",-8.77011494252875
"3arc-Iteration0-PA1:1DO:0-Seed1055","3 arc-second",0,0.95,"treat_all",-10.7241379310345
"3arc-Iteration0-PA1:1DO:0-Seed1055","3 arc-second",0,0.96,"treat_all",-13.6551724137931
"3arc-Iteration0-PA1:1DO:0-Seed1055","3 arc-second",0,0.97,"treat_all",-18.5402298850575
"3arc-Iteration0-PA1:1DO:0-Seed1055","3 arc-second",0,0.98,"treat_all",-28.3103448275862
"3arc-Iteration0-PA1:1DO:0-Seed1055","3 arc-second",0,0.99,"treat_all",-57.6206896551724
"3arc-Iteration0-PA1:1DO:0-Seed1055","3 arc-second",0,0.01,"treat_none",0
"3arc-Iteration0-PA1:1DO:0-Seed1055","3 arc-second",0,0.02,"treat_none",0
"3arc-Iteration0-PA1:1DO:0-Seed1055","3 arc-second",0,0.03,"treat_none",0
"3arc-Iteration0-PA1:1DO:0-Seed1055","3 arc-second",0,0.04,"treat_none",0
"3arc-Iteration0-PA1:1DO:0-Seed1055","3 arc-second",0,0.05,"treat_none",0
"3arc-Iteration0-PA1:1DO:0-Seed1055","3 arc-second",0,0.06,"treat_none",0
"3arc-Iteration0-PA1:1DO:0-Seed1055","3 arc-second",0,0.07,"treat_none",0
"3arc-Iteration0-PA1:1DO:0-Seed1055","3 arc-second",0,0.08,"treat_none",0
"3arc-Iteration0-PA1:1DO:0-Seed1055","3 arc-second",0,0.09,"treat_none",0
"3arc-Iteration0-PA1:1DO:0-Seed1055","3 arc-second",0,0.1,"treat_none",0
"3arc-Iteration0-PA1:1DO:0-Seed1055","3 arc-second",0,0.11,"treat_none",0
"3arc-Iteration0-PA1:1DO:0-Seed1055","3 arc-second",0,0.12,"treat_none",0
"3arc-Iteration0-PA1:1DO:0-Seed1055","3 arc-second",0,0.13,"treat_none",0
"3arc-Iteration0-PA1:1DO:0-Seed1055","3 arc-second",0,0.14,"treat_none",0
"3arc-Iteration0-PA1:1DO:0-Seed1055","3 arc-second",0,0.15,"treat_none",0
"3arc-Iteration0-PA1:1DO:0-Seed1055","3 arc-second",0,0.16,"treat_none",0
"3arc-Iteration0-PA1:1DO:0-Seed1055","3 arc-second",0,0.17,"treat_none",0
"3arc-Iteration0-PA1:1DO:0-Seed1055","3 arc-second",0,0.18,"treat_none",0
"3arc-Iteration0-PA1:1DO:0-Seed1055","3 arc-second",0,0.19,"treat_none",0
"3arc-Iteration0-PA1:1DO:0-Seed1055","3 arc-second",0,0.2,"treat_none",0
"3arc-Iteration0-PA1:1DO:0-Seed1055","3 arc-second",0,0.21,"treat_none",0
"3arc-Iteration0-PA1:1DO:0-Seed1055","3 arc-second",0,0.22,"treat_none",0
"3arc-Iteration0-PA1:1DO:0-Seed1055","3 arc-second",0,0.23,"treat_none",0
"3arc-Iteration0-PA1:1DO:0-Seed1055","3 arc-second",0,0.24,"treat_none",0
"3arc-Iteration0-PA1:1DO:0-Seed1055","3 arc-second",0,0.25,"treat_none",0
"3arc-Iteration0-PA1:1DO:0-Seed1055","3 arc-second",0,0.26,"treat_none",0
"3arc-Iteration0-PA1:1DO:0-Seed1055","3 arc-second",0,0.27,"treat_none",0
"3arc-Iteration0-PA1:1DO:0-Seed1055","3 arc-second",0,0.28,"treat_none",0
"3arc-Iteration0-PA1:1DO:0-Seed1055","3 arc-second",0,0.29,"treat_none",0
"3arc-Iteration0-PA1:1DO:0-Seed1055","3 arc-second",0,0.3,"treat_none",0
"3arc-Iteration0-PA1:1DO:0-Seed1055","3 arc-second",0,0.31,"treat_none",0
"3arc-Iteration0-PA1:1DO:0-Seed1055","3 arc-second",0,0.32,"treat_none",0
"3arc-Iteration0-PA1:1DO:0-Seed1055","3 arc-second",0,0.33,"treat_none",0
"3arc-Iteration0-PA1:1DO:0-Seed1055","3 arc-second",0,0.34,"treat_none",0
"3arc-Iteration0-PA1:1DO:0-Seed1055","3 arc-second",0,0.35,"treat_none",0
"3arc-Iteration0-PA1:1DO:0-Seed1055","3 arc-second",0,0.36,"treat_none",0
"3arc-Iteration0-PA1:1DO:0-Seed1055","3 arc-second",0,0.37,"treat_none",0
"3arc-Iteration0-PA1:1DO:0-Seed1055","3 arc-second",0,0.38,"treat_none",0
"3arc-Iteration0-PA1:1DO:0-Seed1055","3 arc-second",0,0.39,"treat_none",0
"3arc-Iteration0-PA1:1DO:0-Seed1055","3 arc-second",0,0.4,"treat_none",0
"3arc-Iteration0-PA1:1DO:0-Seed1055","3 arc-second",0,0.41,"treat_none",0
"3arc-Iteration0-PA1:1DO:0-Seed1055","3 arc-second",0,0.42,"treat_none",0
"3arc-Iteration0-PA1:1DO:0-Seed1055","3 arc-second",0,0.43,"treat_none",0
"3arc-Iteration0-PA1:1DO:0-Seed1055","3 arc-second",0,0.44,"treat_none",0
"3arc-Iteration0-PA1:1DO:0-Seed1055","3 arc-second",0,0.45,"treat_none",0
"3arc-Iteration0-PA1:1DO:0-Seed1055","3 arc-second",0,0.46,"treat_none",0
"3arc-Iteration0-PA1:1DO:0-Seed1055","3 arc-second",0,0.47,"treat_none",0
"3arc-Iteration0-PA1:1DO:0-Seed1055","3 arc-second",0,0.48,"treat_none",0
"3arc-Iteration0-PA1:1DO:0-Seed1055","3 arc-second",0,0.49,"treat_none",0
"3arc-Iteration0-PA1:1DO:0-Seed1055","3 arc-second",0,0.5,"treat_none",0
"3arc-Iteration0-PA1:1DO:0-Seed1055","3 arc-second",0,0.51,"treat_none",0
"3arc-Iteration0-PA1:1DO:0-Seed1055","3 arc-second",0,0.52,"treat_none",0
"3arc-Iteration0-PA1:1DO:0-Seed1055","3 arc-second",0,0.53,"treat_none",0
"3arc-Iteration0-PA1:1DO:0-Seed1055","3 arc-second",0,0.54,"treat_none",0
"3arc-Iteration0-PA1:1DO:0-Seed1055","3 arc-second",0,0.55,"treat_none",0
"3arc-Iteration0-PA1:1DO:0-Seed1055","3 arc-second",0,0.56,"treat_none",0
"3arc-Iteration0-PA1:1DO:0-Seed1055","3 arc-second",0,0.57,"treat_none",0
"3arc-Iteration0-PA1:1DO:0-Seed1055","3 arc-second",0,0.58,"treat_none",0
"3arc-Iteration0-PA1:1DO:0-Seed1055","3 arc-second",0,0.59,"treat_none",0
"3arc-Iteration0-PA1:1DO:0-Seed1055","3 arc-second",0,0.6,"treat_none",0
"3arc-Iteration0-PA1:1DO:0-Seed1055","3 arc-second",0,0.61,"treat_none",0
"3arc-Iteration0-PA1:1DO:0-Seed1055","3 arc-second",0,0.62,"treat_none",0
"3arc-Iteration0-PA1:1DO:0-Seed1055","3 arc-second",0,0.63,"treat_none",0
"3arc-Iteration0-PA1:1DO:0-Seed1055","3 arc-second",0,0.64,"treat_none",0
"3arc-Iteration0-PA1:1DO:0-Seed1055","3 arc-second",0,0.65,"treat_none",0
"3arc-Iteration0-PA1:1DO:0-Seed1055","3 arc-second",0,0.66,"treat_none",0
"3arc-Iteration0-PA1:1DO:0-Seed1055","3 arc-second",0,0.67,"treat_none",0
"3arc-Iteration0-PA1:1DO:0-Seed1055","3 arc-second",0,0.68,"treat_none",0
"3arc-Iteration0-PA1:1DO:0-Seed1055","3 arc-second",0,0.69,"treat_none",0
"3arc-Iteration0-PA1:1DO:0-Seed1055","3 arc-second",0,0.7,"treat_none",0
"3arc-Iteration0-PA1:1DO:0-Seed1055","3 arc-second",0,0.71,"treat_none",0
"3arc-Iteration0-PA1:1DO:0-Seed1055","3 arc-second",0,0.72,"treat_none",0
"3arc-Iteration0-PA1:1DO:0-Seed1055","3 arc-second",0,0.73,"treat_none",0
"3arc-Iteration0-PA1:1DO:0-Seed1055","3 arc-second",0,0.74,"treat_none",0
"3arc-Iteration0-PA1:1DO:0-Seed1055","3 arc-second",0,0.75,"treat_none",0
"3arc-Iteration0-PA1:1DO:0-Seed1055","3 arc-second",0,0.76,"treat_none",0
"3arc-Iteration0-PA1:1DO:0-Seed1055","3 arc-second",0,0.77,"treat_none",0
"3arc-Iteration0-PA1:1DO:0-Seed1055","3 arc-second",0,0.78,"treat_none",0
"3arc-Iteration0-PA1:1DO:0-Seed1055","3 arc-second",0,0.79,"treat_none",0
"3arc-Iteration0-PA1:1DO:0-Seed1055","3 arc-second",0,0.8,"treat_none",0
"3arc-Iteration0-PA1:1DO:0-Seed1055","3 arc-second",0,0.81,"treat_none",0
"3arc-Iteration0-PA1:1DO:0-Seed1055","3 arc-second",0,0.82,"treat_none",0
"3arc-Iteration0-PA1:1DO:0-Seed1055","3 arc-second",0,0.83,"treat_none",0
"3arc-Iteration0-PA1:1DO:0-Seed1055","3 arc-second",0,0.84,"treat_none",0
"3arc-Iteration0-PA1:1DO:0-Seed1055","3 arc-second",0,0.85,"treat_none",0
"3arc-Iteration0-PA1:1DO:0-Seed1055","3 arc-second",0,0.86,"treat_none",0
"3arc-Iteration0-PA1:1DO:0-Seed1055","3 arc-second",0,0.87,"treat_none",0
"3arc-Iteration0-PA1:1DO:0-Seed1055","3 arc-second",0,0.88,"treat_none",0
"3arc-Iteration0-PA1:1DO:0-Seed1055","3 arc-second",0,0.89,"treat_none",0
"3arc-Iteration0-PA1:1DO:0-Seed1055","3 arc-second",0,0.9,"treat_none",0
"3arc-Iteration0-PA1:1DO:0-Seed1055","3 arc-second",0,0.91,"treat_none",0
"3arc-Iteration0-PA1:1DO:0-Seed1055","3 arc-second",0,0.92,"treat_none",0
"3arc-Iteration0-PA1:1DO:0-Seed1055","3 arc-second",0,0.93,"treat_none",0
"3arc-Iteration0-PA1:1DO:0-Seed1055","3 arc-second",0,0.94,"treat_none",0
"3arc-Iteration0-PA1:1DO:0-Seed1055","3 arc-second",0,0.95,"treat_none",0
"3arc-Iteration0-PA1:1DO:0-Seed1055","3 arc-second",0,0.96,"treat_none",0
"3arc-Iteration0-PA1:1DO:0-Seed1055","3 arc-second",0,0.97,"treat_none",0
"3arc-Iteration0-PA1:1DO:0-Seed1055","3 arc-second",0,0.98,"treat_none",0
"3arc-Iteration0-PA1:1DO:0-Seed1055","3 arc-second",0,0.99,"treat_none",0
"3arc-Iteration1-PA1:1DO:0-Seed1017","3 arc-second",1,0.01,"model",0.407871821664925
"3arc-Iteration1-PA1:1DO:0-Seed1017","3 arc-second",1,0.02,"model",0.4018296973962
"3arc-Iteration1-PA1:1DO:0-Seed1017","3 arc-second",1,0.03,"model",0.395662993245645
"3arc-Iteration1-PA1:1DO:0-Seed1017","3 arc-second",1,0.04,"model",0.389367816091954
"3arc-Iteration1-PA1:1DO:0-Seed1017","3 arc-second",1,0.05,"model",0.382940108892922
"3arc-Iteration1-PA1:1DO:0-Seed1017","3 arc-second",1,0.06,"model",0.376375641966251
"3arc-Iteration1-PA1:1DO:0-Seed1017","3 arc-second",1,0.07,"model",0.369670003707823
"3arc-Iteration1-PA1:1DO:0-Seed1017","3 arc-second",1,0.08,"model",0.362818590704648
"3arc-Iteration1-PA1:1DO:0-Seed1017","3 arc-second",1,0.09,"model",0.355816597195908
"3arc-Iteration1-PA1:1DO:0-Seed1017","3 arc-second",1,0.1,"model",0.348659003831418
"3arc-Iteration1-PA1:1DO:0-Seed1017","3 arc-second",1,0.11,"model",0.34134056567222
"3arc-Iteration1-PA1:1DO:0-Seed1017","3 arc-second",1,0.12,"model",0.333855799373041
"3arc-Iteration1-PA1:1DO:0-Seed1017","3 arc-second",1,0.13,"model",0.326198969480777
"3arc-Iteration1-PA1:1DO:0-Seed1017","3 arc-second",1,0.14,"model",0.318364073777065
"3arc-Iteration1-PA1:1DO:0-Seed1017","3 arc-second",1,0.15,"model",0.310344827586207
"3arc-Iteration1-PA1:1DO:0-Seed1017","3 arc-second",1,0.16,"model",0.302134646962233
"3arc-Iteration1-PA1:1DO:0-Seed1017","3 arc-second",1,0.17,"model",0.293726630660573
"3arc-Iteration1-PA1:1DO:0-Seed1017","3 arc-second",1,0.18,"model",0.28511354079058
"3arc-Iteration1-PA1:1DO:0-Seed1017","3 arc-second",1,0.19,"model",0.276287782034908
"3arc-Iteration1-PA1:1DO:0-Seed1017","3 arc-second",1,0.2,"model",0.267241379310345
"3arc-Iteration1-PA1:1DO:0-Seed1017","3 arc-second",1,0.21,"model",0.257965953731995
"3arc-Iteration1-PA1:1DO:0-Seed1017","3 arc-second",1,0.22,"model",0.248452696728559
"3arc-Iteration1-PA1:1DO:0-Seed1017","3 arc-second",1,0.23,"model",0.238692342140618
"3arc-Iteration1-PA1:1DO:0-Seed1017","3 arc-second",1,0.24,"model",0.228675136116152
"3arc-Iteration1-PA1:1DO:0-Seed1017","3 arc-second",1,0.25,"model",0.218390804597701
"3arc-Iteration1-PA1:1DO:0-Seed1017","3 arc-second",1,0.26,"model",0.207828518173346
"3arc-Iteration1-PA1:1DO:0-Seed1017","3 arc-second",1,0.27,"model",0.196976854038734
"3arc-Iteration1-PA1:1DO:0-Seed1017","3 arc-second",1,0.28,"model",0.185823754789272
"3arc-Iteration1-PA1:1DO:0-Seed1017","3 arc-second",1,0.29,"model",0.174356483729966
"3arc-Iteration1-PA1:1DO:0-Seed1017","3 arc-second",1,0.3,"model",0.16256157635468
"3arc-Iteration1-PA1:1DO:0-Seed1017","3 arc-second",1,0.31,"model",0.150424787606197
"3arc-Iteration1-PA1:1DO:0-Seed1017","3 arc-second",1,0.32,"model",0.137931034482759
"3arc-Iteration1-PA1:1DO:0-Seed1017","3 arc-second",1,0.33,"model",0.125064333504889
"3arc-Iteration1-PA1:1DO:0-Seed1017","3 arc-second",1,0.34,"model",0.111807732497388
"3arc-Iteration1-PA1:1DO:0-Seed1017","3 arc-second",1,0.35,"model",0.0981432360742705
"3arc-Iteration1-PA1:1DO:0-Seed1017","3 arc-second",1,0.36,"model",0.084051724137931
"3arc-Iteration1-PA1:1DO:0-Seed1017","3 arc-second",1,0.37,"model",0.0695128626163109
"3arc-Iteration1-PA1:1DO:0-Seed1017","3 arc-second",1,0.38,"model",0.0545050055617353
"3arc-Iteration1-PA1:1DO:0-Seed1017","3 arc-second",1,0.39,"model",0.0390050876201244
"3arc-Iteration1-PA1:1DO:0-Seed1017","3 arc-second",1,0.4,"model",0.0057471264367816
"3arc-Iteration1-PA1:1DO:0-Seed1017","3 arc-second",1,0.41,"model",-0.0970192869666861
"3arc-Iteration1-PA1:1DO:0-Seed1017","3 arc-second",1,0.42,"model",-0.114149821640904
"3arc-Iteration1-PA1:1DO:0-Seed1017","3 arc-second",1,0.43,"model",-0.131881427707199
"3arc-Iteration1-PA1:1DO:0-Seed1017","3 arc-second",1,0.44,"model",-0.140394088669951
"3arc-Iteration1-PA1:1DO:0-Seed1017","3 arc-second",1,0.45,"model",-0.144200626959248
"3arc-Iteration1-PA1:1DO:0-Seed1017","3 arc-second",1,0.46,"model",-0.162196679438059
"3arc-Iteration1-PA1:1DO:0-Seed1017","3 arc-second",1,0.47,"model",-0.180871828236825
"3arc-Iteration1-PA1:1DO:0-Seed1017","3 arc-second",1,0.48,"model",-0.20026525198939
"3arc-Iteration1-PA1:1DO:0-Seed1017","3 arc-second",1,0.49,"model",-0.220419202163624
"3arc-Iteration1-PA1:1DO:0-Seed1017","3 arc-second",1,0.5,"model",-0.241379310344828
"3arc-Iteration1-PA1:1DO:0-Seed1017","3 arc-second",1,0.51,"model",-0.263194933145672
"3arc-Iteration1-PA1:1DO:0-Seed1017","3 arc-second",1,0.52,"model",-0.30316091954023
"3arc-Iteration1-PA1:1DO:0-Seed1017","3 arc-second",1,0.53,"model",-0.326852531181218
"3arc-Iteration1-PA1:1DO:0-Seed1017","3 arc-second",1,0.54,"model",-0.351574212893553
"3arc-Iteration1-PA1:1DO:0-Seed1017","3 arc-second",1,0.55,"model",-0.377394636015326
"3arc-Iteration1-PA1:1DO:0-Seed1017","3 arc-second",1,0.56,"model",-0.404388714733542
"3arc-Iteration1-PA1:1DO:0-Seed1017","3 arc-second",1,0.57,"model",-0.432638331996792
"3arc-Iteration1-PA1:1DO:0-Seed1017","3 arc-second",1,0.58,"model",-0.462233169129721
"3arc-Iteration1-PA1:1DO:0-Seed1017","3 arc-second",1,0.59,"model",-0.493271656854499
"3arc-Iteration1-PA1:1DO:0-Seed1017","3 arc-second",1,0.6,"model",-0.525862068965517
"3arc-Iteration1-PA1:1DO:0-Seed1017","3 arc-second",1,0.61,"model",-0.560123784261715
"3arc-Iteration1-PA1:1DO:0-Seed1017","3 arc-second",1,0.62,"model",-0.596188747731397
"3arc-Iteration1-PA1:1DO:0-Seed1017","3 arc-second",1,0.63,"model",-0.634203168685927
"3arc-Iteration1-PA1:1DO:0-Seed1017","3 arc-second",1,0.64,"model",-0.674329501915709
"3arc-Iteration1-PA1:1DO:0-Seed1017","3 arc-second",1,0.65,"model",-0.684729064039409
"3arc-Iteration1-PA1:1DO:0-Seed1017","3 arc-second",1,0.66,"model",-0.728194726166329
"3arc-Iteration1-PA1:1DO:0-Seed1017","3 arc-second",1,0.67,"model",-0.774294670846395
"3arc-Iteration1-PA1:1DO:0-Seed1017","3 arc-second",1,0.68,"model",-0.786637931034483
"3arc-Iteration1-PA1:1DO:0-Seed1017","3 arc-second",1,0.69,"model",-0.721913236929922
"3arc-Iteration1-PA1:1DO:0-Seed1017","3 arc-second",1,0.7,"model",-0.689655172413793
"3arc-Iteration1-PA1:1DO:0-Seed1017","3 arc-second",1,0.71,"model",-0.652794292508918
"3arc-Iteration1-PA1:1DO:0-Seed1017","3 arc-second",1,0.72,"model",-0.699507389162561
"3arc-Iteration1-PA1:1DO:0-Seed1017","3 arc-second",1,0.73,"model",-0.749680715197956
"3arc-Iteration1-PA1:1DO:0-Seed1017","3 arc-second",1,0.74,"model",-0.803713527851459
"3arc-Iteration1-PA1:1DO:0-Seed1017","3 arc-second",1,0.75,"model",-0.862068965517241
"3arc-Iteration1-PA1:1DO:0-Seed1017","3 arc-second",1,0.76,"model",-0.925287356321839
"3arc-Iteration1-PA1:1DO:0-Seed1017","3 arc-second",1,0.77,"model",-0.99400299850075
"3arc-Iteration1-PA1:1DO:0-Seed1017","3 arc-second",1,0.78,"model",-0.946708463949843
"3arc-Iteration1-PA1:1DO:0-Seed1017","3 arc-second",1,0.79,"model",-1.02134646962233
"3arc-Iteration1-PA1:1DO:0-Seed1017","3 arc-second",1,0.8,"model",-1.10344827586207
"3arc-Iteration1-PA1:1DO:0-Seed1017","3 arc-second",1,0.81,"model",-1.04718693284937
"3arc-Iteration1-PA1:1DO:0-Seed1017","3 arc-second",1,0.82,"model",-1.13793103448276
"3arc-Iteration1-PA1:1DO:0-Seed1017","3 arc-second",1,0.83,"model",-1.23935091277891
"3arc-Iteration1-PA1:1DO:0-Seed1017","3 arc-second",1,0.84,"model",-1.20689655172414
"3arc-Iteration1-PA1:1DO:0-Seed1017","3 arc-second",1,0.85,"model",-1.32183908045977
"3arc-Iteration1-PA1:1DO:0-Seed1017","3 arc-second",1,0.86,"model",-1.02955665024631
"3arc-Iteration1-PA1:1DO:0-Seed1017","3 arc-second",1,0.87,"model",-0.929708222811671
"3arc-Iteration1-PA1:1DO:0-Seed1017","3 arc-second",1,0.88,"model",-0.913793103448276
"3arc-Iteration1-PA1:1DO:0-Seed1017","3 arc-second",1,0.89,"model",-1.04858934169279
"3arc-Iteration1-PA1:1DO:0-Seed1017","3 arc-second",1,0.9,"model",-1.03448275862069
"3arc-Iteration1-PA1:1DO:0-Seed1017","3 arc-second",1,0.91,"model",-1.03065134099617
"3arc-Iteration1-PA1:1DO:0-Seed1017","3 arc-second",1,0.92,"model",-1
"3arc-Iteration1-PA1:1DO:0-Seed1017","3 arc-second",1,0.93,"model",-1.18472906403941
"3arc-Iteration1-PA1:1DO:0-Seed1017","3 arc-second",1,0.94,"model",-1.17816091954023
"3arc-Iteration1-PA1:1DO:0-Seed1017","3 arc-second",1,0.95,"model",-1.13793103448276
"3arc-Iteration1-PA1:1DO:0-Seed1017","3 arc-second",1,0.96,"model",-0.706896551724139
"3arc-Iteration1-PA1:1DO:0-Seed1017","3 arc-second",1,0.97,"model",-1.01149425287356
"3arc-Iteration1-PA1:1DO:0-Seed1017","3 arc-second",1,0.98,"model",-0.827586206896551
"3arc-Iteration1-PA1:1DO:0-Seed1017","3 arc-second",1,0.99,"model",0
"3arc-Iteration1-PA1:1DO:0-Seed1017","3 arc-second",1,0.01,"treat_all",0.407871821664925
"3arc-Iteration1-PA1:1DO:0-Seed1017","3 arc-second",1,0.02,"treat_all",0.4018296973962
"3arc-Iteration1-PA1:1DO:0-Seed1017","3 arc-second",1,0.03,"treat_all",0.395662993245645
"3arc-Iteration1-PA1:1DO:0-Seed1017","3 arc-second",1,0.04,"treat_all",0.389367816091954
"3arc-Iteration1-PA1:1DO:0-Seed1017","3 arc-second",1,0.05,"treat_all",0.382940108892922
"3arc-Iteration1-PA1:1DO:0-Seed1017","3 arc-second",1,0.06,"treat_all",0.376375641966251
"3arc-Iteration1-PA1:1DO:0-Seed1017","3 arc-second",1,0.07,"treat_all",0.369670003707823
"3arc-Iteration1-PA1:1DO:0-Seed1017","3 arc-second",1,0.08,"treat_all",0.362818590704648
"3arc-Iteration1-PA1:1DO:0-Seed1017","3 arc-second",1,0.09,"treat_all",0.355816597195908
"3arc-Iteration1-PA1:1DO:0-Seed1017","3 arc-second",1,0.1,"treat_all",0.348659003831418
"3arc-Iteration1-PA1:1DO:0-Seed1017","3 arc-second",1,0.11,"treat_all",0.34134056567222
"3arc-Iteration1-PA1:1DO:0-Seed1017","3 arc-second",1,0.12,"treat_all",0.333855799373041
"3arc-Iteration1-PA1:1DO:0-Seed1017","3 arc-second",1,0.13,"treat_all",0.326198969480777
"3arc-Iteration1-PA1:1DO:0-Seed1017","3 arc-second",1,0.14,"treat_all",0.318364073777065
"3arc-Iteration1-PA1:1DO:0-Seed1017","3 arc-second",1,0.15,"treat_all",0.310344827586207
"3arc-Iteration1-PA1:1DO:0-Seed1017","3 arc-second",1,0.16,"treat_all",0.302134646962233
"3arc-Iteration1-PA1:1DO:0-Seed1017","3 arc-second",1,0.17,"treat_all",0.293726630660573
"3arc-Iteration1-PA1:1DO:0-Seed1017","3 arc-second",1,0.18,"treat_all",0.28511354079058
"3arc-Iteration1-PA1:1DO:0-Seed1017","3 arc-second",1,0.19,"treat_all",0.276287782034908
"3arc-Iteration1-PA1:1DO:0-Seed1017","3 arc-second",1,0.2,"treat_all",0.267241379310345
"3arc-Iteration1-PA1:1DO:0-Seed1017","3 arc-second",1,0.21,"treat_all",0.257965953731995
"3arc-Iteration1-PA1:1DO:0-Seed1017","3 arc-second",1,0.22,"treat_all",0.248452696728559
"3arc-Iteration1-PA1:1DO:0-Seed1017","3 arc-second",1,0.23,"treat_all",0.238692342140618
"3arc-Iteration1-PA1:1DO:0-Seed1017","3 arc-second",1,0.24,"treat_all",0.228675136116152
"3arc-Iteration1-PA1:1DO:0-Seed1017","3 arc-second",1,0.25,"treat_all",0.218390804597701
"3arc-Iteration1-PA1:1DO:0-Seed1017","3 arc-second",1,0.26,"treat_all",0.207828518173346
"3arc-Iteration1-PA1:1DO:0-Seed1017","3 arc-second",1,0.27,"treat_all",0.196976854038734
"3arc-Iteration1-PA1:1DO:0-Seed1017","3 arc-second",1,0.28,"treat_all",0.185823754789272
"3arc-Iteration1-PA1:1DO:0-Seed1017","3 arc-second",1,0.29,"treat_all",0.174356483729966
"3arc-Iteration1-PA1:1DO:0-Seed1017","3 arc-second",1,0.3,"treat_all",0.16256157635468
"3arc-Iteration1-PA1:1DO:0-Seed1017","3 arc-second",1,0.31,"treat_all",0.150424787606197
"3arc-Iteration1-PA1:1DO:0-Seed1017","3 arc-second",1,0.32,"treat_all",0.137931034482759
"3arc-Iteration1-PA1:1DO:0-Seed1017","3 arc-second",1,0.33,"treat_all",0.125064333504889
"3arc-Iteration1-PA1:1DO:0-Seed1017","3 arc-second",1,0.34,"treat_all",0.111807732497388
"3arc-Iteration1-PA1:1DO:0-Seed1017","3 arc-second",1,0.35,"treat_all",0.0981432360742704
"3arc-Iteration1-PA1:1DO:0-Seed1017","3 arc-second",1,0.36,"treat_all",0.0840517241379309
"3arc-Iteration1-PA1:1DO:0-Seed1017","3 arc-second",1,0.37,"treat_all",0.0695128626163108
"3arc-Iteration1-PA1:1DO:0-Seed1017","3 arc-second",1,0.38,"treat_all",0.0545050055617352
"3arc-Iteration1-PA1:1DO:0-Seed1017","3 arc-second",1,0.39,"treat_all",0.0390050876201243
"3arc-Iteration1-PA1:1DO:0-Seed1017","3 arc-second",1,0.4,"treat_all",0.0229885057471264
"3arc-Iteration1-PA1:1DO:0-Seed1017","3 arc-second",1,0.41,"treat_all",0.00642898889538274
"3arc-Iteration1-PA1:1DO:0-Seed1017","3 arc-second",1,0.42,"treat_all",-0.0107015457788349
"3arc-Iteration1-PA1:1DO:0-Seed1017","3 arc-second",1,0.43,"treat_all",-0.0284331518451301
"3arc-Iteration1-PA1:1DO:0-Seed1017","3 arc-second",1,0.44,"treat_all",-0.0467980295566503
"3arc-Iteration1-PA1:1DO:0-Seed1017","3 arc-second",1,0.45,"treat_all",-0.0658307210031348
"3arc-Iteration1-PA1:1DO:0-Seed1017","3 arc-second",1,0.46,"treat_all",-0.0855683269476373
"3arc-Iteration1-PA1:1DO:0-Seed1017","3 arc-second",1,0.47,"treat_all",-0.1060507482108
"3arc-Iteration1-PA1:1DO:0-Seed1017","3 arc-second",1,0.48,"treat_all",-0.127320954907162
"3arc-Iteration1-PA1:1DO:0-Seed1017","3 arc-second",1,0.49,"treat_all",-0.149425287356322
"3arc-Iteration1-PA1:1DO:0-Seed1017","3 arc-second",1,0.5,"treat_all",-0.172413793103448
"3arc-Iteration1-PA1:1DO:0-Seed1017","3 arc-second",1,0.51,"treat_all",-0.1963406052076
"3arc-Iteration1-PA1:1DO:0-Seed1017","3 arc-second",1,0.52,"treat_all",-0.221264367816092
"3arc-Iteration1-PA1:1DO:0-Seed1017","3 arc-second",1,0.53,"treat_all",-0.247248716067498
"3arc-Iteration1-PA1:1DO:0-Seed1017","3 arc-second",1,0.54,"treat_all",-0.274362818590705
"3arc-Iteration1-PA1:1DO:0-Seed1017","3 arc-second",1,0.55,"treat_all",-0.302681992337165
"3arc-Iteration1-PA1:1DO:0-Seed1017","3 arc-second",1,0.56,"treat_all",-0.332288401253919
"3arc-Iteration1-PA1:1DO:0-Seed1017","3 arc-second",1,0.57,"treat_all",-0.36327185244587
"3arc-Iteration1-PA1:1DO:0-Seed1017","3 arc-second",1,0.58,"treat_all",-0.395730706075534
"3arc-Iteration1-PA1:1DO:0-Seed1017","3 arc-second",1,0.59,"treat_all",-0.429772918418839
"3arc-Iteration1-PA1:1DO:0-Seed1017","3 arc-second",1,0.6,"treat_all",-0.46551724137931
"3arc-Iteration1-PA1:1DO:0-Seed1017","3 arc-second",1,0.61,"treat_all",-0.503094606542883
"3arc-Iteration1-PA1:1DO:0-Seed1017","3 arc-second",1,0.62,"treat_all",-0.542649727767695
"3arc-Iteration1-PA1:1DO:0-Seed1017","3 arc-second",1,0.63,"treat_all",-0.584342963653309
"3arc-Iteration1-PA1:1DO:0-Seed1017","3 arc-second",1,0.64,"treat_all",-0.628352490421456
"3arc-Iteration1-PA1:1DO:0-Seed1017","3 arc-second",1,0.65,"treat_all",-0.674876847290641
"3arc-Iteration1-PA1:1DO:0-Seed1017","3 arc-second",1,0.66,"treat_all",-0.724137931034483
"3arc-Iteration1-PA1:1DO:0-Seed1017","3 arc-second",1,0.67,"treat_all",-0.776384535005225
"3arc-Iteration1-PA1:1DO:0-Seed1017","3 arc-second",1,0.68,"treat_all",-0.831896551724138
"3arc-Iteration1-PA1:1DO:0-Seed1017","3 arc-second",1,0.69,"treat_all",-0.89098998887653
"3arc-Iteration1-PA1:1DO:0-Seed1017","3 arc-second",1,0.7,"treat_all",-0.954022988505748
"3arc-Iteration1-PA1:1DO:0-Seed1017","3 arc-second",1,0.71,"treat_all",-1.02140309155767
"3arc-Iteration1-PA1:1DO:0-Seed1017","3 arc-second",1,0.72,"treat_all",-1.0935960591133
"3arc-Iteration1-PA1:1DO:0-Seed1017","3 arc-second",1,0.73,"treat_all",-1.17113665389527
"3arc-Iteration1-PA1:1DO:0-Seed1017","3 arc-second",1,0.74,"treat_all",-1.25464190981432
"3arc-Iteration1-PA1:1DO:0-Seed1017","3 arc-second",1,0.75,"treat_all",-1.3448275862069
"3arc-Iteration1-PA1:1DO:0-Seed1017","3 arc-second",1,0.76,"treat_all",-1.44252873563218
"3arc-Iteration1-PA1:1DO:0-Seed1017","3 arc-second",1,0.77,"treat_all",-1.54872563718141
"3arc-Iteration1-PA1:1DO:0-Seed1017","3 arc-second",1,0.78,"treat_all",-1.66457680250784
"3arc-Iteration1-PA1:1DO:0-Seed1017","3 arc-second",1,0.79,"treat_all",-1.79146141215107
"3arc-Iteration1-PA1:1DO:0-Seed1017","3 arc-second",1,0.8,"treat_all",-1.93103448275862
"3arc-Iteration1-PA1:1DO:0-Seed1017","3 arc-second",1,0.81,"treat_all",-2.08529945553539
"3arc-Iteration1-PA1:1DO:0-Seed1017","3 arc-second",1,0.82,"treat_all",-2.25670498084291
"3arc-Iteration1-PA1:1DO:0-Seed1017","3 arc-second",1,0.83,"treat_all",-2.44827586206897
"3arc-Iteration1-PA1:1DO:0-Seed1017","3 arc-second",1,0.84,"treat_all",-2.66379310344828
"3arc-Iteration1-PA1:1DO:0-Seed1017","3 arc-second",1,0.85,"treat_all",-2.90804597701149
"3arc-Iteration1-PA1:1DO:0-Seed1017","3 arc-second",1,0.86,"treat_all",-3.1871921182266
"3arc-Iteration1-PA1:1DO:0-Seed1017","3 arc-second",1,0.87,"treat_all",-3.50928381962865
"3arc-Iteration1-PA1:1DO:0-Seed1017","3 arc-second",1,0.88,"treat_all",-3.88505747126437
"3arc-Iteration1-PA1:1DO:0-Seed1017","3 arc-second",1,0.89,"treat_all",-4.32915360501567
"3arc-Iteration1-PA1:1DO:0-Seed1017","3 arc-second",1,0.9,"treat_all",-4.86206896551724
"3arc-Iteration1-PA1:1DO:0-Seed1017","3 arc-second",1,0.91,"treat_all",-5.51340996168583
"3arc-Iteration1-PA1:1DO:0-Seed1017","3 arc-second",1,0.92,"treat_all",-6.32758620689656
"3arc-Iteration1-PA1:1DO:0-Seed1017","3 arc-second",1,0.93,"treat_all",-7.37438423645321
"3arc-Iteration1-PA1:1DO:0-Seed1017","3 arc-second",1,0.94,"treat_all",-8.77011494252875
"3arc-Iteration1-PA1:1DO:0-Seed1017","3 arc-second",1,0.95,"treat_all",-10.7241379310345
"3arc-Iteration1-PA1:1DO:0-Seed1017","3 arc-second",1,0.96,"treat_all",-13.6551724137931
"3arc-Iteration1-PA1:1DO:0-Seed1017","3 arc-second",1,0.97,"treat_all",-18.5402298850575
"3arc-Iteration1-PA1:1DO:0-Seed1017","3 arc-second",1,0.98,"treat_all",-28.3103448275862
"3arc-Iteration1-PA1:1DO:0-Seed1017","3 arc-second",1,0.99,"treat_all",-57.6206896551724
"3arc-Iteration1-PA1:1DO:0-Seed1017","3 arc-second",1,0.01,"treat_none",0
"3arc-Iteration1-PA1:1DO:0-Seed1017","3 arc-second",1,0.02,"treat_none",0
"3arc-Iteration1-PA1:1DO:0-Seed1017","3 arc-second",1,0.03,"treat_none",0
"3arc-Iteration1-PA1:1DO:0-Seed1017","3 arc-second",1,0.04,"treat_none",0
"3arc-Iteration1-PA1:1DO:0-Seed1017","3 arc-second",1,0.05,"treat_none",0
"3arc-Iteration1-PA1:1DO:0-Seed1017","3 arc-second",1,0.06,"treat_none",0
"3arc-Iteration1-PA1:1DO:0-Seed1017","3 arc-second",1,0.07,"treat_none",0
"3arc-Iteration1-PA1:1DO:0-Seed1017","3 arc-second",1,0.08,"treat_none",0
"3arc-Iteration1-PA1:1DO:0-Seed1017","3 arc-second",1,0.09,"treat_none",0
"3arc-Iteration1-PA1:1DO:0-Seed1017","3 arc-second",1,0.1,"treat_none",0
"3arc-Iteration1-PA1:1DO:0-Seed1017","3 arc-second",1,0.11,"treat_none",0
"3arc-Iteration1-PA1:1DO:0-Seed1017","3 arc-second",1,0.12,"treat_none",0
"3arc-Iteration1-PA1:1DO:0-Seed1017","3 arc-second",1,0.13,"treat_none",0
"3arc-Iteration1-PA1:1DO:0-Seed1017","3 arc-second",1,0.14,"treat_none",0
"3arc-Iteration1-PA1:1DO:0-Seed1017","3 arc-second",1,0.15,"treat_none",0
"3arc-Iteration1-PA1:1DO:0-Seed1017","3 arc-second",1,0.16,"treat_none",0
"3arc-Iteration1-PA1:1DO:0-Seed1017","3 arc-second",1,0.17,"treat_none",0
"3arc-Iteration1-PA1:1DO:0-Seed1017","3 arc-second",1,0.18,"treat_none",0
"3arc-Iteration1-PA1:1DO:0-Seed1017","3 arc-second",1,0.19,"treat_none",0
"3arc-Iteration1-PA1:1DO:0-Seed1017","3 arc-second",1,0.2,"treat_none",0
"3arc-Iteration1-PA1:1DO:0-Seed1017","3 arc-second",1,0.21,"treat_none",0
"3arc-Iteration1-PA1:1DO:0-Seed1017","3 arc-second",1,0.22,"treat_none",0
"3arc-Iteration1-PA1:1DO:0-Seed1017","3 arc-second",1,0.23,"treat_none",0
"3arc-Iteration1-PA1:1DO:0-Seed1017","3 arc-second",1,0.24,"treat_none",0
"3arc-Iteration1-PA1:1DO:0-Seed1017","3 arc-second",1,0.25,"treat_none",0
"3arc-Iteration1-PA1:1DO:0-Seed1017","3 arc-second",1,0.26,"treat_none",0
"3arc-Iteration1-PA1:1DO:0-Seed1017","3 arc-second",1,0.27,"treat_none",0
"3arc-Iteration1-PA1:1DO:0-Seed1017","3 arc-second",1,0.28,"treat_none",0
"3arc-Iteration1-PA1:1DO:0-Seed1017","3 arc-second",1,0.29,"treat_none",0
"3arc-Iteration1-PA1:1DO:0-Seed1017","3 arc-second",1,0.3,"treat_none",0
"3arc-Iteration1-PA1:1DO:0-Seed1017","3 arc-second",1,0.31,"treat_none",0
"3arc-Iteration1-PA1:1DO:0-Seed1017","3 arc-second",1,0.32,"treat_none",0
"3arc-Iteration1-PA1:1DO:0-Seed1017","3 arc-second",1,0.33,"treat_none",0
"3arc-Iteration1-PA1:1DO:0-Seed1017","3 arc-second",1,0.34,"treat_none",0
"3arc-Iteration1-PA1:1DO:0-Seed1017","3 arc-second",1,0.35,"treat_none",0
"3arc-Iteration1-PA1:1DO:0-Seed1017","3 arc-second",1,0.36,"treat_none",0
"3arc-Iteration1-PA1:1DO:0-Seed1017","3 arc-second",1,0.37,"treat_none",0
"3arc-Iteration1-PA1:1DO:0-Seed1017","3 arc-second",1,0.38,"treat_none",0
"3arc-Iteration1-PA1:1DO:0-Seed1017","3 arc-second",1,0.39,"treat_none",0
"3arc-Iteration1-PA1:1DO:0-Seed1017","3 arc-second",1,0.4,"treat_none",0
"3arc-Iteration1-PA1:1DO:0-Seed1017","3 arc-second",1,0.41,"treat_none",0
"3arc-Iteration1-PA1:1DO:0-Seed1017","3 arc-second",1,0.42,"treat_none",0
"3arc-Iteration1-PA1:1DO:0-Seed1017","3 arc-second",1,0.43,"treat_none",0
"3arc-Iteration1-PA1:1DO:0-Seed1017","3 arc-second",1,0.44,"treat_none",0
"3arc-Iteration1-PA1:1DO:0-Seed1017","3 arc-second",1,0.45,"treat_none",0
"3arc-Iteration1-PA1:1DO:0-Seed1017","3 arc-second",1,0.46,"treat_none",0
"3arc-Iteration1-PA1:1DO:0-Seed1017","3 arc-second",1,0.47,"treat_none",0
"3arc-Iteration1-PA1:1DO:0-Seed1017","3 arc-second",1,0.48,"treat_none",0
"3arc-Iteration1-PA1:1DO:0-Seed1017","3 arc-second",1,0.49,"treat_none",0
"3arc-Iteration1-PA1:1DO:0-Seed1017","3 arc-second",1,0.5,"treat_none",0
"3arc-Iteration1-PA1:1DO:0-Seed1017","3 arc-second",1,0.51,"treat_none",0
"3arc-Iteration1-PA1:1DO:0-Seed1017","3 arc-second",1,0.52,"treat_none",0
"3arc-Iteration1-PA1:1DO:0-Seed1017","3 arc-second",1,0.53,"treat_none",0
"3arc-Iteration1-PA1:1DO:0-Seed1017","3 arc-second",1,0.54,"treat_none",0
"3arc-Iteration1-PA1:1DO:0-Seed1017","3 arc-second",1,0.55,"treat_none",0
"3arc-Iteration1-PA1:1DO:0-Seed1017","3 arc-second",1,0.56,"treat_none",0
"3arc-Iteration1-PA1:1DO:0-Seed1017","3 arc-second",1,0.57,"treat_none",0
"3arc-Iteration1-PA1:1DO:0-Seed1017","3 arc-second",1,0.58,"treat_none",0
"3arc-Iteration1-PA1:1DO:0-Seed1017","3 arc-second",1,0.59,"treat_none",0
"3arc-Iteration1-PA1:1DO:0-Seed1017","3 arc-second",1,0.6,"treat_none",0
"3arc-Iteration1-PA1:1DO:0-Seed1017","3 arc-second",1,0.61,"treat_none",0
"3arc-Iteration1-PA1:1DO:0-Seed1017","3 arc-second",1,0.62,"treat_none",0
"3arc-Iteration1-PA1:1DO:0-Seed1017","3 arc-second",1,0.63,"treat_none",0
"3arc-Iteration1-PA1:1DO:0-Seed1017","3 arc-second",1,0.64,"treat_none",0
"3arc-Iteration1-PA1:1DO:0-Seed1017","3 arc-second",1,0.65,"treat_none",0
"3arc-Iteration1-PA1:1DO:0-Seed1017","3 arc-second",1,0.66,"treat_none",0
"3arc-Iteration1-PA1:1DO:0-Seed1017","3 arc-second",1,0.67,"treat_none",0
"3arc-Iteration1-PA1:1DO:0-Seed1017","3 arc-second",1,0.68,"treat_none",0
"3arc-Iteration1-PA1:1DO:0-Seed1017","3 arc-second",1,0.69,"treat_none",0
"3arc-Iteration1-PA1:1DO:0-Seed1017","3 arc-second",1,0.7,"treat_none",0
"3arc-Iteration1-PA1:1DO:0-Seed1017","3 arc-second",1,0.71,"treat_none",0
"3arc-Iteration1-PA1:1DO:0-Seed1017","3 arc-second",1,0.72,"treat_none",0
"3arc-Iteration1-PA1:1DO:0-Seed1017","3 arc-second",1,0.73,"treat_none",0
"3arc-Iteration1-PA1:1DO:0-Seed1017","3 arc-second",1,0.74,"treat_none",0
"3arc-Iteration1-PA1:1DO:0-Seed1017","3 arc-second",1,0.75,"treat_none",0
"3arc-Iteration1-PA1:1DO:0-Seed1017","3 arc-second",1,0.76,"treat_none",0
"3arc-Iteration1-PA1:1DO:0-Seed1017","3 arc-second",1,0.77,"treat_none",0
"3arc-Iteration1-PA1:1DO:0-Seed1017","3 arc-second",1,0.78,"treat_none",0
"3arc-Iteration1-PA1:1DO:0-Seed1017","3 arc-second",1,0.79,"treat_none",0
"3arc-Iteration1-PA1:1DO:0-Seed1017","3 arc-second",1,0.8,"treat_none",0
"3arc-Iteration1-PA1:1DO:0-Seed1017","3 arc-second",1,0.81,"treat_none",0
"3arc-Iteration1-PA1:1DO:0-Seed1017","3 arc-second",1,0.82,"treat_none",0
"3arc-Iteration1-PA1:1DO:0-Seed1017","3 arc-second",1,0.83,"treat_none",0
"3arc-Iteration1-PA1:1DO:0-Seed1017","3 arc-second",1,0.84,"treat_none",0
"3arc-Iteration1-PA1:1DO:0-Seed1017","3 arc-second",1,0.85,"treat_none",0
"3arc-Iteration1-PA1:1DO:0-Seed1017","3 arc-second",1,0.86,"treat_none",0
"3arc-Iteration1-PA1:1DO:0-Seed1017","3 arc-second",1,0.87,"treat_none",0
"3arc-Iteration1-PA1:1DO:0-Seed1017","3 arc-second",1,0.88,"treat_none",0
"3arc-Iteration1-PA1:1DO:0-Seed1017","3 arc-second",1,0.89,"treat_none",0
"3arc-Iteration1-PA1:1DO:0-Seed1017","3 arc-second",1,0.9,"treat_none",0
"3arc-Iteration1-PA1:1DO:0-Seed1017","3 arc-second",1,0.91,"treat_none",0
"3arc-Iteration1-PA1:1DO:0-Seed1017","3 arc-second",1,0.92,"treat_none",0
"3arc-Iteration1-PA1:1DO:0-Seed1017","3 arc-second",1,0.93,"treat_none",0
"3arc-Iteration1-PA1:1DO:0-Seed1017","3 arc-second",1,0.94,"treat_none",0
"3arc-Iteration1-PA1:1DO:0-Seed1017","3 arc-second",1,0.95,"treat_none",0
"3arc-Iteration1-PA1:1DO:0-Seed1017","3 arc-second",1,0.96,"treat_none",0
"3arc-Iteration1-PA1:1DO:0-Seed1017","3 arc-second",1,0.97,"treat_none",0
"3arc-Iteration1-PA1:1DO:0-Seed1017","3 arc-second",1,0.98,"treat_none",0
"3arc-Iteration1-PA1:1DO:0-Seed1017","3 arc-second",1,0.99,"treat_none",0
