"resolution","cv_structure","iteration","pa_ratio","dist_order","n_seeds","n_pts","mean_pr_auc","sd_pr_auc","min_pr_auc","max_pr_auc","mean_orig_pr_auc","sd_orig_pr_auc","mean_roc_auc","sd_roc_auc","mean_brier_class","sd_brier_class","mean_brier_scaled","sd_brier_scaled","mean_cox_intercept","sd_cox_intercept","mean_cox_slope","sd_cox_slope","mean_dca_prop_useful","sd_dca_prop_useful","mean_dca_mean_excess_nb","sd_dca_mean_excess_nb","mean_dca_nb_pt25","sd_dca_nb_pt25","mean_dca_nb_pt50","sd_dca_nb_pt50","mean_dca_nb_pt75","sd_dca_nb_pt75"
"1/3 arc-second","spatial knndm",1,"1:3.95750708215297","0",3,58,0.706611012544045,0.0140368129463856,0.690410244261716,0.715139704971993,0.308115867705527,0.00142177810186789,0.670343137254902,0.00782300571985524,0.236777840721281,0.0227242071370785,0.0238717448696195,0.0936816578543285,-0.57674326773297,0.21422181858425,0.616409085329698,0.105668549271809,0.740740740740741,0.0709471633188737,0.0194272025664028,0.0415742304212259,0.208812260536398,0.0331810499534267,9.25411729306898e-18,0.0689655172413793,-0.0344827586206897,0.253981376942349
"1/3 arc-second","classic",1,"1:3.71813031161473","0",5,58,0.704219941248252,0.0162729505797514,0.678753385283079,0.720132172857088,0.836756497228125,0.0357271000851679,0.666053921568628,0.0237038126640744,0.260790667699021,0.0143279042725549,-0.0751223114454732,0.0590674877118564,-0.850426372410635,0.12155355466813,0.556617766519006,0.0859987531604312,0.488888888888889,0.0730492312394527,-0.0174560405766869,0.0300243509187685,0.213793103448276,0.0267719878134531,-0.0482758620689655,0.0373784196356531,-0.151724137931034,0.218224376997196
"1/3 arc-second","classic",1,"1:2","0",3,58,0.703881982249551,0.0100309975128126,0.692364584533797,0.710705140357425,0.874526665917554,0.0209381868071314,0.68484477124183,0.0336526688775357,0.262796275862069,0.0175821944146007,-0.0833905294117646,0.0724834583464667,-1.06067317680244,0.0666070267708186,0.635879687791969,0.101002790628936,0.38047138047138,0.0518343579742109,-0.0232856036273119,0.0198503158221179,0.21455938697318,0.00877888064167787,-0.0632183908045977,0.0263366419250336,-0.0574712643678161,0.101025263397971
"1/3 arc-second","spatial knndm",1,"1:3","0",3,58,0.703833910565826,0.0168735416190239,0.684641299816889,0.716336962618071,0.355946320782484,0.0024419698269575,0.681168300653595,0.0159940947307613,0.239504952745849,0.0123770076677362,0.0126290918663763,0.0510248208263047,-0.752354881155227,0.125524048254022,0.693138333373773,0.0911057501597988,0.730639730639731,0.111264051460325,0.0125952227056215,0.0203176328667607,0.245210727969349,0.0119635976980812,-0.0459770114942529,0.0398172599441121,0.0517241379310345,0.0621646771631722
"1/3 arc-second","classic",1,"1:3.95750708215297","0",3,58,0.702601297326203,0.0145218215728345,0.685917768557481,0.712401897774234,0.823474169828354,0.0480158262575435,0.65093954248366,0.0233353199503057,0.241994862375479,0.00666732653030506,0.00236431736383454,0.0274863804509145,-0.56888475894539,0.107064728853429,0.616060746583257,0.0269708950468852,0.552188552188552,0.0847120917535968,0.0187879994183359,0.00850670815845627,0.203065134099617,0.0283499015075646,-0.0344827586206896,0.0456164019149067,0.120689655172414,0.0456164019149067
"1/3 arc-second","classic",1,"1:1.25","0",5,58,0.696176428567034,0.0256392690947413,0.657707479701239,0.71924078934629,0.898761223666812,0.0121159556670496,0.65796568627451,0.0434777082919498,0.301083731360572,0.0262142668524741,-0.241232441540399,0.108069600112405,-1.41424020187875,0.144600933987829,0.698081657641065,0.14707774451669,0.323232323232323,0.0610254847151241,-0.0887643826780229,0.0470643582388851,0.218390804597701,0,-0.110344827586207,0.0616846338620632,-0.258620689655172,0.0731489773641256
"1/3 arc-second","classic",1,"1:2.5","0",3,58,0.693530478699889,0.0234979971010689,0.679036351783003,0.720641984799638,0.849636176046138,0.0394003527119288,0.666462418300654,0.0498035255342959,0.259804577108224,0.00745000589176667,-0.0710571046471404,0.0307130144851753,-0.922839269442568,0.157564990838466,0.572703067097547,0.0948502209964342,0.417508417508417,0.074455705008404,-0.0105626654665648,0.010571412423666,0.204980842911877,0.0184744267451972,-0.0229885057471264,0.0263366419250336,-0.0402298850574713,0.103926099540374
"1/3 arc-second","spatial knndm",1,"1:2","0",3,58,0.691037125086594,0.010409475953344,0.679547709029205,0.699839966307025,0.46074463642862,0.0244563264446923,0.669321895424837,0.0231900612157462,0.265411540229885,0.0165377209069411,-0.0941720849673201,0.0681775651114583,-1.00799898745881,0.0895284496602629,0.574523964412201,0.0537424918000232,0.552188552188552,0.0324702045824679,-0.0343491542784276,0.019669481506027,0.235632183908046,0.0152054673049689,-0.0574712643678161,0.0199086299720561,-0.14367816091954,0.122320670424096
"1/3 arc-second","classic",1,"1:2.25","0",5,58,0.690344667527029,0.0183169955310732,0.672282764761868,0.714896069069975,0.853920156392525,0.038291811905453,0.637254901960784,0.0396891418050366,0.275133196409948,0.0183064356307412,-0.134250089121404,0.0754691782620263,-1.04596028092641,0.110591131968492,0.577343855971173,0.0459603734462245,0.311111111111111,0.065227815317022,-0.0344149437141168,0.0234350112221124,0.217241379310345,0.0212721327854273,-0.103448275862069,0.0597258899161682,-0.106896551724138,0.138683293463381
"1/3 arc-second","classic",1,"1:3.23937677053824","0",5,58,0.688090573163182,0.032440124359872,0.666172393903762,0.74412123174475,0.833231102039812,0.0297274613425475,0.668382352941176,0.0432634489937974,0.265871217241379,0.0258338644587201,-0.0960671259803921,0.106501372596979,-0.948382585650721,0.141860493211768,0.559059428689685,0.16360853391822,0.426262626262626,0.14644722989446,-0.036323748989428,0.0483301348163237,0.226436781609195,0.0125913231610383,-0.0379310344827586,0.0283304771123362,-0.151724137931035,0.20232007464422
"1/3 arc-second","classic",1,"1:1","0",13,58,0.684084259988346,0.031004837291679,0.625600511731382,0.729202603214215,0.909072250104213,0.0418637872960278,0.643665158371041,0.0286537404598204,0.330136274226512,0.0176971250070979,-0.361002973649493,0.0729572653478887,-1.68077999609514,0.226910541185141,0.614557040321241,0.186614366840907,0.293706293706294,0.0336181937106199,-0.155574837874791,0.0697859137286336,0.218832891246684,0.00159396608110698,-0.144562334217507,0.0341495840572513,-0.436339522546419,0.186279335551155
"1/3 arc-second","classic",1,"1:1.75","0",5,58,0.682037811971016,0.0272393577413187,0.652087828084119,0.714680738727883,0.889247583579931,0.0458710493933544,0.64093137254902,0.0240653638316856,0.289112882545764,0.00809140671397284,-0.191882030495037,0.033357220815937,-1.2365154105554,0.0907822845172757,0.600236266328791,0.0665048148174637,0.311111111111111,0.0459568208730397,-0.0639148289725937,0.0267680831050019,0.222988505747126,0.00257019307758596,-0.131034482758621,0.052579140282679,-0.127586206896552,0.121058549527876
"3 arc-second","classic, high-PA pool",1,"1:50","0",10,58,0.680866052570387,0.0288914336087902,0.622407958998691,0.728996619106152,0.761673994785598,0.0474953977570968,0.655085784313725,0.0238969715377435,0.288319347625655,0.0209140597971317,-0.188610643888116,0.086219236712685,-0.984088622472404,0.157463814163244,0.416583530853136,0.124933221385854,0.314141414141414,0.136805618677143,-0.0636831640399354,0.0308022817159452,0.189655172413793,0.0521129138265726,-0.0706896551724138,0.0448496850922452,-0.193103448275862,0.12922730411545
"1 arc-second","spatial knndm",0,"1:1.75","0",5,58,0.680497469482171,0.0220884663956667,0.666511746418159,0.717883473095737,0.874263932797207,0.0341560414136072,0.544485294117647,0.0223320160808145,0.551030924137931,0.00761722857035185,-1.27165199607843,0.0314023981748329,-13.8061020275992,0.0533108149315557,0.0862542157954897,0.0536081820606984,0.222222222222222,0,-1.89960060062311,0.0285710486109165,0.218390804597701,0,-0.172413793103448,0,-1.21034482758621,0.0865510372276628
"1/3 arc-second","classic",1,"1:3","0",3,58,0.680220028819031,0.0267509536503385,0.649783245437246,0.70000078658799,0.844465791406414,0.0406439058595039,0.660743464052288,0.0209082898010384,0.255825020066872,0.0185758910897847,-0.0546511856678416,0.0765800216005341,-0.884321133587146,0.13484322012321,0.642759273970314,0.141815921759441,0.451178451178451,0.0841077171501468,-0.0123430533432228,0.0348257406037126,0.220306513409962,0.00331810499534266,-0.0344827586206897,0.0344827586206897,-0.0862068965517241,0.130169559228806
"1/3 arc-second","classic",1,"1:2.75","0",5,58,0.678738121723318,0.0336086983112805,0.626106435905044,0.713681207677311,0.842716736402495,0.0496902218280672,0.635906862745098,0.0205402174050265,0.27212207143295,0.017783039651271,-0.121836578799564,0.0733114526799946,-0.945160354906977,0.111708948164427,0.542672104706625,0.107152960243492,0.36969696969697,0.0719940593180019,-0.0334424938133492,0.0432298276843561,0.208045977011494,0.0245180793191972,-0.0827586206896552,0.0308423169310316,-0.106896551724138,0.231124532116382
"3 arc-second","spatial knndm, high-PA pool",1,"1:25","0",3,58,0.675779499855677,0.0176838007470032,0.655437835577201,0.68749283957871,0.644296249381441,0.0618075191724544,0.633782679738562,0.0245429718387868,0.3130519825596,0.0438495536269772,-0.29057214378737,0.180771934315136,-1.22293723684391,0.192285327321063,0.386699456435425,0.187742343859139,0.151515151515152,0.0994834121393546,-0.113462664850561,0.0738534392985652,0.218390804597701,0.0172413793103448,-0.109195402298851,0.0554232802355917,-0.293103448275862,0.225460290183138
"1/3 arc-second","classic",1,"1:1.5","0",3,58,0.674198235431223,0.0515184088828803,0.615083382211074,0.709519519290897,0.89913414941399,0.010870806797058,0.636846405228758,0.0372533566285966,0.308646789509735,0.0214414471513607,-0.272411519498466,0.0883934169328156,-1.34696980753644,0.0658316550489798,0.516098067259468,0.208462952470896,0.195286195286195,0.13027301092359,-0.111584012705628,0.0596028797827322,0.208812260536398,0.0165905249767134,-0.14367816091954,0.0717815861884874,-0.235632183908046,0.101025263397971
"3 arc-second","classic, high-PA pool + field abs",1,"1:6","0",10,58,0.672865523616546,0.0372187956269409,0.61515057699462,0.721871234956979,0.717680507161311,0.067513311157511,0.640625,0.0315406699409004,0.300193295048051,0.0205225744334097,-0.237561574193191,0.0846053191102822,-0.826967133152027,0.135980042142516,0.280623186071295,0.0857972572537494,0.231313131313131,0.0787403810899403,-0.0757850179024902,0.0369197588757545,0.133908045977012,0.0311324785540073,-0.0379310344827586,0.038809064404906,-0.239655172413793,0.115929669204549
"3 arc-second","spatial knndm, high-PA pool + field abs",1,"1:8","0",3,58,0.67180082199997,0.0146562806711968,0.654883381098968,0.680655406232252,0.354301362507263,0.00503510172798656,0.611315359477124,0.00588788206919921,0.293348856569448,0.00656562125610712,-0.209345041053458,0.0270670954724809,-0.663221002852269,0.0448199883182091,0.21809507586855,0.0182972276495764,0.235690235690236,0.0254203179638746,-0.0520401893573822,0.0124071578021056,0.122605363984674,0.00663620999068536,0.0229885057471264,0.00995431498602803,-0.149425287356322,0.0433898530762687
"3 arc-second","classic, high-PA pool + field abs",1,"1:50","0",10,58,0.669026610147584,0.0232510434563914,0.624612974495678,0.698925709110717,0.720198897620671,0.0683303220212764,0.638848039215686,0.0208657475633248,0.289001717241379,0.0193842547536675,-0.191423746078431,0.0799125404305605,-0.751423844822746,0.107193197783795,0.313343218342428,0.0650430125989215,0.26969696969697,0.100453009215772,-0.0585637315040053,0.030545328673267,0.148275862068966,0.0311029942415362,-0.0482758620689655,0.0254436133576766,-0.182758620689655,0.114999985639363
"1/3 arc-second","spatial knndm",1,"1:1","0",13,58,0.667065976288019,0.0321401793357027,0.613838096005149,0.733752458751962,0.550829738904793,0.0259620344400474,0.664357088989442,0.0339932309691608,0.307741944362267,0.00758796028084968,-0.268681251022875,0.0312817382166401,-1.53953656264285,0.11468020171654,0.493514637886568,0.103492160048545,0.449106449106449,0.0331479860259542,-0.139831079676045,0.0225686508367066,0.227674624226348,0.00441349222866842,-0.0848806366047745,0.0310516702578068,-0.388594164456233,0.0756840206237335
"3 arc-second","spatial knndm",1,"1:4","0",4,58,0.666631832023323,0.0261987741231426,0.639112341131687,0.698946992693379,0.618393063952568,0.118810177696964,0.611825980392157,0.00703101081620041,0.305997991808015,0.0182881048554068,-0.261491721130102,0.0753936087421429,-0.885701829138922,0.0716876000245482,0.241439608764595,0.0941697282241767,0.121212121212121,0.0340050671325323,-0.067438464334352,0.0250457560996168,0.104885057471264,0.0086206896551724,-0.0517241379310345,0.0140775272573746,-0.120689655172414,0.116936723846987
"3 arc-second","classic, high-PA pool + field abs",1,"1:18","0",10,58,0.662844359767014,0.0356594201188487,0.593651351170648,0.695172323557718,0.693206281996808,0.0427895767941588,0.624816176470588,0.0381491443465339,0.293584746444249,0.0301121702226682,-0.210317508625555,0.124138897829725,-0.736105577567459,0.0832208261621099,0.296950411339702,0.185446160227239,0.251515151515152,0.176916724079786,-0.0594706041859403,0.0387182611166031,0.141379310344828,0.0284403732718707,-0.0396551724137931,0.0345306181282754,-0.162068965517241,0.13821809209708
"3 arc-second","classic, high-PA pool + field abs",1,"1:35","0",10,58,0.662729851082609,0.0273066201378946,0.620170645208147,0.696105209997199,0.701215476705754,0.0502569821081358,0.62156862745098,0.0249454074142227,0.287704802612987,0.0160807054279341,-0.186077151948638,0.0662934963965321,-0.585206947611554,0.244142635907664,0.268910665043609,0.0673444740320117,0.332323232323232,0.122463610402261,-0.0463576805230834,0.0305864182098322,0.140229885057471,0.0279194432218187,-0.0362068965517241,0.0367546596674011,-0.113793103448276,0.139644529181494
"3 arc-second","spatial knndm",1,"1:3","0",4,58,0.661905531825895,0.0201320085938488,0.645399434890161,0.689103638042288,0.670414662324052,0.138106872424134,0.611979166666667,0.0202383747777679,0.327789894303709,0.0220197079100313,-0.351329907399114,0.0907773252565505,-1.14487647225149,0.0923099141308548,0.232492396667566,0.0989872553073234,0.047979797979798,0.0252525252525253,-0.117685623112404,0.0314638500314937,0.130747126436782,0.0399208160616374,-0.0603448275862069,0.0222585249782035,-0.34051724137931,0.152515569077191
"3 arc-second","classic, high-PA pool + field abs",1,"1:25","0",10,58,0.661314527442243,0.0326592698315914,0.608595653078104,0.705456510518979,0.692580694517764,0.0452208076656787,0.628002450980392,0.0353349082888925,0.293335795833333,0.0301249752184732,-0.209291197528595,0.124191687052627,-0.71416189613126,0.14934002878581,0.283303982398632,0.137568073673455,0.254545454545455,0.13921653018541,-0.0581232812770404,0.0432006060298533,0.148850574712644,0.0330091693507478,-0.0362068965517241,0.0221842058225503,-0.167241379310345,0.186414316148628
"1/3 arc-second","spatial knndm",0,"1:1.5","0",3,58,0.658840152738508,0.129904798626595,0.509327623634883,0.744073031103694,0.73656761672626,0.102499964050798,0.582107843137255,0.0864578773559772,0.546572689655172,0.0187171067584669,-1.25327270588235,0.0771621901170133,-11.1760643047388,4.49253139323336,0.164008518918644,0.138480988235963,0.383838383838384,0.0699818508108637,-1.77752508298994,0.251744124951062,0.224137931034483,0,-0.155172413793103,0,-1.29310344827586,0
"3 arc-second","classic, high-PA pool + field abs",1,"1:40","0",10,58,0.658258908357917,0.0308737407754028,0.612328004229652,0.695695034357108,0.739668826646043,0.0717397275014319,0.631801470588235,0.0278114733393964,0.286986947557471,0.0233200492115593,-0.183117759293301,0.0961380460143204,-0.643574124255685,0.16834430794819,0.297342725565999,0.0915194177962489,0.277777777777778,0.13687189645911,-0.0511501640304292,0.0366789293297603,0.151149425287356,0.0329646675855172,-0.0482758620689655,0.0465481763938312,-0.1,0.158604030442854
"3 arc-second","classic, high-PA pool + field abs",1,"1:16","0",10,58,0.657722227530167,0.0397416339990148,0.560962290479011,0.704138833782912,0.713384875118681,0.067080845492205,0.626164215686275,0.025045963690011,0.288340611323704,0.0224498833614531,-0.188698304525661,0.0925507446420688,-0.659430096578145,0.1839983759435,0.293370535799613,0.0620562600305157,0.302020202020202,0.102839770128711,-0.0574796275816073,0.0445331139850712,0.14367816091954,0.0220098185691112,-0.0206896551724138,0.0451067054490772,-0.186206896551724,0.188133919800836
"3 arc-second","classic, high-PA pool + field abs",1,"1:45","0",10,58,0.656291436048129,0.0369538760770169,0.583659531976502,0.709991933733285,0.707566390920462,0.0569874094266541,0.634436274509804,0.0305529886901981,0.276773596287148,0.0148304404201508,-0.141012718026918,0.0611392176144452,-0.617713821163969,0.141648749973274,0.346181826004412,0.111539309651599,0.335353535353535,0.14527361237067,-0.0369694505135251,0.0224857980921974,0.138505747126437,0.0401339853142604,-0.0258620689655172,0.031739543152837,-0.11551724137931,0.112046859004448
"3 arc-second","classic, high-PA pool + field abs",1,"1:14","0",10,58,0.655934576376013,0.0455325840500057,0.551297434390054,0.726597665423374,0.723087179542493,0.043700068697091,0.624816176470588,0.0448919601968752,0.292877064836934,0.0339944425334854,-0.207400056509125,0.140143755738535,-0.703072556065581,0.207642193204473,0.293145646007402,0.13273522842579,0.268686868686869,0.211248270599357,-0.0646808570962511,0.0554481526131282,0.143103448275862,0.0367945778542054,-0.0431034482758621,0.0374666804896704,-0.175862068965517,0.184589255614766
"1/3 arc-second","classic",1,"1:3.47875354107649","0",3,58,0.655538700977942,0.00469781181223953,0.652019185088814,0.660873258462739,0.814439160083792,0.0645503282679508,0.643790849673203,0.0228475329931454,0.273479609195402,0.0205733881959505,-0.127433094771242,0.0848148013372274,-0.800964824925183,0.105683875154384,0.421961172154331,0.0696938755869622,0.323232323232323,0.109259129559515,-0.0456809458570416,0.0242814768998453,0.21264367816092,0,-0.0402298850574712,0.0358907930942437,-0.206896551724138,0.0456164019149067
"3 arc-second","classic, high-PA pool + field abs",1,"1:2","0",10,58,0.65553151242624,0.0289985020453714,0.59525266276052,0.692633373008877,0.759233093213114,0.0575177805067956,0.603553921568627,0.0194626294927641,0.306863253800766,0.0118856717978736,-0.265058806110022,0.0489992646177046,-0.810681630858067,0.13085687519192,0.197087790566596,0.0899220288690677,0.112121212121212,0.0554176433306877,-0.0668237574417979,0.0183475076777499,0.110919540229885,0.0209942807552452,-0.0448275862068965,0.0327132171741557,-0.129310344827586,0.0809712804804906
"1 arc-second","spatial knndm",1,"1:2.25","0",5,58,0.655273014509205,0.0274810596363125,0.612572274501807,0.682607368208482,0.959307802674929,0.00874581636077097,0.588357843137255,0.0266329218079658,0.317912124984157,0.0324019993624478,-0.310608319174881,0.133578830704993,-0.994522404146171,0.0807166033409876,0.269896842459675,0.112791111083593,0.127272727272727,0.038197313941796,-0.0856010911962181,0.0484892033679534,0.12183908045977,0.02240642378117,-0.096551724137931,0.033609635671755,-0.186206896551724,0.183845176035398
"1 arc-second","spatial knndm",0,"1:2.75","0",5,58,0.654629153692528,0.0637089324959473,0.584828669126818,0.716770727372642,0.82979037325378,0.0396969621514799,0.575490196078431,0.0545780145457936,0.527246717241379,0.0297391091775133,-1.1736004372549,0.122600935383768,-9.84154043679861,5.26871561380542,0.131925166728755,0.0551703484172474,0.222222222222222,0,-1.58053415632251,0.418724483885335,0.218390804597701,0,-0.162068965517241,0.0231317376982737,-1.17931034482759,0.076719294694093
"3 arc-second","classic, high-PA pool",1,"1:45","0",10,58,0.653033264080319,0.0545599913433551,0.552710110886478,0.724203905900116,0.781207944682038,0.0536731069899264,0.650857843137255,0.0346148859997833,0.274967128229004,0.0181772640262952,-0.133565464904863,0.074936661990756,-0.93390795252817,0.198158043743292,0.467696717136906,0.124599694490996,0.392929292929293,0.155207534078836,-0.055227451215059,0.0342926458305053,0.220114942528736,0.0420627887348303,-0.0482758620689655,0.0458331081319009,-0.189655172413793,0.144480518275592
"3 arc-second","LOPO, high-PA pool + field abs",1,"1:4","0",14,58,0.652610473076112,0.0304948941665836,0.60721229884262,0.705115329705306,0.513371091687517,0.273034722587521,0.614014355742297,0.0303316815160062,0.310966391164185,0.0281644776894536,-0.281974191024902,0.116109439886424,-0.78364621032409,0.296147600464895,0.222650384151848,0.10393009658009,0.196969696969697,0.110704206543069,-0.0887594152109707,0.0500230922983488,0.127257799671593,0.0317080796228504,-0.0233990147783251,0.0420193334966549,-0.247536945812808,0.170091407040922
"3 arc-second","classic, high-PA pool + field abs",1,"1:10","0",10,58,0.65128036462644,0.0335629653161021,0.591256322604859,0.709501000063269,0.725935923230697,0.0482825730600912,0.626348039215686,0.0354084439497602,0.297996357639847,0.0290401979672652,-0.228504592034858,0.119719639659167,-0.733476060909597,0.202185983935296,0.260643235847408,0.115774467753984,0.24040404040404,0.161110319493955,-0.0709544897286441,0.0474922468571021,0.145977011494253,0.0407465455054266,-0.0396551724137931,0.031530728101943,-0.21551724137931,0.151237900769434
"3 arc-second","classic, high-PA pool + field abs",1,"1:12","0",10,58,0.651174848310978,0.0295299277805884,0.605271842686987,0.701725449913764,0.698462239825859,0.0692056974950721,0.628186274509804,0.0271977234620671,0.300683013793103,0.0154007416419898,-0.23958046372549,0.0634903123574187,-0.769367792949925,0.122497595183113,0.275840732207527,0.0737534226923847,0.232323232323232,0.0633497903105279,-0.0766788814101821,0.0292398348228023,0.141954022988506,0.00858870182814555,-0.0482758620689655,0.0178068199825628,-0.222413793103448,0.103910207484384
"3 arc-second","classic",1,"1:2","0",3,58,0.650939492750956,0.0853219753774828,0.552885128827217,0.708264009763856,0.788094866915098,0.0562194296375014,0.645220588235294,0.0333144049486966,0.325214518982636,0.0482920572298077,-0.340712796394103,0.19908637318759,-1.45182807564984,0.249540923361902,0.409612856966857,0.251578765171377,0.124579124579125,0.110804597117201,-0.154242163976655,0.0889773262299605,0.185823754789272,0.0564077849208255,-0.126436781609195,0.00995431498602803,-0.362068965517241,0.270969545612098
"3 arc-second","LOPO, high-PA pool + field abs",1,"1:20","0",14,58,0.6508102485975,0.0339939051383938,0.586926955152487,0.700539443735249,0.517312036225569,0.323837708225423,0.625262605042017,0.0335766717792802,0.306505582515394,0.0358071018738714,-0.263584288703169,0.147616532725127,-0.751356344653301,0.319798182565723,0.269753316048203,0.145052525097006,0.235209235209235,0.126808676055168,-0.088368871210873,0.0563454570145365,0.142446633825944,0.0263056150437433,-0.0369458128078818,0.0540405884810818,-0.294334975369458,0.184641257393549
"3 arc-second","classic, high-PA pool + field abs",1,"1:30","0",10,58,0.65065175418361,0.0384977277660297,0.566202836836394,0.693953591799463,0.697102624715146,0.0684030402639069,0.617830882352941,0.0236893767232323,0.293343330975526,0.0191443125762233,-0.209322261521653,0.0789233670421756,-0.628029084952277,0.12791550919901,0.262670897765864,0.0801287665576625,0.249494949494949,0.0805340471375865,-0.0560495715213343,0.0291993084237969,0.13448275862069,0.0234938079950282,-0.0362068965517241,0.0262738608061206,-0.158620689655172,0.160673046023049
"3 arc-second","spatial knndm",1,"1:5","0",4,58,0.648712690934135,0.0516385709886223,0.587638965542863,0.691803845615237,0.519927637098486,0.0634876293580267,0.596660539215686,0.035814151624787,0.306716646180922,0.0411916782292002,-0.264454409010566,0.169814712699791,-0.829712948162541,0.302742203365485,0.239959051114671,0.14202153514523,0.214646464646465,0.0517522765957556,-0.092336115290405,0.106875576402179,0.14367816091954,0.046215854719597,-0.0129310344827586,0.0258620689655172,-0.224137931034483,0.25919476514436
"1 arc-second","spatial knndm",0,"1:2.5","0",3,58,0.648156155071786,0.0283955125625783,0.631580621373726,0.68094379734213,0.799643847277209,0.012654127201932,0.548406862745098,0.0912743419734773,0.534297816091954,0.00717415137319288,-1.2026689379085,0.0295757907100747,-13.4000460832019,0.4884007549535,0.0356988041242151,0.0709514683323954,0.228956228956229,0.0116636418018106,-1.76940918494934,0.0526818867360366,0.218390804597701,0,-0.155172413793103,0.0298629449580841,-1.17241379310345,0.029862944958084
"3 arc-second","classic, high-PA pool + field abs",1,"1:9","0",10,58,0.647310658973484,0.0276712945090104,0.603678885732048,0.685030705981378,0.743803614768389,0.0576503404149124,0.621078431372549,0.0265635973902169,0.307187296551724,0.0223397823303666,-0.266394688235294,0.0920968477443054,-0.848060023611679,0.192072460274893,0.24894986959144,0.0644158890061268,0.183838383838384,0.0667991745057899,-0.0936077896794149,0.048594066796984,0.13735632183908,0.00571510877018248,-0.0362068965517241,0.0308958162200359,-0.301724137931034,0.172653090641377
"1 arc-second","spatial knndm",1,"1:3.5","0",3,58,0.641932369310328,0.025936026507095,0.613682578032522,0.664667691218995,0.893248330064573,0.0326316308653891,0.578839869281046,0.027718392162337,0.331637716617023,0.0428771029190246,-0.367192743504491,0.17676295860245,-0.829216704063712,0.121112051349309,0.167671908922986,0.135142553234759,0.154882154882155,0.0784591259106468,-0.10083412292173,0.0647177887329119,0.126436781609195,0.00995431498602803,-0.0747126436781609,0.0199086299720561,-0.218390804597701,0.283479596669851
"1 arc-second","spatial knndm",1,"1:2.75","0",5,58,0.640837710979471,0.0143553106005774,0.620258475671753,0.659303313652267,0.943281894309905,0.014387791564106,0.587990196078431,0.00689984718640162,0.332307198882777,0.039442502003108,-0.369952716962821,0.162603647963793,-1.00846594199181,0.121905857714808,0.22614818239366,0.135207786047341,0.119191919191919,0.0453983940489782,-0.118126050693795,0.0610340754993347,0.136781609195402,0.0117781043286892,-0.096551724137931,0.0231317376982737,-0.279310344827586,0.265539631836944
"3 arc-second","classic, high-PA pool + field abs",1,"1:20","0",10,58,0.639958773387125,0.0394283517762605,0.547155694200856,0.694765216291886,0.697155280914307,0.0529181394905534,0.617279411764706,0.0194759144193757,0.307836531034483,0.0231013435140549,-0.269071189215686,0.0952364210554911,-0.787345595229276,0.166790309652293,0.232894634766811,0.0819334759596671,0.186868686868687,0.109336921758448,-0.0871197893005651,0.037906632970155,0.136781609195402,0.0345677963789731,-0.05,0.029807591907793,-0.286206896551724,0.146793805018138
"1 arc-second","classic",1,"1:3","0",3,58,0.639914142962057,0.0306357256083567,0.618404100950261,0.674990682280729,0.79914471815527,0.0405714203018607,0.588235294117647,0.0285041748765025,0.294754209150702,0.0250630423202664,-0.215138675959513,0.103323620545804,-0.87338302885559,0.105285650006601,0.335615212933627,0.11178857622552,0.144781144781145,0.0910959546024827,-0.0617034171963585,0.0390926749982584,0.153256704980843,0.061452164491745,-0.0804597701149425,0.0263366419250336,-0.0862068965517241,0.103448275862069
"1 arc-second","spatial knndm",0,"1:2.25","0",5,58,0.639546820476858,0.0848908606926105,0.500096505641823,0.726415094339623,0.84782570951898,0.033512068998627,0.545955882352941,0.0486428536445817,0.534201834482759,0.0128803536217437,-1.20227324901961,0.0530998891955216,-11.9388454640732,3.70449787092851,0.408108661365162,0.796192013943712,0.226262626262626,0.00903461809090825,-1.78308013500196,0.184435800375129,0.218390804597701,0,-0.155172413793103,0.0243829924547085,-1.15172413793103,0.0224800082938021
"3 arc-second","classic, high-PA pool + field abs",1,"1:3","0",10,58,0.63876815040941,0.0416282907233117,0.579439761819853,0.687002023039039,0.732269451907278,0.0469112944180359,0.601348039215686,0.0314982503529974,0.307820119029581,0.0165376035349405,-0.269003529920967,0.0681770812396323,-0.811872999662124,0.134750546585308,0.213789744032448,0.0814554589558382,0.149494949494949,0.0671377431952297,-0.0794175609023131,0.0359299148809504,0.124137931034483,0.0390917270212558,-0.0362068965517241,0.0189742230105968,-0.229310344827586,0.160929802628431
"1 arc-second","spatial knndm",0,"1:3.5","0",3,58,0.638028574265342,0.0484706015118104,0.590792545143049,0.687645961424402,0.797594001335791,0.0238681967075188,0.589460784313726,0.0196365445575515,0.527296091954023,0.0170378716083706,-1.1738039869281,0.0702394608952925,-12.4065996678606,1.46429243225355,0.0742092352296809,0.0219650985292835,0.228956228956229,0.0116636418018106,-1.70928938420383,0.236932973572684,0.218390804597701,0,-0.155172413793103,0.0298629449580841,-1.13793103448276,0
"3 arc-second","spatial knndm, high-PA pool + field abs",1,"1:2","0",3,58,0.637088572564462,0.00837391259838591,0.63010653533899,0.646372757784676,0.341878196114836,0.0024506040656733,0.609885620915033,0.000935983597825896,0.326594091954023,0.00572129926885679,-0.346400153594771,0.0235863366917087,-0.953338058831145,0.0549480401959183,0.174091585376827,0.00973760468842477,0.134680134680135,0.0508406359277492,-0.122258226576329,0.00949740843379703,0.132183908045977,0,-0.0172413793103448,0,-0.396551724137931,0
"3 arc-second","spatial knndm, high-PA pool",1,"1:18","0",6,58,0.634030775804687,0.0762330437120031,0.526015271997052,0.690007913375638,0.712590037269931,0.0747445881451369,0.629901960784314,0.036887051331599,0.340479542175009,0.0430740770046117,-0.403643602790109,0.177574993925875,-1.73944119666607,0.694215769363461,0.400634210665328,0.145077521741269,0.267676767676768,0.109864447928717,-0.253589594868521,0.24839376670517,0.229885057471264,0.00890340999128141,-0.123563218390805,0.0351938181434365,-0.591954022988506,0.251432676485372
"3 arc-second","classic, high-PA pool + field abs",1,"1:5","0",10,58,0.63399657974183,0.0312700578394634,0.578920307547389,0.674358671877321,0.735389995161576,0.0355612640272539,0.600122549019608,0.0256446817495885,0.301902988746861,0.0229893513935424,-0.244609870275049,0.0947747280488685,-0.702824719062683,0.160063647499946,0.232347612389591,0.0704134111654661,0.205050505050505,0.0722220260096383,-0.0751258603756816,0.0473378634486593,0.127011494252874,0.0154330529204006,-0.0275862068965517,0.0475312025934145,-0.191379310344828,0.179076254506274
"3 arc-second","classic, high-PA pool",1,"1:40","0",10,58,0.631274746861273,0.0305744858498431,0.583992991526343,0.693689589415773,0.799664332977687,0.052456208145603,0.626041666666667,0.0267963425639899,0.302597062068966,0.0252101010741487,-0.247471221568627,0.103929877467446,-1.05573398354124,0.121943165568119,0.354199912216467,0.129400470470154,0.249494949494949,0.0743871559329459,-0.0997762373192516,0.0361349259503594,0.203448275862069,0.0474075037432412,-0.096551724137931,0.0327132171741556,-0.281034482758621,0.101855555087875
"1 arc-second","spatial knndm",1,"1:3.75","0",5,58,0.631257901604776,0.0292017575400124,0.595613202342735,0.663083909837102,0.903557780031293,0.0238372734136838,0.574509803921569,0.023563216117224,0.32358661857301,0.0393264154071424,-0.334001697156379,0.162125075281406,-0.786367866310851,0.153445835584714,0.188154281693185,0.113664636413351,0.183838383838384,0.125228084940363,-0.0943814127218425,0.0627541382529503,0.129885057471264,0.0119174950306481,-0.0551724137931034,0.0550645497333494,-0.186206896551724,0.272719165375119
"1/3 arc-second","spatial knndm",0,"1:1","0",3,58,0.630212325268314,0.0917667642725019,0.538690641715749,0.722222222222222,0.710941852233039,0.0314835349807824,0.498366013071895,0.0563503437369014,0.563913954022988,0.00632246553765469,-1.32476291830065,0.0260646741037628,-13.519020520498,0.617684887062124,0.578829995816061,1.023652421509,0.393939393939394,0.0440292822579866,-1.98751007245716,0.107355521917997,0.224137931034483,0,-0.155172413793103,0,-1.29310344827586,0
"3 arc-second","classic, high-PA pool",1,"1:20","0",10,58,0.629429192388038,0.0583554212270912,0.517282428851698,0.686470297103586,0.83946080632735,0.0267984267586243,0.631372549019608,0.041100333892412,0.331897144286698,0.028354402093068,-0.36826224678977,0.116892412550344,-1.59940702997832,0.249773232999602,0.393060389457768,0.156207582671377,0.284848484848485,0.127306570954958,-0.20658090312709,0.0861955957122222,0.231609195402299,0.0105102427006477,-0.124137931034483,0.0479463301485384,-0.5,0.224946963112424
"3 arc-second","classic, high-PA pool + field abs",1,"1:7","0",10,58,0.628979706410604,0.0595268403828601,0.511386388632595,0.705723111181614,0.715258713297748,0.0360840415382171,0.626286764705882,0.0295553102261428,0.303943268965517,0.0188514889114232,-0.253021025490196,0.077716187129936,-0.773279360427034,0.142527145873042,0.244753802190688,0.0762034170270638,0.195959595959596,0.0727148012751143,-0.0862261986545211,0.0400255556662579,0.131609195402299,0.00875795360204019,-0.0448275862068965,0.0246524259649738,-0.251724137931034,0.108801467275395
"3 arc-second","classic",1,"1:3","0",3,58,0.62850542055423,0.0270474439294424,0.604189357925278,0.657637286049144,0.811365826262583,0.116915593000705,0.592933006535948,0.0252443048292163,0.316935973252274,0.0442759564066796,-0.30658408580962,0.182529800676557,-1.09017114943081,0.255263067133173,0.27357571421618,0.144165040113227,0.0538720538720539,0.0210269292875367,-0.116034459594981,0.0793668347545414,0.134099616858238,0.0581378961896303,-0.0804597701149425,0.0605497342117974,-0.189655172413793,0.239524896369824
"3 arc-second","classic, high-PA pool",1,"1:30","0",10,58,0.628442347208722,0.059314051665688,0.497351587451513,0.689609218991023,0.775973688910584,0.0675686252627121,0.618137254901961,0.0358324056816881,0.321129201484674,0.0223376719246982,-0.323870874748094,0.0920881474934863,-1.22884317132082,0.196107825997029,0.318537373603402,0.095394378011706,0.28989898989899,0.0701517393756431,-0.136827516264097,0.0524378498039096,0.220689655172414,0.0239578516488329,-0.120689655172414,0.0354276666837297,-0.360344827586207,0.168431010068206
"3 arc-second","classic, high-PA pool",1,"1:35","0",10,58,0.626549934224518,0.0521722147177535,0.539175600496981,0.6979690160338,0.801316840365823,0.0672239125047066,0.624203431372549,0.0389145938039903,0.3059260503735,0.0276026330675985,-0.261195139039773,0.113793207891423,-1.08753928506386,0.242633359281067,0.341918769771021,0.129735453482047,0.290909090909091,0.169209925838792,-0.10919263546035,0.0562556824971727,0.190229885057471,0.0554861503310001,-0.0896551724137931,0.0607131615919276,-0.253448275862069,0.112046859004448
"1 arc-second","classic",1,"1:4","0",3,58,0.626018141305861,0.0345803357744011,0.588111520261211,0.655839555756807,0.769777107835254,0.0544270282794535,0.573529411764706,0.0144092843337069,0.321207276916616,0.0256976182198143,-0.324192744543499,0.105939690798352,-0.88155922298292,0.231355435919173,0.190201060500865,0.0525124525702473,0.171717171717172,0.0267247607178241,-0.115706988223366,0.0782885243529658,0.130268199233716,0.0201832447372658,-0.0574712643678161,0.00995431498602803,-0.293103448275862,0.282253543857671
"3 arc-second","classic, high-PA pool + field abs",1,"1:8","0",10,58,0.625512817068959,0.0211330091672856,0.599545385773327,0.66146013140841,0.734534813448663,0.063628590881017,0.598468137254902,0.0331651173495695,0.301801584330113,0.0177247543142077,-0.244191825596201,0.0730711685208268,-0.682114871409964,0.146628039772929,0.223042171952078,0.0713557730756538,0.202020202020202,0.0936729140959162,-0.0749168792007406,0.0299226169556379,0.145402298850575,0.0327412514728768,-0.0413793103448276,0.0316874683956097,-0.23448275862069,0.147914555789843
"3 arc-second","classic, high-PA pool",1,"1:25","0",10,58,0.624492538657172,0.0657128202739098,0.514169694844962,0.699420898933305,0.837033477745616,0.0338726653283315,0.610477941176471,0.0378978976653583,0.319189313539392,0.022786860131982,-0.31587359160112,0.0939399478970434,-1.24223857067727,0.258001369243891,0.330187871331498,0.116688368706558,0.216161616161616,0.101592038602807,-0.140116474966356,0.0707761294641462,0.199425287356322,0.0502522227204503,-0.124137931034483,0.038809064404906,-0.305172413793103,0.198429891862114
"3 arc-second","spatial knndm, high-PA pool",1,"1:30","0",3,58,0.623870617556558,0.107004823867819,0.500429476342466,0.69025442982633,0.568472915755139,0.0688875663237253,0.626633986928105,0.0436571028153896,0.322351611909323,0.0550434215308752,-0.328910321645788,0.226919203467971,-1.36594028154038,0.467839333024406,0.347404802708873,0.179753762094698,0.171717171717172,0.0524863881081478,-0.184940450724598,0.190103526030378,0.224137931034483,0.0152054673049689,-0.0689655172413793,0.0456164019149067,-0.362068965517241,0.298629449580841
"3 arc-second","spatial knndm, high-PA pool + field abs",1,"1:6","0",3,58,0.623670208114647,0.0436474906817399,0.589152331743027,0.672733086322217,0.322476582472874,0.0296278481970318,0.593954248366013,0.0139772157769,0.331032553793103,0.0330878498369068,-0.364697930098039,0.136406282906072,-1.00579837872753,0.277302178517562,0.17501976529596,0.0515072640014695,0.198653198653199,0.0508406359277492,-0.157365257452424,0.0911934258032313,0.145593869731801,0.0144632843587562,-0.0114942528735632,0.0398172599441121,-0.396551724137931,0.186494031489517
"3 arc-second","spatial knndm, high-PA pool + field abs",1,"1:10","0",3,58,0.622122140609293,0.0550401512023613,0.58287658788512,0.68503762060501,0.343055562191556,0.0112794078633975,0.590686274509804,0.0238970588235295,0.320637052822478,0.0282113955855206,-0.321841967763253,0.116302861212857,-0.865975054011343,0.234762735510025,0.177758408158924,0.0348578501955506,0.212121212121212,0.078891410867744,-0.122629367263033,0.07332426442317,0.151340996168582,0.021758269524139,-0.0172413793103448,0.0298629449580841,-0.367816091954023,0.185961950429465
"3 arc-second","classic, high-PA pool + field abs",1,"1:4","0",10,58,0.621318731704154,0.0558697185976115,0.493462234131218,0.680997206655783,0.707382605945903,0.0245010833713656,0.599142156862745,0.0329705200512116,0.301960856614211,0.0138926102765872,-0.24484843339486,0.0572729668755384,-0.693904017716657,0.139386369428117,0.209654630927435,0.0570444764408311,0.164646464646465,0.0743871559329459,-0.0707477991875098,0.0321582857494315,0.126436781609195,0.0311265839258083,-0.0275862068965517,0.0272003668188488,-0.186206896551724,0.141430698071467
"3 arc-second","classic",1,"1:4","0",3,58,0.620807030841372,0.0325516753797118,0.584105845546241,0.646184629855482,0.702470324041018,0.0789260554837945,0.591707516339869,0.00809040127464799,0.331036123448276,0.00611725727110335,-0.36471264617647,0.0252186929656761,-1.10165988122104,0.031145863634332,0.224503240634726,0.0321221974556815,0.154882154882155,0.0910959546024827,-0.127850593647785,0.0166157390581371,0.126436781609195,0.0304109346099378,-0.114942528735632,0.00995431498602805,-0.436781609195402,0.109497464846308
"1/3 arc-second","spatial knndm",0,"1:1.25","0",15,58,0.620794295103715,0.0959192059573137,0.490749643997674,0.728183962264151,0.758560477649684,0.0594443075116084,0.525408496732026,0.0580732686952052,0.549762344827586,0.0130681038244071,-1.26642221568627,0.0538738986094429,-11.6272912823851,3.40327090866709,0.198495096449698,0.534434722888903,0.354882154882155,0.069024155607029,-1.82065999875883,0.175204779814303,0.223754789272031,0.00148390166521357,-0.155172413793103,0,-1.28620689655172,0.0267102299738443
"1 arc-second","spatial knndm",1,"1:4","0",3,58,0.620278304135381,0.0522496714896285,0.570649547492689,0.674804095353953,0.914832224506923,0.0256281731185647,0.570261437908497,0.0285392785534453,0.341351525209653,0.0544268016174668,-0.407238395594696,0.224377157648478,-0.83466377212099,0.19874048120124,0.155517640202297,0.147665038551879,0.168350168350168,0.0938542751836118,-0.128772767666728,0.1034437368292,0.134099616858238,0.00877888064167784,-0.0747126436781609,0.0526732838500671,-0.275862068965517,0.248658708652689
"1 arc-second","spatial knndm",1,"1:3.25","0",5,58,0.619707556494692,0.0497904867054623,0.5538443756197,0.682390961130395,0.926633729511817,0.0259527321185182,0.56875,0.0346388006917134,0.338312913793103,0.0495995906161756,-0.394711571078431,0.204476743667665,-0.910101314769699,0.186994456663824,0.168268523768735,0.143339740952983,0.155555555555556,0.114413727189043,-0.127004601085333,0.0865786476126045,0.117241379310345,0.0155278805587429,-0.0862068965517241,0.0472174618538936,-0.310344827586207,0.34761801989062
"1/3 arc-second","classic",0,"1:3.75","0",5,58,0.619432607757511,0.0377508033469776,0.59170325931292,0.68583582943846,0.970438325033663,0.023894865060033,0.561519607843137,0.0184109255065697,0.513518689655172,0.0123987614812419,-1.11700597058823,0.0511145019888453,-5.95682057491476,4.26601921547301,0.174434112488026,0.0526618028558426,0.222222222222222,0,-1.31708864455462,0.283845131124138,0.218390804597701,0,-0.172413793103448,0,-1.17931034482759,0.0737560332283015
"1 arc-second","spatial knndm",1,"1:3","0",3,58,0.616208179293633,0.0399382117054218,0.572029310641567,0.649753242266525,0.934135213015611,0.0307048220895105,0.579248366013072,0.018324391190651,0.345316854227331,0.0556369276481592,-0.423585658848947,0.229365961529911,-0.978430020209164,0.268431405039531,0.16533114278725,0.134023967832556,0.127946127946128,0.0905342064629546,-0.151601565840207,0.114055941770554,0.126436781609195,0.0172413793103448,-0.0804597701149425,0.0263366419250336,-0.293103448275862,0.316509650873893
"1 arc-second","spatial knndm",0,"1:2","0",3,58,0.615439560688738,0.0832624666577407,0.521600182087364,0.680477379631098,0.841893166239045,0.0208980523331828,0.545751633986928,0.0155778717039774,0.533952,0.0178258247791199,-1.20124329411765,0.0734878364668621,-10.7187557271105,4.88023128788077,0.0575045140313735,0.0215903238835362,0.222222222222222,0,-1.71256811521053,0.296135373815014,0.218390804597701,0,-0.155172413793103,0.0298629449580841,-1.1551724137931,0.029862944958084
"3 arc-second","spatial knndm, high-PA pool + field abs",1,"1:7","0",3,58,0.615114421453436,0.03864202511683,0.592440315873891,0.659732396815389,0.329010672604905,0.0231896520598024,0.58578431372549,0.0169919419410074,0.332878185686918,0.030977876178782,-0.372306638052443,0.127707813070371,-0.951326848991926,0.258857255890652,0.140841401962576,0.0504321368822752,0.154882154882155,0.0420538585750734,-0.147866532736237,0.0800805460845232,0.139846743295019,0.00877888064167786,-0.0172413793103448,0.0298629449580841,-0.344827586206897,0.179177669748505
"3 arc-second","classic, high-PA pool",1,"1:14","0",10,58,0.614747642103831,0.07407637402749,0.447446848303693,0.705437843142232,0.929010388248748,0.0382942015101789,0.602757352941176,0.0395114227552095,0.356226988691119,0.0378376298022971,-0.468563222986425,0.155987483645744,-1.80576619187349,0.378260470640387,0.328380910066038,0.173797798225117,0.292929292929293,0.116051770637132,-0.281212547491605,0.143697701119232,0.229885057471264,0.00856731025861988,-0.141379310344828,0.0550045338574961,-0.637931034482759,0.215037780849077
"3 arc-second","LOPO, high-PA pool",1,"1:20","0",1,58,0.614591669997155,NA,0.614591669997155,0.614591669997155,0.801769023002282,NA,0.519607843137255,NA,0.397532606283525,NA,-0.638847656296296,NA,-1.2207182589651,NA,0.0319438318984983,NA,0.0202020202020202,NA,-0.220693053911036,NA,0.0747126436781609,NA,-0.206896551724138,NA,-0.517241379310345,NA
"1 arc-second","spatial knndm",1,"1:2.5","0",3,58,0.613718629119861,0.047575576457108,0.562921605882933,0.657232943175048,0.938324070690926,0.0252137383833736,0.563929738562091,0.050859073534215,0.344931966602158,0.0563408439797589,-0.421998940747132,0.232267891112634,-1.04410088252849,0.180635132615744,0.199167983269201,0.179537833850862,0.0909090909090909,0.0614420457605881,-0.147042578524004,0.0928911339251306,0.132183908045977,0.0207215590543907,-0.120689655172414,0.0517241379310345,-0.39080459770115,0.323630074144853
"3 arc-second","classic, high-PA pool + field abs",1,"1:1.079","0",10,58,0.613508075100328,0.062679523892382,0.513795044793419,0.702854051492396,0.747085622141463,0.0555594144772311,0.566421568627451,0.0405526373816472,0.339994941648956,0.0283110366980824,-0.40164581336653,0.116713636583761,-0.971100762641522,0.171563892462394,0.0997775986256879,0.091086686616106,0.0575757575757576,0.0536717657266275,-0.126517548598963,0.0681780897097236,0.112068965517241,0.00406383207578476,-0.124137931034483,0.0279194432218187,-0.220689655172414,0.230287004925021
"3 arc-second","spatial knndm, high-PA pool + field abs",1,"1:3","0",3,58,0.61319779908039,0.0284676867322473,0.595386509566664,0.646029949271165,0.335228673752157,0.0204352360510768,0.580065359477124,0.0248319313742605,0.340364569604087,0.0288738978030418,-0.403169622730574,0.119034059080187,-1.02055191625384,0.236734572898276,0.132221049613477,0.0367104861506174,0.121212121212121,0.0202020202020202,-0.156835868945482,0.0763802010048614,0.136015325670498,0.0132724199813707,-0.0402298850574713,0.00995431498602802,-0.396551724137931,0.186494031489517
"3 arc-second","spatial knndm",1,"1:2","0",4,58,0.612990807767638,0.0822064449133039,0.518453160773331,0.697187320437176,0.709583989752896,0.0909173522089594,0.598039215686274,0.0223463021186403,0.359229779906343,0.0305686992887174,-0.480942376966836,0.126020961283389,-1.54301143423601,0.0646497269661287,0.239902541229194,0.17522665579047,0.0909090909090909,0.0816454926126744,-0.210340067383282,0.0529411716621989,0.160919540229885,0.0731489773641256,-0.181034482758621,0.0172413793103448,-0.551724137931034,0.0844651635442476
"1 arc-second","classic",1,"1:1","0",13,58,0.612444824682876,0.0226634654830284,0.569530246324214,0.646739453246809,0.907206805446816,0.0483198481686834,0.582909125188537,0.0393283275356987,0.369266890788185,0.0316465936235378,-0.522320858592468,0.130464633516644,-1.88375194891046,0.29585148341189,0.354597576321727,0.140384198981727,0.230769230769231,0.0299775318164109,-0.282289815384621,0.115049988263547,0.218390804597701,0,-0.185676392572944,0.0488440730057256,-0.683023872679045,0.215176565400108
"1/3 arc-second","classic",0,"1:2.25","0",5,58,0.610587783804046,0.0737194402272529,0.525966137187492,0.726415094339623,0.967297578486611,0.0241503688519529,0.544240196078431,0.0290728016709975,0.532267862068965,0.0311402140240706,-1.19430035294118,0.12837705879531,-8.11390704574984,5.17652611571148,0.389018320486098,0.668641132366789,0.222222222222222,0,-1.49122509216543,0.394744520087542,0.218390804597701,0,-0.172413793103448,0,-1.2448275862069,0.0793852719532504
"3 arc-second","spatial knndm, high-PA pool + field abs",1,"1:16","0",3,58,0.610143502592926,0.0375648104135509,0.573630752366639,0.648678666737731,0.340169039702491,0.00658360193515182,0.584150326797386,0.0249976970937274,0.321632206896552,0.0296811333227795,-0.325944539215686,0.122361927080674,-0.859366084062953,0.212847629372607,0.171902689778657,0.0556495420578383,0.168350168350168,0.0408227463063372,-0.123564004038872,0.0648423425045536,0.151340996168582,0.0144632843587562,-0.0172413793103448,0.0456164019149067,-0.344827586206897,0.225460290183138
"1/3 arc-second","spatial knndm",0,"1:4","0",3,58,0.610065019950104,0.0492846636468903,0.561898223819621,0.660396234756562,0.655193496189158,0.030375268259598,0.555555555555556,0.00860756025559867,0.515245862068965,0.0163450786590639,-1.12412632352941,0.0673833880013371,-7.39836569141871,5.35590697087789,0.12183861173983,0.0726512567900948,0.390572390572391,0.0354735816594368,-1.45520144983697,0.329763891652556,0.224137931034483,0,-0.155172413793103,0,-1.18965517241379,0.0895888348742521
"3 arc-second","spatial knndm, high-PA pool",1,"1:5","0",6,58,0.609278515907435,0.0600350450163822,0.512207243547837,0.6729556988298,0.914625220445621,0.0802590001737114,0.60171568627451,0.0300907133257189,0.436632017241379,0.0217862575226159,-0.800036894607843,0.089814914590784,-2.94342691445175,0.663492487078176,0.27075510055193,0.164895423325018,0.228956228956229,0.0336026261276085,-0.638342868553764,0.229254551237254,0.218390804597701,0,-0.126436781609195,0.0178068199825628,-1.03448275862069,0.130852868696623
"3 arc-second","spatial knndm, high-PA pool + field abs",1,"1:30","0",3,58,0.608998079899083,0.00892512930169,0.603346859757196,0.619287316182052,0.326880645085185,0.0131718031230825,0.601919934640523,0.0245582649995846,0.331431149425287,0.00966611685256962,-0.366341160130719,0.0398490405539757,-0.955903066553662,0.086167772261041,0.170357150881072,0.0358305377530629,0.131313131313131,0.0101010101010101,-0.148093808735303,0.0238101308244095,0.151340996168582,0.00663620999068536,-0.0459770114942529,0.00995431498602802,-0.413793103448276,0.0597258899161682
"1/3 arc-second","classic",0,"1:2.75","0",5,58,0.608961068397891,0.0385972590117306,0.578935887447871,0.668821995568902,0.96203175257058,0.0217847796636834,0.563357843137255,0.0143282812775138,0.523742303448276,0.0273584852563775,-1.15915331960784,0.112786696571634,-7.74549402607606,5.06993008865838,0.112487563151873,0.0480071662204512,0.222222222222222,0,-1.44395393820551,0.41626052936683,0.218390804597701,0,-0.172413793103448,0,-1.21379310344828,0.0539740546293052
"1 arc-second","spatial knndm",0,"1:3.25","0",5,58,0.607421293646645,0.0691058732769889,0.521833588598215,0.665022273684888,0.83118014777919,0.0339216992677451,0.552083333333333,0.0555303942685458,0.525410303448276,0.0175746713164185,-1.16602973137255,0.0724524440054312,-10.7838234173276,3.65382379415789,0.0477105634702179,0.029577852895845,0.222222222222222,0,-1.62975617455507,0.210710824296031,0.218390804597701,0,-0.16551724137931,0.0154211584655158,-1.13793103448276,0.0365744886820628
"1 arc-second","classic",1,"1:2","0",3,58,0.607261309705826,0.0207054964205268,0.588877299341963,0.629691090540279,0.828168046010482,0.0537947359573809,0.568014705882353,0.0219136700272643,0.319127393302573,0.00819692755307106,-0.315618322389528,0.0337922356477095,-1.22441747914374,0.152491003604363,0.326622827274548,0.0429465117848454,0.171717171717172,0.0897797415890463,-0.126485173810925,0.0321338293109382,0.218390804597701,0,-0.149425287356322,0.00995431498602803,-0.293103448275862,0.0790099257751006
"3 arc-second","spatial knndm, high-PA pool",1,"1:7","0",6,58,0.606715584195522,0.0864453309416283,0.441183370009263,0.666917995831113,0.873344882486031,0.0890445171818321,0.608762254901961,0.0499900118580026,0.414355264921678,0.0350571610394993,-0.708199891172209,0.144524864873622,-2.68189404374271,0.679739709941574,0.288107733624308,0.206490974176743,0.235690235690236,0.0608301133502288,-0.565136376437873,0.264130188254127,0.223180076628352,0.00763885135531681,-0.120689655172414,0.0188869847415574,-0.951149425287356,0.141091661399139
"1 arc-second","spatial knndm",0,"1:1.5","0",3,58,0.60658290344568,0.078732392852314,0.544184492542284,0.695041330179188,0.888163445724861,0.0312159740471978,0.569444444444444,0.0422808917994241,0.52776724137931,0.0167792329779811,-1.17574632352941,0.0691732104631474,-7.52504464062163,5.15293092972876,0.113102964484498,0.0224028279199028,0.222222222222222,0,-1.47746725731182,0.34312290097915,0.218390804597701,0,-0.172413793103448,0,-1.18965517241379,0
"1 arc-second","classic",0,"1:3.5","0",3,58,0.606460703093405,0.0950017931445188,0.539412249274946,0.715176148446609,0.946530076491325,0.0175473268360508,0.611315359477124,0.0655875819403355,0.515939103448276,0.0259483327138798,-1.12698424509804,0.106973273590063,-7.5151488486643,4.81761917330558,0.111559436818175,0.054175208522878,0.222222222222222,0,-1.43626349076086,0.417387781280736,0.218390804597701,0,-0.166666666666667,0.00995431498602799,-1.16091954022989,0.0263366419250334
"3 arc-second","spatial knndm, high-PA pool + field abs",1,"1:45","0",3,58,0.606420481787765,0.00515282757403262,0.601297521940583,0.61160266654228,0.318594219169554,0.0161218687749251,0.621936274509804,0.0128676470588235,0.325867333333333,0.0113801369673289,-0.343404055555555,0.0469151724976646,-0.890890833752749,0.0897635711576424,0.182844605747684,0.0181517800727803,0.117845117845118,0.0154295477944641,-0.130526205744916,0.0271357797075504,0.159003831417625,0.00331810499534267,-0.0517241379310345,0,-0.379310344827586,0.0597258899161682
"1/3 arc-second","classic",0,"1:3","0",3,58,0.606340415034986,0.00698858461960037,0.598278223027331,0.610673355384608,0.96806088706745,0.00349758653483407,0.562091503267974,0.0131752070448285,0.498850114942529,0.00209208790376192,-1.05653405228758,0.00862473493658716,-3.76724424878676,0.059832438288083,0.212150340386831,0.0201208360944711,0.222222222222222,0,-1.02124871466683,0.0269679311088478,0.218390804597701,0,-0.172413793103448,0,-1.17816091954023,0.019908629972056
"3 arc-second","spatial knndm, high-PA pool",1,"1:16","0",6,58,0.606069516178398,0.0881683342255644,0.446699733153065,0.686147534031381,0.71768103423099,0.0769725644826545,0.620302287581699,0.0310067587085155,0.354318256189808,0.0451509535891706,-0.460694379684455,0.186137019453394,-1.92356807361867,0.66947648869058,0.325781551726015,0.142617924694139,0.282828282828283,0.0989692825366941,-0.317914300800995,0.250234310655845,0.227011494252874,0.0148760679374078,-0.126436781609195,0.0321017012500435,-0.658045977011494,0.234740392609186
"1/3 arc-second","classic",0,"1:4","0",3,58,0.604250748397401,0.0413281747230035,0.569573926346885,0.649982055282235,0.966021953278255,0.0280926868733099,0.54983660130719,0.00921836935980129,0.514474574712644,0.00577070254259537,-1.12094665359477,0.0237900041094251,-7.3426486006749,5.26056856988275,0.127811549748904,0.0685244908420727,0.225589225589226,0.00583182090090532,-1.47347324292647,0.283328061910276,0.218390804597701,0,-0.149425287356322,0.0398172599441121,-1.1551724137931,0.029862944958084
"1 arc-second","spatial knndm",1,"1:1.25","0",5,58,0.602915415264251,0.0676250094238269,0.523286188277977,0.664493206555384,0.965838613790958,0.0166668151350872,0.560539215686275,0.0446640321616289,0.365921598772337,0.0560993315676947,-0.508529728272233,0.231272244355055,-1.7043659751657,0.500722564172542,0.287365634590368,0.178797438395743,0.131313131313131,0.0860070018481131,-0.295455592350609,0.251866038111112,0.17816091954023,0.0551245002679623,-0.175862068965517,0.0308423169310316,-0.462068965517241,0.216514932082077
"3 arc-second","spatial knndm, high-PA pool + field abs",1,"1:5","0",3,58,0.602608666825817,0.0689435140696399,0.536616637527929,0.674166283932785,0.316290486673497,0.034957372890978,0.580065359477124,0.0292987855943922,0.336441298690932,0.0365982674133839,-0.386995746073892,0.150878151444391,-1.0018926267869,0.264670165067342,0.150285457124485,0.0752928782396769,0.144781144781145,0.0716626149959352,-0.161990430718896,0.0972946357454308,0.145593869731801,0.0144632843587562,-0.0229885057471264,0.0358907930942437,-0.379310344827586,0.215344758565462
"3 arc-second","spatial knndm, high-PA pool",1,"1:40","0",3,58,0.602022561053344,0.0234385383526264,0.582198467303336,0.627891395209963,0.441945090941131,0.042675429115707,0.656658496732026,0.0293883519285883,0.31851632183908,0.027170402604402,-0.313099150326797,0.112011316619128,-1.27857139496259,0.0434110971129486,0.290219748322302,0.0813464232811734,0.222222222222222,0.155503073922633,-0.169128275733643,0.0172501295605584,0.208812260536398,0.0566998030151293,-0.0632183908045977,0.00995431498602805,-0.482758620689655,0.107672379282731
"1 arc-second","spatial knndm",0,"1:3","0",3,58,0.60129855478452,0.0742929365484959,0.553391323483439,0.686881005510838,0.83180109253196,0.0435438444688193,0.548202614379085,0.0396220772973272,0.518093103448276,0.0219287515188889,-1.13586421568627,0.0904023530754192,-10.0026275658953,5.09426604869613,0.0745610103906998,0.0469358989336874,0.225589225589226,0.00583182090090532,-1.5916153025039,0.377920202135136,0.218390804597701,0,-0.126436781609195,0.00995431498602805,-1.14367816091954,0.00995431498602799
"3 arc-second","spatial knndm, high-PA pool",1,"1:9","0",6,58,0.601272046508518,0.0770801807055021,0.488332929386269,0.690263012559462,0.852608427743945,0.104198028631923,0.61968954248366,0.0420213899033175,0.400705933908046,0.0398243143891523,-0.65192985498366,0.164177688241554,-2.65836608047504,0.950280599119998,0.276681433421643,0.13148509487059,0.282828282828283,0.0670025210172808,-0.542173071199762,0.30403020244748,0.228927203065134,0.00845954105970101,-0.129310344827586,0.0357524850919443,-0.896551724137931,0.235646200872688
"3 arc-second","classic, high-PA pool",1,"1:16","0",10,58,0.601111092764233,0.0606459297405478,0.503226698638177,0.6662997249294,0.876533652514091,0.0517309170453973,0.596691176470588,0.0235812677489017,0.348447877286717,0.023060678909923,-0.43649345489279,0.0950687792315942,-1.63364314584697,0.262117096338724,0.294404797171397,0.0977338683658994,0.247474747474747,0.0854781297965394,-0.23661414645446,0.0809158859010838,0.220689655172414,0.0226993306415304,-0.146551724137931,0.0416418872016938,-0.624137931034483,0.202017829890348
"1/3 arc-second","classic",0,"1:2.5","0",3,58,0.600920575607495,0.0324723788820544,0.578878438546571,0.638210704562728,0.966067775436865,0.0111088709658964,0.527573529411765,0.0101981108928268,0.515537954022989,0.015991765402434,-1.1253304869281,0.065926836781603,-7.26204349741221,5.47835901766809,0.0998216033256951,0.0754925450045995,0.225589225589226,0.00583182090090532,-1.40077628485334,0.359193006795931,0.218390804597701,0,-0.160919540229885,0.019908629972056,-1.16091954022989,0.0717815861884873
"3 arc-second","spatial knndm, high-PA pool",1,"1:8","0",6,58,0.600702248991166,0.0649937006105403,0.490208820851507,0.667232516424159,0.858434469298901,0.0974082809453025,0.612847222222222,0.033907381910528,0.412271023706897,0.0328282544417279,-0.699607504595588,0.135336088164182,-2.74484683508234,0.711551914508636,0.264415421132014,0.131884558912437,0.262626262626263,0.0404040404040404,-0.595068335293653,0.234634990898918,0.228927203065134,0.00845954105970101,-0.129310344827586,0.0283304771123362,-0.931034482758621,0.189184368611658
"1 arc-second","spatial knndm",1,"1:2","0",3,58,0.598892013660435,0.064499063133153,0.526938281548021,0.651515935653823,0.95531446655613,0.0223142934860027,0.5625,0.0409990121527453,0.35353470806344,0.0664080706856373,-0.457464164124279,0.273770526699122,-1.18802594455349,0.179160155191506,0.199629618327617,0.170608281620033,0.0606060606060606,0.0349909254054319,-0.179508584692596,0.131304139558137,0.136015325670498,0.0326795442705594,-0.137931034482759,0.0298629449580841,-0.379310344827586,0.239524896369824
"3 arc-second","spatial knndm, high-PA pool",1,"1:14","0",6,58,0.59814977179747,0.0657982664540058,0.516953172722084,0.673599247969925,0.735989470673421,0.129373994351897,0.629799836601307,0.0315201621359286,0.364615931724138,0.0380641880958257,-0.503147051862745,0.156921481316615,-2.13838861938431,0.675315421182792,0.327427649731307,0.125728068858626,0.296296296296296,0.0834582269889814,-0.379235883662423,0.231910183377677,0.229885057471264,0.00961678191418476,-0.126436781609195,0.0321017012500435,-0.681034482758621,0.210528467039513
"3 arc-second","spatial knndm, high-PA pool",1,"1:35","0",3,58,0.596102046986929,0.0408161402030901,0.551766828245641,0.632116987705162,0.4961491431008,0.0430310050082515,0.647875816993464,0.00951893807004173,0.324786574712644,0.0213720711967883,-0.338948575163399,0.0881074111593084,-1.35792875360636,0.091122462361467,0.273959648844371,0.05322647304587,0.228956228956229,0.147188505012757,-0.192653436966149,0.0380979722386899,0.197318007662835,0.061452164491745,-0.0747126436781609,0.00995431498602802,-0.5,0.224137931034483
"3 arc-second","spatial knndm, high-PA pool",1,"1:10","0",6,58,0.596016133480209,0.064044951723056,0.523278646491544,0.682075475928732,0.845776752699424,0.111044715062125,0.624591503267974,0.022981345063783,0.392298744195402,0.0415783004596264,-0.617270803276144,0.171408581796793,-2.54353340570068,0.9429977369947,0.275164337590529,0.136421562495292,0.281144781144781,0.0954888328493195,-0.508086535970136,0.315222587377542,0.229885057471264,0.00961678191418477,-0.137931034482759,0.0361658223506949,-0.830459770114943,0.235246390090758
"1 arc-second","spatial knndm",0,"1:3.75","0",5,58,0.595305699101947,0.0741681258781538,0.53655049411192,0.709754475084664,0.809134020025536,0.0318316683678793,0.53406862745098,0.0253294327113016,0.519114372413793,0.0309181412142854,-1.14007444705882,0.127461552751049,-8.72644073550107,4.89826138885614,0.0744298774210537,0.0654813266225701,0.222222222222222,0,-1.51014808327925,0.386320677901676,0.218390804597701,0,-0.172413793103448,0,-1.17586206896552,0.0784435390763953
"1 arc-second","classic",0,"1:3.25","0",5,58,0.594761930378775,0.0539352717006017,0.507505631580876,0.644015903324414,0.910771054129557,0.0328570483932931,0.523406862745098,0.0503820318421675,0.539935572413793,0.0181292953728044,-1.22591086470588,0.0747389088653358,-11.0862506505494,3.97561410879054,0.0447498249941487,0.0555950460609508,0.222222222222222,0,-1.68011895902809,0.314863818253822,0.218390804597701,0,-0.172413793103448,0,-1.18965517241379,0.0633488726581855
"3 arc-second","spatial knndm, high-PA pool",1,"1:45","0",3,58,0.594081274644832,0.0388286552436191,0.55614807913288,0.633747364585808,0.407821500802822,0.0193081458364344,0.657883986928105,0.0288987980872139,0.332710298850575,0.034110295796661,-0.371614516339869,0.140621366495058,-1.36774959919609,0.143197015448686,0.257525934965435,0.104799688305345,0.282828282828283,0.151515151515152,-0.207959534718536,0.0601875780507542,0.210727969348659,0.0633054085894954,-0.0632183908045977,0.0199086299720561,-0.563218390804598,0.17610980972465
"3 arc-second","spatial knndm, high-PA pool",1,"1:2","0",6,58,0.592410525560762,0.0411130949761387,0.531489884801349,0.623699056599334,0.960909648800781,0.0256297109522269,0.59140114379085,0.0296341081749843,0.481625204980843,0.0366434232723785,-0.9855235166122,0.151064308686619,-3.55990254515064,0.841864167397179,0.174482236119729,0.0816502567431045,0.223905723905724,0.00412372010569559,-0.861007918817297,0.290221530330388,0.218390804597701,0,-0.175287356321839,0.00703876362868733,-1.16379310344828,0.110533244309135
"3 arc-second","spatial knndm, high-PA pool + field abs",1,"1:4","0",3,58,0.590284213783737,0.0273617625435829,0.5591729530276,0.610607772445048,0.301385398317814,0.0221088283928888,0.574550653594771,0.010983929460579,0.356734528735632,0.0185718001550844,-0.470655581699346,0.0765631565216961,-1.15326711542813,0.180545187087161,0.112452748015763,0.0272554108825826,0.0942760942760943,0.0641500299099584,-0.209984875359158,0.0568898170487373,0.14367816091954,0,-0.0574712643678161,0.0398172599441121,-0.442528735632184,0.00995431498602805
"3 arc-second","spatial knndm, high-PA pool + field abs",1,"1:18","0",3,58,0.587797697621159,0.0155250129873032,0.575403695732429,0.605211541532355,0.334680249207742,0.0034035608538202,0.579044117647059,0.00906779937925784,0.347153264367816,0.0104299973095837,-0.431156349673203,0.0429981751831367,-1.04067131527627,0.0654729072456449,0.130220260601847,0.0207583138077369,0.134680134680135,0.0154295477944641,-0.182091197208983,0.028764543637155,0.160919540229885,0.00574712643678162,-0.0517241379310345,0,-0.517241379310345,0.0790099257751007
"3 arc-second","spatial knndm",0,"1:3","0",3,58,0.587571779330235,0.0328862939518931,0.565219975401178,0.625333504128147,0.950370168607527,0.00870042287585622,0.529411764705882,0.0102348609610846,0.541396183908046,0.0227080855758999,-1.23193230718954,0.0936151959280973,-9.31134260983196,4.58384954325002,0.0808758040418628,0.0681246143557595,0.222222222222222,0,-1.64829495378528,0.357923354763256,0.218390804597701,0,-0.172413793103448,0,-1.22988505747126,0.105346567700134
"1/3 arc-second","classic",0,"1:1.75","0",5,58,0.587434460470504,0.0910188168634177,0.49659803396562,0.693716806429071,0.979811016381336,0.0157014329618918,0.510171568627451,0.0631448614267695,0.545234220689655,0.0233603626526079,-1.24775480196078,0.0963042401511923,-9.82969158704792,4.99033079102103,0.0519824724734779,0.0846224400291623,0.222222222222222,0,-1.66102233187596,0.35753664601332,0.218390804597701,0,-0.172413793103448,0,-1.23793103448276,0.0765253138661108
"3 arc-second","spatial knndm, high-PA pool",1,"1:12","0",6,58,0.586648749693547,0.0627866073911627,0.483866470814637,0.667026301099945,0.759323625485516,0.138759904242703,0.617442810457516,0.0369433296886449,0.376457247126437,0.0267525978913093,-0.551963455065359,0.11028889620878,-2.27751262880249,0.519586472005748,0.319318237869355,0.119940841496138,0.331649831649832,0.0439906431261402,-0.428334055972602,0.16650532777112,0.232758620689655,0.00792186709890242,-0.126436781609195,0.0417606945392757,-0.747126436781609,0.243504600953846
"1 arc-second","spatial knndm",1,"1:1.75","0",5,58,0.58618530643806,0.0601730246634397,0.513399718816298,0.668043921078359,0.959500297294342,0.00730351744980905,0.532720588235294,0.0453071034616746,0.394549048275862,0.0300258457005668,-0.626547792156863,0.123783020755768,-1.49096209763698,0.0961484629253935,0.100305651806403,0.0982064941234601,0.0565656565656566,0.0401507210390945,-0.290303338306644,0.0789336595429774,0.131034482758621,0.0196581969844679,-0.144827586206897,0.0231317376982737,-0.727586206896552,0.08304547985374
"1 arc-second","classic",0,"1:1.5","0",3,58,0.586149798960052,0.112412348497606,0.489689741757322,0.709600364106178,0.987747537280637,0.00745175159360833,0.577001633986928,0.11179086094603,0.532529333333333,0.0164177881258621,-1.19537828104575,0.0676831363424022,-8.78550326488135,4.50826314196021,0.0805909789435203,0.0710594702040582,0.222222222222222,0,-1.49541564547715,0.283946735571765,0.218390804597701,0,-0.172413793103448,0,-1.29310344827586,0.0895888348742522
"1 arc-second","classic",0,"1:3.75","0",5,58,0.585814379753144,0.0443630129096396,0.534310617358793,0.654222742068404,0.954114994728187,0.0203202744682743,0.556740196078431,0.0329648890128828,0.528542717241379,0.0280482253186508,-1.17894326078431,0.115630183789144,-7.9712079397913,4.32343791317593,0.0789741208984967,0.0636325100550534,0.222222222222222,0,-1.5257302567115,0.415907336689107,0.218390804597701,0,-0.172413793103448,0,-1.18275862068966,0.0651988634523759
"1 arc-second","classic",0,"1:2","0",3,58,0.585428194021084,0.013680342250284,0.574685862071676,0.600829489222346,0.957906765302456,0.0331788098842536,0.542483660130719,0.0227734638313176,0.54503124137931,0.0236082719996814,-1.24691800980392,0.0973262585869218,-9.77830408474433,4.45692984936943,0.061794923174827,0.0403660428068046,0.222222222222222,0,-1.72754295123264,0.34526475613936,0.218390804597701,0,-0.172413793103448,0,-1.29310344827586,0.0895888348742521
"1 arc-second","classic",0,"1:2.5","0",3,58,0.58163413035208,0.0494921739795261,0.550934623490909,0.638728709738469,0.930327484233984,0.0772959539152884,0.546772875816994,0.0279477152365076,0.527287011494253,0.0247019989854171,-1.17376655228758,0.101835201699685,-9.39397279390982,4.99656809264393,0.0439092371541867,0.0460294851203126,0.222222222222222,0,-1.50520748621504,0.404315905189843,0.218390804597701,0,-0.160919540229885,0.019908629972056,-1.20689655172414,0.0790099257751006
"3 arc-second","classic, high-PA pool",1,"1:9","0",10,58,0.580558271127613,0.0710534849015061,0.436612095360928,0.649837989754647,0.936713023584128,0.0287568672464304,0.595649509803922,0.0475608887467031,0.399745672978966,0.0426670952988987,-0.647971132231915,0.175897191893989,-2.52816791872931,0.638372940920542,0.237335345740219,0.169637015298263,0.266666666666667,0.0737980778063164,-0.528274366138365,0.256488468931091,0.224137931034483,0.00766283524904214,-0.122413793103448,0.0418002219447544,-0.81551724137931,0.236967062738326
"1/3 arc-second","classic",0,"1:1.5","0",13,58,0.579924550096819,0.0571637343125015,0.496748329639615,0.679586769799034,0.983572663329008,0.019091752334027,0.527196455505279,0.0332839039304489,0.551671416445623,0.0122747516339953,-1.27429245701357,0.0506032653146571,-10.0142321422087,3.75706161481009,0.0402651494775715,0.0307669881580449,0.222222222222222,0,-1.76884361275337,0.196283834165448,0.218390804597701,0,-0.172413793103448,0,-1.28116710875332,0.0638880217215358
"1/3 arc-second","classic",0,"1:3.25","0",5,58,0.578826321221176,0.0683008174363172,0.497893589684704,0.677552746982448,0.967974391295423,0.0304315944960034,0.533455882352941,0.0379719081535749,0.514950744827586,0.0210827060245134,-1.12290968823529,0.0869144890520379,-7.71185828954938,4.94791205788143,0.0723877869761892,0.0722696931938127,0.228282828282828,0.0135519271363624,-1.42688484844316,0.35763536773637,0.220689655172414,0.00514038615517192,-0.158620689655172,0.0188869847415574,-1.16551724137931,0.0432755186138315
"1 arc-second","spatial knndm",1,"1:1","0",13,58,0.578207897464373,0.060184618414054,0.433739944818718,0.650266222192876,0.972531135920164,0.0126573580239275,0.541289592760181,0.0289394115546285,0.39952216803403,0.03230523207344,-0.647049722140289,0.133179902812564,-1.88084025671882,0.258349663655456,0.150224727261974,0.097646892321055,0.0753690753690754,0.0639662478136527,-0.391214821763849,0.149694753096179,0.168435013262599,0.0443550479529012,-0.175066312997347,0.0444313577692387,-0.648541114058355,0.0908350909638958
"1 arc-second","classic",0,"1:1.75","0",5,58,0.577124573950434,0.0648713119532234,0.504035555253743,0.653375318919488,0.94654953768681,0.0371640274193733,0.512622549019608,0.09657162114649,0.56131195862069,0.00750191902133154,-1.31403606470588,0.0309270289065678,-12.584346184963,0.563271103764837,0.0155890218770325,0.077730266579072,0.222222222222222,0,-1.92530608204261,0.040145315314389,0.218390804597701,0,-0.172413793103448,0,-1.30344827586207,0.0674400248814066
"1 arc-second","classic",0,"1:3","0",3,58,0.576981770350338,0.0331433670308668,0.538970143371315,0.599837251221386,0.941099430294553,0.0141637485031608,0.553104575163399,0.0486209792532218,0.524299540229885,0.0326149129449742,-1.16145055555556,0.134456577385898,-6.34603855398291,2.1737833457819,0.0952159466359203,0.0436392499563283,0.222222222222222,0,-1.5623292068334,0.460890243659417,0.218390804597701,0,-0.172413793103448,0,-1.14367816091954,0.00995431498602799
"1/3 arc-second","classic",0,"1:3.5","0",3,58,0.57685028293757,0.0289614537252747,0.544351860294881,0.5999299551646,0.97186692381772,0.0165607576777394,0.540032679738562,0.03378628538187,0.506936850574713,0.0109513759308697,-1.08987201633987,0.0451475841071635,-6.71839220418535,4.79366392736769,0.140773792584686,0.118268896812905,0.259259259259259,0.0641500299099584,-1.32125089155436,0.351531960340221,0.224137931034483,0.00995431498602803,-0.155172413793103,0.0298629449580841,-1.17241379310345,0.029862944958084
"3 arc-second","spatial knndm, high-PA pool + field abs",1,"1:25","0",3,58,0.575883690206257,0.0653360466335443,0.500692884824583,0.618822881744162,0.325082098417134,0.0164315504778121,0.592116013071895,0.0206189711828386,0.342653103448276,0.00984969343921986,-0.412604215686275,0.0406058440312937,-1.05139549518838,0.0585908406251259,0.151290158504787,0.0182339378916223,0.144781144781145,0.0254203179638746,-0.18337738209403,0.0403481665815747,0.157088122605364,0.00331810499534267,-0.0517241379310345,0,-0.53448275862069,0.0597258899161682
"3 arc-second","classic, high-PA pool",1,"1:12","0",10,58,0.575578004637815,0.0806496369117018,0.411867012570135,0.659490818108252,0.899602553236266,0.0372663523441903,0.594975490196078,0.0380538331301837,0.377711178251839,0.0271287985512897,-0.557132847597041,0.111839801870758,-2.12463339319726,0.531408387751417,0.307072272343139,0.120140685673478,0.312121212121212,0.0852390668149866,-0.394990635038312,0.217545491080703,0.226436781609195,0.00906678893961626,-0.125862068965517,0.0390212533259033,-0.846551724137931,0.156855495449269
"1 arc-second","spatial knndm",1,"1:1.5","0",3,58,0.575269491417358,0.0833751575096715,0.486509595448886,0.651939957212741,0.962722805226712,0.0145734451600227,0.539419934640523,0.0480383299071332,0.385614229885058,0.0521440354642202,-0.589713565359477,0.214966342281417,-1.64668792384915,0.222413659751744,0.174770011734339,0.220416269856665,0.0740740740740741,0.0859080863445998,-0.328132371482499,0.183487856188453,0.155172413793103,0.0548240920354566,-0.160919540229885,0.0398172599441121,-0.683908045977011,0.189916225768486
"3 arc-second","spatial knndm, high-PA pool",1,"1:50","0",3,58,0.574751466243638,0.0278881091050918,0.552958381342524,0.606179514175458,0.395184106950478,0.0236896440153225,0.655228758169935,0.0334736838847412,0.325713218390805,0.026825376043817,-0.342768709150327,0.11058892771005,-1.29458592827946,0.0834366380175873,0.259961046909332,0.102896638834311,0.286195286195286,0.166692172316317,-0.194962042764618,0.0391811512968447,0.218390804597701,0.0647668256872681,-0.0574712643678161,0.00995431498602805,-0.568965517241379,0.0912328038298134
"1/3 arc-second","classic",0,"1:2","0",3,58,0.57454552539601,0.08874113211887,0.494357575071663,0.669888102321701,0.986160902725548,0.0158189185941628,0.543709150326797,0.0759540329567089,0.530170965517241,0.0198830192422547,-1.18565579411765,0.0819687214840012,-7.61113171592507,4.61818165147533,0.0838091212263148,0.0500334887068035,0.222222222222222,0,-1.58567664592899,0.252011987568492,0.218390804597701,0,-0.172413793103448,0,-1.21264367816092,0.0717815861884873
"1 arc-second","spatial knndm",0,"1:4","0",3,58,0.57423219756072,0.0526271782465059,0.529785458677885,0.632344081072802,0.85226962466349,0.0388616618225482,0.538602941176471,0.0193476144654987,0.507089057471264,0.0250569386311734,-1.09049949673203,0.103298457788318,-7.00231412957369,5.14351936050043,0.093142518922619,0.0444836886762257,0.222222222222222,0,-1.39320184020703,0.359778847714127,0.218390804597701,0,-0.14367816091954,0.0263366419250336,-1.11494252873563,0.0554232802355918
"1 arc-second","classic",0,"1:1.25","0",5,58,0.573855347847322,0.0372914358485067,0.546603763344564,0.639374698485886,0.98029176011474,0.0170230772323021,0.548651960784314,0.0547534976209749,0.546065434482759,0.0172872273677753,-1.25118152156863,0.07126744223676,-9.81346916044716,3.44940740296401,0.0427734563351058,0.0515268395755769,0.222222222222222,0,-1.80881651565915,0.228240711755895,0.218390804597701,0,-0.158620689655172,0.0224800082938022,-1.24137931034483,0.0731489773641255
"3 arc-second","classic, high-PA pool",1,"1:18","0",10,58,0.573263370537306,0.0688118391294126,0.432391887742689,0.65955736432133,0.887991496371892,0.0517455227468694,0.598100490196078,0.0370815706986918,0.371459149185824,0.0223939097828824,-0.531358551300381,0.0923199908206084,-1.96816660613391,0.415344524613739,0.243287316255057,0.134425374131474,0.324242424242424,0.173094758099893,-0.346896230339981,0.132641436441176,0.208045977011494,0.0541030899865252,-0.132758620689655,0.0422716679274328,-0.744827586206897,0.14443478935586
"3 arc-second","spatial knndm, high-PA pool",1,"1:4","0",6,58,0.570818909345418,0.0814751142824803,0.431172205331752,0.675799241664607,0.914426467580113,0.0474774238130147,0.617953431372549,0.0683508848636897,0.45301856045977,0.0229101374909143,-0.867591222287581,0.0944481648522495,-3.41527060012241,0.725563877244493,0.171115660547937,0.144016257445216,0.223905723905724,0.0411133033275816,-0.787017997828765,0.215265148950609,0.218390804597701,0,-0.149425287356322,0.0431608812770542,-1.07471264367816,0.100927132958691
"3 arc-second","spatial knndm, high-PA pool + field abs",1,"1:40","0",3,58,0.569730789528637,0.0646917205633261,0.498666738527619,0.625198817660992,0.315705520627043,0.0211079223823243,0.598039215686274,0.0193670105750969,0.332641770114943,0.0242045976662922,-0.371332003267974,0.0997846403791752,-0.920173904830367,0.186380260398358,0.160831175005269,0.0456052759742144,0.134680134680135,0.0154295477944641,-0.150579669874318,0.0774919005490249,0.155172413793103,0.00995431498602803,-0.0459770114942529,0.00995431498602802,-0.431034482758621,0.158019851550201
"3 arc-second","spatial knndm, high-PA pool + field abs",1,"1:9","0",3,58,0.568993257364285,0.0358584598322543,0.547772099865273,0.610394678865216,0.331181030301724,0.00532904945630121,0.584763071895425,0.0206189711828386,0.351761379310345,0.0159066399400726,-0.450153529411765,0.0655759028902013,-1.14385582381463,0.125025938027129,0.141505303894926,0.0317913275480601,0.164983164983165,0.0116636418018106,-0.216557415639952,0.0528045190682184,0.160919540229885,0.00574712643678162,-0.0402298850574713,0.00995431498602802,-0.568965517241379,0.107672379282731
"1/3 arc-second","classic",0,"1:1","0",3,58,0.567836911757204,0.0407451899767148,0.542066854025788,0.614811507936508,0.977379749777896,0.0134307332027639,0.517156862745098,0.0176636462075975,0.552234,0.0239466796293331,-1.27661173529412,0.0987213606287703,-8.17979081428149,4.50680029614937,0.0375731925244799,0.0371780809988823,0.222222222222222,0,-1.68226489703615,0.296980422285378,0.218390804597701,0,-0.172413793103448,0,-1.32758620689655,0.029862944958084
"3 arc-second","spatial knndm, high-PA pool + field abs",1,"1:50","0",3,58,0.567040871699378,0.049562298627947,0.528103123345287,0.622832056652597,0.304142679791747,0.0279623234151025,0.612336601307189,0.00674947370990948,0.341989747126437,0.00932070804400273,-0.409869496732026,0.0384250758088544,-1.00471340893962,0.056408251019839,0.154399261659873,0.0153007001104579,0.151515151515152,0.0101010101010101,-0.19001344125379,0.0445345879268342,0.160919540229885,0,-0.0459770114942529,0.00995431498602802,-0.511494252873563,0.0696802049021962
"3 arc-second","spatial knndm, high-PA pool",1,"1:3","0",6,58,0.566379471378817,0.0532956239679926,0.49379840635886,0.633006721803345,0.937203744007581,0.0314182000199664,0.603043300653595,0.0368960412852223,0.476901827586207,0.0331975608000356,-0.966051161764706,0.136858571729558,-3.81205928583081,0.908925467120283,0.126762172032439,0.0601971347331335,0.220538720538721,0.0161826462500982,-0.95057930040134,0.32813965904982,0.218390804597701,0,-0.149425287356322,0.0301929322679625,-1.1235632183908,0.0630352624514771
"3 arc-second","spatial knndm",1,"1:1","0",23,58,0.564790495300454,0.0755435376044627,0.401252948714128,0.673702569262043,0.851462308839433,0.0835571494124677,0.56044863597613,0.0489470025108666,0.414264642061054,0.0261342325329601,-0.707826293986991,0.107739654706958,-2.22388449833332,0.296497386538563,0.189351991894882,0.165624307581635,0.176987263943786,0.0641646968449522,-0.446572462961579,0.162196609922504,0.21464267866067,0.0179753805221616,-0.209895052473763,0.0478293767344806,-0.802098950524738,0.133537952463204
"1 arc-second","classic",0,"1:2.75","0",5,58,0.564229533790045,0.0428399885194155,0.529587579691743,0.637417712004976,0.925494527398688,0.0374954845775265,0.530147058823529,0.0405834359137938,0.538036372413793,0.0191269082147733,-1.21808131960784,0.0788516167089427,-10.0329012340361,3.49678288228906,0.0407488719061594,0.0545086600351633,0.222222222222222,0,-1.65050960844844,0.275527837585418,0.218390804597701,0,-0.172413793103448,0,-1.18965517241379,0.0633488726581855
"1 arc-second","spatial knndm",0,"1:1.25","0",5,58,0.561133809406931,0.0826384244151743,0.493811026769198,0.670192494211247,0.872139638919922,0.0472075875434492,0.471078431372549,0.0504620793119086,0.551801034482759,0.00816475675002989,-1.27482681372549,0.0336596099351723,-12.7911366539333,0.971013136976201,-0.0144846902747322,0.0490673464472111,0.222222222222222,0,-1.90225278946319,0.032924508937299,0.218390804597701,0,-0.172413793103448,0,-1.22068965517241,0.0939615627133703
"1 arc-second","spatial knndm",0,"1:1","0",13,58,0.559983424441688,0.0496740339486706,0.492085092241205,0.656269167791583,0.905368836999622,0.0391521906896678,0.480910633484163,0.0628080394694734,0.562419230769231,0.0121900537513027,-1.31860084841629,0.0502540941413997,-12.7063022696068,0.614825742637931,-0.0140942595823461,0.0552654972132189,0.222222222222222,0,-1.90174276772456,0.0822028403556275,0.218390804597701,0,-0.169761273209549,0.00956379648664187,-1.28912466843501,0.074542416426506
"3 arc-second","classic, high-PA pool",1,"1:3","0",10,58,0.559849228748957,0.0698322351879634,0.453221937952514,0.663070935082146,0.96875151791522,0.0217207304587436,0.569424019607843,0.0825017024566833,0.467376109051724,0.0322103385018837,-0.926780920159313,0.132788699412177,-4.32120651323539,1.71339545907032,0.129278795076563,0.101336142371141,0.241414141414141,0.0836278508113647,-1.03656027300233,0.42807928089784,0.223563218390805,0.00739473527418344,-0.129310344827586,0.0233449379443562,-1.05862068965517,0.108801467275395
"3 arc-second","spatial knndm, high-PA pool + field abs",1,"1:35","0",3,58,0.558753318664925,0.019512558408816,0.538821814053152,0.577818042263799,0.309193373048953,0.0208509473125423,0.610498366013072,0.00127553063692784,0.343234666666667,0.00617713749757054,-0.415001738562091,0.0254655521345922,-1.01792717906352,0.0442547051531247,0.153228486602596,0.0107211918557468,0.131313131313131,0.0267247607178242,-0.191825368130161,0.00627701271798769,0.160919540229885,0,-0.0632183908045977,0.0199086299720561,-0.580459770114943,0.0263366419250335
"1/3 arc-second","spatial knndm",0,"1:3","0",3,58,0.558722407294752,0.00235370579056224,0.556508023135656,0.56119426345219,0.669021406479202,0.0589415921249503,0.534313725490196,0.0249576125666867,0.515409793103448,0.0233989947753029,-1.1248021372549,0.0964635029707338,-7.21635441840599,4.67887260165941,0.0695823468688785,0.0480460695563284,0.367003367003367,0.0556320257301626,-1.4524557307348,0.360844751172656,0.224137931034483,0,-0.155172413793103,0,-1.14367816091954,0.0433898530762687
"3 arc-second","classic, high-PA pool",1,"1:2","0",10,58,0.557049738936999,0.0940713297757175,0.417331093850817,0.730218088844191,0.97812182891268,0.00964939330967694,0.586703431372549,0.0868678889999986,0.494868248275862,0.0140119943931633,-1.04011861176471,0.0577651337482858,-5.73737323998086,2.86255043934105,0.108491910037315,0.107503204760941,0.23030303030303,0.058473517430552,-1.24849215885241,0.269696509836007,0.221264367816092,0.00620760603295772,-0.137931034482759,0.0354276666837297,-1.12758620689655,0.0461204658568711
"3 arc-second","classic",1,"1:1","0",13,58,0.556317369761223,0.0631649062897723,0.453495811659388,0.629384879519208,0.906590406148587,0.0536715919020485,0.560096153846154,0.0585598952178759,0.417628326124567,0.0148494028859976,-0.7216932464253,0.0612173913094311,-2.28409260691407,0.329848305784433,0.164919568354178,0.105639721163981,0.18958818958819,0.0568645670972245,-0.457367545536888,0.102108675925929,0.218390804597701,0,-0.194960212201591,0.0523830707112241,-0.896551724137931,0.109044057247185
"3 arc-second","spatial knndm, high-PA pool",1,"1:6","0",6,58,0.556041597507222,0.0651103579237567,0.479279441621286,0.622192551402024,0.890250573768282,0.0738434753021705,0.589460784313726,0.0491404759870961,0.436801896551724,0.036395588415178,-0.800737230392157,0.150042597339043,-3.25021550478046,0.990225232081273,0.193066752543029,0.105080654594851,0.223905723905724,0.0732352257639124,-0.75792500940636,0.302230651876728,0.226053639846743,0.00696011575654596,-0.120689655172414,0.0188869847415574,-1.0316091954023,0.142767227237929
"3 arc-second","classic, high-PA pool",1,"1:10","0",10,58,0.555814354190399,0.0707438917148124,0.456497393533082,0.635619013049299,0.915808117621501,0.0322073050226891,0.606617647058823,0.0620222620895344,0.387043561442309,0.0242461318367907,-0.59560605476952,0.0999558670330438,-2.27542387938109,0.365561329233985,0.21228128606382,0.100399517906101,0.293939393939394,0.0808711874797903,-0.440526735555653,0.111985186291909,0.231609195402299,0.00545220286235928,-0.136206896551724,0.0535748100525123,-0.827586206896552,0.19892032528594
"3 arc-second","LOPO, high-PA pool",1,"1:4","0",14,58,0.555093444989637,0.0642488106600691,0.438301437993857,0.676480611727129,0.534148053616384,0.287540608508953,0.585171568627451,0.0429237924704348,0.471846068965517,0.0243950750239983,-0.945208549019608,0.100569892623444,-4.69882212422066,2.1616470895296,0.100978796633723,0.0742674165293621,0.274891774891775,0.0798484758968625,-1.07764335395825,0.201246034880721,0.224548440065681,0.00827152778309108,-0.120689655172414,0.0191275929732837,-1.07881773399015,0.102273230467593
"3 arc-second","spatial knndm, high-PA pool + field abs",1,"1:14","0",3,58,0.554877545842362,0.0312987944743716,0.51954546355257,0.579127469303148,0.338241666960075,0.00317271917883942,0.566176470588235,0.00828906204563029,0.357549862068965,0.00910741984708654,-0.474016833333333,0.0375457847617636,-1.12749493423127,0.0808954636794333,0.111719192147189,0.0166480546546244,0.141414141414141,0,-0.221955127252505,0.0260442701843918,0.164750957854406,0.00331810499534269,-0.0459770114942529,0.0199086299720561,-0.586206896551724,0.0790099257751006
"1/3 arc-second","classic",0,"1:1.25","0",5,58,0.553125491612768,0.110042463374132,0.430097753460602,0.722222222222222,0.970228388084529,0.0204697235497416,0.498651960784314,0.0619348608395664,0.557023668965517,0.0153893818765785,-1.29635738039216,0.0634434811676595,-10.9842690116676,3.25718239432238,0.281907309308182,0.667421077494021,0.224242424242424,0.00451730904545412,-1.86295742868059,0.190775826977383,0.218390804597701,0,-0.162068965517241,0.0231317376982737,-1.30344827586207,0.0674400248814066
"3 arc-second","spatial knndm",0,"1:2","0",3,58,0.552826592787612,0.0136589019253154,0.544882550404561,0.568598391297697,0.956046109376062,0.00999930990140256,0.525122549019608,0.00796568627450978,0.550987586206897,0.0121439395804121,-1.27147333333333,0.050063986211405,-7.00186668983464,2.47428237274399,0.0609005473650318,0.0664309248660681,0.222222222222222,0,-1.60152251064587,0.204768932019436,0.218390804597701,0,-0.172413793103448,0,-1.3448275862069,0
"3 arc-second","spatial knndm, high-PA pool",1,"1:1","0",6,58,0.552456555618125,0.0381208627614005,0.491324244600542,0.599508504749905,0.976254371523944,0.0168484375377841,0.540747549019608,0.0384455435745422,0.534263206896552,0.0239899146666808,-1.20252625980392,0.0988995991896007,-5.06642972920747,1.02254408985266,0.0891325079095098,0.0743680642025638,0.222222222222222,0,-1.39727497112931,0.301307140567856,0.218390804597701,0,-0.172413793103448,0,-1.29310344827586,0.0950624051868291
"1 arc-second","classic",0,"1:4","0",3,58,0.551633561283243,0.113005906791588,0.448643979335728,0.672519954612734,0.938691986808331,0.0309420253747732,0.549632352941176,0.0740965667643705,0.544373402298851,0.025342176812854,-1.24420603594771,0.10447436617456,-9.65453526468788,4.7066028089923,0.0397616391298265,0.0647667297553605,0.222222222222222,0,-1.65225630586738,0.301535842756606,0.218390804597701,0,-0.172413793103448,0,-1.29310344827586,0.0517241379310344
"3 arc-second","spatial knndm, high-PA pool",1,"1:20","0",3,58,0.55159634465532,0.119269420918543,0.47495022399911,0.689011402175479,0.701180548821133,0.0746839311431384,0.610498366013072,0.0189290968040811,0.356036199084052,0.0356608583958409,-0.46777668347886,0.147013636818148,-1.90577466457072,0.59350658253737,0.314020120293796,0.0792041929673701,0.316498316498317,0.0254203179638746,-0.332432316769521,0.214655428564144,0.233716475095785,0.00331810499534269,-0.120689655172414,0.0456164019149067,-0.637931034482759,0.231959035294374
"3 arc-second","classic",0,"1:3.5","0",3,58,0.549195662908704,0.0516100140148535,0.503263437753181,0.60504439347546,0.928065523720552,0.0258694597396802,0.504084967320261,0.0154204134707328,0.523802666666667,0.0250350360194715,-1.15940216993464,0.103208163197919,-9.2472146047755,5.03842286884208,0.0372585476247753,0.0482575734528151,0.232323232323232,0.0101010101010101,-1.59831058399933,0.464180652399756,0.218390804597701,0,-0.14367816091954,0.0263366419250336,-1.19540229885057,0.00995431498602799
"3 arc-second","classic, high-PA pool",1,"1:1","0",10,58,0.548788268565936,0.0620712016794257,0.454453254721492,0.664551327356834,0.988145648426296,0.00719159634136524,0.573223039215686,0.0803177970319597,0.523628606896552,0.0260029957099914,-1.1586846,0.107198624471092,-5.50151116980886,2.08837479191628,0.0961444981079487,0.118928578468906,0.225252525252525,0.0068176621990965,-1.36723925177979,0.299937951405344,0.218390804597701,0,-0.16551724137931,0.0166567548806775,-1.1948275862069,0.0670470716463902
"3 arc-second","classic",0,"1:3.75","0",5,58,0.546409377689466,0.0609030997519632,0.492838151394125,0.629606454741226,0.932510007870247,0.0391481473950762,0.493259803921569,0.0404504594218113,0.525215724137931,0.0361148920807575,-1.16522756862745,0.14888541294077,-7.79365215393005,4.34544937235369,0.0480680638973372,0.0925640505864766,0.224242424242424,0.00451730904545412,-1.53237853913448,0.421674497281415,0.218390804597701,0,-0.155172413793103,0.0243829924547085,-1.22068965517241,0.0784435390763952
"3 arc-second","classic",0,"1:3","0",3,58,0.544849887809803,0.0602505161261209,0.497924802380488,0.612794471412358,0.958410425224884,0.0342651021073839,0.488153594771242,0.0356359259985436,0.529881103448276,0.01232560008288,-1.18446082352941,0.0508128905377551,-10.1224529529428,3.55938902931853,0.00240284056794252,0.0208566698271407,0.249158249158249,0.0466545672072425,-1.72665806797676,0.10825289145533,0.224137931034483,0.00995431498602803,-0.137931034482759,0.0298629449580841,-1.17241379310345,0.029862944958084
"3 arc-second","spatial knndm",0,"1:3.25","0",5,58,0.544481640944753,0.0383861163234503,0.513766175450958,0.610172456665483,0.933284538550049,0.0264908245934973,0.485171568627451,0.0309038644733745,0.557719034482759,0.0084554579184795,-1.29922405882353,0.0348580397521631,-11.3015308271938,1.90390582239778,-0.00646901010387901,0.0225804722629537,0.222222222222222,0,-1.87192968388251,0.0743985071834073,0.218390804597701,0,-0.172413793103448,0,-1.28275862068966,0.0849914313370083
"3 arc-second","classic",0,"1:2.75","0",5,58,0.541331070647962,0.0637669584013864,0.48310464434414,0.63390593111097,0.939766399730612,0.0136362239837739,0.460049019607843,0.0665603088488349,0.536537862068966,0.0154363528829896,-1.2119036372549,0.0636371214440895,-10.5255838820687,3.77833286601907,0.00406829850213943,0.0833120019750325,0.224242424242424,0.00451730904545412,-1.69368875360803,0.303341818181222,0.218390804597701,0,-0.151724137931034,0.0283304771123362,-1.21379310344828,0.0747568392713061
"3 arc-second","classic, high-PA pool",1,"1:8","0",10,58,0.540837617933149,0.0685915106106826,0.427484394494318,0.64549740412331,0.944253949883485,0.0109685829548278,0.593933823529412,0.0457762921559224,0.402191227586207,0.0360871991593335,-0.658053050980392,0.148771247514703,-2.57034361805553,0.505692591522987,0.175305955203147,0.127312143102338,0.285858585858586,0.094041314199817,-0.563407315218506,0.213136788622524,0.230459770114943,0.00739473527418343,-0.113793103448276,0.0431608812770542,-0.917241379310345,0.166726109098563
"3 arc-second","classic",0,"1:2.5","0",3,58,0.539415172463709,0.0547181278985257,0.506507107930911,0.602579674512035,0.952831971104715,0.0599853944016789,0.470383986928105,0.0391981297506035,0.52168816091954,0.0119419387476538,-1.15068501633987,0.049231227876357,-9.64199878752354,4.91112745178939,0.00721388406310769,0.0365726372845938,0.222222222222222,0,-1.56210293920404,0.345831637521066,0.218390804597701,0,-0.137931034482759,0.0298629449580841,-1.16091954022989,0.0398172599441119
"3 arc-second","spatial knndm",0,"1:2.25","0",5,58,0.538106783455909,0.0585278232237749,0.475558263430391,0.629960826210826,0.961712604724302,0.0235294282969075,0.493137254901961,0.0290663437749914,0.548884013793103,0.0117151977257589,-1.26280125294118,0.0482964768988395,-8.29258804244157,3.64445698224821,0.0191683961677205,0.0322054387737634,0.222222222222222,0,-1.73137601211426,0.220711190779337,0.218390804597701,0,-0.172413793103448,0,-1.27241379310345,0.100828907015265
"3 arc-second","spatial knndm",0,"1:4","0",3,58,0.53802540747815,0.117511172457091,0.409418935599706,0.639800728967477,0.94295484148011,0.0389946967687327,0.511642156862745,0.035300712551064,0.530744091954023,0.0123523619851736,-1.18801853594771,0.0509232177918187,-10.0233035540511,5.1934802872017,-0.00271278328424151,0.0506937190630622,0.222222222222222,0,-1.65206367147794,0.365162897638376,0.218390804597701,0,-0.160919540229885,0.019908629972056,-1.20689655172414,0.119451779832336
"3 arc-second","classic, high-PA pool",1,"1:7","0",10,58,0.537751482426875,0.0684281140637442,0.435205534405925,0.658529085095496,0.935097552286512,0.044514577420106,0.59828431372549,0.0262253629382207,0.406988980577058,0.0284945879735645,-0.677832022869148,0.117470335714548,-2.81106873461354,0.58776941092422,0.205468400674289,0.153797051257945,0.301010101010101,0.0702728368926307,-0.615665804906492,0.211576918413389,0.22816091954023,0.0076867443094785,-0.113793103448276,0.0306273852746534,-0.881034482758621,0.139703647989096
"3 arc-second","classic",0,"1:3.25","0",5,58,0.537618820260511,0.0798913086468818,0.416963933932937,0.634081268120993,0.916579888482434,0.0397972206920615,0.500367647058824,0.0675752562774077,0.518608993103448,0.021987145733568,-1.13799099607843,0.0906430860878954,-6.21820886781856,3.91986730643014,0.075790170443515,0.086149480355126,0.222222222222222,0,-1.43153864274735,0.367006322928037,0.218390804597701,0,-0.162068965517241,0.0154211584655158,-1.20344827586207,0.0224800082938022
"3 arc-second","spatial knndm, high-PA pool + field abs",1,"1:12","0",3,58,0.536237141473927,0.0572894624298236,0.470133520766574,0.571483491080364,0.323479768945493,0.0165138504905145,0.565359477124183,0.0219678589211581,0.360611701149425,0.00302141969790427,-0.48663941503268,0.012455950813419,-1.16726063737561,0.0618210113255889,0.108858672261842,0.0178816303424986,0.161616161616162,0.0349909254054319,-0.243816484885894,0.0119338824295041,0.159003831417625,0.00877888064167786,-0.0517241379310345,0.0172413793103448,-0.597701149425287,0.052673283850067
"1 arc-second","classic",0,"1:1","0",13,58,0.535717837691446,0.0526404573180953,0.4549211362183,0.613493273980765,0.976518884642963,0.0201085752877442,0.504713423831071,0.0556752261883853,0.551239851458886,0.0148933798501002,-1.2725133092006,0.0613986884996777,-7.68487878520108,3.00446876361523,0.0253568584036613,0.0572605135989006,0.222222222222222,0,-1.6102181498888,0.191408539207712,0.218390804597701,0,-0.172413793103448,0,-1.3342175066313,0.0205677220414731
"3 arc-second","classic",0,"1:1.5","0",3,58,0.531648626448141,0.0187617966215143,0.514635809455662,0.551770888591546,0.971039927885166,0.0141774410958576,0.480392156862745,0.0125126089807979,0.536289609195402,0.0174742209776137,-1.21088020261438,0.0720383325596724,-6.54944668398115,2.39455653444927,0.0484281708538501,0.0672474818509117,0.222222222222222,0,-1.56777957713956,0.353841166066987,0.218390804597701,0,-0.160919540229885,0.019908629972056,-1.24712643678161,0.0995431498602801
"1 arc-second","classic",0,"1:2.25","0",5,58,0.531306670780958,0.0381154596567982,0.484030299802988,0.582419373522792,0.977815561565653,0.0234447715596516,0.544852941176471,0.0351445504957217,0.519198786206897,0.0134835734222973,-1.14042244705882,0.0555866923929023,-4.6322589241428,0.93518904866563,0.0748689619831239,0.0303448608109543,0.222222222222222,0,-1.32784836494242,0.234213648134963,0.218390804597701,0,-0.168965517241379,0.00771057923275786,-1.27586206896552,0.104164189427539
"3 arc-second","spatial knndm",0,"1:2.5","0",3,58,0.529483942478637,0.0821080136481744,0.461603615064256,0.620747066401051,0.950784460965416,0.00670566357836768,0.486928104575163,0.0389145402027321,0.544088091954023,0.01675529641165,-1.24302983006536,0.0690745307950863,-9.05365889000749,4.44154903687968,0.0157144034209313,0.0351987411318616,0.222222222222222,0,-1.65630355061006,0.298729326700898,0.218390804597701,0,-0.166666666666667,0.00995431498602799,-1.29310344827586,0.0895888348742521
"3 arc-second","classic",0,"1:1.75","0",5,58,0.528345542927992,0.0622101956364256,0.434988579018617,0.592545458354282,0.955311053354397,0.0423767495926557,0.504411764705882,0.070440905702401,0.541513075862069,0.0260131917913554,-1.2324142,0.107240658316323,-7.32251921794692,3.7744819042408,0.0510682730367357,0.0732507804463215,0.222222222222222,0,-1.60671071835819,0.344443578496847,0.218390804597701,0,-0.172413793103448,0,-1.25172413793103,0.0849914313370084
"3 arc-second","classic, high-PA pool",1,"1:6","0",10,58,0.525884854621355,0.0975741758171742,0.366359170172333,0.702852335376482,0.951892741377579,0.0249782418713669,0.594178921568627,0.0687137463684744,0.422037411680077,0.031558034437631,-0.739869917759531,0.130099543931606,-3.25118545734681,0.99142262659432,0.157384242765246,0.220086712722685,0.276767676767677,0.0854714981870957,-0.747962667399789,0.337044083236895,0.230459770114943,0.0087579536020402,-0.124137931034483,0.051915355359247,-0.908620689655173,0.120566439565842
"1/3 arc-second","spatial knndm",0,"1:2","0",3,58,0.52565557594492,0.0248888026209942,0.498615890986358,0.547607148609229,0.75889045908937,0.0713325307967173,0.500816993464052,0.0396410246534579,0.530067908045977,0.00897339307182971,-1.18523093464052,0.0369932528108275,-6.2671837574187,1.44950131046967,0.0329406422204914,0.0616527814302077,0.303030303030303,0.0303030303030303,-1.5198320885414,0.0790030171166076,0.224137931034483,0,-0.155172413793103,0,-1.29310344827586,0
"3 arc-second","spatial knndm",0,"1:2.75","0",5,58,0.525321121008831,0.0947592037417392,0.38778443126486,0.653335724533716,0.95406734036856,0.00760536893638832,0.499019607843137,0.040793824158625,0.542999917241379,0.0273517553228299,-1.23854377647059,0.112758952090686,-7.69982232816634,4.02134360285186,0.0204097457189816,0.0927149701558237,0.222222222222222,0,-1.62021742869063,0.362848648544006,0.218390804597701,0,-0.172413793103448,0,-1.29310344827586,0.0895888348742521
"1/3 arc-second","spatial knndm",0,"1:1.75","0",5,58,0.524093101707467,0.0655419988218335,0.47206187125183,0.631585037054654,0.721188959037509,0.058371277341018,0.477328431372549,0.036395201972837,0.542113020689655,0.00941435546916946,-1.23488750196078,0.0388111419096643,-8.92344112485747,4.04998869796545,-0.00611316999499251,0.0237223029916507,0.355555555555556,0.0644409612433801,-1.70600536774586,0.165263569052193,0.224137931034483,0,-0.155172413793103,0,-1.28275862068966,0.0231317376982737
"3 arc-second","classic",0,"1:2","0",3,58,0.521125581522129,0.0413582658287242,0.48096607015162,0.563586498643307,0.974497867473937,0.0292402470219671,0.502859477124183,0.0569435506676794,0.537220574712644,0.0250349975087512,-1.21471815359477,0.103208004435587,-7.17777438015906,3.43028532324641,-0.0139722591913811,0.063098910271759,0.222222222222222,0,-1.54715043947622,0.268555128292792,0.218390804597701,0,-0.172413793103448,0,-1.29885057471264,0.079634519888224
"3 arc-second","spatial knndm",0,"1:1.75","0",5,58,0.519763024633695,0.0775342350568077,0.429087392041179,0.637354128518316,0.96367036247303,0.00468963703893977,0.491666666666667,0.0384631182347537,0.545149075862069,0.0165212314270418,-1.24740378823529,0.0681095864222655,-6.38692773329504,3.86951387722526,0.017052358238535,0.0690834167608371,0.222222222222222,0,-1.5142652038076,0.243668689911804,0.218390804597701,0,-0.172413793103448,0,-1.3448275862069,0
"3 arc-second","classic, high-PA pool",1,"1:5","0",10,58,0.517325876601591,0.0818964809338982,0.383064349302726,0.627516785555264,0.945713716635552,0.0243786246945036,0.578125,0.077797047039431,0.434374661964678,0.0372936436662472,-0.790730836824973,0.153744874133892,-3.20162143817855,0.693566896008224,0.147136345577305,0.186674475172891,0.25959595959596,0.0265331829021489,-0.768311980673629,0.298536850081055,0.222988505747126,0.00756644354717682,-0.11551724137931,0.0335604628061067,-0.981034482758621,0.151717606964975
"3 arc-second","spatial knndm, high-PA pool + field abs",1,"1:20","0",3,58,0.51673871168956,0.00992990623616844,0.506134390898173,0.525817685990402,0.326764953330905,0.00470056323963889,0.57516339869281,0.0130894362500099,0.359424551724138,0.00707071036094139,-0.481745333333333,0.0291493500664299,-1.14392443739169,0.0499786940482817,0.10838376697695,0.00606082235332252,0.134680134680135,0.0210269292875367,-0.243013550167603,0.0121213192120966,0.162835249042146,0.00331810499534269,-0.0402298850574713,0.00995431498602802,-0.614942528735632,0.0358907930942436
"3 arc-second","spatial knndm",0,"1:3.5","0",3,58,0.515438764672786,0.026393766602314,0.496215581693179,0.545531636458432,0.939608679723027,0.0121387782450091,0.486519607843137,0.0525569584012783,0.529843034482759,0.0132003654918232,-1.18430388235294,0.054419153816781,-9.09263050150606,4.4099253576542,0.00718565697376257,0.0498006628829611,0.228956228956229,0.0116636418018106,-1.62584491733339,0.357371428183348,0.218390804597701,0,-0.155172413793103,0.0298629449580841,-1.17241379310345,0.029862944958084
"3 arc-second","classic, high-PA pool",1,"1:4","0",10,58,0.512656527360251,0.0984012252288257,0.369886576035379,0.6557569675924,0.963379199411077,0.0243811438132083,0.569852941176471,0.0887566673879193,0.442046562137931,0.0333252813559587,-0.822358621362745,0.137385105982163,-3.63832901013258,0.807318772574356,0.102707489570953,0.174352307148389,0.265656565656566,0.0730026585657741,-0.894097088849276,0.316642439584898,0.224712643678161,0.00875795360204019,-0.11551724137931,0.0199914104953173,-0.974137931034483,0.119796917159057
"3 arc-second","classic",0,"1:1","0",3,58,0.51113712959176,0.0125152925982276,0.498360535084964,0.523373633700762,0.955398407222581,0.0142861397224365,0.45016339869281,0.00552604136375353,0.555448988505747,0.00468377924499587,-1.28986568300654,0.0193091095345174,-8.27236156041998,3.44722310750716,-0.00945602480360554,0.0278060393238361,0.222222222222222,0,-1.72279814487299,0.0973849449225316,0.218390804597701,0,-0.172413793103448,0,-1.27586206896552,0.059725889916168
"3 arc-second","spatial knndm",0,"1:1","0",13,58,0.50929524416677,0.0667772072906711,0.383775740672457,0.668323591221971,0.976462674454022,0.0136533609302626,0.465921945701357,0.0527462488584432,0.560678286472149,0.0120849253338237,-1.31142372021116,0.0498206970869891,-8.42524253716295,3.44128585695606,-0.00168871262508781,0.0638889322012081,0.222222222222222,0,-1.7265006083209,0.201512068075776,0.218390804597701,0,-0.172413793103448,0,-1.3448275862069,0
"3 arc-second","classic",0,"1:2.25","0",5,58,0.509026163840217,0.0122457202519846,0.500112236230942,0.530188604076923,0.968028709216871,0.0390403141318358,0.454656862745098,0.0293958034713505,0.546113917241379,0.00631436431085335,-1.25138139411765,0.0260312763991552,-9.47197279350857,2.29594390564479,-0.0149106350321334,0.0238513871765406,0.222222222222222,0,-1.78611551329553,0.0827244079032393,0.218390804597701,0,-0.16551724137931,0.0154211584655158,-1.21034482758621,0.0462634753965473
"3 arc-second","spatial knndm",0,"1:3.75","0",5,58,0.502598834474909,0.0289944947845907,0.453598329136501,0.525797147970559,0.946594560291329,0.0173195424788088,0.478063725490196,0.0209922213880358,0.541097268965517,0.0151492852137176,-1.23070001568627,0.0624536709055712,-8.24720963346302,2.92500028417057,-0.00261119782651206,0.0270094125519425,0.222222222222222,0,-1.69247412842318,0.23237256749424,0.218390804597701,0,-0.16551724137931,0.0154211584655158,-1.21034482758621,0.0784435390763952
"3 arc-second","classic",0,"1:1.25","0",15,58,0.496242197991813,0.0412412445210534,0.418349811523941,0.547808242109174,0.95467803083194,0.0327791952645488,0.452941176470588,0.0271008742644132,0.556626257471264,0.0127979443778789,-1.29471903202614,0.0527601530480201,-7.93831075338777,2.7810832781465,-0.0161023380765279,0.0356285469162859,0.222222222222222,0,-1.71061898225971,0.183275092843219,0.218390804597701,0,-0.172413793103448,0,-1.32068965517241,0.0512291587175184
"3 arc-second","classic",0,"1:4","0",3,58,0.488399096094548,0.043560414715462,0.438605354550989,0.519456097344083,0.923052183399964,0.050686512040007,0.470588235294118,0.0352687902724465,0.532403862068966,0.0292805114185566,-1.19486101960784,0.120710343642187,-9.35651083431399,4.62853010977155,-0.0212044713584114,0.023068090419898,0.222222222222222,0,-1.55471753054806,0.376683399658854,0.218390804597701,0,-0.172413793103448,0,-1.21264367816092,0.0263366419250336
"3 arc-second","spatial knndm",0,"1:1.5","0",3,58,0.485423199941838,0.00888062043699621,0.477187011050109,0.494831787157834,0.966383554096402,0.014503708963727,0.428513071895425,0.0402985701148317,0.553000643678161,0.0166953582952157,-1.27977226143791,0.0688274329719433,-7.52358467872402,4.15681864884669,0.00817538529138,0.0877031906390371,0.222222222222222,0,-1.62931121564937,0.287779561209392,0.218390804597701,0,-0.172413793103448,0,-1.3448275862069,0
"3 arc-second","spatial knndm",0,"1:1.25","0",5,58,0.479067337773235,0.0596375911769773,0.377328862561472,0.523247613672142,0.961943063277834,0.0134904909961518,0.454656862745098,0.0193427623990988,0.562155406896552,0.0145755554501086,-1.31751322156863,0.0600884418310852,-9.49211594715779,3.50333889092139,-0.0462777975216777,0.0303332690298634,0.222222222222222,0,-1.80324526676389,0.204737131263872,0.218390804597701,0,-0.172413793103448,0,-1.33448275862069,0.0231317376982736
"3 arc-second","spatial knndm, high-PA pool + field abs",1,"1:1.079","0",3,58,0.476212832043152,0.0743148528752894,0.390401503277573,0.519214670695296,0.375510563318165,0.00233482114013657,0.520220588235294,0.0233808627798271,0.43497,0.0179971477729653,-0.793185147058823,0.0741941239071757,-2.03686063409921,0.276168158359551,0.0199621025560206,0.0336835598889075,0.0336700336700337,0.0308590955889282,-0.586488577304163,0.180549146867305,0.139846743295019,0.00331810499534267,-0.120689655172414,0,-0.758620689655172,0.0298629449580842
