"resolution","cv_structure","iteration","pa_ratio","dist_order","n_seeds","n_pts","mean_pr_auc","sd_pr_auc","min_pr_auc","max_pr_auc","mean_orig_pr_auc","sd_orig_pr_auc","mean_roc_auc","sd_roc_auc","mean_brier_class","sd_brier_class","mean_brier_scaled","sd_brier_scaled","mean_cox_intercept","sd_cox_intercept","mean_cox_slope","sd_cox_slope","mean_dca_prop_useful","sd_dca_prop_useful","mean_dca_mean_excess_nb","sd_dca_mean_excess_nb","mean_dca_nb_pt25","sd_dca_nb_pt25","mean_dca_nb_pt50","sd_dca_nb_pt50","mean_dca_nb_pt75","sd_dca_nb_pt75"
"1/3 arc-second","classic",1,"1:2.5","0",3,283,0.625523613323381,0.00689559114580807,0.617561456936805,0.629551877392984,0.849636176046138,0.0394003527119288,0.667121583481878,0.00791784026438115,0.222306755129328,0.00709302319179977,0.0082260633047709,0.0316440025851188,-0.30905023405993,0.058312185186119,0.249146869422522,0.192655554536461,0.602693602693603,0.111721616316748,0.00926365146098319,0.00867658067709494,0.125638005496663,0.00766361260146964,0.0200235571260306,0.0142807487078706,0.00471142520612486,0.0287792502305551
"1/3 arc-second","classic",1,"1:1.25","0",5,283,0.621082763138028,0.014310959111373,0.599534249087742,0.637165809515052,0.898761223666812,0.0121159556670496,0.676548573975045,0.0137095389065278,0.250767485294892,0.0130411457709833,-0.118745383789139,0.0581802764957822,-0.979903127176611,0.153544525166898,0.484482780919237,0.0735827520959883,0.313131313131313,0.0489664632062255,-0.0404371830190028,0.0198417769218143,0.110011778563015,0.00653683718516448,-0.0593639575971732,0.0336524903203085,-0.11095406360424,0.0332042684405188
"1/3 arc-second","classic",1,"1:3.95750708215297","0",3,283,0.617306817359232,0.0018361219018147,0.615860204430577,0.619372445288153,0.823474169828354,0.0480158262575435,0.66751151218063,0.00756132287900658,0.208040306991315,0.00402419556131056,0.0718727636682586,0.0179530859129791,0.138671785440615,0.0667239248195855,0.337342752605241,0.179064225174549,0.754208754208754,0.0254203179638746,0.0261006497250346,0.00224387972308255,0.135060855908912,0.00980761366061782,0.0518256772673734,0.0102005347913361,0.0447585394581861,0.0166989951457689
"1/3 arc-second","classic",1,"1:3.71813031161473","0",5,283,0.613840427485192,0.0139700056738646,0.595341712319806,0.631681604176592,0.836756497228125,0.0357271000851679,0.666421568627451,0.0129906959008434,0.215317659773482,0.00856743544454018,0.0394064141266484,0.0382217768113736,0.0508834515545603,0.042140847937091,0.194872833521603,0.181666386557028,0.648484848484848,0.103848995252322,0.0170689572838866,0.0104595457373767,0.138280329799764,0.0092968609001984,0.046643109540636,0.00843628013167019,-0.00494699646643109,0.0490008040733536
"1/3 arc-second","classic",1,"1:1.75","0",5,283,0.612423668605951,0.0226940046609297,0.583238440303863,0.636925120252794,0.889247583579931,0.0458710493933544,0.666867201426025,0.0151219369966938,0.235804821730218,0.00655359750503793,-0.0519926675329466,0.0292374705091902,-0.638168566555812,0.0637816238444071,0.408980987050073,0.11006772201715,0.365656565656566,0.102861815095765,-0.0130303834634888,0.0106699728120413,0.11472320376914,0.00843628013167019,-0.0127208480565371,0.00732736443580484,-0.0240282685512367,0.0260143637021992
"1/3 arc-second","classic",1,"1:2.75","0",5,283,0.608835569222575,0.0264233238505758,0.568890551970668,0.63000382291899,0.842716736402495,0.0496902218280672,0.664338235294118,0.0159608601547021,0.219959914116719,0.00692993458187598,0.0186959914386174,0.0309164177098855,-0.229656989481924,0.0909263382215339,0.315552666366874,0.107863967182563,0.64040404040404,0.12728875961231,0.0110122519030398,0.0109151508695112,0.125323910482921,0.00684779357067075,0.0282685512367491,0.00749583160268424,-0.00353356890459364,0.0535892257530145
"1/3 arc-second","classic",1,"1:2","0",3,283,0.608398547229291,0.0162139741869172,0.589851995341039,0.619888130626436,0.874526665917554,0.0209381868071314,0.658700980392157,0.0262130851726894,0.229316565371025,0.0136334296995958,-0.0230467025401069,0.0608226242875964,-0.441251719583516,0.0763836066098744,0.304509686345044,0.0232119974618163,0.468013468013468,0.101178311119978,-0.00225963942316408,0.0128284862961439,0.118178248920298,0.0136516204559982,0.00942285041224972,0.0308724203111452,-0.00706713780918727,0.0196740790206008
"1/3 arc-second","classic",1,"1:2.25","0",5,283,0.607812192388131,0.0243163844351749,0.576617198236216,0.637580911498281,0.853920156392525,0.038291811905453,0.667457664884135,0.0250211770201123,0.225405353657975,0.0172716328980412,-0.00559766984812444,0.0770536880108745,-0.457569885798766,0.057394183623762,0.433241257246743,0.161343034819004,0.557575757575758,0.181171690139574,-0.000239174652418462,0.022663969912425,0.118021201413428,0.00910079800804799,0.0134275618374558,0.0203602265595589,-0.0296819787985866,0.0553429542726197
"1/3 arc-second","classic",1,"1:1","0",13,283,0.605545404362703,0.0227143225165166,0.557629905500469,0.638874927236606,0.909072250104213,0.0418637872960278,0.663414404223228,0.01928577030893,0.275004188821569,0.0153340414181949,-0.226872241451127,0.0684095389450654,-1.19650003977319,0.1510171434583,0.421523108203562,0.131113455542139,0.215229215229215,0.0908515170648683,-0.0828993196218184,0.0327074105534741,0.106913110446679,0.0109140303684325,-0.0929600434900788,0.0257403220531853,-0.208480565371025,0.0859270188920588
"1/3 arc-second","classic",1,"1:1.5","0",3,283,0.605097138466429,0.0411074463350094,0.557779175338793,0.632008798660913,0.89913414941399,0.010870806797058,0.658524584076055,0.0406647972647305,0.252234089330792,0.0197868366522054,-0.125288323329644,0.0882747304277228,-0.802610348841318,0.143768875698161,0.337119615565506,0.284539721236699,0.2996632996633,0.1345116791612,-0.0409443121340101,0.0292358309642356,0.10325873576757,0.0122595170757723,-0.0341578327444052,0.0142807487078706,-0.11660777385159,0.0527674364772724
"1/3 arc-second","classic",1,"1:3.23937677053824","0",5,283,0.603394497655674,0.0361225197118705,0.572425376196616,0.658875798489227,0.833231102039812,0.0297274613425475,0.658517156862745,0.0242392823634356,0.220931973957795,0.0136219225352279,0.0143593548180804,0.0607712875403226,-0.0679276885779956,0.0770122320809356,0.215075773266286,0.179229789635167,0.585858585858586,0.171568563146091,0.00782402572051848,0.0171537742302841,0.137338044758539,0.00609761088600461,0.0381625441696113,0.0249110342501973,-0.023321554770318,0.0492549593263684
"1/3 arc-second","classic",1,"1:3","0",3,283,0.600846442642529,0.0258228861785658,0.572612694365598,0.62326771587228,0.844465791406414,0.0406439058595039,0.664846999405823,0.019791705339144,0.220095034576081,0.011372345732064,0.0180931804721628,0.050735282828391,-0.151053045263335,0.0161020947133859,0.155645153826229,0.229840232290674,0.531986531986532,0.13714082056846,0.0072017772367245,0.0142233927510467,0.135060855908912,0.0197210339299166,0.0341578327444052,0.0124094861635486,-0.0270906949352179,0.0304652936545997
"1 arc-second","classic",1,"1:3","0",3,283,0.575141346527958,0.020766282296759,0.558160804482169,0.598293963007909,0.79914471815527,0.0405714203018607,0.653724747474748,0.0244606389978831,0.228123412683067,0.0144702265535228,-0.0177237075743183,0.0645558140845081,-0.286772844372771,0.0316786359287005,0.335956012476296,0.153772852750215,0.434343434343434,0.2017675187418,-0.00858917976116508,0.017530445270633,0.117393011385944,0.011856826753468,0.0106007067137809,0.0061203208748017,-0.0212014134275618,0.0340765044558055
"1 arc-second","classic",1,"1:2","0",3,283,0.572006648333483,0.013182803922283,0.557037641539033,0.581885508835264,0.828168046010482,0.0537947359573809,0.643410204991087,0.0218508695248397,0.251017105346475,0.0134814244076117,-0.119859010143371,0.0601444852596486,-0.697607354564955,0.073432328007687,0.31455501219021,0.101907800374401,0.215488215488215,0.0905342064629546,-0.0416786727276935,0.0155610327561322,0.117000392618767,0.0136516204559982,-0.0424028268551237,0.0214938605310891,-0.088339222614841,9.81307786677359e-18
"3 arc-second","classic, high-PA pool + field abs",1,"1:16","0",10,283,0.569520930049258,0.0193198210872641,0.534883311663711,0.603515415156674,0.713384875118681,0.067080845492205,0.651490084670232,0.00868833624480414,0.229044849584755,0.005222959829855,-0.0218345008017744,0.023301115742717,0.0980940504538681,0.0584361467559745,0.0606186283726125,0.0660731833870505,0.442424242424242,0.0856834551106666,-0.00598040550356242,0.00918591369280908,0.130388692579505,0.00613415781150981,0.0409893992932862,0.0160810818995298,-0.0268551236749117,0.0447337356106408
"1/3 arc-second","classic",1,"1:3.47875354107649","0",3,283,0.568935145123674,0.0215647967327962,0.544939147760451,0.58669374629417,0.814439160083792,0.0645503282679508,0.648005793226382,0.0168346462098073,0.224131844522968,0.00719661845903791,8.38181818182404e-05,0.0321061706643208,0.078365412848959,0.0349476336891246,0.025447371571856,0.00775295953581603,0.484848484848485,0.0404040404040404,0.00110437670083256,0.00734331913865225,0.133882999607381,0.010017550704494,0.032979976442874,0.00889262006510099,-0.03886925795053,0.0127404638708975
"3 arc-second","classic, high-PA pool + field abs",1,"1:20","0",10,283,0.567438387464816,0.0126926179028956,0.538510965567899,0.586249716393092,0.697155280914307,0.0529181394905534,0.648348373440285,0.00682729502394519,0.234171320141343,0.00586714257872475,-0.0447051503342245,0.0261749989966291,0.0484733551757572,0.0698407343946092,0.0452953363151341,0.00907479260856864,0.401010101010101,0.0530343112161695,-0.0126314744006742,0.00785033805255093,0.126737338044759,0.00820188028458232,0.0296819787985866,0.0163378477120374,-0.0522968197879859,0.0377943235536988
"3 arc-second","classic, high-PA pool + field abs",1,"1:6","0",10,283,0.563331786375401,0.0239648518423993,0.515841149777213,0.589664726290139,0.717680507161311,0.067513311157511,0.646966911764706,0.0154845154697609,0.232035594710256,0.00883686681339269,-0.0351770691148453,0.0394237871110633,-2.66640311608066e-06,0.0940293596106206,0.0999054365853042,0.124177899497381,0.385858585858586,0.074805085936694,-0.0116667135384831,0.0132166496343163,0.123203769140165,0.00775757458043406,0.0296819787985866,0.0166740526446986,-0.0339222614840989,0.0327350826905121
"3 arc-second","classic, high-PA pool + field abs",1,"1:40","0",10,283,0.562573187320066,0.02196099361785,0.536663039055351,0.606931581338009,0.739668826646043,0.0717397275014319,0.65174075311943,0.0135922724760652,0.230397277290785,0.00716345452048955,-0.0278680671201932,0.0319582168611568,0.182696728835849,0.0859436252267888,0.0795268071970135,0.0622515060991912,0.453535353535354,0.117551341373554,-0.00583738299631087,0.0096512809377593,0.132626619552415,0.0105379930329773,0.0261484098939929,0.0192967231248739,-0.0113074204946996,0.0316841155780352
"3 arc-second","classic, high-PA pool + field abs",1,"1:10","0",10,283,0.561183425084196,0.020185469971685,0.540387424565686,0.60109679431724,0.725935923230697,0.0482825730600912,0.653069295900178,0.0118659960579657,0.230750660290758,0.00941630738965304,-0.0294446096271465,0.0420088370393228,0.073959349849137,0.0869130534502493,0.106593293981836,0.113737527270307,0.421212121212121,0.106692043711202,-0.0100811890155781,0.013971963906279,0.12944640753828,0.0109152254086166,0.0335689045936396,0.0143534247431731,-0.0459363957597173,0.0456485803888718
"1 arc-second","classic",1,"1:1","0",13,283,0.56117428391781,0.0277430231934064,0.500527170711908,0.601400824166535,0.907206805446816,0.0483198481686834,0.644367887014946,0.0311458187481551,0.29475578473775,0.0215254992819146,-0.314989752888907,0.0960314010689204,-1.35821329693924,0.179790585304394,0.334504606381143,0.139692882756593,0.187257187257187,0.0977256748766951,-0.14171454144213,0.0562337871766566,0.103832563196521,0.0092849916661964,-0.111986952976352,0.0261414299801589,-0.30578961674368,0.105126054200147
"3 arc-second","classic, high-PA pool + field abs",1,"1:35","0",10,283,0.56110374883443,0.0157327408191072,0.54059040525822,0.582635509240857,0.701215476705754,0.0502569821081358,0.647384692513369,0.00871343466691499,0.233072924315133,0.00469665984245863,-0.0398048927960486,0.0209531411610221,0.18724960742471,0.132078431102203,0.0648676270101141,0.04196146960655,0.451515151515152,0.103674183563518,-0.00892325456111703,0.00844392550342878,0.125441696113074,0.00858839530986547,0.0247349823321555,0.0153573672678508,-0.019434628975265,0.0382848597482804
"3 arc-second","classic, high-PA pool + field abs",1,"1:3","0",10,283,0.560902577430091,0.0322955500182428,0.521320842558924,0.609772605229982,0.732269451907278,0.0469112944180359,0.659244095365419,0.0240933245100338,0.225815081110652,0.00976128141356937,-0.00742558105341866,0.0435478647020587,-0.103772895819878,0.11636254980037,0.332452923917516,0.130556220364486,0.428282828282828,0.109124158378207,-0.00723260655516564,0.0126824874561203,0.119552414605418,0.0102720655296043,0.0356890459363958,0.0132685394738647,-0.0406360424028269,0.038681417841397
"3 arc-second","classic, high-PA pool + field abs",1,"1:25","0",10,283,0.560597671399102,0.0160352522476323,0.53892017377177,0.5851708131654,0.692580694517764,0.0452208076656787,0.64672181372549,0.0116333466695501,0.232979957167812,0.00516044529106431,-0.0393901397957279,0.0230222205278548,0.11034276332018,0.0943146608423716,0.0511704927788751,0.0271695201796185,0.424242424242424,0.0803861036115375,-0.00970736679194343,0.00988391850681905,0.127444051825677,0.00838036458230436,0.0332155477031802,0.00670447560459728,-0.0307420494699647,0.0313429310247608
"3 arc-second","classic, high-PA pool",1,"1:45","0",10,283,0.55963486608787,0.017020322882251,0.532895315983084,0.592747798307033,0.781207944682038,0.0536731069899264,0.648253676470588,0.0120720025847929,0.245575225972051,0.00799302616390756,-0.0955812317778287,0.0356591729301021,-0.23167742966946,0.139754605833908,0.0472440815927215,0.0170625870005335,0.290909090909091,0.065253880379128,-0.0322749628088362,0.0141420796992249,0.130506478209658,0.00658851259156751,-0.00106007067137809,0.0125815785095186,-0.0812720848056537,0.0454047945050563
"3 arc-second","classic, high-PA pool + field abs",1,"1:14","0",10,283,0.55943857074402,0.0241384707708546,0.525677978210611,0.600413491294869,0.723087179542493,0.043700068697091,0.647557375222816,0.0191292851917352,0.231758088486596,0.0103061302438703,-0.0339390345812693,0.0459785909704392,0.137877147398611,0.102866902237794,0.0707796424599013,0.0614791481306856,0.435353535353535,0.0940895219765062,-0.0102386015652488,0.0126589350665025,0.129093050647821,0.0114493987478484,0.0296819787985866,0.0116839545513661,-0.0243816254416961,0.0334166779682543
"3 arc-second","classic",1,"1:2","0",3,283,0.559185368855705,0.00500761740606717,0.554410097409374,0.5643967997283,0.788094866915098,0.0562194296375014,0.64996472073678,0.0144672387695927,0.270351272836392,0.0156334067563255,-0.2061142541329,0.0697450932323613,-0.966351116964471,0.123694392918576,0.261330648360029,0.171825197646979,0.202020202020202,0.0440292822579866,-0.102962519071994,0.0250049168133033,0.113466823714174,0.0129206774023591,-0.0659599528857479,0.0194613800257459,-0.186101295641932,0.0572321819234692
"3 arc-second","classic, high-PA pool + field abs",1,"1:2","0",10,283,0.559106830061527,0.0128947481644601,0.534745598432876,0.578270864714888,0.759233093213114,0.0575177805067956,0.661942959001783,0.0162344361687998,0.22616500826541,0.00694354819403984,-0.00898670604770736,0.0309771519224854,-0.238835917900326,0.0796894506640421,0.360700179336594,0.0907572542134391,0.41010101010101,0.0813951737017741,-0.00898559893105821,0.00698077895464623,0.120259128386337,0.0087519646212247,0.0226148409893993,0.0133467283620403,-0.031095406360424,0.0370528956250304
"3 arc-second","classic, high-PA pool",1,"1:40","0",10,283,0.558766191520464,0.0130683947844191,0.532929713027556,0.58224892898842,0.799664332977687,0.052456208145603,0.648451426024955,0.0132201919410715,0.251380073498233,0.0105548662519918,-0.121478314750445,0.0470882733542654,-0.39106271336493,0.109985119694611,0.0426980271292467,0.00866014573119873,0.235353535353535,0.0573478862422742,-0.042556616625925,0.0137793923963987,0.120965842167256,0.0173646718883478,-0.0113074204946996,0.0199054230146314,-0.0929328621908127,0.0489923095246075
"3 arc-second","classic, high-PA pool + field abs",1,"1:45","0",10,283,0.558447654157613,0.0216844572707235,0.51972011516767,0.603739211052545,0.707566390920462,0.0569874094266541,0.647184157754011,0.00920421408042922,0.230912173757611,0.0052148316723741,-0.0301651673391985,0.0232648537103815,0.189014105423549,0.0770227434550824,0.0510887155259269,0.0281586485092811,0.442424242424242,0.0804988471502686,-0.00574565870398782,0.0082465423939628,0.126619552414605,0.0114231146650775,0.0293286219081272,0.0144305424224186,-0.0208480565371025,0.0297254155222172
"3 arc-second","classic, high-PA pool",1,"1:50","0",10,283,0.558384343626199,0.0159482102817677,0.533887441411576,0.581435532543893,0.761673994785598,0.0474953977570968,0.644841800356506,0.00947583153563738,0.244373921824523,0.00969960950790972,-0.0902218708224296,0.0432727287142926,-0.169959820449575,0.132247306241146,0.0429790586244242,0.0158957334815776,0.276767676767677,0.0722455677148355,-0.0275917442939171,0.014836651165717,0.124617196702002,0.0148656892861553,-0.00176678445229682,0.0278856080135494,-0.0537102473498233,0.0425595846054604
"3 arc-second","classic, high-PA pool + field abs",1,"1:30","0",10,283,0.558085080589233,0.0176194898250254,0.52599036444734,0.582049634722119,0.697102624715146,0.0684030402639069,0.645476827094474,0.00983027701583042,0.233419574730122,0.00570887299231105,-0.041351399318222,0.0254689131618315,0.166181710396069,0.0739622750194219,0.0529531904861262,0.0341264068644027,0.421212121212121,0.0666717679917433,-0.0115484744148571,0.0103732600702617,0.12791519434629,0.00682750376734485,0.0286219081272085,0.0111056297444741,-0.0367491166077739,0.0361968100678558
"3 arc-second","classic, high-PA pool + field abs",1,"1:5","0",10,283,0.557334298777809,0.0230495340149952,0.522749178506628,0.595760396381489,0.735389995161576,0.0355612640272539,0.652211452762923,0.0249211023043947,0.230003548363445,0.0147920392634125,-0.0261115299064136,0.0659915125093272,0.0134439450453075,0.0915623024433345,0.20794595028109,0.194511027435061,0.412121212121212,0.126412929618934,-0.0113120941038038,0.0172405108770534,0.123910482921084,0.00748657177011576,0.0332155477031802,0.0230931937491684,-0.0406360424028269,0.0391094410268174
"3 arc-second","classic, high-PA pool + field abs",1,"1:8","0",10,283,0.556759631367713,0.0119057625435569,0.540853771800653,0.574721978074541,0.734534813448663,0.063628590881017,0.651813168449198,0.0116117779644468,0.23113061746592,0.00680452635090123,-0.0311397071205482,0.0303569357685678,0.0629555175728629,0.0806809686481661,0.1715974704163,0.134794856531425,0.393939393939394,0.0487925142969341,-0.0107010705292682,0.00913786069334743,0.128268551236749,0.00860990666556463,0.0289752650176678,0.00996664113135745,-0.0558303886925795,0.0231292112294626
"3 arc-second","LOPO, high-PA pool + field abs",1,"1:4","0",14,283,0.556752613647045,0.0159396209141334,0.515678191636613,0.576888989369618,0.513371091687517,0.273034722587521,0.653854723707665,0.0191936799844252,0.230447338737648,0.0108682683864443,-0.0280914055347324,0.0484864497995734,0.0136576568397064,0.160938409390666,0.264081051877571,0.143451406817892,0.401875901875902,0.0627912921270839,-0.0128040893659443,0.0134255159332815,0.12022547534915,0.0171900250641413,0.0363452801615346,0.0154602653519571,-0.0459363957597173,0.0342592216071825
"3 arc-second","classic, high-PA pool + field abs",1,"1:18","0",10,283,0.555960278077958,0.020332488347952,0.515898358663555,0.588366372713028,0.693206281996808,0.0427895767941588,0.645033979500891,0.0137577226591933,0.232346462283347,0.00782416338377431,-0.0365639381579181,0.0349058278321691,0.087068240058143,0.0473880469865597,0.0543838150330103,0.0458725271155874,0.390909090909091,0.0737750315107022,-0.010023757277063,0.0096540291931159,0.127444051825677,0.00832499931257075,0.0307420494699647,0.0154519304580519,-0.0279151943462898,0.0192427260323858
"3 arc-second","classic, high-PA pool + field abs",1,"1:12","0",10,283,0.555539959107908,0.0193158192809327,0.522160951156861,0.581365400159924,0.698462239825859,0.0692056974950721,0.643502116755793,0.0078295481577485,0.235191369611307,0.00462665998758512,-0.0492558823975044,0.0206408518129292,0.0826670187494393,0.101085979858064,0.0536019310957425,0.0247921501567006,0.367676767676768,0.058936987170481,-0.0144948241991406,0.00835377199720469,0.127326266195524,0.00631738115062987,0.0243816254416961,0.0138817248702814,-0.042756183745583,0.0230480927483392
"3 arc-second","LOPO, high-PA pool + field abs",1,"1:20","0",14,283,0.554014913528492,0.0256683046236719,0.478551444801762,0.585615912269295,0.517312036225569,0.323837708225423,0.644381047873695,0.0240700841394183,0.233681609003099,0.0119626448659487,-0.0425204090602264,0.0533687758839663,0.203679501580817,0.301354126481624,0.0588646394643742,0.0524544385912169,0.380952380952381,0.0699177354966148,-0.0153858052484404,0.0127287102696662,0.131667507992596,0.0119242469287892,0.0378596668349319,0.0144984725606175,-0.0555275113579001,0.0377391005344291
"3 arc-second","classic, high-PA pool + field abs",1,"1:9","0",10,283,0.553477080122945,0.024604805073756,0.500269594256963,0.577738863732503,0.743803614768389,0.0576503404149124,0.640705770944742,0.00901701674180541,0.23570610459364,0.00765367271022223,-0.0515522621880569,0.034145220236686,0.0386870965479247,0.0712301340077203,0.0523650536206658,0.0430616650096041,0.378787878787879,0.0818188746142954,-0.0162000089380341,0.0154595361584739,0.124381625441696,0.00423591800840555,0.0314487632508834,0.0205670034984588,-0.057243816254417,0.0434627379250839
"3 arc-second","classic, high-PA pool + field abs",1,"1:7","0",10,283,0.553378839730277,0.0183575301537545,0.522834534734959,0.577489831774841,0.715258713297748,0.0360840415382171,0.641908979500891,0.0110787726930797,0.235166571024735,0.00741407713880404,-0.0491452488190729,0.0330763159519651,0.0654858249322036,0.0761234382670829,0.0462758095252126,0.0276657146513565,0.363636363636364,0.0534495214356483,-0.0166749255574213,0.0117004757827362,0.123910482921084,0.00617797825293158,0.0318021201413428,0.0110492715190187,-0.0526501766784452,0.025231980398541
"3 arc-second","classic, high-PA pool + field abs",1,"1:4","0",10,283,0.551002861690221,0.0142176887683233,0.535769203920689,0.574387545864093,0.707382605945903,0.0245010833713656,0.651698975044563,0.0168237868246825,0.229970180395063,0.00875269300360806,-0.0259626658678822,0.0390482637013127,-0.0263249999390621,0.118777800283875,0.255195430439094,0.14408851859285,0.374747474747475,0.0331440396022215,-0.0115003494374029,0.011162189861683,0.122732626619552,0.00893240053431322,0.0321554770318021,0.00610897643339927,-0.0455830388692579,0.0347197994856774
"3 arc-second","classic, high-PA pool + field abs",1,"1:50","0",10,283,0.549700352802369,0.0187784579359616,0.521395010134812,0.586160588811605,0.720198897620671,0.0683303220212764,0.648445855614973,0.0114712191511534,0.234380713780919,0.00666699540147602,-0.0456393151737967,0.0297433709173804,0.170629683808075,0.0688036618374972,0.0476590887086403,0.00961819954710882,0.394949494949495,0.0823987658961374,-0.0117295555917326,0.00832650735784031,0.127797408716137,0.0144497575340227,0.0215547703180212,0.013578593909969,-0.0300353356890459,0.0260330225032984
"3 arc-second","classic",1,"1:3","0",3,283,0.547575167016543,0.028599219102799,0.525742580257231,0.579948835581382,0.811365826262583,0.116915593000705,0.665636140819964,0.00390435674368479,0.242591139975445,0.00919387079693396,-0.0822683717409432,0.0410164838600516,-0.640392191829353,0.166530254510393,0.363266162228398,0.0280038829054434,0.316498316498317,0.0116636418018106,-0.0501123248005079,0.0295846808694246,0.117000392618767,0.0111947997089778,0.00117785630153121,0.0124094861635486,-0.108362779740872,0.0374513853841806
"1 arc-second","spatial knndm",1,"1:2.25","0",5,283,0.545332256758991,0.035392981166095,0.486622449332251,0.576761361279603,0.959307802674929,0.00874581636077097,0.61841577540107,0.0273041133093391,0.245500098558724,0.0123520493014227,-0.095246066926786,0.055106020304236,-0.293289245539725,0.103882779405599,0.24360237588879,0.033571282117839,0.244444444444444,0.0750471742262897,-0.0221348573656364,0.0136212674595674,0.102473498233216,0.0118665734273321,-0.0169611307420495,0.019094354892023,-0.0416961130742049,0.029816287080889
"3 arc-second","classic, high-PA pool",1,"1:35","0",10,283,0.54339097664155,0.021100422335592,0.506528559308144,0.575376050123238,0.801316840365823,0.0672239125047066,0.639672459893048,0.0145608239123829,0.262682617496414,0.0117766578336291,-0.171902192105074,0.052539034605477,-0.481291222311389,0.158626795755842,0.0573568133806856,0.0403865012347308,0.217171717171717,0.0617640953799466,-0.0708494311335043,0.0238301550087511,0.117550058892815,0.0140993329799535,-0.0257950530035336,0.0278258423981089,-0.126148409893993,0.0512076329006139
"3 arc-second","classic",1,"1:4","0",3,283,0.542608392235401,0.013992933717361,0.533947964553478,0.558751731754738,0.702470324041018,0.0789260554837945,0.639956550802139,0.0092261780872741,0.24708614540636,0.00812373219360481,-0.102321874969363,0.0362422898648404,-0.255928056854782,0.0920824483079397,0.146839339850453,0.176704766522804,0.242424242424242,0.0462886433833923,-0.0340793502107055,0.00914438980324629,0.114252061248528,0.00353356890459363,-0.0129564193168433,0.0124094861635486,-0.0930506478209659,0.0124094861635486
"1 arc-second","classic",1,"1:4","0",3,283,0.540479816593889,0.0268230312106252,0.516148101625246,0.569242382738054,0.769777107835254,0.0544270282794535,0.614230540701129,0.0274647528128582,0.241351917392107,0.0186708488284788,-0.0767398458119693,0.0832959899634601,0.108541044090307,0.108548933918781,0.179890533722151,0.196531165327272,0.397306397306397,0.148911410016808,-0.0178019520441886,0.0248320417346904,0.102866117000393,0.00801750210312609,0.0188457008244994,0.00204010695826722,-0.0447585394581861,0.0531603490996314
"3 arc-second","classic, high-PA pool",1,"1:20","0",10,283,0.538086880712949,0.0258155492529381,0.494935488704513,0.571609890901727,0.83946080632735,0.0267984267586243,0.642145721925134,0.0167141655010611,0.291834135061105,0.0169487599154017,-0.301955439110341,0.0756132594064507,-1.10008012448158,0.220062517051294,0.107676043991777,0.0838121252199241,0.176767676767677,0.0234484651131046,-0.149420686650037,0.0567478289343317,0.120612485276796,0.006408231099522,-0.0724381625441696,0.0262453238576645,-0.29469964664311,0.0876882176613001
"3 arc-second","classic, high-PA pool",1,"1:30","0",10,283,0.536103584306766,0.0270661898978686,0.504804554728708,0.585744117233711,0.775973688910584,0.0675686252627121,0.63268438057041,0.014686055172287,0.271992112149752,0.0136718165291495,-0.213434507016569,0.060993878899457,-0.6083699987961,0.128820772321991,0.0721569382713068,0.0651704352187982,0.184848484848485,0.0417969767910646,-0.0872933211429267,0.0331520276065264,0.121083627797409,0.00612787216808063,-0.0508833922261484,0.0249972078113212,-0.162897526501767,0.0597220768330799
"3 arc-second","classic, high-PA pool",1,"1:25","0",10,283,0.535735177594459,0.0282721475510841,0.466848143995549,0.562921513074156,0.837033477745616,0.0338726653283315,0.635606060606061,0.0183282327935755,0.273586429489704,0.0155704673855512,-0.220547212087841,0.069464302720667,-0.707787137913067,0.13655148105799,0.0914437508623353,0.0774997294059041,0.16969696969697,0.036201158399234,-0.092988862057272,0.0397665741965215,0.112720848056537,0.0131869650344858,-0.0459363957597173,0.0242535456795925,-0.165371024734982,0.0767832227560457
"3 arc-second","classic, high-PA pool + field abs",1,"1:1.079","0",10,283,0.535697426509235,0.0377892866511495,0.467030249469081,0.595601121467058,0.747085622141463,0.0555594144772311,0.670217803030303,0.0159218056786345,0.251315152121747,0.00930533290399637,-0.12118868194511,0.0415137481588772,-0.926362571507,0.0874656677934895,0.51298588397675,0.0729566177286873,0.364646464646465,0.0455355307981257,-0.0516361451975431,0.0177379749785986,0.134275618374558,0.0121648475734823,-0.0692579505300353,0.00766964456824486,-0.132862190812721,0.0679328047530624
"3 arc-second","classic, high-PA pool",1,"1:14","0",10,283,0.533481072731498,0.0345890482164851,0.472755942477697,0.592072440829112,0.929010388248748,0.0382942015101789,0.632664884135472,0.0223093270060852,0.308911547981002,0.0240829290974086,-0.378142656319657,0.107440826007261,-1.31781914417027,0.263606630763592,0.110076537795723,0.0764671311659536,0.145454545454545,0.0330584180703935,-0.197414722772934,0.0782190718060577,0.112720848056537,0.00800884544905979,-0.0893992932862191,0.0279253806962881,-0.359010600706714,0.100362757181233
"1 arc-second","spatial knndm",1,"1:2.75","0",5,283,0.532976683526431,0.0274284817060974,0.504682781003781,0.573956503243962,0.943281894309905,0.014387791564106,0.610210561497326,0.0218115429495716,0.248729460890603,0.0118004151019663,-0.10965317475866,0.0526450225658076,-0.118863445689448,0.117980250763534,0.235709079321843,0.0316086073424314,0.290909090909091,0.099072321900923,-0.0265690782616079,0.0157000300704592,0.0996466431095406,0.0166490727765226,-0.0169611307420495,0.00914641632900691,-0.0607773851590106,0.0442331698184766
"3 arc-second","classic, high-PA pool",1,"1:2","0",10,283,0.532122609539385,0.0431950928239668,0.43459865848794,0.586574681858553,0.97812182891268,0.00964939330967694,0.62236241087344,0.0229622995054968,0.439266766391834,0.0331750658984739,-0.959694521699841,0.148003445451363,-4.86871482783345,2.85053783748419,0.08395801291423,0.0563730046975624,0.0626262626262626,0.0529808438054436,-0.856439445148644,0.225309007727317,0.099057714958775,0.00768269758277973,-0.182332155477032,0.0260836005383584,-0.85017667844523,0.110946310988309
"3 arc-second","classic, high-PA pool",1,"1:16","0",10,283,0.530963915214546,0.0212624543317515,0.496673979257415,0.573551291212223,0.876533652514091,0.0517309170453973,0.639221256684492,0.0123731681155652,0.29773919149108,0.0104879941872953,-0.328299582627513,0.0467899379716074,-1.18515130571224,0.13651182071109,0.118643306270403,0.0732582962080307,0.168686868686869,0.0228609362919434,-0.172134411407601,0.0474016546370063,0.118138987043581,0.00767466758572498,-0.0784452296819788,0.0161327619960084,-0.330742049469965,0.0555768472284569
"3 arc-second","spatial knndm",1,"1:4","0",4,283,0.530680245828138,0.0278565206325474,0.494949693180333,0.563014575745831,0.618393063952568,0.118810177696964,0.642804422905526,0.0102903022289817,0.242893805813213,0.00595434935938548,-0.0836186504999125,0.026564053355828,-0.350308298113933,0.0141048402061002,0.246265965285324,0.0491761357080718,0.297979797979798,0.0174954627027159,-0.0463703619635679,0.0203128583854984,0.108068315665489,0.0014821033441835,0.0132508833922262,0.0150954129775928,-0.0724381625441696,0.0311408811929383
"1 arc-second","spatial knndm",1,"1:3.75","0",5,283,0.529458178009807,0.0243816359629829,0.500872454422549,0.559114584931872,0.903557780031293,0.0238372734136838,0.607804144385027,0.0226466077988794,0.242306868300189,0.0125022659905096,-0.0810001545952462,0.0557761798637437,0.215122109506814,0.0827649258113515,0.226702705461277,0.0357603733460907,0.385858585858586,0.114369130139137,-0.0149017657397436,0.0140596015107768,0.0968197879858657,0.00917670255867253,0.0141342756183746,0.0219252184558142,-0.031095406360424,0.0435217504952711
"3 arc-second","LOPO, high-PA pool",1,"1:20","0",1,283,0.528473160282355,NA,0.528473160282355,0.528473160282355,0.801769023002282,NA,0.615391042780749,NA,0.279040265600747,NA,-0.244878332870889,NA,-0.544866987461337,NA,0.14360870255994,NA,0.171717171717172,NA,-0.0887097579573074,NA,0.104829210836278,NA,-0.0424028268551237,NA,-0.180212014134276,NA
"3 arc-second","classic, high-PA pool",1,"1:1","0",10,283,0.527651536500309,0.0299918081486996,0.462647715159171,0.559641941241666,0.988145648426296,0.00719159634136524,0.62128453654189,0.0231163967972466,0.470364599293286,0.0314401304748098,-1.09843083738859,0.140263402941012,-4.45209015419908,0.971677071406328,0.0992352119464832,0.0453184207896675,0.0535353535353535,0.0423359671622893,-0.967769815889961,0.187743527166175,0.0936395759717314,0.00724485358745423,-0.23321554770318,0.0264952223302756,-0.962544169611307,0.106035855271767
"1/3 arc-second","spatial knndm",1,"1:3","0",3,283,0.525950750055356,0.00815569130700632,0.516783359203256,0.532401129551839,0.355946320782484,0.0024419698269575,0.591902480689245,0.00285810529265783,0.243307963486455,0.00633666765377057,-0.0854663261846404,0.0282696844765392,0.661034023304163,0.0897744893305214,0.0464833703698977,0.0461095717438927,0.562289562289562,0.134131880720822,-0.00344934597727401,0.0065565681667083,0.10325873576757,0.00914894401078213,0.00588928150765606,0.0163208556661378,0.0235571260306243,0.00735571024546337
"3 arc-second","spatial knndm",1,"1:5","0",4,283,0.525532214635454,0.0339932177537115,0.499698773831809,0.575027265133881,0.519927637098486,0.0634876293580267,0.630570409982175,0.0320380343614465,0.2420053226395,0.016741104830007,-0.0796548732662044,0.0746868507537004,-0.077195811068149,0.0493290747480372,0.187002367728505,0.123633670676052,0.348484848484849,0.0843096567377031,-0.0404269888137246,0.0352043740778105,0.116018845700825,0.00772372028775264,0.0273851590106007,0.0088339222614841,-0.0856890459363958,0.056711671012274
"1 arc-second","spatial knndm",1,"1:1.25","0",5,283,0.524451733019495,0.0481053606187049,0.456103536526323,0.569457838228943,0.965838613790958,0.0166668151350872,0.615780971479501,0.0248006435445451,0.283617621175357,0.014572362091643,-0.265299223613701,0.0650114698951424,-0.950521584788006,0.109207356853051,0.223376640112285,0.0389298608039416,0.147474747474747,0.0196904936258767,-0.116146561379322,0.0671783574573945,0.0977620730270907,0.00960512746189642,-0.0946996466431095,0.0110052378108816,-0.195053003533569,0.0785136428512486
"1 arc-second","spatial knndm",1,"1:2","0",3,283,0.523981224997454,0.0403363083026397,0.481536463489037,0.561812321320778,0.95531446655613,0.0223142934860027,0.607778149138443,0.0300085685842615,0.260708771639457,0.0230270460449243,-0.16309630190689,0.102730230096476,-0.409937454388686,0.0893640869400335,0.230057130787367,0.0695322369994605,0.222222222222222,0.0863030681345205,-0.050591117711026,0.0334553400309491,0.0934432665881429,0.0221090038873986,-0.0176678445229682,0.0196740790206008,-0.122497055359246,0.0591631017897496
"3 arc-second","classic, high-PA pool",1,"1:9","0",10,283,0.523514700706599,0.0213521005877496,0.483049610855026,0.553059129102157,0.936713023584128,0.0287568672464304,0.626295120320856,0.0223184062148984,0.34792691171693,0.0341654600801232,-0.552201338708623,0.152421876802417,-1.95620696849111,0.543518389694413,0.0944093840388871,0.0763924188940117,0.094949494949495,0.0506619336668122,-0.353409326248538,0.173542942502911,0.106595995288575,0.00857042793598079,-0.114840989399293,0.0270778891226682,-0.493639575971731,0.115021150700209
"3 arc-second","classic",1,"1:1","0",13,283,0.522595047187751,0.0168881198425906,0.493098800946455,0.551316426160529,0.906590406148587,0.0536715919020485,0.633788392979569,0.0185452152090699,0.330287537743676,0.0170296224344256,-0.473507052715759,0.0759740102022455,-1.80495729224479,0.191496922561244,0.249891086160101,0.0706931862755593,0.141414141414141,0.0830906577727479,-0.272507638375348,0.0635612159607911,0.102382893902329,0.00854062971346743,-0.138624626257135,0.0396944698224983,-0.477847241098125,0.0580114349675345
"1 arc-second","spatial knndm",1,"1:3.25","0",5,283,0.522384700469733,0.0338920367326251,0.489868131703934,0.559429541809525,0.926633729511817,0.0259527321185182,0.605219474153298,0.0291935483161122,0.248505569657887,0.017318066542051,-0.108654332014844,0.0772608417606019,0.104017893961699,0.114020734275756,0.210482236448554,0.0601825796707727,0.339393939393939,0.150264196134457,-0.0244844153954644,0.0217277793387066,0.0949352179034158,0.0151893235916397,-0.00424028268551236,0.0154833231803581,-0.0621908127208481,0.0634863453893306
"3 arc-second","classic, high-PA pool",1,"1:7","0",10,283,0.52225481043105,0.0328505892386756,0.464778028032233,0.576664591445502,0.935097552286512,0.044514577420106,0.627077762923351,0.0194601944745778,0.359835917646411,0.028864604188287,-0.60533081597501,0.128773244476143,-2.24789505355001,0.431196376572637,0.0702672362325785,0.0602435336112037,0.118181818181818,0.0316032324047335,-0.428486962504275,0.136042930285323,0.109540636042403,0.00903876280582751,-0.115194346289753,0.0260836005383584,-0.569611307420495,0.100453949594748
"1 arc-second","spatial knndm",1,"1:2.5","0",3,283,0.52213605923899,0.0274612555883367,0.501445450575109,0.553291087099285,0.938324070690926,0.0252137383833736,0.604770127748069,0.022088735996367,0.251898694705119,0.0159534006665026,-0.123792032098834,0.0711726774721216,-0.138883795492215,0.113331850668735,0.241172769589463,0.0711781869170079,0.228956228956229,0.0608859977105223,-0.0331830242669072,0.0189814997691993,0.0910875539850805,0.00719682087939668,-0.0200235571260306,0.0174306814922836,-0.0800942285041225,0.0543220379627807
"3 arc-second","spatial knndm",1,"1:3","0",4,283,0.521640867393982,0.0244264430515539,0.488598412186785,0.542580742239445,0.670414662324052,0.138106872424134,0.639691956327986,0.0103523363206231,0.25558149522279,0.0100164202451137,-0.140222057202428,0.0446861119101442,-0.61451310374464,0.0750704221335113,0.238282296374481,0.0619047231366849,0.191919191919192,0.0528093843143371,-0.0765521453500548,0.037447328531555,0.115429917550059,0.0110910458514531,-0.0123674911660777,0.00456181784005586,-0.128975265017668,0.0274468320323464
"1 arc-second","spatial knndm",0,"1:1.75","0",5,283,0.520554911362137,0.00304869927298789,0.516505361484294,0.523882599366363,0.874263932797207,0.0341560414136072,0.539126559714795,0.01027550792454,0.509765622614841,0.0152956028293464,-1.27421005735294,0.0682380534202053,-12.3626411173667,0.256152544624729,0.02330758955558,0.00769690456972589,0.0444444444444444,0.0672305506759343,-1.4176899406487,0.0536491244225411,0.101060070671378,0.0163929502216318,-0.228268551236749,0.0161155537116486,-1.06855123674912,0.0222923113718551
"3 arc-second","classic, high-PA pool",1,"1:10","0",10,283,0.517340570312756,0.0289965454925317,0.465765220560657,0.564898810657657,0.915808117621501,0.0322073050226891,0.627771278966132,0.0190852207665242,0.335299008188861,0.0218700465463625,-0.495864653901386,0.0975685248357636,-1.72781468638241,0.276871102155964,0.0810762206640509,0.0754227814963087,0.13030303030303,0.0244890189171289,-0.296922916206466,0.0862494281575124,0.110836277974087,0.00548121672957715,-0.101766784452297,0.023545344521495,-0.491519434628975,0.0966194023645273
"1 arc-second","spatial knndm",1,"1:3.5","0",3,283,0.51728185988576,0.0357217329943319,0.496550356199159,0.558529576923777,0.893248330064573,0.0326316308653891,0.586582739156269,0.0367475721758542,0.250930624320662,0.0186273602252194,-0.119473193583863,0.0831019748817733,0.234445071724829,0.125062763107147,0.168158290349954,0.0866504712472437,0.353535353535354,0.166283612456104,-0.0200787207530414,0.0187297842998586,0.0875539850804869,0.0149607843606264,-0.00235571260306243,0.02159046263819,-0.0376914016489988,0.0436125054925174
"3 arc-second","classic, high-PA pool",1,"1:12","0",10,283,0.516628681360827,0.0269347008391421,0.454790733877939,0.550364581993743,0.899602553236266,0.0372663523441903,0.630495209447415,0.0205017493372663,0.322878823989386,0.0265860266288051,-0.440454664354161,0.118607859106193,-1.55795239925692,0.328883168078738,0.114559672647808,0.0829380436748438,0.14040404040404,0.0279481561878076,-0.258335198022129,0.120984768059205,0.110600706713781,0.00685566783281957,-0.0893992932862191,0.0152713055438049,-0.447703180212014,0.0941997894999874
"3 arc-second","spatial knndm",1,"1:2","0",4,283,0.515354814978392,0.0211732240920038,0.494017615497646,0.541945038722587,0.709583989752896,0.0909173522089594,0.625717190285205,0.0161822467313575,0.283001318160254,0.00365755396713407,-0.262549719815985,0.0163173930299577,-1.00095608884644,0.069787230424285,0.183485574708276,0.0676348403590151,0.123737373737374,0.041545328886374,-0.132134129393662,0.0264911469325705,0.104240282685512,0.0109863121944509,-0.0786219081272085,0.0101494039691485,-0.210247349823322,0.0258860553307844
"1 arc-second","spatial knndm",1,"1:3","0",3,283,0.51477738941023,0.0457824417313396,0.476658337100152,0.56555812864295,0.934135213015611,0.0307048220895105,0.597723559120618,0.0345046133235298,0.255887248648354,0.0240560163873088,-0.14158611057253,0.107320760719874,0.0666294326423631,0.134079213281592,0.205619707371059,0.045515357471236,0.252525252525253,0.196645680140725,-0.0349123672442979,0.0332021071640133,0.0891244601491951,0.0120885781847983,-0.0129564193168433,0.033954146773615,-0.0600706713780919,0.0490899080899286
"1/3 arc-second","spatial knndm",1,"1:3.95750708215297","0",3,283,0.51436949089432,0.0195027889042797,0.49191902918093,0.527124869353893,0.308115867705527,0.00142177810186789,0.585700757575758,0.00268031666650157,0.245681492159456,0.0109662614970347,-0.0960553155948444,0.0489236250577104,0.887943585935942,0.144837183778931,0.0204564609151829,0.0284117599554944,0.612794612794613,0.172112833927704,-0.00423612400836372,0.0126049785590299,0.100117785630153,0.00655802634020027,0.0153121319199058,0.0235276611960403,-0.00353356890459364,0.0459363957597173
"3 arc-second","classic, high-PA pool",1,"1:3","0",10,283,0.512598612596137,0.0293856314781491,0.463828914757682,0.545059732407455,0.96875151791522,0.0217207304587436,0.617574643493761,0.0285915162250196,0.411293811808009,0.0401688796286733,-0.834899180809473,0.179204846289038,-3.41642005809029,1.18333538112191,0.0953819013645415,0.0587503422182184,0.0848484848484849,0.0404601182109086,-0.698944580335304,0.27447478178483,0.102120141342756,0.0074089564478776,-0.162897526501767,0.0223761698925619,-0.748763250883392,0.125290363656591
"3 arc-second","classic, high-PA pool",1,"1:6","0",10,283,0.508233723103271,0.0194918624803857,0.481087881409004,0.538138663900048,0.951892741377579,0.0249782418713669,0.614315953654189,0.0203551686840897,0.384159722446408,0.0411676510634841,-0.713846257297813,0.183660650959413,-2.7130406335456,0.858726392676891,0.0827490526270468,0.0825843045316285,0.098989898989899,0.0374328406994944,-0.551125637204898,0.239766294111964,0.104475853945819,0.00856682993920761,-0.134275618374558,0.0195680185227752,-0.659717314487632,0.141754895786344
"3 arc-second","classic, high-PA pool",1,"1:8","0",10,283,0.506094027512986,0.0287034136125667,0.442710492074226,0.540738317685726,0.944253949883485,0.0109685829548278,0.623000222816399,0.023869243967433,0.353674098734098,0.029196271417701,-0.577841181679767,0.13025290672751,-2.0576887900639,0.390847440921587,0.0785533693553588,0.0742149415621927,0.12020202020202,0.0432368333131098,-0.383451969526423,0.129243168954587,0.110482921083628,0.0104587036769674,-0.119434628975265,0.0242992639966598,-0.55547703180212,0.106552711669886
"3 arc-second","LOPO, high-PA pool",1,"1:4","0",14,283,0.505852590305764,0.0402906347739739,0.434812468325033,0.564309958234408,0.534148053616384,0.287540608508953,0.604178603259486,0.0298791953568594,0.422907343765775,0.0313012386611159,-0.886710464285714,0.13964376688559,-3.38754377084885,0.736268936275054,0.0566304843245588,0.0364999241180093,0.0707070707070707,0.0430377076118919,-0.741165649146365,0.147931011838896,0.101127376745751,0.0118675369490951,-0.154719838465422,0.0385884883094963,-0.784452296819788,0.1389302122965
"1/3 arc-second","spatial knndm",1,"1:2","0",3,283,0.505673723457349,0.00712833085446126,0.499753412338144,0.513586205536834,0.46074463642862,0.0244563264446923,0.585115864527629,0.00610290467075388,0.25396810836278,0.00244338764966783,-0.133024277554961,0.0109006502603747,0.353054081800172,0.116847755468377,0.0506532552611538,0.0242542735769607,0.35016835016835,0.0508406359277492,-0.0209736663743731,0.00254767711585161,0.0985473105614448,0.00766361260146962,-0.00706713780918728,0.0161928469786426,-0.0424028268551237,0.025480927741795
"3 arc-second","spatial knndm, high-PA pool",1,"1:1","0",6,283,0.505601465200047,0.0185299957697953,0.489127005803227,0.539872644493062,0.976254371523944,0.0168484375377841,0.593039772727273,0.0295302283530398,0.498144501766784,0.0490700406930778,-1.22236491766934,0.218915468419558,-4.50348579938216,1.08270553468701,0.0722925751152541,0.0435345942387285,0.00336700336700337,0.00824744021139117,-1.05846005531205,0.276176530200538,0.0952100510404397,0.00188702235425175,-0.248527679623086,0.0345254576406337,-1.10306242638398,0.230917218415765
"1 arc-second","spatial knndm",1,"1:1.5","0",3,283,0.504463271327217,0.0611362901231727,0.459849706718884,0.574150095418283,0.962722805226712,0.0145734451600227,0.604426619132502,0.0374378520558565,0.27891232324434,0.016433068480921,-0.244307545472144,0.0733126126096524,-0.734601885558763,0.078552540811026,0.212379483537202,0.0581496996343957,0.138047138047138,0.0649404091649357,-0.102794412563112,0.0538565528194134,0.10325873576757,0.0106875992059805,-0.0777385159010601,0.0122406417496034,-0.191990577149588,0.0836443852889564
"3 arc-second","spatial knndm, high-PA pool",1,"1:2","0",6,283,0.50432043413763,0.0202099916116,0.472048840041254,0.530327014680689,0.960909648800781,0.0256297109522269,0.615321412655972,0.0162136516819886,0.429303942808533,0.0452608514160357,-0.915247519807965,0.20192158695738,-3.040905749315,0.63988679263366,0.0952317813446452,0.0544196915601781,0.0303030303030303,0.0263402117381925,-0.653445880695372,0.199319350418999,0.0975657636435022,0.00173375753167017,-0.206124852767962,0.0355938741993093,-0.878680800942285,0.187121297119719
"1/3 arc-second","spatial knndm",0,"1:1","0",3,283,0.504246445114559,0.055364936749303,0.448390938002148,0.559107411720193,0.710941852233039,0.0314835349807824,0.53369169637552,0.0268956407688553,0.512917093050648,0.0249620536794438,-1.28826966718657,0.111362851890205,-10.4464311838673,3.35319270901134,0.0185421270531786,0.0159917597905993,0.0572390572390572,0.0905342064629546,-1.44761341526046,0.172158134943074,0.0851982724774244,0.0140522419852166,-0.220259128386337,0.00204010695826721,-1.0565371024735,0.0244812834992068
"3 arc-second","spatial knndm, high-PA pool + field abs",1,"1:8","0",3,283,0.504211435737073,0.00230283195979941,0.502238146899544,0.506741658274313,0.354301362507263,0.00503510172798656,0.61660724896019,0.0033072867772008,0.257786157987448,0.00192730303340856,-0.150057687558865,0.00859824936734946,-0.133404568664856,0.0234032344423239,0.198770440040902,0.00811406533246898,0.272727272727273,0.0174954627027159,-0.113001265043674,0.00589199887083613,0.0946211228896741,0.00757255654573456,0.0117785630153121,0.00816042783306893,-0.13545347467609,0.00889262006510102
"1 arc-second","spatial knndm",1,"1:4","0",3,283,0.504107262319893,0.0493565499273498,0.461692624920363,0.558281502644687,0.914832224506923,0.0256281731185647,0.587269756387404,0.0369217801375237,0.255683185880688,0.0251241968723851,-0.140675728275313,0.112086218990221,0.357354701837028,0.160800998997472,0.196342475236016,0.0703832594097613,0.30976430976431,0.229524942318576,-0.0289615677232943,0.0325093884983117,0.0820573223400078,0.0195088468768038,0.00117785630153122,0.0235276611960402,-0.0365135453474676,0.0514899717182436
"3 arc-second","spatial knndm",1,"1:1","0",23,283,0.503486034054637,0.0374564391773276,0.417710593227216,0.558157716779758,0.851462308839433,0.0835571494124677,0.624371512438968,0.0318187973771139,0.331954004169329,0.0208417911874648,-0.480941635467769,0.0929811839579362,-1.72736273686618,0.194699819731549,0.201415214695081,0.108009954628888,0.13350900307422,0.0956307022234683,-0.282947794404041,0.0901046484410499,0.105392533415271,0.0137354480372123,-0.130895682900599,0.0224111009128736,-0.449531418036565,0.0801749754345117
"3 arc-second","classic, high-PA pool",1,"1:5","0",10,283,0.502949481301239,0.0253019400891862,0.460668708917269,0.55239416748573,0.945713716635552,0.0243786246945036,0.61841577540107,0.0234300740926403,0.386042177209061,0.0311415252624557,-0.722244425718389,0.138931239791935,-2.62212755491086,0.513706360281346,0.0825961270002531,0.0732510631310112,0.0898989898989899,0.0391065519413727,-0.537256236099076,0.153083045864536,0.104004711425206,0.0095051049339113,-0.13356890459364,0.0397620282965786,-0.680918727915194,0.100236194096603
"1 arc-second","spatial knndm",0,"1:2.5","0",3,283,0.499712976206605,0.0101878623582107,0.488629433144032,0.508669252726161,0.799643847277209,0.012654127201932,0.538751485442662,0.0123099233933958,0.486447184923439,0.0204272640498695,-1.17017984588532,0.0911318599871879,-9.99553639225668,3.34541930223473,0.0250939385927484,0.00964207091134582,0.0505050505050505,0.078891410867744,-1.21849303336734,0.0457415354350437,0.0930506478209659,0.011236032996666,-0.22379269729093,0.016698995145769,-0.988221436984688,0.0602090832467942
"3 arc-second","classic, high-PA pool",1,"1:18","0",10,283,0.499214828269493,0.0351322996481597,0.439675995953035,0.539499343289339,0.887991496371892,0.0517455227468694,0.621894496434938,0.0182553668517032,0.318410091942961,0.0233622800427148,-0.420518374198965,0.10422580472042,-1.3491256779222,0.276562536158425,0.0586781415949064,0.0559566387643287,0.145454545454545,0.0185643754236905,-0.233622381342529,0.0845995066361027,0.110718492343934,0.00535460608440749,-0.0876325088339223,0.0250858506703871,-0.404946996466431,0.113517486037219
"1/3 arc-second","spatial knndm",1,"1:1","0",13,283,0.498443053486482,0.0190896841493143,0.467676945253997,0.522573145090249,0.550829738904793,0.0259620344400474,0.581829322638146,0.0148810377560705,0.281814076129219,0.00636303513992452,-0.25725309397911,0.0283873173641608,-0.353826910273111,0.175249696007965,0.0564291978947293,0.036845326275845,0.113442113442113,0.0185126312131659,-0.0800616544839709,0.0114986954440358,0.0823593367762979,0.00781984139433659,-0.0481108997010057,0.0130262436070132,-0.14243000815439,0.0249604654121388
"3 arc-second","classic, high-PA pool",1,"1:4","0",10,283,0.498032278934114,0.0409892002440983,0.423750255597081,0.563183191226787,0.963379199411077,0.0243811438132083,0.615460672905526,0.0298778789705629,0.399998223477032,0.0281528643052257,-0.784506334673128,0.125597969548865,-2.94813906283369,0.551765336912042,0.0598287313396558,0.0666166938721529,0.0838383838383838,0.0401366008624528,-0.611393930620597,0.170846106841486,0.103180212014134,0.0110799214295451,-0.153356890459364,0.0234508793681881,-0.697879858657244,0.0740692760156063
"1 arc-second","spatial knndm",1,"1:1","0",13,283,0.497294617948417,0.0602085900354765,0.401555363072648,0.584234931858539,0.972531135920164,0.0126573580239275,0.594427019059372,0.0363344791917745,0.309862397941955,0.0228555370719002,-0.382384669606353,0.101965079576171,-1.15015522040146,0.133538351528064,0.193359364144989,0.0739271128034717,0.0815850815850816,0.0564605713492969,-0.178757366689153,0.0676662644848568,0.0923258131738697,0.0153312862403663,-0.114433269910302,0.0346679686454154,-0.310138624626257,0.0625676864838949
"1 arc-second","spatial knndm",1,"1:1.75","0",5,283,0.496808479854971,0.0254258880843971,0.460854697770392,0.530188975567746,0.959500297294342,0.00730351744980905,0.582798573975045,0.0306376688819057,0.279923892579505,0.0156413399798484,-0.248820445231729,0.0697804856086273,-0.511291596539658,0.067834662055353,0.181486030479139,0.0535284292917892,0.141414141414141,0.0529701438469773,-0.0906185269798912,0.0281399552399851,0.0876325088339223,0.0124819427955137,-0.0607773851590106,0.0246591467453963,-0.2113074204947,0.0366708871070519
"1/3 arc-second","spatial knndm",0,"1:1.5","0",3,283,0.495337549745526,0.0761851655770954,0.410511562038175,0.557939483915961,0.73656761672626,0.102499964050798,0.560847445038621,0.0120524523281582,0.499856593639576,0.0552809594473854,-1.23000304857397,0.246624151135341,-9.24635614411361,5.17312566865259,0.02907943363211,0.0181750768320683,0.063973063973064,0.110804597117201,-1.24885941612724,0.380210096247721,0.082842559874362,0.020069694415598,-0.207302709069494,0.00539761565954752,-1.01060070671378,0.0602781699972862
"3 arc-second","spatial knndm, high-PA pool",1,"1:18","0",6,283,0.494871605943023,0.0291020945328449,0.453396251248165,0.523074283286308,0.712590037269931,0.0747445881451369,0.612002376708259,0.0265891643169089,0.308726936148794,0.0408929673019626,-0.377319050201693,0.182435208235677,-1.23376205323277,0.509895589600224,0.0690414961895818,0.0575996162679076,0.143097643097643,0.0242564493660982,-0.228718692288922,0.158381076976281,0.110718492343934,0.00600591226571589,-0.0842167255594817,0.0273176339885036,-0.343934040047114,0.179673089643491
"3 arc-second","spatial knndm, high-PA pool",1,"1:5","0",6,283,0.493051170340103,0.0189330378800491,0.462295775200992,0.521026791283735,0.914625220445621,0.0802590001737114,0.60528539067142,0.0239980180766009,0.385017546170561,0.027231017972587,-0.717673253969143,0.121485349732984,-2.41323434344174,0.528512233891178,0.0894706360195068,0.0505462020431638,0.0589225589225589,0.0215856167337705,-0.481681969088303,0.163975911179686,0.0936395759717314,0.00701788886208067,-0.14075382803298,0.018485215404103,-0.677856301531213,0.0861326296190136
"1 arc-second","spatial knndm",0,"1:2.75","0",5,283,0.492650549831266,0.0349155950909051,0.452652727587667,0.529335992567449,0.82979037325378,0.0396969621514799,0.560394385026738,0.0253513376026822,0.464455926501767,0.0495818220673663,-1.07207056024955,0.221198671320928,-8.11752994519579,5.07083864380014,0.0685884061409579,0.0616621849354295,0.125252525252525,0.0954532093327471,-1.07838792323568,0.429567809836305,0.104122497055359,0.0156393416051352,-0.213427561837456,0.0159206789061043,-0.968197879858657,0.135663277883056
"3 arc-second","spatial knndm, high-PA pool",1,"1:3","0",6,283,0.4914071564558,0.0219027064381456,0.464316202255942,0.525332108364154,0.937203744007581,0.0314182000199664,0.596270610516934,0.0166395778032319,0.436704342167256,0.0371170154567974,-0.948262815275921,0.165589608451395,-3.30602508255196,0.671695720079128,0.0510417419551055,0.0414574948037853,0.0134680134680135,0.00824744021139117,-0.744124056292508,0.209453363759258,0.0965842167255595,0.00223482520153243,-0.192579505300353,0.0311876242595283,-0.852767962308598,0.126453722180474
"3 arc-second","spatial knndm, high-PA pool",1,"1:4","0",6,283,0.491373433030554,0.0253000994434857,0.451401436608004,0.523854759948632,0.914426467580113,0.0474774238130147,0.605503565062389,0.0195417492873911,0.404209668127208,0.024041734780811,-0.803294792259358,0.107257046393737,-3.02242509323591,0.739614789537651,0.0624885310280757,0.0508057779330799,0.0538720538720539,0.0236170746353538,-0.63038713071667,0.179547646828808,0.0989399293286219,0.00235571260306243,-0.151354534746761,0.0196634987138283,-0.728504122497055,0.0699045559217289
"3 arc-second","spatial knndm, high-PA pool",1,"1:25","0",3,283,0.489801139370827,0.0116165047926226,0.478928947295729,0.502040893483901,0.644296249381441,0.0618075191724544,0.621954842543078,0.00599539769988091,0.277237338753145,0.0103287005698229,-0.236834961196557,0.0460792836417416,-0.729892053627001,0.208004923710359,0.147137614175724,0.0163774955169993,0.175084175084175,0.0154295477944641,-0.133311073968151,0.0169429627644343,0.115037298782882,0.00272014261102298,-0.0341578327444052,0.00735571024546338,-0.208480565371025,0.0830952368643452
"3 arc-second","spatial knndm, high-PA pool",1,"1:7","0",6,283,0.489592718660478,0.0296890663702746,0.441173607856274,0.523316516495245,0.873344882486031,0.0890445171818321,0.605953839869281,0.0247694054504804,0.361533242667991,0.0288870708887329,-0.612903067738233,0.128873474844459,-2.07867613807943,0.461070398987422,0.072529390581891,0.0644091471768376,0.107744107744108,0.0198624662676803,-0.408273562162096,0.147560204943643,0.104436592069101,0.00720966089117427,-0.123674911660777,0.0194827544199155,-0.579505300353357,0.102583102101268
"1 arc-second","spatial knndm",0,"1:3.5","0",3,283,0.485059663210332,0.0175867457155761,0.465813016370548,0.500292671463867,0.797594001335791,0.0238681967075188,0.538510101010101,0.0121757214717174,0.499444301531213,0.0140505924564303,-1.22816369570707,0.0626837065086368,-8.42251448306777,2.58397449703087,0.0153455774561965,0.0109425510007497,0.0303030303030303,0.0303030303030303,-1.24762981285201,0.0690883950287273,0.0954063604240283,0.00824499411071847,-0.227326266195524,0.0163208556661379,-1.03062426383981,0.0614407602155241
"3 arc-second","spatial knndm, high-PA pool",1,"1:12","0",6,283,0.482343356075436,0.0259130032168068,0.457900870417522,0.531131089977679,0.759323625485516,0.138759904242703,0.598549836601307,0.0224679547881602,0.344831892226148,0.0287912009639124,-0.538393572665998,0.128445771724531,-1.75509248311129,0.487326453273601,0.054019061943814,0.0603143016136913,0.132996632996633,0.0242564493660982,-0.373283612459363,0.133380337234771,0.112288967412642,0.011435927277425,-0.10718492343934,0.0349567430889037,-0.494110718492344,0.141049460123867
"3 arc-second","spatial knndm, high-PA pool",1,"1:10","0",6,283,0.481531103815907,0.0273844418843092,0.447739057086929,0.520572960785664,0.845776752699424,0.111044715062125,0.596744095365419,0.0255631069623144,0.353465127082843,0.0430535769157464,-0.576908899450634,0.192074304902251,-1.92300598411374,0.751918177500969,0.0639699691384776,0.0587462957330648,0.107744107744108,0.0208645567472453,-0.400765288598732,0.212134364690214,0.107577542206517,0.00992945204222449,-0.121319199057715,0.0307779057914338,-0.530624263839812,0.183642491692536
"1 arc-second","spatial knndm",0,"1:2.25","0",5,283,0.481277205273432,0.0473750708476153,0.419435780941914,0.542183182791175,0.84782570951898,0.033512068998627,0.544034090909091,0.0229677011564142,0.490906959717314,0.0315100954094535,-1.19007617517825,0.140575536499985,-7.8645630619417,3.47948057988032,0.0264814139609267,0.0228856637375675,0.0646464646464646,0.0656954042081176,-1.26864365665452,0.253179329448725,0.0996466431095406,0.00213968222904416,-0.226855123674912,0.0137763877665144,-1.00070671378092,0.0902755973512869
"1 arc-second","spatial knndm",0,"1:1.25","0",5,283,0.481051863740465,0.0250527278561862,0.446038214537663,0.503674776213869,0.872139638919922,0.0472075875434492,0.545989304812834,0.00984461425979926,0.501873526501767,0.0112970556257542,-1.23900116221034,0.050399392157477,-8.5390251393823,2.66326759144133,0.0267970378732019,0.00515982916949682,0.123232323232323,0.107232582037093,-1.38513449586968,0.0237487266066899,0.103651354534747,0.0150839204650951,-0.232508833922261,0.0120866652837364,-1.0678445229682,0.0625351853162655
"3 arc-second","spatial knndm, high-PA pool",1,"1:16","0",6,283,0.480209386153217,0.0267137946595854,0.436521037785318,0.504477291185017,0.71768103423099,0.0769725644826545,0.607731729055258,0.0235386768134381,0.318070447143541,0.0394012251325722,-0.419003121729002,0.175780120300946,-1.37196357087668,0.52086019990204,0.0664757262844213,0.0674548226894373,0.14983164983165,0.0215856167337705,-0.272375637272651,0.153572457199115,0.113466823714174,0.0090829956754904,-0.0865724381625442,0.0267012515721732,-0.402826855123675,0.165377064913399
"3 arc-second","spatial knndm, high-PA pool",1,"1:20","0",3,283,0.47990468178875,0.0270352221011063,0.458869399430867,0.510398331231338,0.701180548821133,0.0746839311431384,0.608149509803922,0.024401845189742,0.318582903707994,0.030009163001177,-0.421289336846564,0.133879448284384,-1.34229678717346,0.406670172969806,0.0717884773650024,0.0821972039982756,0.144781144781145,0.0254203179638746,-0.274142567874302,0.120383535669701,0.113466823714174,0.00245190341515446,-0.0812720848056537,0.0337080989899981,-0.376914016489988,0.0989609602416724
"1 arc-second","spatial knndm",0,"1:2","0",3,283,0.479395014692541,0.0459777247462691,0.431012713944008,0.522515399165221,0.841893166239045,0.0208980523331828,0.554404337492573,0.0277727583079194,0.475787910482921,0.0305785705700074,-1.12262577777778,0.136419738100564,-7.69766773142683,4.71777917586001,0.0412213613486581,0.0288330871752956,0.134680134680135,0.0910959546024827,-1.15827725088629,0.339418018080634,0.104436592069101,0.0127041143991861,-0.214369846878681,0.021299341955271,-1.02355712603062,0.0335843991269336
"3 arc-second","spatial knndm, high-PA pool",1,"1:9","0",6,283,0.479207331881165,0.0301302150254255,0.439110377848694,0.521707538398545,0.852608427743945,0.104198028631923,0.595416480986334,0.0309458581250702,0.36181859226541,0.0442389340742986,-0.614176093802609,0.197362521784564,-2.0523499254723,0.760004403409277,0.0585442908555627,0.0597880926977486,0.101010101010101,0.0278465631355358,-0.433884003530716,0.221888463623555,0.106595995288575,0.00561183945798426,-0.122497055359246,0.0292810433325231,-0.570671378091873,0.171540122303543
"3 arc-second","spatial knndm, high-PA pool + field abs",1,"1:10","0",3,283,0.479035268544019,0.0327647776804594,0.451596564022478,0.515312740785954,0.343055562191556,0.0112794078633975,0.592292409387998,0.0223463773328738,0.281902093218165,0.0233845849056652,-0.257645763355037,0.10432531308544,-0.111698821945622,0.0377741657666684,0.0896843395458666,0.107017504447423,0.198653198653199,0.0730725064451539,-0.175461379190603,0.0707236567633995,0.102080879466038,0.00801750210312608,-0.0141342756183745,0.0214938605310891,-0.222614840989399,0.0734438504976203
"1 arc-second","spatial knndm",0,"1:1","0",13,283,0.477279174731085,0.0291156695979156,0.430284942603924,0.522071875081133,0.905368836999622,0.0391521906896678,0.549628068010421,0.0132552879382667,0.508600508833922,0.0174664181969987,-1.26901215196078,0.0779226808700661,-7.16016199314004,1.97037124761221,0.0316133368079432,0.0122785195482216,0.0792540792540792,0.0631947363365447,-1.37853725371679,0.0894571233715475,0.101658059255232,0.0117626965708716,-0.241098124490351,0.00737744060372285,-1.10709431910845,0.0691590935203778
"1/3 arc-second","spatial knndm",0,"1:1.25","0",15,283,0.476250480967558,0.0587656964831723,0.397736387961902,0.571066940659581,0.758560477649684,0.0594443075116084,0.548145053475936,0.0195717424037021,0.488994426383981,0.0384675780512364,-1.18154381766191,0.171614853974235,-8.66417060516929,4.1466748469948,0.0259424576031737,0.0182019388837029,0.102356902356902,0.122876183667536,-1.24330569850376,0.263444885853532,0.087396937573616,0.0235285035605237,-0.212485276796231,0.00564529071885499,-0.991990577149588,0.0586959523098747
"1 arc-second","spatial knndm",0,"1:1.5","0",3,283,0.475747985391535,0.041862235386957,0.450652416852265,0.524074339802542,0.888163445724861,0.0312159740471978,0.577995023767083,0.0249268429751869,0.470265102473498,0.0497070561300195,-1.09798695365419,0.221757376247612,-5.8320096254437,4.53650099509118,0.0887517129475212,0.0514200283427141,0.205387205387205,0.177942225747122,-0.974125968431581,0.361110652603496,0.115037298782882,0.0243201895028639,-0.247349823321555,0.0061203208748017,-1.02709069493522,0.0676319303649262
"3 arc-second","spatial knndm, high-PA pool + field abs",1,"1:6","0",3,283,0.475265188682565,0.0146009433594106,0.461912614069821,0.490856020867564,0.322476582472874,0.0296278481970318,0.594130644682115,0.0270086532901704,0.283874908411203,0.0249552162627132,-0.266447055467068,0.111332348221058,-0.215534412469749,0.0285926347021823,0.0917151511535674,0.0840941350728791,0.185185185185185,0.0847120917535968,-0.186749993886638,0.061120654189597,0.09383588535532,0.0119151872049419,-0.0141342756183745,0.0275980553918963,-0.217903415783274,0.071403743539353
"1 arc-second","spatial knndm",0,"1:3.25","0",5,283,0.475061144516596,0.0244448925532777,0.451527028430838,0.510581347136159,0.83118014777919,0.0339216992677451,0.541861631016043,0.0247624225640521,0.478459790812721,0.0374461914180842,-1.1345457991533,0.167058156444014,-7.11133733555996,3.83189655702205,0.0303405333421571,0.0297266520426954,0.0525252525252525,0.0496903994999953,-1.12427432914617,0.247790726614445,0.0979976442873969,0.00535892257530145,-0.219787985865724,0.0150747201467855,-0.975265017667845,0.0965123694964499
"3 arc-second","spatial knndm, high-PA pool",1,"1:14","0",6,283,0.474254401266121,0.0111130897775844,0.462729414352902,0.492157508671697,0.735989470673421,0.129373994351897,0.60183637849079,0.0207974646622226,0.330381341573093,0.0366488541382314,-0.473925538393906,0.1635010070787,-1.55544532614072,0.545600373520953,0.0679920726989015,0.0683533683061878,0.138047138047138,0.0317285359983562,-0.32302430786992,0.160365734713167,0.112877895563408,0.00837576478801618,-0.0936395759717314,0.0165361964053676,-0.429917550058893,0.153173860696522
"3 arc-second","spatial knndm, high-PA pool",1,"1:8","0",6,283,0.474177712451853,0.0223629285441673,0.445935729856357,0.504055680606023,0.858434469298901,0.0974082809453025,0.591605392156863,0.027163851686537,0.369338650176678,0.033860388859388,-0.64772522025401,0.151060866942933,-2.12629727366171,0.544100257246321,0.0495414660196529,0.0590657198253472,0.111111111111111,0.0278465631355358,-0.462335219230326,0.142340318950407,0.105221829603455,0.00970332480978834,-0.130153121319199,0.0238002763471201,-0.614252061248528,0.140517318828649
"1/3 arc-second","classic",0,"1:2.25","0",5,283,0.474126330247505,0.0467122069276865,0.429069840564982,0.541064868330824,0.967297578486611,0.0241503688519529,0.563669786096257,0.0243527596176134,0.47904972155477,0.0629504697103529,-1.13717764870766,0.280840027218831,-6.55740105244739,5.04407375482711,0.0736525867322402,0.0601396313110312,0.0666666666666667,0.0910772854856554,-0.994549997274447,0.450131806547593,0.096113074204947,0.00568552102998689,-0.24452296819788,0.0152803874985439,-1.01484098939929,0.164195027306618
"1 arc-second","classic",0,"1:3.5","0",3,283,0.47320432031726,0.0608410216413871,0.424670407686617,0.541459620633448,0.946530076491325,0.0175473268360508,0.573260175282234,0.0193005729784537,0.460389762073027,0.0526006962426219,-1.05393023923054,0.234666731360035,-4.65163740136833,2.34630141097211,0.0705398054428648,0.0548197253174229,0.0606060606060606,0.0880585645159732,-0.962028088425272,0.382624314886562,0.0989399293286219,0.0141342756183745,-0.217903415783274,0.0215904626381901,-0.941107184923439,0.099087051981381
"3 arc-second","spatial knndm, high-PA pool",1,"1:6","0",6,283,0.472762165847385,0.0145829395691991,0.452485004034318,0.495977375341147,0.890250573768282,0.0738434753021705,0.583444741532977,0.0124370552528983,0.396068753828033,0.0297851700026177,-0.766975848113488,0.132880151534071,-2.61324624148837,0.708524424022325,0.0252800436504453,0.00995550551101167,0.0740740740740741,0.0244658614472525,-0.586380806754585,0.190166968844025,0.100117785630153,0.00324712573665257,-0.145465253239105,0.0158683081099028,-0.724381625441696,0.114151231113747
"3 arc-second","spatial knndm, high-PA pool + field abs",1,"1:2","0",3,283,0.472602170796344,0.00753830978427121,0.464344185517202,0.479114516903352,0.341878196114836,0.0024506040656733,0.594474153297683,0.00592587953151906,0.280450068315665,0.00234023088913958,-0.251167865493167,0.0104404384848651,-0.382329827310337,0.0142997057495342,0.118546048042965,0.00611682509227333,0.164983164983165,0.0354735816594368,-0.182487054884521,0.00849752486841062,0.082842559874362,0.0187842539676571,-0.0282685512367491,0.00706713780918727,-0.227326266195524,0.0124094861635486
"3 arc-second","spatial knndm, high-PA pool + field abs",1,"1:7","0",3,283,0.471950366644055,0.01162117958895,0.463217348932165,0.485140288460498,0.329010672604905,0.0231896520598024,0.59152183600713,0.0210655974157284,0.2831604345602,0.0216583222761903,-0.263259583527845,0.0966239623873556,-0.173409055114524,0.0379832700825282,0.0929736051549273,0.0752151126101305,0.191919191919192,0.0440292822579866,-0.177280707246316,0.0588148834156692,0.0954063604240283,0.0154024697651614,-0.0117785630153121,0.0227176696372037,-0.214369846878681,0.0729605685085917
"1 arc-second","spatial knndm",0,"1:3.75","0",5,283,0.471845536488334,0.0394301081886254,0.434462969960824,0.523915617671255,0.809134020025536,0.0318316683678793,0.556879456327986,0.0281959426320532,0.458573956183746,0.0492791844715321,-1.04582941047237,0.219848518557293,-6.92718548791769,4.9530846020675,0.0558008807288791,0.0482490596070177,0.0626262626262626,0.0330412671389821,-1.01641594913503,0.411727978619213,0.0994110718492344,0.00295639585347731,-0.207773851590106,0.0156836332305103,-0.926501766784452,0.131109216077565
"3 arc-second","spatial knndm, high-PA pool + field abs",1,"1:3","0",3,283,0.471254584168688,0.0154294029977162,0.458740442517264,0.488494080542156,0.335228673752157,0.0204352360510768,0.590816250742721,0.0290614531434528,0.282802576200759,0.0229318171798695,-0.261663075163914,0.102305386927282,-0.328344888592528,0.0123718795550985,0.131415820443733,0.0541278695311079,0.168350168350168,0.0910959546024827,-0.183197369121071,0.0467296276021726,0.0867687475461327,0.0149143462216118,-0.0294464075382803,0.0215904626381901,-0.217903415783274,0.0665149960117574
"3 arc-second","spatial knndm, high-PA pool + field abs",1,"1:5","0",3,283,0.468737859427025,0.0185438433196504,0.455091498240942,0.489851132561683,0.316290486673497,0.034957372890978,0.590927658942365,0.0197761583994693,0.283756018848318,0.0221813653084765,-0.265916655166163,0.0989574067619526,-0.229969577186408,0.0320316692591711,0.0805738531751034,0.0698449467346287,0.175084175084175,0.0816454926126744,-0.184630004952509,0.0618303389942156,0.0859835100117786,0.00919935179729876,-0.0188457008244994,0.028779250230555,-0.217903415783274,0.0784048963045589
"1 arc-second","classic",0,"1:2.5","0",3,283,0.465663125494222,0.0327969176813455,0.444317481030779,0.503426728560522,0.930327484233984,0.0772959539152884,0.553197415329768,0.023251557863561,0.485594906949352,0.055586351458439,-1.16637759038919,0.24798659213207,-6.49544477321677,4.62769422288556,0.0494304004617079,0.0486096835810093,0.0538720538720539,0.0672558395805999,-1.05423926718323,0.385824131752982,0.0934432665881429,0.00852082230632536,-0.246171967020024,0.00816042783306896,-1.0530035335689,0.178051204061401
"1 arc-second","classic",0,"1:2.75","0",5,283,0.465604439984049,0.0434996994189627,0.417407964752179,0.516186387055208,0.925494527398688,0.0374954845775265,0.554344919786096,0.0112294961297014,0.489243242402827,0.0383085564919973,-1.18265385699643,0.170905413373862,-5.1605419082716,1.68897509841323,0.0393805077787791,0.0253275129808975,0.0303030303030303,0.0236889684839567,-1.1333567652331,0.304246940789655,0.0885747938751472,0.0060289676758868,-0.236042402826855,0.0130789791684253,-1.02756183745583,0.108837363994958
"1/3 arc-second","classic",0,"1:2.75","0",5,283,0.465086654134764,0.0383080184697867,0.435092630488344,0.531793251145594,0.96203175257058,0.0217847796636834,0.57218137254902,0.0298721876446156,0.461538450883392,0.0528467269544105,-1.05905486813725,0.23576434464415,-5.12220138110398,3.74296825898954,0.0912873203836514,0.0598949093762106,0.0787878787878788,0.055048188256318,-0.912514405231333,0.403981003548063,0.0944640753828033,0.007560332879096,-0.233922261484099,0.0150747201467856,-0.979505300353357,0.146278656481583
"3 arc-second","spatial knndm, high-PA pool + field abs",1,"1:16","0",3,283,0.465021405417297,0.0198188094227973,0.449621169849974,0.487381324198598,0.340169039702491,0.00658360193515182,0.593527183600713,0.0217530750570652,0.280987755005889,0.0206967807389423,-0.253566639408794,0.0923342509247521,-0.0401436404084387,0.0317407143477543,0.0721721501398159,0.072152662821582,0.218855218855219,0.0608859977105223,-0.166362360449711,0.0598022351878482,0.108362779740872,0.0132737663952705,-0.0106007067137809,0.0244812834992067,-0.210836277974087,0.0729605685085917
"3 arc-second","spatial knndm, high-PA pool + field abs",1,"1:1.079","0",3,283,0.465020529044336,0.00975087025407026,0.454789409643637,0.474207036738481,0.375510563318165,0.00233482114013657,0.616477272727273,0.00204916145576162,0.335825974087161,0.0047428137585356,-0.498215599301842,0.0211590469645364,-1.80621151497763,0.13685857129904,0.0985197324199542,0.0155319740813411,0.32996632996633,0.0154295477944641,-0.382792371170445,0.0662861645585853,0.135060855908912,0.0156408200133821,-0.136631330977621,0.00408021391653445,-0.519434628975265,0.0428422461236119
"1/3 arc-second","classic",0,"1:3.75","0",5,283,0.464822795194243,0.034468892019256,0.440596583291005,0.525244135150521,0.970438325033663,0.023894865060033,0.579595588235294,0.0152080787637522,0.435551346996466,0.0299407524891746,-0.94311897446524,0.133574249448836,-4.56578988175736,4.05604291746032,0.122801796383426,0.0530211191199032,0.0808080808080808,0.0650712056905309,-0.754321215061553,0.271844400749604,0.100353356890459,0.00293283853898439,-0.221201413427562,0.0151160774814187,-0.87773851590106,0.0679971046299779
"3 arc-second","spatial knndm, high-PA pool",1,"1:30","0",3,283,0.463994715477772,0.034964492723263,0.423631647561089,0.484971744665528,0.568472915755139,0.0688875663237253,0.600889408793821,0.0317014123470216,0.287691920265672,0.0349007348787769,-0.283475835681674,0.155702147710916,-0.654059323552661,0.20983940528463,0.10877143840942,0.0799529606328476,0.161616161616162,0.0524863881081478,-0.182927068209776,0.119552789096488,0.119748723989007,0.00648712667524866,-0.03886925795053,0.0373957782482628,-0.230859835100118,0.118378953208502
"1/3 arc-second","classic",0,"1:3","0",3,283,0.462465223234633,0.0153666221711552,0.445478139046391,0.475398619497219,0.96806088706745,0.00349758653483407,0.591809640522876,0.0119429880142993,0.428336179034158,0.0131166930105395,-0.910930049168152,0.0585173143115586,-2.65814680573603,0.109991768752561,0.154999369595431,0.0172404492634404,0.0909090909090909,0.0440292822579866,-0.579139043032178,0.0506216291318166,0.099332548095799,0.000680035652755748,-0.237926972909305,0.0053976156595475,-0.904593639575972,0.0638980258658131
"1/3 arc-second","classic",0,"1:2.5","0",3,283,0.461598319586011,0.033287265722727,0.435972386451441,0.499221077013607,0.966067775436865,0.0111088709658964,0.571969696969697,0.0325126965156746,0.444630167255595,0.0513999460892788,-0.983622185011883,0.229309841930941,-5.60423575958783,5.07387889527618,0.103452362733964,0.0742311088187184,0.0774410774410774,0.0716626149959352,-0.818456870019516,0.370042563154757,0.0969768354927366,0.0111947997089778,-0.222614840989399,0.0282685512367492,-0.911660777385159,0.167089617209002
"1 arc-second","classic",0,"1:3.75","0",5,283,0.461282162641984,0.025534457380951,0.422619714018743,0.485079767954143,0.954114994728187,0.0203202744682743,0.559670231729055,0.0184837501494687,0.47525886360424,0.0584530390833603,-1.12026554852941,0.260775704497953,-4.7292082904434,2.22558607899498,0.0611849085658622,0.0503159819104484,0.0383838383838384,0.061607881543341,-1.00795701480534,0.409938745360042,0.0965842167255595,0.00552463575950934,-0.229681978798587,0.0251107250946147,-0.990106007067138,0.158112895891733
"1/3 arc-second","classic",0,"1:4","0",3,283,0.460945609892275,0.0463311098076696,0.431567025859783,0.514354997933644,0.966021953278255,0.0280926868733099,0.573603683897802,0.0122769527618315,0.444378068315666,0.020382925499871,-0.982497499628639,0.09093405305031,-5.31195090437819,4.17252502618268,0.0944653747925958,0.055008862346033,0.0774410774410774,0.0154295477944641,-0.860095520944394,0.283696310659981,0.101295641931684,0.00424682129029915,-0.204946996466431,0.0308049395303228,-0.91283863368669,0.0836443852889564
"1/3 arc-second","classic",0,"1:1.75","0",5,283,0.459753468512856,0.038817427688327,0.420063054118668,0.513817306135556,0.979811016381336,0.0157014329618918,0.554339349376114,0.033284306714932,0.495070007067138,0.0431560256210684,-1.20864871858289,0.192531357841229,-6.47125740643058,3.99681124056455,0.0552609210495255,0.0666205428407464,0.0868686868686869,0.134877801073135,-1.15182102942536,0.369307221726426,0.102944640753828,0.0184100107985295,-0.250883392226148,0.00612032087480169,-1.06855123674912,0.105375029844278
"3 arc-second","spatial knndm, high-PA pool + field abs",1,"1:45","0",3,283,0.459602570942251,0.00180781801178184,0.457590022031983,0.461088888235638,0.318594219169554,0.0161218687749251,0.587650401069519,0.00222764170572135,0.289301130742049,0.000792532923584963,-0.29065498328877,0.00353571575963659,0.0474673410058377,0.0277798132897334,0.0296786945554779,0.00265637148401564,0.178451178451178,0.00583182090090532,-0.191259504789779,0.00592705486441033,0.0997251668629761,0.00272014261102297,-0.0247349823321555,0.00612032087480168,-0.224970553592462,0.0113588348186018
"3 arc-second","spatial knndm, high-PA pool",1,"1:40","0",3,283,0.459546973217513,0.0127297668996713,0.446014518029449,0.471283256923627,0.441945090941131,0.042675429115707,0.587223336304219,0.00997081343509348,0.292617187279152,0.00517110419368802,-0.305448858734403,0.0230697729371812,-0.412528860895295,0.00350163186560208,0.0262925043785913,0.00942546344532809,0.158249158249158,0.0254203179638746,-0.215596856688427,0.0108159643883664,0.102080879466038,0.0109441380956155,-0.0400471142520612,0.00539761565954751,-0.265017667844523,0.0212014134275619
"1 arc-second","classic",0,"1:1.5","0",3,283,0.459527819334029,0.0449904962810864,0.420014876839861,0.508493711787427,0.987747537280637,0.00745175159360833,0.571059863339275,0.0195286636260795,0.487261427561837,0.0610041886157108,-1.17381241488414,0.272157111299224,-4.82974471624643,1.83977257176682,0.0612482989848232,0.0582879945945695,0.0942760942760943,0.154625757618923,-1.07555057320356,0.400763622482736,0.106792304672163,0.0248282870102275,-0.257950530035336,0.025480927741795,-1.09305064782097,0.164390092015301
"3 arc-second","spatial knndm, high-PA pool + field abs",1,"1:14","0",3,283,0.459029437772473,0.00761085397997866,0.450615374639184,0.465433684507535,0.338241666960075,0.00317271917883942,0.581448677956031,0.00262243480084113,0.298010723203769,0.000860869855295679,-0.329510963161022,0.00384058633248526,-0.0820827160178162,0.0443194857306832,0.0277220282629206,0.00618364039962131,0.188552188552189,0.0324702045824679,-0.234495532800642,0.0166711764680682,0.115037298782882,0.00648712667524866,-0.0270906949352179,0.00539761565954751,-0.265017667844523,0.0106007067137809
"3 arc-second","spatial knndm, high-PA pool + field abs",1,"1:4","0",3,283,0.458818710386245,0.00677468515405971,0.453902337195443,0.466546461946917,0.301385398317814,0.0221088283928888,0.576305332739156,0.00554391071432392,0.295852824499411,0.00589163254283308,-0.319883960635769,0.02628425572209,-0.303856855108593,0.075162618652711,0.0630397602386212,0.0297217330039665,0.101010101010101,0.0267247607178241,-0.21632833459911,0.0183387196493305,0.0820573223400079,0.00476024956929019,-0.0400471142520612,0.0235276611960403,-0.228504122497055,0.0335843991269335
"3 arc-second","spatial knndm, high-PA pool + field abs",1,"1:25","0",3,283,0.45852373927268,0.00279969821728505,0.455861497714745,0.461443149232896,0.325082098417134,0.0164315504778121,0.58441027926322,0.00412222884458435,0.295133078916372,0.0071998718320883,-0.316672969994058,0.0321206848908267,-0.052499467956859,0.0338737365848655,0.0283233539319986,0.00204496891032442,0.191919191919192,0.0267247607178241,-0.221578102678263,0.0338117975187399,0.105221829603455,0.0159916857906685,-0.0282685512367491,0.00353356890459364,-0.261484098939929,0.0306016043740084
"3 arc-second","spatial knndm, high-PA pool + field abs",1,"1:40","0",3,283,0.457944914799598,0.00802326003400092,0.450960219478447,0.466708241973149,0.315705520627043,0.0211079223823243,0.582683452168746,0.00289772884326405,0.292737220259128,0.00568120195539174,-0.305984360145573,0.0253454647618855,0.0400130162197908,0.0589033830583277,0.0325064627878774,0.003486156467828,0.185185185185185,0.0254203179638746,-0.208858841539703,0.0236120479875854,0.102866117000393,0.013752869955349,-0.022379269729093,0.0102005347913361,-0.23321554770318,0.0382213916126924
"1 arc-second","spatial knndm",0,"1:3","0",3,283,0.456868834431769,0.0197770773290841,0.436328154416933,0.475781693520836,0.83180109253196,0.0435438444688193,0.550217245989305,0.0301791966072667,0.461688876325088,0.0464754027925835,-1.05972595900178,0.207340047585518,-5.62734435827302,2.9486369513444,0.0496741203219962,0.0468206441972977,0.0909090909090909,0.0606060606060606,-1.03531635174748,0.370615498160824,0.105614448370632,0.00952049913858041,-0.199057714958775,0.00539761565954751,-0.926972909305065,0.0958850270385599
"3 arc-second","spatial knndm, high-PA pool",1,"1:35","0",3,283,0.456832371133585,0.00657177465679795,0.45260963139837,0.46440401333746,0.4961491431008,0.0430310050082515,0.589535056446821,0.00934453223566789,0.295041239104829,0.00456778442959269,-0.316263246360665,0.0203781911308851,-0.532581389938032,0.0400805417461235,0.0234163239626279,0.00792098890430335,0.164983164983165,0.0382418070424261,-0.231079582819416,0.0179888204302829,0.124460149195132,0.0150070788014263,-0.03886925795053,0.00612032087480168,-0.268551236749117,0.0594438298277764
"1/3 arc-second","classic",0,"1:1","0",3,283,0.456342325233109,0.0295675297008967,0.422344068447255,0.476048428737808,0.977379749777896,0.0134307332027639,0.57843137254902,0.0329694868860266,0.484163043580683,0.0448069191085982,-1.15998963888889,0.199896465267854,-5.16171003100687,2.63876987584835,0.0531756581739374,0.0364567405041293,0.164983164983165,0.141534340451069,-1.11284179775126,0.393394322033618,0.111896348645465,0.0127404638708975,-0.244994110718492,0.010795231319095,-1.08480565371025,0.0774972162525135
"3 arc-second","spatial knndm, high-PA pool + field abs",1,"1:9","0",3,283,0.45562857831714,0.00583628051960616,0.450877175706175,0.462143156308986,0.331181030301724,0.00532904945630121,0.578626336898396,0.00210886187568913,0.301824386336867,0.00665853011190908,-0.346524803773024,0.029705604842507,-0.144161286721813,0.023922300126201,0.0316473272202079,0.0131392757593616,0.151515151515152,0.0101010101010101,-0.241680485134453,0.0344011772816208,0.0973694542599136,0.0129206774023591,-0.032979976442874,0.00204010695826724,-0.270906949352179,0.0250692540091788
"3 arc-second","spatial knndm, high-PA pool + field abs",1,"1:30","0",3,283,0.455620345226393,0.00590730319379853,0.448804367622375,0.459258698955431,0.326880645085185,0.0131718031230825,0.583305481283423,0.00199740175403818,0.291711853945819,0.00166596398302148,-0.301409908125371,0.00743234121191,-0.00198445796355147,0.0382157349649361,0.026800238126639,0.00592168308270109,0.171717171717172,0,-0.196180112052789,0.0112086182068263,0.0930506478209659,0.00235571260306243,-0.0318021201413427,0.00706713780918729,-0.232037691401649,0.00889262006510099
"1 arc-second","classic",0,"1:3.25","0",5,283,0.455138456220848,0.0332900075126271,0.428114032018355,0.513249791252303,0.910771054129557,0.0328570483932931,0.540819964349376,0.0242539754192758,0.49726033639576,0.0357545151422427,-1.21842040338681,0.159511105349102,-5.51670109898324,1.91104056089933,0.0307515218018084,0.0374881594404332,0.0202020202020202,0.0123711603170868,-1.16252694041329,0.31999289727365,0.0972909305064782,0.0010535067031801,-0.231095406360424,0.011340499318644,-1.04310954063604,0.101414043164308
"1/3 arc-second","classic",0,"1:2","0",3,283,0.454515468067193,0.0555965749265819,0.420093346089717,0.518655382467162,0.986160902725548,0.0158189185941628,0.564041146761735,0.00636736685325245,0.461999316843345,0.05758922574345,-1.06111092283125,0.256921986439793,-4.98286318110392,3.34215790269865,0.0758710711806409,0.038113822702309,0.161616161616162,0.178705111241961,-0.971424029734723,0.372454088413164,0.104436592069101,0.0245190341515446,-0.239104829210836,0.00889262006510101,-0.956419316843345,0.163628787713926
"1 arc-second","classic",0,"1:2","0",3,283,0.453962033549481,0.0498667585527921,0.409671874047106,0.507973709243805,0.957906765302456,0.0331788098842536,0.547450609031491,0.0390540003110183,0.495564348645465,0.0440406344249348,-1.21085411757279,0.196477850404334,-6.64165930775289,3.67062771357892,0.0462257979547094,0.0576565919539039,0.117845117845118,0.151963422173694,-1.20984573095305,0.376677429922516,0.108362779740872,0.0235276611960403,-0.244994110718492,0.0163208556661378,-1.08833922261484,0.111068789014146
"3 arc-second","spatial knndm, high-PA pool + field abs",1,"1:20","0",3,283,0.453923801373811,0.00380143924585949,0.449714475447341,0.457106481857091,0.326764953330905,0.00470056323963889,0.578700609031491,0.0034613199693561,0.302564216725559,0.000847421154715424,-0.349825398469994,0.00378058783756704,-0.0648818297840206,0.018815847638483,0.0292093575758581,0.00360823627801614,0.188552188552189,0.0254203179638746,-0.249160635132343,0.00914869075153153,0.114644680015705,0.00445929198727937,-0.0306242638398115,0.00408021391653445,-0.287396937573616,0.00539761565954755
"1/3 arc-second","spatial knndm",0,"1:4","0",3,283,0.453478812376769,0.021719535830223,0.430131529669949,0.473084447762968,0.655193496189158,0.030375268259598,0.556288992869875,0.0245457162511841,0.45732891401649,0.0438647332911596,-1.04027492171717,0.195693105200294,-4.18832244269805,2.63700854343069,0.056266806303862,0.0452183049147836,0.0404040404040404,0.0462886433833923,-0.856488180624363,0.300269811885618,0.0706713780918728,0,-0.196702002355713,0.00408021391653445,-0.896348645465253,0.0741488373876897
"3 arc-second","spatial knndm, high-PA pool + field abs",1,"1:35","0",3,283,0.453464657586471,0.0129648011806256,0.438721319403397,0.46308611646103,0.309193373048953,0.0208509473125423,0.585960710041592,0.00184420394820994,0.299075557126031,0.000468469344880512,-0.334261491458705,0.00208997556607252,-0.00295260838518726,0.0336068007645758,0.0297265953078349,0.00391821752208181,0.181818181818182,0.0174954627027159,-0.241000168248605,0.011451077113039,0.0950137416568512,0.00413649538784953,-0.0212014134275618,0.00353356890459364,-0.274440518256773,0.0124094861635486
"3 arc-second","spatial knndm, high-PA pool + field abs",1,"1:12","0",3,283,0.453095196032455,0.00557434010806931,0.446789444085102,0.457366726074319,0.323479768945493,0.0165138504905145,0.580195335710042,0.00852774705179805,0.303238770318021,0.00429340661296678,-0.35283477473262,0.0191541133147224,-0.137120671849603,0.0206340460713661,0.0249597382059208,0.00228031111240446,0.168350168350168,0.0210269292875367,-0.254830834659084,0.0154839738570051,0.104436592069101,0.0131336699518474,-0.0353356890459364,0.0061203208748017,-0.29093050647821,0.0142807487078706
"3 arc-second","spatial knndm, high-PA pool",1,"1:50","0",3,283,0.453047281684421,0.0218504745996826,0.43274077662223,0.476168866003021,0.395184106950478,0.0236896440153225,0.59011994949495,0.00960186376511721,0.297077644287397,0.0111012704361201,-0.325348231580511,0.0495259385003578,-0.308915434865318,0.0781918172343696,0.0310112128727592,0.00232419321407042,0.191919191919192,0.0202020202020202,-0.242913488596166,0.0299761715901625,0.106007067137809,0.0154024697651614,-0.0200235571260306,0.0102005347913361,-0.292108362779741,0.0401854466648574
"3 arc-second","spatial knndm, high-PA pool + field abs",1,"1:18","0",3,283,0.452956729371995,0.00751499991245483,0.444297722902028,0.457777586755231,0.334680249207742,0.0034035608538202,0.579331922162804,0.00425875360362327,0.296931552414605,0.00308640597042873,-0.324696474004753,0.0137693386678736,-0.0592234981870473,0.0184848315321298,0.0260220465927047,0.00684712646167938,0.185185185185185,0.0254203179638746,-0.221521800837592,0.0189218819564651,0.102866117000393,0.0117981776217642,-0.0270906949352179,0.00735571024546336,-0.261484098939929,0.0220671307363901
"1/3 arc-second","classic",0,"1:3.25","0",5,283,0.451527789715098,0.0438699685161343,0.413306300490387,0.526370593972289,0.967974391295423,0.0304315944960034,0.564009581105169,0.0183544100231995,0.446695559010601,0.0388100715416218,-0.992836487611408,0.173142815268324,-5.22445326667557,3.99557499020785,0.0708396039175536,0.0535834800631911,0.0848484848484848,0.0637244860427778,-0.851827322084914,0.324152294594523,0.0987043580683157,0.00304880544300231,-0.215547703180212,0.015198454535411,-0.897526501766785,0.113212150838168
"1/3 arc-second","classic",0,"1:1.5","0",13,283,0.449989458816238,0.0397039610321698,0.399495617431112,0.520968685522263,0.983572663329008,0.019091752334027,0.553906571369807,0.0310629731269737,0.505901761348192,0.028694631411972,-1.25697226852804,0.128014947368172,-6.22579675872903,2.9376534009458,0.0407038989307868,0.036545533372662,0.0784770784770785,0.108254827507616,-1.21756373352996,0.250186938693322,0.100842620277249,0.0157992235628255,-0.251698831204132,0.0112810578795581,-1.14134275618375,0.0637839367093631
"1/3 arc-second","classic",0,"1:3.5","0",3,283,0.449319918512352,0.00747772279600095,0.443829881949459,0.45783650175639,0.97186692381772,0.0165607576777394,0.570354278074866,0.0199593899450925,0.439897107184923,0.0356835143753428,-0.962506652035056,0.159194350646548,-3.60795226284869,1.62453929393934,0.0903033969711094,0.0597125872662992,0.0606060606060606,0.0174954627027159,-0.781756292821537,0.319720220809946,0.104436592069101,0.0047602495692902,-0.21319199057715,0.0113588348186018,-0.868080094228504,0.0235276611960402
"3 arc-second","spatial knndm, high-PA pool",1,"1:45","0",3,283,0.448913724600677,0.0172895771224047,0.430580495963782,0.464924973524571,0.407821500802822,0.0193081458364344,0.589107991681521,0.013096101790114,0.297121394581861,0.0120419268315683,-0.325543414141414,0.0537224753795385,-0.363310816481437,0.0326270781299201,0.025072751477022,0.00370518034063782,0.188552188552189,0.0291591045045266,-0.233048836771975,0.0323127093094171,0.118178248920298,0.0224823530462826,-0.032979976442874,0.00889262006510099,-0.292108362779741,0.0505106752470944
"1 arc-second","classic",0,"1:1","0",13,283,0.448398975452035,0.0410073657211704,0.390988380068116,0.510733365869684,0.976518884642963,0.0201085752877442,0.575513334704511,0.0186315473863471,0.491412889372112,0.0315417942989163,-1.19233327188743,0.140716954300686,-4.27990016694722,1.03348647661082,0.0598531270459473,0.0355792923883381,0.146076146076146,0.123753890508685,-1.03947567464836,0.195157960621888,0.112258765969013,0.0183507883320449,-0.25903778200598,0.0134077573391651,-1.1500407719489,0.0794413482435894
"1 arc-second","classic",0,"1:1.75","0",5,283,0.447160228375026,0.0480066425776819,0.389067887552456,0.517944392422247,0.94654953768681,0.0371640274193733,0.528375668449198,0.0256191733416412,0.523873108127208,0.0117687460823475,-1.33714758003565,0.052503738023013,-6.56960266114916,0.75183653034226,0.0140005048628853,0.0252989294041695,0.0121212121212121,0.0110651021718215,-1.43491019315228,0.0714626485952237,0.0949352179034158,0.00517453065641668,-0.246643109540636,0.00805777685582427,-1.16466431095406,0.0679052290244032
"1/3 arc-second","classic",0,"1:1.25","0",5,283,0.446528631456976,0.0518706114995857,0.388344633149815,0.527840968671815,0.970228388084529,0.0204697235497416,0.542530080213904,0.0271264739480804,0.515752296819788,0.036405097379096,-1.30091832107843,0.162413538546926,-6.92212049161301,3.57644910129857,0.0189937732976875,0.0162728737858316,0.109090909090909,0.144694986500768,-1.33499410203328,0.259043896521704,0.106949352179034,0.0239571454835795,-0.250883392226148,0.016384484974374,-1.13922261484099,0.0675364767517718
"1 arc-second","spatial knndm",0,"1:4","0",3,283,0.445502271037306,0.00932310855642461,0.437686290350299,0.455821438151117,0.85226962466349,0.0388616618225482,0.567327688651218,0.0320430823726831,0.433689912838634,0.0559843280954995,-0.93481458496732,0.249762079592271,-3.63043692356541,1.6613927892626,0.0909382483588834,0.063537056842815,0.111111111111111,0.0762609538916237,-0.816814956360855,0.342866985327052,0.0989399293286219,0.00623262970804378,-0.195524146054181,0.0240525063093783,-0.842167255594817,0.176902096370846
"1 arc-second","classic",0,"1:1.25","0",5,283,0.444677675620736,0.0261313824462727,0.405235572257737,0.476545998305847,0.98029176011474,0.0170230772323021,0.559870766488413,0.0334467380627048,0.499734993639576,0.0295768295813488,-1.22946055623886,0.131950685402219,-5.2871614459189,1.16203246892092,0.0475028682525163,0.0583386898948696,0.0828282828282828,0.115478889592144,-1.25634131470747,0.230713086025762,0.108833922261484,0.0151664721816913,-0.239575971731449,0.0205129685847349,-1.1095406360424,0.0917027510414204
"3 arc-second","spatial knndm, high-PA pool + field abs",1,"1:50","0",3,283,0.442068020955793,0.0169228636230558,0.428585862227402,0.461058870122781,0.304142679791747,0.0279623234151025,0.585190136660725,0.00873171019059391,0.298441078916372,0.00898889794945448,-0.331430902926322,0.0401020414368237,0.00995368647550797,0.0421388034423423,0.0269994241224014,0.00655480708844873,0.178451178451178,0.0324702045824679,-0.225323291372264,0.0312918997287918,0.0922654102866117,0.0101550978848666,-0.022379269729093,0.0102005347913361,-0.267373380447585,0.0248189723270972
"3 arc-second","classic",0,"1:3","0",3,283,0.439143768958915,0.0612041903486064,0.400520196431135,0.509710971035399,0.958410425224884,0.0342651021073839,0.544247623291741,0.00784070246011509,0.492565884570082,0.029369227530932,-1.19747711281937,0.131024513353655,-6.2236132968714,3.37117374944481,0.0216472004480477,0.00319932654173772,0.0437710437710438,0.0672558395805999,-1.16017263394499,0.13269307109332,0.0879466038476639,0.0125944365389442,-0.230859835100118,0.0389227600514919,-1.03886925795053,0.0798774173530552
"3 arc-second","classic",0,"1:3.5","0",3,283,0.437866638624041,0.0210520731663071,0.413624230980374,0.451543168240767,0.928065523720552,0.0258694597396802,0.551414884135472,0.0254728124437411,0.475256551236749,0.0666425636571732,-1.1202552323975,0.297311512964536,-4.42071152577162,1.66492976118674,0.0713243448944167,0.0744701380498843,0.111111111111111,0.131313131313131,-1.05124475090493,0.444313859598873,0.108362779740872,0.0185114648356911,-0.219081272084806,0.0212014134275618,-1.03533568904594,0.180454351021961
"1 arc-second","classic",0,"1:4","0",3,283,0.436751571024507,0.0428928056732108,0.392001763642193,0.477508091427862,0.938691986808331,0.0309420253747732,0.547534165181224,0.0218186696881808,0.492224603062426,0.0503640636820824,-1.19595455852644,0.224688474611982,-5.33806990074077,2.55059661305282,0.0398649707040881,0.0442988280163736,0.0437710437710438,0.0324702045824679,-1.12995488736598,0.406993910931809,0.0977620730270907,0.00353356890459364,-0.232037691401649,0.00204010695826723,-1.04122497055359,0.107023007694705
"1 arc-second","classic",0,"1:3","0",3,283,0.435954610593452,0.0277079387568696,0.404274305850113,0.455667564106583,0.941099430294553,0.0141637485031608,0.559185606060606,0.0312893826077226,0.457047524146054,0.0563067089960604,-1.03901956112597,0.251200312877979,-4.15763444214548,1.4650254737905,0.0587923294159292,0.0493102313406495,0.0976430976430976,0.108947405302111,-0.988425040515446,0.38917838689059,0.107970160973695,0.00648712667524864,-0.206124852767962,0.017785240130202,-0.908127208480565,0.137809187279152
"1/3 arc-second","spatial knndm",0,"1:3","0",3,283,0.434416832501467,0.0193513066457246,0.415348798152544,0.45403948776281,0.669021406479202,0.0589415921249503,0.55624257278669,0.0144704556258092,0.442961027090695,0.0507351276066456,-0.976175673945335,0.2263438967741,-3.65823508496091,1.85054280599375,0.0626852743730001,0.0364864787660733,0.0538720538720539,0.047735511376289,-0.827986961286217,0.307709774030232,0.0726344719277582,0.00179920521984917,-0.193168433451119,0.00539761565954752,-0.817432273262662,0.118378953208502
"3 arc-second","classic",0,"1:1.75","0",5,283,0.432701181524065,0.0301364605100877,0.387389492031547,0.46961027614363,0.955311053354397,0.0423767495926557,0.560522504456328,0.0221882792297677,0.495383999293286,0.0487095592963631,-1.21004952759581,0.217307257937078,-4.22600668855784,1.29942094053275,0.0718417937904014,0.049987310390579,0.119191919191919,0.145398417902599,-1.07676351165656,0.369377344420945,0.106949352179034,0.0247546054866359,-0.25583038869258,0.0107759368777222,-1.13710247349823,0.118345547840121
"1/3 arc-second","spatial knndm",0,"1:2","0",3,283,0.430480619462935,0.0336065993481166,0.392776115732603,0.457281539051807,0.75889045908937,0.0713325307967173,0.559408422459893,0.00823201248328504,0.440439797408716,0.0197023711882885,-0.964927748143196,0.0878979058655772,-3.3348801872963,0.565335700625977,0.058646120492553,0.0326854475232868,0.168350168350168,0.0556320257301626,-0.844842410370335,0.115246132444781,0.10718492343934,0.00117785630153122,-0.206124852767962,0.00816042783306891,-0.914016489988221,0.0571229948314824
"3 arc-second","classic",0,"1:3.25","0",5,283,0.426169429760748,0.0499034623804752,0.356212200931477,0.48995572599554,0.916579888482434,0.0397972206920615,0.554645721925134,0.0258557271468857,0.4611081,0.0500280683116869,-1.05713494991644,0.22318950328736,-3.71071331468004,1.54323409918236,0.0643422431561203,0.0558662310013268,0.0242424242424242,0.028210585947008,-0.880921582278742,0.357138199560716,0.0921083627797409,0.00830367808339911,-0.220494699646643,0.014045658596715,-0.95547703180212,0.136913825990041
"3 arc-second","classic",0,"1:1","0",3,283,0.423377928260011,0.029577046819864,0.397181426263802,0.455452721644873,0.955398407222581,0.0142861397224365,0.550727866904338,0.00682485106410892,0.512197686690224,0.0134804165413295,-1.28506018991384,0.0601399888802659,-4.55342804882311,1.00670888604235,0.0324815845653198,0.0126416192205973,0.0976430976430976,0.125485825950062,-1.17613052378144,0.175316468072501,0.104829210836278,0.0193899618765069,-0.262661955241461,0.00539761565954755,-1.16961130742049,0.0183609626244052
"3 arc-second","spatial knndm",0,"1:3","0",3,283,0.42223032858941,0.0300855125079459,0.398124332601897,0.455946977728652,0.950370168607527,0.00870042287585622,0.540366904337493,0.0155238974694143,0.472600414605418,0.0409328255156707,-1.10840544815805,0.182613027112553,-4.09334677782969,1.2281400040386,0.0598721055060456,0.0659484150704793,0.141414141414141,0.133623803589121,-1.01705267588606,0.327264885983477,0.104043973301924,0.0272778228389191,-0.241460541813899,0.0142807487078706,-0.996466431095406,0.0590222370618024
"3 arc-second","spatial knndm",0,"1:4","0",3,283,0.421089471529076,0.044258026461738,0.371229291363939,0.455727534196739,0.94295484148011,0.0389946967687327,0.537655971479501,0.0138491920140169,0.469262322732627,0.0270885899017839,-1.0935132667855,0.120849937424464,-4.44584281194996,1.56703609306118,0.034968547035542,0.0227484815479204,0.134680134680135,0.151290518105461,-1.03885318422352,0.344516564335464,0.106792304672163,0.0209490719622365,-0.220259128386337,0.0215904626381901,-1.00824499411072,0.0227176696372036
"3 arc-second","spatial knndm",0,"1:2.5","0",3,283,0.420057305861523,0.0327381537549457,0.385762655640629,0.450977591291101,0.950784460965416,0.00670566357836768,0.537228906714201,0.0158901823425091,0.488617432273263,0.0372332574328203,-1.17986193924539,0.166108197111026,-4.27904032359783,1.29089146876221,0.0425570377889179,0.0371780915157815,0.134680134680135,0.166078955624761,-1.04789532186211,0.302710076546986,0.100117785630153,0.026521390457474,-0.248527679623086,0.0159337447096215,-1.14134275618375,0.0774972162525134
"3 arc-second","classic",0,"1:1.5","0",3,283,0.419774414608304,0.0420604660592794,0.371240420743207,0.445597491471606,0.971039927885166,0.0141774410958576,0.550560754604872,0.0428346085963847,0.496041667844523,0.0526669378171279,-1.21298357486631,0.234962253945853,-3.98210884391561,0.95784449217002,0.0640927672075327,0.092365433878968,0.0841750841750842,0.145795522522633,-1.03912019076607,0.313364508412926,0.104436592069101,0.0256527620320686,-0.244994110718492,0.00816042783306894,-1.11896348645465,0.110862498134654
"1/3 arc-second","spatial knndm",0,"1:1.75","0",5,283,0.417811862928139,0.0454526895718984,0.382952202770342,0.496591785756726,0.721188959037509,0.058371277341018,0.544318181818182,0.0204487770216751,0.471428850883392,0.0248649570069606,-1.10317876773619,0.110929675898533,-5.5292735635005,3.49939708401331,0.0240529028714839,0.0145516365303511,0.0868686868686869,0.087068129048525,-1.03062514168455,0.172730377011445,0.0803297997644287,0.0164773634997536,-0.204946996466431,0.00661070209677375,-0.981625441696113,0.0356347766373957
"3 arc-second","classic",0,"1:2.75","0",5,283,0.417140594967234,0.0265160267582868,0.375689765188541,0.445276903853676,0.939766399730612,0.0136362239837739,0.524364973262032,0.0281425456213286,0.494127635335689,0.0399405880819921,-1.20444452909982,0.178186372487671,-4.70661429357416,1.48334884234662,0.0300393011746334,0.0675438068121612,0.0686868686868687,0.126040208139912,-1.12372093683183,0.314793308718476,0.0958775029446408,0.0220451154932333,-0.240282685512368,0.0180177367971476,-1.05229681978799,0.0726490079789402
"1 arc-second","classic",0,"1:2.25","0",5,283,0.417118245192479,0.0189703694043659,0.38996971128368,0.435361538791437,0.977815561565653,0.0234447715596516,0.571596479500891,0.0191670028828369,0.450101385159011,0.0317175750465747,-1.00803085093583,0.14150116242787,-3.17637965660834,0.678615657905586,0.0791581302799257,0.0416494657819495,0.117171717171717,0.11396697137429,-0.772720826104279,0.213725457378982,0.106478209658422,0.0120291368025317,-0.241696113074205,0.0059127917069546,-0.987985865724382,0.118824628286102
"3 arc-second","classic",0,"1:3.75","0",5,283,0.416150734128763,0.0395553683252,0.358266107053225,0.454084472450721,0.932510007870247,0.0391481473950762,0.545259581105169,0.0394410350440663,0.474341046329015,0.0597853332373866,-1.11617090348955,0.26671944928972,-4.20392012289475,2.06653241391703,0.0512777833302856,0.0789465423677995,0.0464646464646465,0.0420134027133039,-0.967181644839778,0.420095053452341,0.0942285041224971,0.00711604592084487,-0.232508833922261,0.0194185606558786,-1.02968197879859,0.167939344612544
"3 arc-second","classic",0,"1:1.25","0",15,283,0.414934533449737,0.0274877941831314,0.360298496533748,0.458911605762736,0.95467803083194,0.0327791952645488,0.551743538324421,0.0225039693057894,0.513659843580683,0.033851860247377,-1.29158328946821,0.151022818368548,-4.35381453197412,0.758406042867484,0.0301765654700821,0.0244563717968622,0.0882154882154882,0.116394563256946,-1.1514460539581,0.216078637687878,0.101531213191991,0.0188362335298035,-0.263839811542992,0.020805090380042,-1.19057714958775,0.0980386099157436
"3 arc-second","spatial knndm",0,"1:2.25","0",5,283,0.412877340290368,0.0343015613348745,0.377690137533805,0.455302028623961,0.961712604724302,0.0235294282969075,0.531483957219251,0.032059697262328,0.491790450883392,0.0340457437637986,-1.19401768163993,0.151887788118252,-4.79980318966686,1.80075954085613,0.0385815612031095,0.0523427659250203,0.107070707070707,0.130455630634044,-1.13802375822067,0.297787492452312,0.106007067137809,0.0222705187293157,-0.249469964664311,0.0163081000130238,-1.10388692579505,0.0752326611383087
"3 arc-second","spatial knndm",0,"1:2.75","0",5,283,0.41030868277708,0.0352011195038493,0.366262649436584,0.457594675026636,0.95406734036856,0.00760536893638832,0.530202762923351,0.0258004379137999,0.47820526360424,0.0509416396245484,-1.13341028057041,0.227265205876251,-4.42575632635511,2.05373190504525,0.0399527354244832,0.0469128118853888,0.133333333333333,0.0940533684604831,-1.03613964876334,0.389549003471973,0.110247349823322,0.0208317464965222,-0.243816254416961,0.0156038177850315,-1.04310954063604,0.126381291705424
"3 arc-second","classic",0,"1:2.5","0",3,283,0.409966244994645,0.0399338337680073,0.375063977753922,0.453514981675512,0.952831971104715,0.0599853944016789,0.529848113487819,0.0334161964632694,0.47295279623086,0.0483113325174939,-1.10997752324718,0.215530654522815,-4.14076706785575,1.40053983955942,0.0275240700175437,0.0512962394629604,0.063973063973064,0.0938542751836118,-0.995954054573199,0.319771672353287,0.0899096976835493,0.00891858397455875,-0.234393404004711,0.0124094861635486,-0.946996466431095,0.0859754421243565
"3 arc-second","classic",0,"1:2","0",3,283,0.408287307190113,0.00910032446336092,0.399444342972863,0.417624823597619,0.974497867473937,0.0292402470219671,0.553689468211527,0.0232660050208446,0.487196866902238,0.0575821709951066,-1.17352439133987,0.25689051319224,-3.91707485946254,0.872309935973305,0.0684933646090331,0.0783971343988972,0.144781144781145,0.136394808757772,-1.03619567986747,0.300601478485516,0.112288967412642,0.0244340131645098,-0.257950530035336,0.0196740790206007,-1.11660777385159,0.175152420231714
"3 arc-second","spatial knndm",0,"1:3.5","0",3,283,0.404443680707198,0.0277606804699234,0.387541793712518,0.436482757707795,0.939608679723027,0.0121387782450091,0.536365493166964,0.0169659529988385,0.467836758539458,0.0397039788456456,-1.08715341770648,0.177130791096753,-4.12482880169114,1.34740601350761,0.0409906808259599,0.0465244370171473,0.151515151515152,0.14032771706515,-1.01828331378737,0.368368076638579,0.117785630153121,0.017785240130202,-0.234393404004711,0.00408021391653442,-1.02709069493522,0.122881520431048
"3 arc-second","spatial knndm",0,"1:1","0",13,283,0.40202635400142,0.0228669662011029,0.366617448468038,0.433261822631813,0.976462674454022,0.0136533609302626,0.54231369121075,0.0210091834540971,0.502349492796956,0.0234393547032037,-1.24112458381325,0.104569656797286,-4.13802495494468,0.7344112954243,0.0405926542946101,0.0373414781916697,0.188034188034188,0.114987364654447,-1.09879243645636,0.210518304178865,0.121228594726828,0.0137819383115856,-0.270182114705083,0.00570051748473358,-1.21962489807013,0.0644468166143354
"3 arc-second","spatial knndm",0,"1:2","0",3,283,0.402015403485323,0.0126010725044432,0.388196698577477,0.412870585923499,0.956046109376062,0.00999930990140256,0.533441027926322,0.0182276151272701,0.496327670200236,0.0260569369274229,-1.2142595130719,0.116247438813524,-4.02583782508177,0.86881729824486,0.0506648908779221,0.0684257232664312,0.151515151515152,0.166283612456104,-1.05505840984624,0.26048635511906,0.118178248920298,0.011439970384243,-0.267373380447585,0.00204010695826724,-1.16489988221437,0.0414096486012885
"3 arc-second","spatial knndm",0,"1:3.25","0",5,283,0.400994478542053,0.0470548047306793,0.349871720417985,0.454882906523205,0.933284538550049,0.0264908245934973,0.507163547237077,0.0257694790958997,0.510349537809187,0.0208467281101817,-1.27681506983066,0.0930032089804112,-5.0080950732307,0.394555968685717,0.00331978781978425,0.0200989210037447,0.0585858585858586,0.074364292199216,-1.30807553090042,0.0976822559559603,0.0975265017667845,0.017734464113183,-0.25017667844523,0.0118255834139092,-1.13074204946996,0.0883745512395746
"3 arc-second","spatial knndm",0,"1:1.75","0",5,283,0.39828641830124,0.0318234938112813,0.373595730949291,0.451398540988429,0.96367036247303,0.00468963703893977,0.53488747771836,0.0117829413043799,0.478295827561837,0.0315744119707093,-1.1338143122549,0.140862471051813,-3.73574080178463,1.5140598743841,0.0666810262106373,0.0319054133603442,0.280808080808081,0.0896091115806742,-0.928948723482136,0.326773983604813,0.128621908127209,0.00304880544300231,-0.263604240282686,0.00813488652524475,-1.13922261484099,0.0557923563262506
"3 arc-second","classic",0,"1:2.25","0",5,283,0.397698263746874,0.0219329181701329,0.374604958847432,0.424233094297999,0.968028709216871,0.0390403141318358,0.508946078431373,0.0128882693849154,0.512762459363958,0.014723227506251,-1.28757980213904,0.0656845236045085,-4.6492959008916,0.591764519000292,-0.000146444002398607,0.0131892700452012,0.00404040404040404,0.00903461809090824,-1.22058099217079,0.0957268816430508,0.0876325088339223,0.0057462006679154,-0.249469964664311,0.0196105115554934,-1.0643109540636,0.0713920848334969
"3 arc-second","classic",0,"1:4","0",3,283,0.397197327198506,0.0215367338860362,0.383849172492287,0.422042837652284,0.923052183399964,0.050686512040007,0.536922534165181,0.0223373671806697,0.480837851590106,0.0664874742194938,-1.14515500757576,0.296619614681653,-3.96955181791998,1.42844119351305,0.0255311134214034,0.045545088781312,0.0437710437710438,0.075813671711769,-1.01008205231831,0.416184862690364,0.0914801727522576,0.00827299077569906,-0.232037691401649,0.0300526521134819,-1.01531213191991,0.173192945419942
"3 arc-second","spatial knndm",0,"1:3.75","0",5,283,0.385043307826303,0.0249651929096183,0.35382056031817,0.423039519541787,0.946594560291329,0.0173195424788088,0.518783422459893,0.0220438602859038,0.486417865724382,0.0282259998203772,-1.17004904456328,0.125924247973161,-4.09723871884005,0.839072485922425,0.0165576712879917,0.0370350898848614,0.0444444444444444,0.0432106053256716,-1.08049322113417,0.244241833496003,0.0921083627797409,0.00619915070291673,-0.233922261484099,0.00580624619263427,-1.04664310954064,0.0521366087658601
"3 arc-second","spatial knndm",0,"1:1.5","0",3,283,0.383410889444035,0.0321686737625401,0.346311809703923,0.403562703781325,0.966383554096402,0.014503708963727,0.530525846702317,0.054607941087558,0.49627635335689,0.0317382507408286,-1.21403057397504,0.141593402605961,-3.79150423947848,0.828364374502837,0.0459856640883768,0.0858832728262476,0.208754208754209,0.172112833927704,-1.02186185218008,0.301006604395956,0.113466823714174,0.0258413548047182,-0.269729093050648,0.00408021391653441,-1.21554770318021,0.0441342614727801
"3 arc-second","spatial knndm",0,"1:1.25","0",5,283,0.374771603182409,0.025307442110456,0.349189579766821,0.415520051713675,0.961943063277834,0.0134904909961518,0.517775178253119,0.0271780454307023,0.512643177385159,0.0241769946648426,-1.28704765115865,0.107860479373472,-4.71147164670819,0.927680586551779,0.000438173479384891,0.0200130512582534,0.173737373737374,0.135406291542931,-1.28219158489906,0.229686651898552,0.118256772673734,0.0120866652837365,-0.26643109540636,0.00591279170695458,-1.21272084805654,0.0556130312940204
