"model","resolution","iteration","pa_ratio","dist_order","seed","cv_structure","orig_pr_auc","orig_roc_auc","n","pr_auc","roc_auc","brier_class","brier_scaled","prevalence","cox_intercept","cox_slope","cox_intercept_se","cox_slope_se","dca_prop_useful","dca_mean_excess_nb","dca_nb_pt25","dca_nb_pt50","dca_nb_pt75"
"1-3arc-Iteration0-PA1:1.25DO:0-Seed1016","1/3 arc-second",0,"1:1.25","0",1016,"spatial knndm",0.713707098564,0.641065830721003,58,0.624462166573271,0.511029411764706,0.56032124137931,-1.30995178431373,0.413793103448276,-13.471184100314,0.0220483058278457,0.316906412189896,0.0590268507412662,0.414141414141414,-1.94234875294321,0.224137931034483,-0.155172413793103,-1.29310344827586
"1-3arc-Iteration0-PA1:1.25DO:0-Seed1017","1/3 arc-second",0,"1:1.25","0",1017,"spatial knndm",0.836417298214354,0.831818181818182,58,0.550905331606342,0.517769607843137,0.521746620689655,-1.15092601960784,0.413793103448276,-5.55590629256168,0.060899328888412,0.460448472270185,0.055343077018593,0.313131313131313,-1.46515557463762,0.224137931034483,-0.155172413793103,-1.18965517241379
"1-3arc-Iteration0-PA1:1.25DO:0-Seed1018","1/3 arc-second",0,"1:1.25","0",1018,"spatial knndm",0.805050305837523,0.824242424242424,58,0.51737094823738,0.486519607843137,0.536364206896552,-1.21118773529412,0.413793103448276,-6.9512604198553,0.00296846567177007,0.640357091782704,0.0527000540365718,0.292929292929293,-1.67777973761217,0.224137931034483,-0.155172413793103,-1.29310344827586
"1-3arc-Iteration0-PA1:1.25DO:0-Seed1019","1/3 arc-second",0,"1:1.25","0",1019,"spatial knndm",0.716906610689715,0.690340909090909,58,0.675604691868942,0.557598039215686,0.554163793103448,-1.28456740196078,0.413793103448276,-13.6821554601291,0.0762739327544377,0.298778913080741,0.0667215501492681,0.393939393939394,-1.91452141436996,0.224137931034483,-0.155172413793103,-1.29310344827586
"1-3arc-Iteration0-PA1:1.25DO:0-Seed1020","1/3 arc-second",0,"1:1.25","0",1020,"spatial knndm",0.80517072307967,0.83307210031348,58,0.719102169169555,0.618259803921569,0.557742068965517,-1.29931901960784,0.413793103448276,-13.6821223955456,0.171977789908209,0.298784174822372,0.0855698908981616,0.343434343434343,-1.94639832482601,0.224137931034483,-0.155172413793103,-1.29310344827586
"1-3arc-Iteration0-PA1:1.25DO:0-Seed1026","1/3 arc-second",0,"1:1.25","0",1026,"spatial knndm",0.877865030038854,0.877705627705628,58,0.490749643997674,0.49203431372549,0.533508,-1.19941288235294,0.413793103448276,-6.34105034888812,-0.0114660115180039,0.501443551026175,0.0546975343465709,0.232323232323232,-1.58582658831751,0.218390804597701,-0.155172413793103,-1.29310344827586
"1-3arc-Iteration0-PA1:1.25DO:0-Seed1027","1/3 arc-second",0,"1:1.25","0",1027,"spatial knndm",0.668075793762426,0.50487012987013,58,0.662037037037037,0.514705882352941,0.561805586206897,-1.31607106862745,0.413793103448276,-13.8157627314195,0.0485818702096227,0.288638619346078,0.0728133707214132,0.414141414141414,-1.96911062453266,0.224137931034483,-0.155172413793103,-1.29310344827586
"1-3arc-Iteration0-PA1:1.25DO:0-Seed1028","1/3 arc-second",0,"1:1.25","0",1028,"spatial knndm",0.775215830836311,0.743371212121212,58,0.726415094339623,0.573529411764706,0.552279379310345,-1.27679881372549,0.413793103448276,-14.0047838759012,2.10344284672284,0.275947816649734,260.339342730993,0.373737373737374,-1.92001162213722,0.224137931034483,-0.155172413793103,-1.29310344827586
"1-3arc-Iteration0-PA1:1.25DO:0-Seed1029","1/3 arc-second",0,"1:1.25","0",1029,"spatial knndm",0.719708888293945,0.62987012987013,58,0.705407058001398,0.540441176470588,0.560706137931035,-1.31153853921569,0.413793103448276,-14.0047850800882,0.13600552266927,0.27594766618741,0.116568143602926,0.424242424242424,-1.95657797354651,0.224137931034483,-0.155172413793103,-1.29310344827586
"1-3arc-Iteration0-PA1:1.25DO:0-Seed1030","1/3 arc-second",0,"1:1.25","0",1030,"spatial knndm",0.705453856195995,0.589090909090909,58,0.714272247360483,0.571078431372549,0.559302068965517,-1.30575019607843,0.413793103448276,-13.933358524939,0.182675393281195,0.280533103134167,0.122733236582957,0.414141414141414,-1.94992312833367,0.224137931034483,-0.155172413793103,-1.29310344827586
"1-3arc-Iteration0-PA1:1.25DO:0-Seed1031","1/3 arc-second",0,"1:1.25","0",1031,"spatial knndm",0.67777281579388,0.522727272727273,58,0.728183962264151,0.614583333333333,0.56435075862069,-1.32656366666667,0.413793103448276,-13.8156300507122,0.233584257712901,0.288657748990022,0.123935376303037,0.424242424242424,-1.99817622204131,0.224137931034483,-0.155172413793103,-1.29310344827586
"1-3arc-Iteration0-PA1:1.25DO:0-Seed1032","1/3 arc-second",0,"1:1.25","0",1032,"spatial knndm",0.79360669250364,0.745867768595041,58,0.509664819806329,0.405637254901961,0.558630827586207,-1.30298297058823,0.413793103448276,-13.1232061629936,-0.0837391218277307,0.35335480834381,0.0536418356540096,0.404040404040404,-1.8473630052481,0.224137931034483,-0.155172413793103,-1.29310344827586
"1-3arc-Iteration0-PA1:1.25DO:0-Seed1033","1/3 arc-second",0,"1:1.25","0",1033,"spatial knndm",0.751070871579617,0.751228501228501,58,0.494665750667318,0.441789215686274,0.542731931034483,-1.23743899019608,0.413793103448276,-12.0277440922921,-0.059448696818352,0.538222421899991,0.0500782282596422,0.262626262626263,-1.65226622653837,0.224137931034483,-0.155172413793103,-1.29310344827586
"1-3arc-Iteration0-PA1:1.25DO:0-Seed1034","1/3 arc-second",0,"1:1.25","0",1034,"spatial knndm",0.752541794398834,0.772077922077922,58,0.5131381697357,0.501838235294118,0.533500620689655,-1.19938246078431,0.413793103448276,-6.14395267374701,0.0170491657992644,0.497449572645453,0.0546030493656239,0.242424242424242,-1.58665237573689,0.224137931034483,-0.155172413793103,-1.29310344827586
"1-3arc-Iteration0-PA1:1.25DO:0-Seed1035","1/3 arc-second",0,"1:1.25","0",1035,"spatial knndm",0.779843554956496,0.761363636363636,58,0.679935335890525,0.534313725490196,0.549281931034483,-1.26444168627451,0.413793103448276,-13.8564670263906,0.076573397463787,0.285754851841846,0.0759753396167832,0.373737373737374,-1.89778841056131,0.224137931034483,-0.155172413793103,-1.29310344827586
"1-3arc-Iteration0-PA1:1.5DO:0-Seed1013","1/3 arc-second",0,"1:1.5","0",1013,"spatial knndm",0.685581684646733,0.605571847507331,58,0.744073031103694,0.658700980392157,0.559557034482759,-1.30680130392157,0.413793103448276,-13.6821515500421,0.264912639570955,0.29877953576623,0.117369955506208,0.424242424242424,-1.91580074311411,0.224137931034483,-0.155172413793103,-1.29310344827586
"1-3arc-Iteration0-PA1:1.5DO:0-Seed1014","1/3 arc-second",0,"1:1.5","0",1014,"spatial knndm",0.854562305333235,0.884012539184953,58,0.509327623634883,0.488357843137255,0.525117724137931,-1.16482355882353,0.413793103448276,-5.9895129144091,0.00612856217192688,0.521895952335617,0.0521475762094391,0.303030303030303,-1.48694880592667,0.224137931034483,-0.155172413793103,-1.29310344827586
"1-3arc-Iteration0-PA1:1.5DO:0-Seed1015","1/3 arc-second",0,"1:1.5","0",1015,"spatial knndm",0.669558860198812,0.591437632135307,58,0.723119803476946,0.599264705882353,0.555043310344828,-1.28819325490196,0.413793103448276,-13.8565284497652,0.220984355013049,0.285746262236193,0.131928873001388,0.424242424242424,-1.92982569992903,0.224137931034483,-0.155172413793103,-1.29310344827586
"1-3arc-Iteration0-PA1:1.75DO:0-Seed1021","1/3 arc-second",0,"1:1.75","0",1021,"spatial knndm",0.769114756345567,0.78030303030303,58,0.509117551748939,0.528186274509804,0.527061586206897,-1.1728372254902,0.413793103448276,-5.20562202756052,0.0266044081799393,0.410098561071991,0.0586472464167395,0.303030303030303,-1.501001279283,0.224137931034483,-0.155172413793103,-1.29310344827586
"1-3arc-Iteration0-PA1:1.75DO:0-Seed1022","1/3 arc-second",0,"1:1.75","0",1022,"spatial knndm",0.692634669302717,0.679292929292929,58,0.631585037054654,0.495098039215686,0.552231517241379,-1.2766015,0.413793103448276,-13.6821579508327,0.0065396677183024,0.298778519379521,0.0574541718785172,0.424242424242424,-1.87239382784199,0.224137931034483,-0.155172413793103,-1.29310344827586
"1-3arc-Iteration0-PA1:1.75DO:0-Seed1023","1/3 arc-second",0,"1:1.75","0",1023,"spatial knndm",0.740641361827355,0.782051282051282,58,0.473211836693203,0.47671568627451,0.543161586206897,-1.23921026470588,0.413793103448276,-6.07704635127751,-0.0130469644232105,0.437727522315423,0.0590025633442965,0.333333333333333,-1.65455693737334,0.224137931034483,-0.155172413793103,-1.29310344827586
"1-3arc-Iteration0-PA1:1.75DO:0-Seed1024","1/3 arc-second",0,"1:1.75","0",1024,"spatial knndm",0.770277188459999,0.8,58,0.47206187125183,0.449754901960784,0.541144275862069,-1.23089380392157,0.413793103448276,-6.71088900789097,-0.0361410129368036,0.582688649164224,0.0537770118332553,0.292929292929293,-1.62290917079956,0.224137931034483,-0.155172413793103,-1.29310344827586
"1-3arc-Iteration0-PA1:1.75DO:0-Seed1025","1/3 arc-second",0,"1:1.75","0",1025,"spatial knndm",0.633276819251907,0.546936758893281,58,0.53448921178871,0.436887254901961,0.546966137931034,-1.25489471568627,0.413793103448276,-12.9414902867257,-0.0145219485131901,0.3760019675182,0.0480837536466016,0.424242424242424,-1.87916562343143,0.224137931034483,-0.155172413793103,-1.24137931034483
"1-3arc-Iteration0-PA1:1DO:0-Seed1001","1/3 arc-second",0,"1:1","0",1001,"spatial knndm",0.697561858475756,0.617554858934169,58,0.538690641715749,0.447303921568627,0.556614413793104,-1.29467020588235,0.413793103448276,-12.8361013160533,-0.0352590294087037,0.390464830477265,0.0537878644029509,0.343434343434343,-1.86394682570784,0.224137931034483,-0.155172413793103,-1.29310344827586
"1-3arc-Iteration0-PA1:1DO:0-Seed1002","1/3 arc-second",0,"1:1","0",1002,"spatial knndm",0.746905468638098,0.607954545454545,58,0.629724111866969,0.488970588235294,0.567458344827586,-1.33937484313725,0.413793103448276,-13.68229303044,0.011211555122932,0.298757010128089,0.0563666298369573,0.424242424242424,-2.05791150591453,0.224137931034483,-0.155172413793103,-1.29310344827586
"1-3arc-Iteration0-PA1:1DO:0-Seed1003","1/3 arc-second",0,"1:1","0",1003,"spatial knndm",0.688358229585263,0.575,58,0.722222222222222,0.558823529411765,0.567669103448276,-1.34024370588235,0.413793103448276,-14.0386672150008,1.76053746173396,0.273859562001098,170.188338918934,0.414141414141414,-2.0406718857491,0.224137931034483,-0.155172413793103,-1.29310344827586
"1-3arc-Iteration0-PA1:2DO:0-Seed1004","1/3 arc-second",0,"1:2","0",1004,"spatial knndm",0.785014666784715,0.815656565656566,58,0.498615890986358,0.469362745098039,0.52165524137931,-1.15054930392157,0.413793103448276,-5.78272095913001,-0.00854911737267735,0.565976021568628,0.0503221396515147,0.333333333333333,-1.45062825291703,0.224137931034483,-0.155172413793103,-1.29310344827586
"1-3arc-Iteration0-PA1:2DO:0-Seed1005","1/3 arc-second",0,"1:2","0",1005,"spatial knndm",0.813477998840777,0.848295454545455,58,0.547607148609229,0.545343137254902,0.529035724137931,-1.18097570588235,0.413793103448276,-5.12196213146309,0.103785575357933,0.367653052999348,0.0763463269240443,0.272727272727273,-1.50295975488081,0.224137931034483,-0.155172413793103,-1.29310344827586
"1-3arc-Iteration0-PA1:2DO:0-Seed1006","1/3 arc-second",0,"1:2","0",1006,"spatial knndm",0.678178711642618,0.717996289424861,58,0.530743688239172,0.487745098039216,0.53951275862069,-1.22416779411765,0.413793103448276,-7.89686818166299,0.00358546867621833,0.994344588004614,0.0509401496988166,0.303030303030303,-1.60590825782637,0.224137931034483,-0.155172413793103,-1.29310344827586
"1-3arc-Iteration0-PA1:3DO:0-Seed1007","1/3 arc-second",0,"1:3","0",1007,"spatial knndm",0.710544238404788,0.823593073593074,58,0.556508023135656,0.549632352941177,0.491873172413793,-1.02777126470588,0.413793103448276,-4.02983634500429,0.0990635465403283,0.371208805839099,0.070572364206536,0.313131313131313,-1.09821910445958,0.224137931034483,-0.155172413793103,-1.10344827586207
"1-3arc-Iteration0-PA1:3DO:0-Seed1008","1/3 arc-second",0,"1:3","0",1008,"spatial knndm",0.601558790276119,0.620081411126187,58,0.558464935296409,0.505514705882353,0.538668689655172,-1.22068807843137,0.413793103448276,-12.588029227421,0.0141407771520731,0.428020183551496,0.0486832173246829,0.424242424242424,-1.81956415914875,0.224137931034483,-0.155172413793103,-1.13793103448276
"1-3arc-Iteration0-PA1:3DO:0-Seed1009","1/3 arc-second",0,"1:3","0",1009,"spatial knndm",0.694961190756699,0.796187683284457,58,0.56119426345219,0.547794117647059,0.515687517241379,-1.12594706862745,0.413793103448276,-5.03119768279269,0.0955427169142341,0.395664429777202,0.0645291306695301,0.363636363636364,-1.43958392859605,0.224137931034483,-0.155172413793103,-1.18965517241379
"1-3arc-Iteration0-PA1:4DO:0-Seed1010","1/3 arc-second",0,"1:4","0",1010,"spatial knndm",0.625238120410518,0.770729270729271,58,0.60790060127413,0.563725490196078,0.507061862068966,-1.09038738235294,0.413793103448276,-4.23033758890423,0.201402223589034,0.35703111746586,0.0922978794766387,0.353535353535354,-1.23761360818466,0.224137931034483,-0.155172413793103,-1.29310344827586
"1-3arc-Iteration0-PA1:4DO:0-Seed1011","1/3 arc-second",0,"1:4","0",1011,"spatial knndm",0.654370439845598,0.791580578512397,58,0.561898223819621,0.556372549019608,0.504609379310345,-1.08027690196078,0.413793103448276,-4.38254953527076,0.105087847157559,0.368034848032747,0.0723879485049045,0.393939393939394,-1.29337409911992,0.224137931034483,-0.155172413793103,-1.13793103448276
"1-3arc-Iteration0-PA1:4DO:0-Seed1012","1/3 arc-second",0,"1:4","0",1012,"spatial knndm",0.685971928311358,0.751352813852814,58,0.660396234756562,0.54656862745098,0.534066344827586,-1.20171468627451,0.413793103448276,-13.5822099500811,0.0590257644728968,0.307026205762078,0.0564844267636418,0.424242424242424,-1.83461664220632,0.224137931034483,-0.155172413793103,-1.13793103448276
"1-3arc-Iteration1-PA1:1DO:0-Seed1001","1/3 arc-second",1,"1:1","0",1001,"spatial knndm",0.541363937172897,0.302355114292311,58,0.673307157349222,0.630514705882353,0.320089276709471,-0.319583733885615,0.413793103448276,-1.52959751036446,0.518814451817106,0.311637950339358,0.228362125912437,0.434343434343434,-0.121988942279254,0.224137931034483,-0.155172413793103,-0.327586206896552
"1-3arc-Iteration1-PA1:1DO:0-Seed1002","1/3 arc-second",1,"1:1","0",1002,"spatial knndm",0.561923574003687,0.474025974025974,58,0.659673937862136,0.63296568627451,0.317310068965517,-0.30812631372549,0.413793103448276,-1.51708914044198,0.411556964616216,0.32584528624452,0.173523880949254,0.414141414141414,-0.152619421306501,0.229885057471264,-0.120689655172414,-0.344827586206896
"1-3arc-Iteration1-PA1:1DO:0-Seed1003","1/3 arc-second",1,"1:1","0",1003,"spatial knndm",0.546521106005418,0.426490449546595,58,0.641548053380561,0.641544117647059,0.302551379310345,-0.247282892156863,0.413793103448276,-1.40057043786471,0.482697127055485,0.313609224528658,0.21680755980377,0.434343434343434,-0.110783385217146,0.224137931034483,-0.0689655172413793,-0.362068965517241
"1-3arc-Iteration1-PA1:1DO:0-Seed1013","1/3 arc-second",1,"1:1","0",1013,"spatial knndm",0.566175076294032,0.440089814247806,58,0.657345825865612,0.669730392156863,0.308829586206897,-0.273165107843137,0.413793103448276,-1.61566058664631,0.538448359139461,0.314535679896415,0.213258460921102,0.444444444444444,-0.151614523613033,0.229885057471264,-0.0689655172413793,-0.431034482758621
"1-3arc-Iteration1-PA1:1DO:0-Seed1014","1/3 arc-second",1,"1:1","0",1014,"spatial knndm",0.55321426084865,0.393832693128468,58,0.661226231440869,0.655637254901961,0.313003310344828,-0.290371490196078,0.413793103448276,-1.49328718181633,0.369787810459173,0.322310162636785,0.182742515097211,0.424242424242424,-0.151658269068699,0.229885057471264,-0.0517241379310345,-0.431034482758621
"1-3arc-Iteration1-PA1:1DO:0-Seed1015","1/3 arc-second",1,"1:1","0",1015,"spatial knndm",0.537881049042377,0.478293289146645,58,0.6435459373825,0.670955882352941,0.306634206896552,-0.264114549019608,0.413793103448276,-1.58800835548238,0.418476438836835,0.317998223945759,0.197613579721858,0.454545454545455,-0.176385416209967,0.224137931034483,-0.0517241379310345,-0.396551724137931
"1-3arc-Iteration1-PA1:1DO:0-Seed1016","1/3 arc-second",1,"1:1","0",1016,"spatial knndm",0.501863478340123,0.444996293550778,58,0.629936471101862,0.64031862745098,0.302405103448276,-0.246679862745098,0.413793103448276,-1.43144477306535,0.394842994459726,0.320491066978514,0.183607910011329,0.424242424242424,-0.159932787969321,0.229885057471264,-0.0689655172413793,-0.413793103448276
"1-3arc-Iteration1-PA1:1DO:0-Seed1017","1/3 arc-second",1,"1:1","0",1017,"spatial knndm",0.517949354896746,0.400291995877705,58,0.733752458751962,0.729166666666667,0.312406344827586,-0.287910470588235,0.413793103448276,-1.75783325232102,0.708609705827254,0.31683552373396,0.243549123885223,0.494949494949495,-0.135865701432469,0.224137931034483,-0.120689655172414,-0.293103448275862
"1-3arc-Iteration1-PA1:1DO:0-Seed1018","1/3 arc-second",1,"1:1","0",1018,"spatial knndm",0.565391371417785,0.482033224990971,58,0.676182743705744,0.713235294117647,0.29786875862069,-0.227978558823529,0.413793103448276,-1.60956020009684,0.55978490594608,0.313790368441023,0.229623037485547,0.424242424242424,-0.148439560182513,0.224137931034483,-0.0862068965517241,-0.293103448275862
"1-3arc-Iteration1-PA1:1DO:0-Seed1019","1/3 arc-second",1,"1:1","0",1019,"spatial knndm",0.599582452206353,0.451974139921496,58,0.687511269615276,0.65625,0.295709379310345,-0.219076411764706,0.413793103448276,-1.47553607628731,0.536449164823198,0.322618575058028,0.218254481718512,0.484848484848485,-0.0972316472051178,0.224137931034483,-0.103448275862069,-0.310344827586207
"1-3arc-Iteration1-PA1:1DO:0-Seed1020","1/3 arc-second",1,"1:1","0",1020,"spatial knndm",0.584829526344227,0.51084887704606,58,0.613838096005149,0.61703431372549,0.315081103448276,-0.298937294117647,0.413793103448276,-1.36901801621762,0.341866222985318,0.319229155538229,0.180639985396015,0.414141414141414,-0.152810333087538,0.235632183908046,-0.0689655172413793,-0.517241379310345
"1-3arc-Iteration1-PA1:1DO:0-Seed1021","1/3 arc-second",1,"1:1","0",1021,"spatial knndm",0.547973086198208,0.401890796835809,58,0.694005185873346,0.677083333333333,0.301146137931035,-0.241489715686275,0.413793103448276,-1.51479901269711,0.535489590778752,0.321468811102738,0.211573070286067,0.515151515151515,-0.113907723806237,0.235632183908046,-0.0689655172413793,-0.413793103448276
"1-3arc-Iteration1-PA1:1DO:0-Seed1022","1/3 arc-second",1,"1:1","0",1022,"spatial knndm",0.536118332991812,0.41305525460455,58,0.699984323410014,0.702205882352941,0.307610620689655,-0.268139862745098,0.413793103448276,-1.71157077105563,0.598866555780785,0.320388922475558,0.227085943697285,0.474747474747475,-0.144566324410792,0.224137931034483,-0.0689655172413793,-0.517241379310345
"1-3arc-Iteration1-PA1:2DO:0-Seed1004","1/3 arc-second",1,"1:2","0",1004,"spatial knndm",0.445580269428703,0.493106526482841,58,0.699839966307025,0.655024509803922,0.279335172413793,-0.15157294117647,0.413793103448276,-1.10979934758665,0.555103056412515,0.314382203036558,0.223820187694634,0.575757575757576,-0.0517840023651688,0.229885057471264,-0.0689655172413793,-0.275862068965517
"1-3arc-Iteration1-PA1:2DO:0-Seed1005","1/3 arc-second",1,"1:2","0",1005,"spatial knndm",0.447695693364858,0.454484258492129,58,0.679547709029205,0.656862745098039,0.269767655172414,-0.112130382352941,0.413793103448276,-0.972682719193635,0.533191527876472,0.313441552864947,0.216095477417988,0.515151515151515,-0.0382376041381282,0.224137931034483,-0.0689655172413793,-0.120689655172414
"1-3arc-Iteration1-PA1:2DO:0-Seed1006","1/3 arc-second",1,"1:2","0",1006,"spatial knndm",0.488957946492298,0.540386256935553,58,0.693723699923552,0.696078431372549,0.247131793103448,-0.0188129313725489,0.413793103448276,-0.941514895596135,0.635277308947616,0.317468996883714,0.228384659511133,0.565656565656566,-0.0130258563319859,0.252873563218391,-0.0344827586206897,-0.0344827586206896
"1-3arc-Iteration1-PA1:3.95750708215297DO:0-Seed1010","1/3 arc-second",1,"1:3.95750708215297","0",1010,"spatial knndm",0.308503207333441,0.348993963782696,58,0.714283088398426,0.661764705882353,0.227171591129361,0.0634739797068976,0.413793103448276,-0.441673337045665,0.633031411525018,0.311148057371985,0.240225696770534,0.747474747474748,0.0406112565809688,0.189655172413793,0,0.103448275862069
"1-3arc-Iteration1-PA1:3.95750708215297DO:0-Seed1011","1/3 arc-second",1,"1:3.95750708215297","0",1011,"spatial knndm",0.309303837852065,0.463832997987928,58,0.690410244261716,0.67218137254902,0.262727586206897,-0.0831073529411763,0.413793103448276,-0.823744310444013,0.503414513761063,0.321275352554988,0.20705680361878,0.666666666666667,-0.0284722436326194,0.247126436781609,-0.0689655172413793,-0.327586206896552
"1-3arc-Iteration1-PA1:3.95750708215297DO:0-Seed1012","1/3 arc-second",1,"1:3.95750708215297","0",1012,"spatial knndm",0.306540557931075,0.349949698189135,58,0.715139704971993,0.677083333333333,0.220434344827586,0.0912486078431373,0.413793103448276,-0.464812155709231,0.712781330703014,0.310100343686138,0.257206369678072,0.808080808080808,0.0461425947508589,0.189655172413793,0.0689655172413793,0.120689655172414
"1-3arc-Iteration1-PA1:3DO:0-Seed1007","1/3 arc-second",1,"1:3","0",1007,"spatial knndm",0.353475285621375,0.4458486076275,58,0.716336962618071,0.697916666666667,0.242892344827586,-0.00133559803921557,0.413793103448276,-0.871176240485254,0.728778624353556,0.310721935551475,0.256890623476455,0.656565656565657,0.00449358884755685,0.258620689655172,-0.0689655172413793,-0.0172413793103448
"1-3arc-Iteration1-PA1:3DO:0-Seed1008","1/3 arc-second",1,"1:3","0",1008,"spatial knndm",0.358358148509298,0.436889278253252,58,0.684641299816889,0.666053921568627,0.249835586206897,-0.029959450980392,0.413793103448276,-0.764828832081887,0.589600132864317,0.313299017360927,0.227363149438729,0.676767676767677,-0.00242170412098939,0.241379310344828,-0.0689655172413793,0.0689655172413793
"1-3arc-Iteration1-PA1:3DO:0-Seed1009","1/3 arc-second",1,"1:3","0",1009,"spatial knndm",0.35600552821678,0.359918129466454,58,0.710523469262519,0.67953431372549,0.225786927203065,0.0691823246187365,0.413793103448276,-0.621059570898539,0.761036242903445,0.307085226518232,0.272913782427715,0.858585858585859,0.035713783390297,0.235632183908046,0,0.103448275862069
"1arc-Iteration0-PA1:1.25DO:0-Seed1022","1 arc-second",0,"1:1.25","0",1022,"spatial knndm",0.946217698423581,0.931481481481481,58,0.630125887776143,0.490196078431373,0.556656689655172,-1.29484449019608,0.413793103448276,-13.6821551005902,-0.00142275913477884,0.298778968783151,0.0625273644696005,0.222222222222222,-1.92945395774615,0.218390804597701,-0.172413793103448,-1.18965517241379
"1arc-Iteration0-PA1:1.25DO:0-Seed1023","1 arc-second",0,"1:1.25","0",1023,"spatial knndm",0.815383197004886,0.789351851851852,58,0.493811026769198,0.408700980392157,0.54977,-1.2664537745098,0.413793103448276,-12.719498501869,-0.0661889319911649,0.407454345765323,0.0570804864223973,0.222222222222222,-1.87897458724938,0.218390804597701,-0.172413793103448,-1.13793103448276
"1arc-Iteration0-PA1:1.25DO:0-Seed1024","1 arc-second",0,"1:1.25","0",1024,"spatial knndm",0.864557363960206,0.855820105820106,58,0.5058987599859,0.439338235294118,0.559076689655172,-1.30482105882353,0.413793103448276,-12.4371592670332,-0.0433123230814375,0.453560805173481,0.0600348757698421,0.222222222222222,-1.92751971354018,0.218390804597701,-0.172413793103448,-1.3448275862069
"1arc-Iteration0-PA1:1.25DO:0-Seed1025","1 arc-second",0,"1:1.25","0",1025,"spatial knndm",0.860182852641648,0.856837606837607,58,0.505640878292167,0.476102941176471,0.554966965517241,-1.28787851960784,0.413793103448276,-11.3882172229721,-0.0236411294342831,0.699046557513433,0.0594807614839917,0.222222222222222,-1.91920045529266,0.218390804597701,-0.172413793103448,-1.29310344827586
"1arc-Iteration0-PA1:1.25DO:0-Seed1026","1 arc-second",0,"1:1.25","0",1026,"spatial knndm",0.874357082569289,0.850877192982456,58,0.670192494211247,0.541053921568628,0.538534827586207,-1.2201362254902,0.413793103448276,-13.7286531772022,0.0621416922680031,0.295139169981568,0.0658104801970048,0.222222222222222,-1.85611523348756,0.218390804597701,-0.172413793103448,-1.13793103448276
"1arc-Iteration0-PA1:1.5DO:0-Seed1013","1 arc-second",0,"1:1.5","0",1013,"spatial knndm",0.863416422001472,0.864444444444444,58,0.580522887615567,0.569852941176471,0.521052620689655,-1.14806497058824,0.413793103448276,-4.73900214980329,0.117086664392458,0.391857317064385,0.0666737992705568,0.222222222222222,-1.31148504688069,0.218390804597701,-0.172413793103448,-1.18965517241379
"1arc-Iteration0-PA1:1.5DO:0-Seed1014","1 arc-second",0,"1:1.5","0",1014,"spatial knndm",0.923233337217255,0.919191919191919,58,0.544184492542284,0.526960784313726,0.515385172413793,-1.1247006372549,0.413793103448276,-4.36491614150543,0.0889755255369703,0.389137288574285,0.0713601563816583,0.222222222222222,-1.2488965636148,0.218390804597701,-0.172413793103448,-1.18965517241379
"1arc-Iteration0-PA1:1.5DO:0-Seed1015","1 arc-second",0,"1:1.5","0",1015,"spatial knndm",0.877840577955855,0.882183908045977,58,0.695041330179188,0.611519607843137,0.546863931034483,-1.2544733627451,0.413793103448276,-13.4712156305562,0.133246703524066,0.316900569749213,0.070864921363971,0.222222222222222,-1.87202016143997,0.218390804597701,-0.172413793103448,-1.18965517241379
"1arc-Iteration0-PA1:1.75DO:0-Seed1027","1 arc-second",0,"1:1.75","0",1027,"spatial knndm",0.830086907989385,0.842261904761905,58,0.667168473170079,0.531862745098039,0.555027379310345,-1.28812757843137,0.413793103448276,-13.7732223785145,0.0667473507878084,0.291755475413857,0.0737574612352559,0.222222222222222,-1.90333024493813,0.218390804597701,-0.172413793103448,-1.24137931034483
"1arc-Iteration0-PA1:1.75DO:0-Seed1028","1 arc-second",0,"1:1.75","0",1028,"spatial knndm",0.896619399855404,0.889917695473251,58,0.717883473095737,0.582720588235294,0.543013793103448,-1.23860098039216,0.413793103448276,-13.8955906681021,0.178633280688193,0.283064041522199,0.109124153135568,0.222222222222222,-1.89797357040826,0.218390804597701,-0.172413793103448,-1.13793103448276
"1arc-Iteration0-PA1:1.75DO:0-Seed1029","1 arc-second",0,"1:1.75","0",1029,"spatial knndm",0.897566082357364,0.936507936507937,58,0.666511746418159,0.529411764705882,0.550777448275862,-1.27060702941176,0.413793103448276,-13.7730442261557,0.0506143276889094,0.291781992756454,0.0681056059811854,0.222222222222222,-1.91083066769109,0.218390804597701,-0.172413793103448,-1.18965517241379
"1arc-Iteration0-PA1:1.75DO:0-Seed1030","1 arc-second",0,"1:1.75","0",1030,"spatial knndm",0.844617945568669,0.862847222222222,58,0.667402356250223,0.532475490196078,0.54472275862069,-1.2456462745098,0.413793103448276,-13.7730105190635,0.0500651378655162,0.29178701321251,0.0656668305462175,0.222222222222222,-1.85398771204724,0.218390804597701,-0.172413793103448,-1.13793103448276
"1arc-Iteration0-PA1:1.75DO:0-Seed1031","1 arc-second",0,"1:1.75","0",1031,"spatial knndm",0.902429328215212,0.930555555555556,58,0.683521298476656,0.545955882352941,0.56161324137931,-1.31527811764706,0.413793103448276,-13.8156423461601,0.0852109819470221,0.288655976699099,0.0780168701721512,0.222222222222222,-1.93188080803085,0.218390804597701,-0.172413793103448,-1.3448275862069
"1arc-Iteration0-PA1:1DO:0-Seed1001","1 arc-second",0,"1:1","0",1001,"spatial knndm",0.82983045269215,0.81280193236715,58,0.525624587441814,0.409313725490196,0.570388206896552,-1.35145334313725,0.413793103448276,-13.1235325024715,-0.0732613585681861,0.353278051516121,0.0598037828221235,0.222222222222222,-1.94790143404904,0.218390804597701,-0.172413793103448,-1.3448275862069
"1arc-Iteration0-PA1:1DO:0-Seed1002","1 arc-second",0,"1:1","0",1002,"spatial knndm",0.969465152829502,0.960069444444444,58,0.597829261297069,0.537990196078431,0.574427793103448,-1.36810673529412,0.413793103448276,-12.7190955880356,0.0251093326548626,0.407577159899008,0.0576046810046815,0.222222222222222,-1.93771661325816,0.218390804597701,-0.172413793103448,-1.3448275862069
"1arc-Iteration0-PA1:1DO:0-Seed1003","1 arc-second",0,"1:1","0",1003,"spatial knndm",0.871986303075054,0.861111111111111,58,0.55042947405426,0.485294117647059,0.573590413793103,-1.36465459803922,0.413793103448276,-12.9417734723549,-0.0354626255387585,0.375927067280144,0.0590735012253816,0.222222222222222,-1.95709007620529,0.218390804597701,-0.172413793103448,-1.3448275862069
"1arc-Iteration0-PA1:1DO:0-Seed1052","1 arc-second",0,"1:1","0",1052,"spatial knndm",0.899405377585632,0.896825396825397,58,0.535742362982929,0.441176470588235,0.564552344827586,-1.32739471568627,0.413793103448276,-13.036810452054,-0.0492099099034293,0.363745887715256,0.0585009531181058,0.222222222222222,-1.91516506682684,0.218390804597701,-0.172413793103448,-1.3448275862069
"1arc-Iteration0-PA1:1DO:0-Seed1053","1 arc-second",0,"1:1","0",1053,"spatial knndm",0.927686962303835,0.901709401709402,58,0.5991234113286,0.512254901960784,0.55064124137931,-1.27004550980392,0.413793103448276,-13.2041083344202,0.0229319188800216,0.343989061481373,0.0617662902834553,0.222222222222222,-1.92709323819417,0.218390804597701,-0.172413793103448,-1.18965517241379
"1arc-Iteration0-PA1:1DO:0-Seed1054","1 arc-second",0,"1:1","0",1054,"spatial knndm",0.913471505346505,0.873263888888889,58,0.492085092241205,0.388480392156863,0.577980344827586,-1.38275230392157,0.413793103448276,-12.7186804097033,-0.0955404969427814,0.407703652897886,0.056963823754466,0.222222222222222,-1.96956907327154,0.218390804597701,-0.172413793103448,-1.3448275862069
"1arc-Iteration0-PA1:1DO:0-Seed1055","1 arc-second",0,"1:1","0",1055,"spatial knndm",0.954728296548528,0.94047619047619,58,0.498442104019056,0.417279411764706,0.572490482758621,-1.36012007843137,0.413793103448276,-12.7191565719472,-0.0841657339985394,0.407558459983785,0.0591188004622543,0.222222222222222,-1.97745996909347,0.218390804597701,-0.172413793103448,-1.3448275862069
"1arc-Iteration0-PA1:1DO:0-Seed1056","1 arc-second",0,"1:1","0",1056,"spatial knndm",0.928160936640796,0.915032679738562,58,0.558129849366552,0.469362745098039,0.566312068965517,-1.33464926470588,0.413793103448276,-13.1237195784759,-0.0298804075328124,0.35323413661079,0.0587431176470209,0.222222222222222,-1.9025069864532,0.218390804597701,-0.172413793103448,-1.3448275862069
"1arc-Iteration0-PA1:1DO:0-Seed1057","1 arc-second",0,"1:1","0",1057,"spatial knndm",0.88764619814248,0.838541666666667,58,0.623591586990824,0.613357843137255,0.545633793103448,-1.24940205882353,0.413793103448276,-11.3728772747963,0.0830831375081649,0.708489642955791,0.0556609210349961,0.222222222222222,-1.65622478761123,0.218390804597701,-0.172413793103448,-1.18965517241379
"1arc-Iteration0-PA1:1DO:0-Seed1058","1 arc-second",0,"1:1","0",1058,"spatial knndm",0.915101140021161,0.927083333333333,58,0.506250835445049,0.434436274509804,0.550587793103448,-1.26982516666667,0.413793103448276,-12.2520510651253,-0.041355490405574,0.489510090592099,0.0555601881601242,0.222222222222222,-1.87602280137072,0.218390804597701,-0.172413793103448,-1.18965517241379
"1arc-Iteration0-PA1:1DO:0-Seed1059","1 arc-second",0,"1:1","0",1059,"spatial knndm",0.925151422082884,0.876984126984127,58,0.563208863526658,0.504901960784314,0.567399448275862,-1.33913203921569,0.413793103448276,-11.7488080904868,0.0209737220606946,0.605532979557405,0.0559710574137749,0.222222222222222,-1.89870944990408,0.218390804597701,-0.172413793103448,-1.3448275862069
"1arc-Iteration0-PA1:1DO:0-Seed1060","1 arc-second",0,"1:1","0",1060,"spatial knndm",0.896922056101735,0.906565656565657,58,0.57305792125635,0.503676470588235,0.540755862068966,-1.22929254901961,0.413793103448276,-12.587845505809,0.0276037092953889,0.428080508833406,0.0571432693724633,0.222222222222222,-1.85193746779195,0.218390804597701,-0.137931034482759,-1.18965517241379
"1arc-Iteration0-PA1:1DO:0-Seed1061","1 arc-second",0,"1:1","0",1061,"spatial knndm",0.85023907762483,0.789473684210526,58,0.656269167791583,0.534313725490196,0.556690206896552,-1.29498266666667,0.413793103448276,-13.6334706592085,0.0459488279204496,0.30271839022552,0.0645585410548479,0.222222222222222,-1.90525901638966,0.218390804597701,-0.172413793103448,-1.24137931034483
"1arc-Iteration0-PA1:2.25DO:0-Seed1032","1 arc-second",0,"1:2.25","0",1032,"spatial knndm",0.795295886788022,0.857046070460705,58,0.726415094339623,0.573529411764706,0.551641172413793,-1.2741677745098,0.413793103448276,-14.0047678962619,1.83057401474252,0.275949812013136,159.553901400037,0.222222222222222,-1.91179720505609,0.218390804597701,-0.172413793103448,-1.18965517241379
"1arc-Iteration0-PA1:2.25DO:0-Seed1033","1 arc-second",0,"1:2.25","0",1033,"spatial knndm",0.88799539179601,0.932624113475177,58,0.500096505641823,0.488970588235294,0.51664924137931,-1.12991182352941,0.413793103448276,-5.3328525254678,0.0100889710349143,0.456703151702096,0.0547287176004627,0.222222222222222,-1.45834534884023,0.218390804597701,-0.172413793103448,-1.1551724137931
"1arc-Iteration0-PA1:2.25DO:0-Seed1034","1 arc-second",0,"1:2.25","0",1034,"spatial knndm",0.847831767066051,0.901891252955083,58,0.66825944942025,0.594362745098039,0.533439586206897,-1.19913084313725,0.413793103448276,-13.2031350864141,0.0925070551035689,0.344205741471291,0.0592096206916728,0.222222222222222,-1.83084470102629,0.218390804597701,-0.137931034482759,-1.13793103448276
"1arc-Iteration0-PA1:2.25DO:0-Seed1035","1 arc-second",0,"1:2.25","0",1035,"spatial knndm",0.84936930166531,0.884384384384384,58,0.670508561584805,0.574754901960784,0.529618344827586,-1.18337758823529,0.413793103448276,-13.4712815256107,0.0925788849414418,0.31688836811209,0.0644887915146375,0.242424242424242,-1.83752752877334,0.218390804597701,-0.120689655172414,-1.13793103448276
"1arc-Iteration0-PA1:2.25DO:0-Seed1036","1 arc-second",0,"1:2.25","0",1036,"spatial knndm",0.858636200279507,0.91304347826087,58,0.63245449139779,0.498161764705882,0.539660827586207,-1.22477821568627,0.413793103448276,-13.6821902866115,0.0147943810033654,0.298773366868558,0.0620139079638742,0.222222222222222,-1.87688589131385,0.218390804597701,-0.172413793103448,-1.13793103448276
"1arc-Iteration0-PA1:2.5DO:0-Seed1016","1 arc-second",0,"1:2.5","0",1016,"spatial knndm",0.813809667094854,0.870567375886525,58,0.631944046499503,0.496323529411765,0.539883862068966,-1.22569768627451,0.413793103448276,-13.6820218177197,-0.00801251330461541,0.298800197181601,0.055277725098658,0.222222222222222,-1.8108159058359,0.218390804597701,-0.172413793103448,-1.13793103448276
"1arc-Iteration0-PA1:2.5DO:0-Seed1017","1 arc-second",0,"1:2.5","0",1017,"spatial knndm",0.795663210230853,0.843253968253968,58,0.68094379734213,0.653799019607843,0.536802482758621,-1.21299454901961,0.413793103448276,-12.83608946852,0.117563640511716,0.390468211225529,0.0579473253217815,0.222222222222222,-1.71011186397937,0.218390804597701,-0.172413793103448,-1.18965517241379
"1arc-Iteration0-PA1:2.5DO:0-Seed1018","1 arc-second",0,"1:2.5","0",1018,"spatial knndm",0.789458664505921,0.859375,58,0.631580621373726,0.495098039215686,0.526207103448276,-1.16931457843137,0.413793103448276,-13.6820269633658,-0.00245471483445486,0.298799377348862,0.0540363876671151,0.242424242424242,-1.78729978503275,0.218390804597701,-0.120689655172414,-1.18965517241379
"1arc-Iteration0-PA1:2.75DO:0-Seed1037","1 arc-second",0,"1:2.75","0",1037,"spatial knndm",0.779972630947484,0.868686868686869,58,0.713910143762391,0.569852941176471,0.554444620689655,-1.28572512745098,0.413793103448276,-13.933346701913,0.172870016037487,0.280534663578886,0.114439407593086,0.222222222222222,-1.87782991726127,0.218390804597701,-0.172413793103448,-1.29310344827586
"1arc-Iteration0-PA1:2.75DO:0-Seed1038","1 arc-second",0,"1:2.75","0",1038,"spatial knndm",0.880633278434687,0.929769392033543,58,0.592383417856792,0.543504901960784,0.498767793103448,-1.05619467647059,0.413793103448276,-4.3098423163991,0.139552434417404,0.389808506897309,0.0715584447547358,0.222222222222222,-1.23412928715668,0.218390804597701,-0.172413793103448,-1.08620689655172
"1arc-Iteration0-PA1:2.75DO:0-Seed1039","1 arc-second",0,"1:2.75","0",1039,"spatial knndm",0.855103068084972,0.916111111111111,58,0.584828669126818,0.572303921568627,0.492925724137931,-1.03211046078431,0.413793103448276,-3.84525358330941,0.136384156702568,0.369204653093662,0.0687718838807074,0.222222222222222,-1.02445037931674,0.218390804597701,-0.172413793103448,-1.18965517241379
"1arc-Iteration0-PA1:2.75DO:0-Seed1040","1 arc-second",0,"1:2.75","0",1040,"spatial knndm",0.805463199319095,0.900862068965517,58,0.665252810343996,0.525122549019608,0.55440724137931,-1.28557102941176,0.413793103448276,-13.7730089682689,0.0382739977483592,0.291787244515953,0.0652603913045424,0.222222222222222,-1.90017890602474,0.218390804597701,-0.172413793103448,-1.18965517241379
"1arc-Iteration0-PA1:2.75DO:0-Seed1041","1 arc-second",0,"1:2.75","0",1041,"spatial knndm",0.827779689482664,0.881944444444444,58,0.716770727372642,0.666666666666667,0.535688206896552,-1.20840089215686,0.413793103448276,-13.3462506141026,0.172545228737959,0.328989641691256,0.0737277572367079,0.222222222222222,-1.86608229185311,0.218390804597701,-0.120689655172414,-1.13793103448276
"1arc-Iteration0-PA1:2DO:0-Seed1004","1 arc-second",0,"1:2","0",1004,"spatial knndm",0.851133193762733,0.882352941176471,58,0.680477379631098,0.536151960784314,0.550096344827586,-1.26779914705882,0.413793103448276,-13.8564037302702,0.070896352292296,0.285763703259949,0.0752500935497099,0.222222222222222,-1.89114143085728,0.218390804597701,-0.172413793103448,-1.13793103448276
"1arc-Iteration0-PA1:2DO:0-Seed1005","1 arc-second",0,"1:2","0",1005,"spatial knndm",0.856578462882413,0.898148148148148,58,0.521600182087364,0.537377450980392,0.514821793103448,-1.12237807843137,0.413793103448276,-5.09616419650143,0.0325977166576489,0.434022110784791,0.0551159207297027,0.222222222222222,-1.37073475313475,0.218390804597701,-0.172413793103448,-1.18965517241379
"1arc-Iteration0-PA1:2DO:0-Seed1006","1 arc-second",0,"1:2","0",1006,"spatial knndm",0.81796784207199,0.866228070175439,58,0.644241120347751,0.563725490196078,0.536937862068966,-1.21355265686275,0.413793103448276,-13.2036992545598,0.0690194731441758,0.344080089141431,0.0602665585013257,0.222222222222222,-1.87582816163955,0.218390804597701,-0.120689655172414,-1.13793103448276
"1arc-Iteration0-PA1:3.25DO:0-Seed1042","1 arc-second",0,"1:3.25","0",1042,"spatial knndm",0.818524280372061,0.895480225988701,58,0.647913417806476,0.544730392156863,0.534023172413793,-1.20153670588235,0.413793103448276,-13.4709472337618,0.0428830108939923,0.316950309081994,0.0561077259187816,0.222222222222222,-1.77874716113814,0.218390804597701,-0.137931034482759,-1.13793103448276
"1arc-Iteration0-PA1:3.25DO:0-Seed1043","1 arc-second",0,"1:3.25","0",1043,"spatial knndm",0.874923564143047,0.925793650793651,58,0.521833588598215,0.514705882352941,0.506554620689655,-1.08829625490196,0.413793103448276,-5.02444985633897,0.0383306789071317,0.430865622627925,0.0565829034734814,0.222222222222222,-1.41688629607283,0.218390804597701,-0.172413793103448,-1.13793103448276
"1arc-Iteration0-PA1:3.25DO:0-Seed1044","1 arc-second",0,"1:3.25","0",1044,"spatial knndm",0.807169481524756,0.872222222222222,58,0.659226987546654,0.649509803921569,0.512716689655172,-1.11369968627451,0.413793103448276,-12.252083403007,0.0946377488876661,0.489498284441815,0.052126357522235,0.222222222222222,-1.45711943247803,0.218390804597701,-0.172413793103448,-1.13793103448276
"1arc-Iteration0-PA1:3.25DO:0-Seed1045","1 arc-second",0,"1:3.25","0",1045,"spatial knndm",0.796597254093818,0.878600823045267,58,0.665022273684888,0.524509803921569,0.550691379310345,-1.27025220588235,0.413793103448276,-13.7731129838523,0.049387572855252,0.291771756727108,0.0693102041229514,0.222222222222222,-1.909740673605,0.218390804597701,-0.172413793103448,-1.18965517241379
"1arc-Iteration0-PA1:3.25DO:0-Seed1046","1 arc-second",0,"1:3.25","0",1046,"spatial knndm",0.858686158762268,0.911892361111111,58,0.543110200596991,0.526960784313726,0.523065655172414,-1.15636380392157,0.413793103448276,-9.39852360967788,0.0133138058070473,1.33324572793837,0.0513040418464235,0.222222222222222,-1.58628730948133,0.218390804597701,-0.172413793103448,-1.08620689655172
"1arc-Iteration0-PA1:3.5DO:0-Seed1019","1 arc-second",0,"1:3.5","0",1019,"spatial knndm",0.807304300007371,0.86712962962963,58,0.687645961424402,0.590686274509804,0.526530482758621,-1.1706477254902,0.413793103448276,-13.5280592222935,0.0974836379541032,0.3117635155419,0.0621839413138384,0.242424242424242,-1.82220859760618,0.218390804597701,-0.120689655172414,-1.13793103448276
"1arc-Iteration0-PA1:3.5DO:0-Seed1020","1 arc-second",0,"1:3.5","0",1020,"spatial knndm",0.815076564256415,0.872311827956989,58,0.590792545143049,0.608455882352941,0.510653931034483,-1.1051958627451,0.413793103448276,-10.7500146638996,0.0538432202729895,0.921718307678714,0.0514698910794886,0.222222222222222,-1.43701927636927,0.218390804597701,-0.172413793103448,-1.13793103448276
"1arc-Iteration0-PA1:3.5DO:0-Seed1021","1 arc-second",0,"1:3.5","0",1021,"spatial knndm",0.770401139743587,0.885758998435055,58,0.635647216228575,0.569240196078431,0.544703862068965,-1.24556837254902,0.413793103448276,-12.9417251173887,0.07130084746195,0.375939867948103,0.0584105919332467,0.222222222222222,-1.86864027863603,0.218390804597701,-0.172413793103448,-1.13793103448276
"1arc-Iteration0-PA1:3.75DO:0-Seed1047","1 arc-second",0,"1:3.75","0",1047,"spatial knndm",0.843919643231793,0.913139329805996,58,0.55755836501876,0.54656862745098,0.487865793103448,-1.01125064705882,0.413793103448276,-3.76296766604767,0.108987565820006,0.354479250189903,0.0724169187376965,0.222222222222222,-1.03275073549141,0.218390804597701,-0.172413793103448,-1.1551724137931
"1arc-Iteration0-PA1:3.75DO:0-Seed1048","1 arc-second",0,"1:3.75","0",1048,"spatial knndm",0.814384713426632,0.911111111111111,58,0.542360702089674,0.534926470588235,0.495205724137931,-1.04150987254902,0.413793103448276,-4.43830829463113,0.0760128378772471,0.411604585008039,0.0633286381506573,0.222222222222222,-1.2517430509507,0.218390804597701,-0.172413793103448,-1.20689655172414
"1arc-Iteration0-PA1:3.75DO:0-Seed1049","1 arc-second",0,"1:3.75","0",1049,"spatial knndm",0.807276184307879,0.901368760064412,58,0.709754475084664,0.555759803921569,0.559768896551724,-1.30767471568627,0.413793103448276,-13.9696977184052,0.163190647632462,0.278169510228808,0.11859663160865,0.222222222222222,-1.91406253917306,0.218390804597701,-0.172413793103448,-1.29310344827586
"1arc-Iteration0-PA1:3.75DO:0-Seed1050","1 arc-second",0,"1:3.75","0",1050,"spatial knndm",0.822318308410168,0.926328502415459,58,0.53655049411192,0.542279411764706,0.510277310344828,-1.1036432254902,0.413793103448276,-7.77912884430495,0.0237226848818495,0.741566271493866,0.0518624462988968,0.222222222222222,-1.47106571599884,0.218390804597701,-0.172413793103448,-1.08620689655172
"1arc-Iteration0-PA1:3.75DO:0-Seed1051","1 arc-second",0,"1:3.75","0",1051,"spatial knndm",0.75777125075121,0.894660894660895,58,0.630304459204715,0.490808823529412,0.542454137931034,-1.2362937745098,0.413793103448276,-13.6821011541165,0.000235650893704666,0.298787560354166,0.0595270507370992,0.222222222222222,-1.88111837478226,0.218390804597701,-0.172413793103448,-1.13793103448276
"1arc-Iteration0-PA1:3DO:0-Seed1007","1 arc-second",0,"1:3","0",1007,"spatial knndm",0.81105497782189,0.878684807256236,58,0.563623335359284,0.512254901960784,0.530388068965517,-1.18655081372549,0.413793103448276,-12.2553936165453,0.0203992044477728,0.488171283660404,0.055237136321083,0.232323232323232,-1.82703762308282,0.218390804597701,-0.120689655172414,-1.13793103448276
"1arc-Iteration0-PA1:3DO:0-Seed1008","1 arc-second",0,"1:3","0",1008,"spatial knndm",0.881838560061006,0.933531746031746,58,0.553391323483439,0.541666666666667,0.492775448275862,-1.03149094117647,0.413793103448276,-4.17036200743408,0.099952922105861,0.386959822147658,0.0709202932214994,0.222222222222222,-1.15569677678776,0.218390804597701,-0.137931034482759,-1.1551724137931
"1arc-Iteration0-PA1:3DO:0-Seed1009","1 arc-second",0,"1:3","0",1009,"spatial knndm",0.802509739712984,0.865656565656566,58,0.686881005510838,0.590686274509804,0.531115793103448,-1.18955089215686,0.413793103448276,-13.5821270737067,0.103330904618465,0.307040391726783,0.0660086424233467,0.222222222222222,-1.79211150764112,0.218390804597701,-0.120689655172414,-1.13793103448276
"1arc-Iteration0-PA1:4DO:0-Seed1010","1 arc-second",0,"1:4","0",1010,"spatial knndm",0.817462378935053,0.908888888888889,58,0.632344081072802,0.560661764705882,0.536008482758621,-1.20972124509804,0.413793103448276,-12.9413410241712,0.0539981238188034,0.376041553367725,0.0540717545888897,0.222222222222222,-1.80858496165598,0.218390804597701,-0.172413793103448,-1.13793103448276
"1arc-Iteration0-PA1:4DO:0-Seed1011","1 arc-second",0,"1:4","0",1011,"spatial knndm",0.845146313491627,0.917792792792793,58,0.560567052931471,0.524509803921569,0.491854551724138,-1.0276945,0.413793103448276,-3.99083556844627,0.141517247738474,0.353504076392549,0.100429165896241,0.222222222222222,-1.19129526643145,0.218390804597701,-0.137931034482759,-1.05172413793103
"1arc-Iteration0-PA1:4DO:0-Seed1012","1 arc-second",0,"1:4","0",1012,"spatial knndm",0.894200181563789,0.934343434343434,58,0.529785458677885,0.530637254901961,0.493404137931034,-1.03408274509804,0.413793103448276,-4.07476579610363,0.0839121852105797,0.369732149796252,0.0741610686140802,0.222222222222222,-1.17972529253365,0.218390804597701,-0.120689655172414,-1.1551724137931
"1arc-Iteration1-PA1:1.25DO:0-Seed1022","1 arc-second",1,"1:1.25","0",1022,"spatial knndm",0.978840556849505,0.97242134607726,58,0.664493206555384,0.594362745098039,0.34017698127069,-0.402396280630637,0.413793103448276,-1.50043254564101,0.389632437328675,0.312859227177429,0.214222457297923,0.151515151515152,-0.155921410529408,0.218390804597701,-0.224137931034483,-0.413793103448276
"1arc-Iteration1-PA1:1.25DO:0-Seed1023","1 arc-second",1,"1:1.25","0",1023,"spatial knndm",0.974411018660549,0.965725806451613,58,0.632109696044719,0.579656862745098,0.332842499181034,-0.372159518682598,0.413793103448276,-1.39331269721855,0.345856036499988,0.315300494405103,0.196220738446245,0.0909090909090909,-0.146796990682146,0.218390804597701,-0.155172413793103,-0.46551724137931
"1arc-Iteration1-PA1:1.25DO:0-Seed1024","1 arc-second",1,"1:1.25","0",1024,"spatial knndm",0.980295284817496,0.97155017921147,58,0.657533451512052,0.602941176470588,0.311475203065134,-0.284071793028322,0.413793103448276,-1.34412133495759,0.498170659959108,0.307098759872307,0.232874343898245,0.272727272727273,-0.103984199706951,0.218390804597701,-0.189655172413793,-0.137931034482759
"1arc-Iteration1-PA1:1.25DO:0-Seed1025","1 arc-second",1,"1:1.25","0",1025,"spatial knndm",0.945533807716725,0.946933492632417,58,0.537154533931122,0.504901960784314,0.449501586206897,-0.853092323529412,0.413793103448276,-2.56136107321914,0.0853600667182421,0.398243791844249,0.0765443752929358,0.0606060606060606,-0.709179430846793,0.120689655172414,-0.155172413793103,-0.724137931034483
"1arc-Iteration1-PA1:1.25DO:0-Seed1026","1 arc-second",1,"1:1.25","0",1026,"spatial knndm",0.950112400910514,0.950268817204301,58,0.523286188277977,0.520833333333333,0.395611724137931,-0.630928725490196,0.413793103448276,-1.7226022247922,0.117808972445828,0.350145251933258,0.114130849819378,0.0808080808080808,-0.361395929987746,0.114942528735632,-0.155172413793103,-0.568965517241379
"1arc-Iteration1-PA1:1.5DO:0-Seed1013","1 arc-second",1,"1:1.5","0",1013,"spatial knndm",0.948781741610008,0.955449420607579,58,0.587358921590448,0.547794117647059,0.399652965517241,-0.64758894117647,0.413793103448276,-1.69734470239123,0.0902337761938285,0.346058403296578,0.141392762224184,0.0101010101010101,-0.359397614698625,0.126436781609195,-0.137931034482759,-0.775862068965517
"1arc-Iteration1-PA1:1.5DO:0-Seed1014","1 arc-second",1,"1:1.5","0",1014,"spatial knndm",0.961531207242024,0.964646464646465,58,0.486509595448886,0.487745098039216,0.429301724137931,-0.769817401960784,0.413793103448276,-1.83940369096613,0.00913538618934655,0.357737568288764,0.120060069728175,0.0404040404040404,-0.493978830744965,0.120689655172414,-0.137931034482759,-0.810344827586207
"1arc-Iteration1-PA1:1.5DO:0-Seed1015","1 arc-second",1,"1:1.5","0",1015,"spatial knndm",0.977855466828105,0.973575840768703,58,0.651939957212741,0.582720588235294,0.327888,-0.351734352941176,0.413793103448276,-1.40331537819007,0.424940872819842,0.307298502765056,0.223767956983781,0.171717171717172,-0.131020669003908,0.218390804597701,-0.206896551724138,-0.46551724137931
"1arc-Iteration1-PA1:1.75DO:0-Seed1027","1 arc-second",1,"1:1.75","0",1027,"spatial knndm",0.961976487139504,0.964500316255534,58,0.513399718816298,0.528186274509804,0.395318137931034,-0.629718401960784,0.413793103448276,-1.54193534023702,0.042509030112343,0.339975792690526,0.135214002609177,0.0101010101010101,-0.346030255547731,0.155172413793103,-0.155172413793103,-0.655172413793103
"1arc-Iteration1-PA1:1.75DO:0-Seed1028","1 arc-second",1,"1:1.75","0",1028,"spatial knndm",0.96022403059614,0.970605969249322,58,0.586602982015484,0.514705882352941,0.394131034482759,-0.624824509803921,0.413793103448276,-1.38200421867448,0.0932450331952099,0.339108431098708,0.141264921806277,0.0808080808080808,-0.263954538569363,0.103448275862069,-0.155172413793103,-0.793103448275862
"1arc-Iteration1-PA1:1.75DO:0-Seed1029","1 arc-second",1,"1:1.75","0",1029,"spatial knndm",0.951297623504806,0.959118492494411,58,0.54651585270678,0.471200980392157,0.438695310344828,-0.808542921568628,0.413793103448276,-1.61130022046664,-0.0122735861812069,0.354691442568631,0.119263590286401,0.0303030303030303,-0.380057262751591,0.126436781609195,-0.172413793103448,-0.793103448275862
"1arc-Iteration1-PA1:1.75DO:0-Seed1030","1 arc-second",1,"1:1.75","0",1030,"spatial knndm",0.954035727969079,0.964232377538829,58,0.668043921078359,0.591299019607843,0.354044689655172,-0.459566588235294,0.413793103448276,-1.40463658107604,0.247212478310271,0.331956780742964,0.161638837846058,0.111111111111111,-0.176100547571018,0.14367816091954,-0.120689655172414,-0.620689655172414
"1arc-Iteration1-PA1:1.75DO:0-Seed1031","1 arc-second",1,"1:1.75","0",1031,"spatial knndm",0.96996761726218,0.96758064516129,58,0.616364057573378,0.558210784313726,0.390556068965517,-0.610086539215686,0.413793103448276,-1.51493412773073,0.130835303595397,0.355575488790002,0.124659565489266,0.0505050505050505,-0.285374087093519,0.126436781609195,-0.120689655172414,-0.775862068965517
"1arc-Iteration1-PA1:1DO:0-Seed1001","1 arc-second",1,"1:1","0",1001,"spatial knndm",0.986076293343561,0.979243786356425,58,0.617272962000142,0.525735294117647,0.402004935823755,-0.657285054057734,0.413793103448276,-1.91480950575581,0.234820450453478,0.308322741285538,0.214456708027545,0.242424242424242,-0.306733638415221,0.218390804597701,-0.275862068965517,-0.810344827586207
"1arc-Iteration1-PA1:1DO:0-Seed1002","1 arc-second",1,"1:1","0",1002,"spatial knndm",0.961228455155161,0.957258064516129,58,0.537289510417162,0.535539215686274,0.463444068965517,-0.910570892156862,0.413793103448276,-2.29981739428687,0.0539595926416593,0.394101706274729,0.0627234084146156,0,-0.58523807966181,0.126436781609195,-0.172413793103448,-0.775862068965517
"1arc-Iteration1-PA1:1DO:0-Seed1003","1 arc-second",1,"1:1","0",1003,"spatial knndm",0.984405187719508,0.97887323943662,58,0.637195342937114,0.561887254901961,0.354078739463602,-0.459706960239651,0.413793103448276,-1.51208543623998,0.259677408943475,0.320222322259431,0.171547487058633,0.131313131313131,-0.189605493509755,0.218390804597701,-0.206896551724138,-0.517241379310345
"1arc-Iteration1-PA1:1DO:0-Seed1052","1 arc-second",1,"1:1","0",1052,"spatial knndm",0.952678561034961,0.951478494623656,58,0.515849184890463,0.516544117647059,0.441040137931034,-0.818209588235294,0.413793103448276,-2.27594637892147,0.0816407049638392,0.374753947522058,0.0862761807936211,0.0202020202020202,-0.600082654246719,0.109195402298851,-0.172413793103448,-0.758620689655172
"1arc-Iteration1-PA1:1DO:0-Seed1053","1 arc-second",1,"1:1","0",1053,"spatial knndm",0.983771492516136,0.977543424317618,58,0.650266222192876,0.586397058823529,0.351391034482759,-0.448626764705882,0.413793103448276,-1.60036787233235,0.342048471553012,0.32115390467852,0.17790231180422,0.0909090909090909,-0.184685126913205,0.218390804597701,-0.206896551724138,-0.603448275862069
"1arc-Iteration1-PA1:1DO:0-Seed1054","1 arc-second",1,"1:1","0",1054,"spatial knndm",0.979900079261151,0.969108802624385,58,0.627613504400411,0.559436274509804,0.382851504310345,-0.57832409375,0.413793103448276,-1.61579054229907,0.201882403679087,0.314995768484925,0.186176050405507,0.101010101010101,-0.222100378193401,0.218390804597701,-0.224137931034483,-0.655172413793103
"1arc-Iteration1-PA1:1DO:0-Seed1055","1 arc-second",1,"1:1","0",1055,"spatial knndm",0.968754362578549,0.95837669094693,58,0.611139205896012,0.544117647058823,0.39114638415503,-0.612520142521471,0.413793103448276,-1.70798805718396,0.185808505713285,0.325774725927753,0.161153265177869,0.0505050505050505,-0.268795747902661,0.166666666666667,-0.189655172413793,-0.603448275862069
"1arc-Iteration1-PA1:1DO:0-Seed1056","1 arc-second",1,"1:1","0",1056,"spatial knndm",0.96787851371559,0.955645161290323,58,0.584527870459948,0.537990196078431,0.413485655172414,-0.704614882352941,0.413793103448276,-2.08285126677146,0.104140782710994,0.370561119855543,0.120379813766736,0.0505050505050505,-0.48863339304453,0.126436781609195,-0.137931034482759,-0.689655172413793
"1arc-Iteration1-PA1:1DO:0-Seed1057","1 arc-second",1,"1:1","0",1057,"spatial knndm",0.983936397269756,0.975806451612903,58,0.564942509493417,0.563112745098039,0.394823862068966,-0.627680725490196,0.413793103448276,-1.78782301182651,0.111229145414893,0.35613740493506,0.10299816295508,0.0505050505050505,-0.452383606563142,0.126436781609195,-0.155172413793103,-0.603448275862069
"1arc-Iteration1-PA1:1DO:0-Seed1058","1 arc-second",1,"1:1","0",1058,"spatial knndm",0.949611141011168,0.940772078265468,58,0.433739944818718,0.469975490196078,0.422010206896552,-0.739757764705882,0.413793103448276,-1.97820380392502,-0.0347387132693538,0.362241307557048,0.128510831802802,0.121212121212121,-0.548443501883639,0.14367816091954,-0.137931034482759,-0.672413793103448
"1arc-Iteration1-PA1:1DO:0-Seed1059","1 arc-second",1,"1:1","0",1059,"spatial knndm",0.979376900946598,0.972662657189721,58,0.610278251322202,0.566789215686274,0.380164275862069,-0.567245862745098,0.413793103448276,-1.77964556595261,0.166627156305027,0.357484486558827,0.118787895067442,0.0202020202020202,-0.346684404907345,0.189655172413793,-0.137931034482759,-0.551724137931035
"1arc-Iteration1-PA1:1DO:0-Seed1060","1 arc-second",1,"1:1","0",1060,"spatial knndm",0.981512484416654,0.974313022700119,58,0.591751919810078,0.539828431372549,0.419636896551724,-0.729973676470588,0.413793103448276,-2.14171568103916,0.100957568184884,0.382794904029383,0.0976785609523294,0.0404040404040404,-0.507945195255452,0.120689655172414,-0.120689655172414,-0.637931034482758
"1arc-Iteration1-PA1:1DO:0-Seed1061","1 arc-second",1,"1:1","0",1061,"spatial knndm",0.96377489799334,0.963399503722084,58,0.534836238398301,0.529411764705882,0.377710482758621,-0.557129980392157,0.413793103448276,-1.75387882081042,0.144867977111375,0.350939410332898,0.0958338672448284,0.0606060606060606,-0.384461462433152,0.206896551724138,-0.137931034482759,-0.551724137931035
"1arc-Iteration1-PA1:2.25DO:0-Seed1032","1 arc-second",1,"1:2.25","0",1032,"spatial knndm",0.953996832409106,0.962615207373272,58,0.65053680351,0.584558823529412,0.311200556034483,-0.282939547181372,0.413793103448276,-0.977641321206959,0.272437993735225,0.320453952133712,0.181344927675382,0.131313131313131,-0.0772174865009623,0.0977011494252874,-0.0862068965517241,-0.103448275862069
"1arc-Iteration1-PA1:2.25DO:0-Seed1033","1 arc-second",1,"1:2.25","0",1033,"spatial knndm",0.962760760913918,0.964924878479894,58,0.675950355740481,0.612745098039216,0.29190900546209,-0.20340918428244,0.413793103448276,-0.917867270887208,0.381252901388893,0.313593029790867,0.205974945282492,0.191919191919192,-0.0440332805251876,0.137931034482759,-0.0862068965517241,-0.0689655172413793
"1arc-Iteration1-PA1:2.25DO:0-Seed1034","1 arc-second",1,"1:2.25","0",1034,"spatial knndm",0.969675628260789,0.96701430996847,58,0.682607368208482,0.60906862745098,0.299893170703904,-0.236324296872468,0.413793103448276,-0.926147908559692,0.31575975997898,0.321068803925612,0.186580741987571,0.111111111111111,-0.0564309931800079,0.0977011494252874,-0.0689655172413793,0
"1arc-Iteration1-PA1:2.25DO:0-Seed1035","1 arc-second",1,"1:2.25","0",1035,"spatial knndm",0.962867229479195,0.965696587190276,58,0.654698270585257,0.589460784313726,0.312728030651341,-0.289236636165577,0.413793103448276,-1.04294248025283,0.298680602474872,0.315301117699904,0.198830351966904,0.101010101010101,-0.0825846115802423,0.14367816091954,-0.0862068965517241,-0.327586206896552
"1arc-Iteration1-PA1:2.25DO:0-Seed1036","1 arc-second",1,"1:2.25","0",1036,"spatial knndm",0.947238562311637,0.959796015180266,58,0.612572274501807,0.545955882352941,0.373829862068966,-0.541131931372549,0.413793103448276,-1.10801303982416,0.0813529547204071,0.328680875479495,0.142545438303961,0.101010101010101,-0.16773908419469,0.132183908045977,-0.155172413793103,-0.431034482758621
"1arc-Iteration1-PA1:2.5DO:0-Seed1016","1 arc-second",1,"1:2.5","0",1016,"spatial knndm",0.909681609412585,0.949698305871432,58,0.621001338301602,0.564338235294118,0.376510896551724,-0.55218462745098,0.413793103448276,-1.20855413360579,0.134220763362243,0.349872454861354,0.114323910950187,0.0505050505050505,-0.194775384841749,0.126436781609195,-0.120689655172414,-0.568965517241379
"1arc-Iteration1-PA1:2.5DO:0-Seed1017","1 arc-second",1,"1:2.5","0",1017,"spatial knndm",0.957166325794117,0.968517369727047,58,0.657232943175048,0.614583333333333,0.279884313599578,-0.153836802633553,0.413793103448276,-0.850764413624423,0.402141527984039,0.31681851962899,0.199459192204326,0.161616161616162,-0.0399899555768096,0.155172413793103,-0.0689655172413793,-0.0172413793103448
"1arc-Iteration1-PA1:2.5DO:0-Seed1018","1 arc-second",1,"1:2.5","0",1018,"spatial knndm",0.948124276866075,0.972017752760338,58,0.562921605882933,0.512867647058823,0.378400689655172,-0.559975392156863,0.413793103448276,-1.07298410035526,0.0611416584613209,0.336781692884686,0.141753562826535,0.0606060606060606,-0.206362395153454,0.114942528735632,-0.172413793103448,-0.586206896551724
"1arc-Iteration1-PA1:2.75DO:0-Seed1037","1 arc-second",1,"1:2.75","0",1037,"spatial knndm",0.932808037651446,0.965120967741935,58,0.635860886283182,0.575980392156863,0.373259586206897,-0.53878094117647,0.413793103448276,-1.10667742590718,0.0994518012124284,0.341804417395345,0.124684083360238,0.0808080808080808,-0.173182017450339,0.126436781609195,-0.120689655172414,-0.482758620689655
"1arc-Iteration1-PA1:2.75DO:0-Seed1038","1 arc-second",1,"1:2.75","0",1038,"spatial knndm",0.94682696035359,0.966816499206769,58,0.659303313652267,0.590073529411765,0.30421565908665,-0.254143967117024,0.413793103448276,-0.963242097505656,0.307790486155756,0.32062847647715,0.185818398578884,0.121212121212121,-0.0697100895167646,0.137931034482759,-0.120689655172414,0
"1arc-Iteration1-PA1:2.75DO:0-Seed1039","1 arc-second",1,"1:2.75","0",1039,"spatial knndm",0.934415978235033,0.964346349745331,58,0.642156924686033,0.592524509803922,0.350944,-0.446783843137255,0.413793103448276,-1.13306789259876,0.17550187773541,0.34699482734003,0.138799202849635,0.121212121212121,-0.165440205755274,0.137931034482759,-0.0862068965517241,-0.517241379310345
"1arc-Iteration1-PA1:2.75DO:0-Seed1040","1 arc-second",1,"1:2.75","0",1040,"spatial knndm",0.935329576202928,0.966444197256211,58,0.620258475671753,0.588848039215686,0.354724,-0.462367078431372,0.413793103448276,-1.01038714214023,0.126922180384537,0.335976289887586,0.136745505209617,0.0808080808080808,-0.14514533007292,0.126436781609195,-0.0862068965517241,-0.413793103448276
"1arc-Iteration1-PA1:2.75DO:0-Seed1041","1 arc-second",1,"1:2.75","0",1041,"spatial knndm",0.967028919106527,0.974682306940372,58,0.646608954604118,0.592524509803922,0.278392749120338,-0.147687754951981,0.413793103448276,-0.828955151807209,0.421074566480169,0.307682801055808,0.225130043459612,0.191919191919192,-0.0371526106736769,0.155172413793103,-0.0689655172413793,0.0172413793103448
"1arc-Iteration1-PA1:2DO:0-Seed1004","1 arc-second",1,"1:2","0",1004,"spatial knndm",0.959054788471779,0.970669056152927,58,0.618221823779461,0.582720588235294,0.31603286556963,-0.302860980117936,0.413793103448276,-1.07235773517831,0.287083915867719,0.321270098804771,0.179233748053518,0.0808080808080808,-0.110051709172736,0.172413793103448,-0.120689655172414,-0.224137931034483
"1arc-Iteration1-PA1:2DO:0-Seed1005","1 arc-second",1,"1:2","0",1005,"spatial knndm",0.975522240007008,0.975676378772112,58,0.651515935653823,0.589460784313726,0.314361189655172,-0.295969414215686,0.413793103448276,-1.09732045784135,0.308778220213666,0.318082808945258,0.187264131462825,0.0808080808080808,-0.0975211970586807,0.109195402298851,-0.120689655172414,-0.258620689655172
"1arc-Iteration1-PA1:2DO:0-Seed1006","1 arc-second",1,"1:2","0",1006,"spatial knndm",0.931366371189604,0.947259491864116,58,0.526938281548021,0.51531862745098,0.430210068965517,-0.773562098039215,0.413793103448276,-1.39439964064081,0.00302671890146588,0.349357498295397,0.103046425892682,0.0202020202020202,-0.330952847846373,0.126436781609195,-0.172413793103448,-0.655172413793103
"1arc-Iteration1-PA1:3.25DO:0-Seed1042","1 arc-second",1,"1:3.25","0",1042,"spatial knndm",0.9073757456305,0.955074942978169,58,0.5538443756197,0.533700980392157,0.376582413793103,-0.552479460784314,0.413793103448276,-1.09147937746084,0.050785211076568,0.343637826039964,0.123708252915022,0.0707070707070707,-0.206077599412919,0.132183908045977,-0.0689655172413793,-0.586206896551724
"1arc-Iteration1-PA1:3.25DO:0-Seed1043","1 arc-second",1,"1:3.25","0",1043,"spatial knndm",0.951791072425402,0.970157394421069,58,0.682390961130395,0.602328431372549,0.28242325862069,-0.164303727941177,0.413793103448276,-0.694480494574205,0.324446877915472,0.318807226700992,0.194530332175486,0.313131313131313,-0.0246005230359559,0.0977011494252874,-0.0172413793103448,0.103448275862069
"1arc-Iteration1-PA1:3.25DO:0-Seed1044","1 arc-second",1,"1:3.25","0",1044,"spatial knndm",0.891338191693512,0.95542666454791,58,0.622543931636293,0.574754901960784,0.377490206896552,-0.556221882352941,0.413793103448276,-1.07559682173916,0.0700111774000753,0.347531193890403,0.1206710014124,0.0808080808080808,-0.187114866559077,0.126436781609195,-0.137931034482759,-0.568965517241379
"1arc-Iteration1-PA1:3.25DO:0-Seed1045","1 arc-second",1,"1:3.25","0",1045,"spatial knndm",0.943839080211902,0.96972767061112,58,0.648524487603538,0.601102941176471,0.28579075862069,-0.178186411764706,0.413793103448276,-0.733851790071886,0.325648222616429,0.317791631868797,0.192196244239058,0.242424242424242,-0.04170194387794,0.103448275862069,-0.0862068965517241,0.0344827586206896
"1arc-Iteration1-PA1:3.25DO:0-Seed1046","1 arc-second",1,"1:3.25","0",1046,"spatial knndm",0.938824557597767,0.966855260935653,58,0.591234026483536,0.531862745098039,0.369277931034483,-0.52236637254902,0.413793103448276,-0.955098090002406,0.0704511298351311,0.344950865396525,0.132795935796005,0.0707070707070707,-0.175528072540772,0.126436781609195,-0.120689655172414,-0.53448275862069
"1arc-Iteration1-PA1:3.5DO:0-Seed1019","1 arc-second",1,"1:3.5","0",1019,"spatial knndm",0.925775479223729,0.955085125448029,58,0.664667691218995,0.604779411764706,0.28220011536831,-0.163383808944845,0.413793103448276,-0.692785813593331,0.323032048830013,0.317956900015664,0.192771138872449,0.242424242424242,-0.0269263944372001,0.114942528735632,-0.0517241379310345,0.103448275862069
"1arc-Iteration1-PA1:3.5DO:0-Seed1020","1 arc-second",1,"1:3.5","0",1020,"spatial knndm",0.893456299390122,0.956264066016504,58,0.647446838679465,0.582107843137255,0.358677862068966,-0.478667068627451,0.413793103448276,-0.924042073690597,0.10267765352201,0.346525722614868,0.119210575636144,0.131313131313131,-0.147360235132503,0.132183908045977,-0.0862068965517241,-0.431034482758621
"1arc-Iteration1-PA1:3.5DO:0-Seed1021","1 arc-second",1,"1:3.5","0",1021,"spatial knndm",0.860513211579868,0.946436609152288,58,0.613682578032522,0.549632352941176,0.354035172413793,-0.459527352941176,0.413793103448276,-0.870822224907209,0.0773060244169355,0.338340963051768,0.132531901228516,0.0909090909090909,-0.128215739195485,0.132183908045977,-0.0862068965517241,-0.327586206896552
"1arc-Iteration1-PA1:3.75DO:0-Seed1047","1 arc-second",1,"1:3.75","0",1047,"spatial knndm",0.887823535883882,0.958292953066593,58,0.595613202342735,0.550245098039216,0.351245448275862,-0.448026578431372,0.413793103448276,-0.857744037856675,0.103851540288728,0.337719073593667,0.134304823060002,0.101010101010101,-0.127041506763599,0.137931034482759,-0.0862068965517241,-0.224137931034483
"1arc-Iteration1-PA1:3.75DO:0-Seed1048","1 arc-second",1,"1:3.75","0",1048,"spatial knndm",0.926704812761016,0.961809009521103,58,0.659877106520666,0.593137254901961,0.289342294329502,-0.192827791819172,0.413793103448276,-0.672385102977037,0.283084514238344,0.320092011917968,0.186901844064663,0.191919191919192,-0.0406097513803766,0.120689655172414,-0.0172413793103448,0.0862068965517241
"1arc-Iteration1-PA1:3.75DO:0-Seed1049","1 arc-second",1,"1:3.75","0",1049,"spatial knndm",0.889418178826706,0.961240585476766,58,0.619543047350026,0.573529411764706,0.350553310344828,-0.445173205882353,0.413793103448276,-0.958890612942041,0.127028769240669,0.349713482949706,0.132124563386678,0.151515151515152,-0.151637012954527,0.14367816091954,-0.0689655172413793,-0.46551724137931
"1arc-Iteration1-PA1:3.75DO:0-Seed1050","1 arc-second",1,"1:3.75","0",1050,"spatial knndm",0.881752182330936,0.952384291725105,58,0.618172241973349,0.552696078431373,0.354100344827586,-0.459796029411764,0.413793103448276,-0.859055471497937,0.0898141672738113,0.34668432917817,0.130290081940584,0.0808080808080808,-0.13901049213457,0.132183908045977,-0.120689655172414,-0.431034482758621
"1arc-Iteration1-PA1:3.75DO:0-Seed1051","1 arc-second",1,"1:3.75","0",1051,"spatial knndm",0.932090190353926,0.965518385769282,58,0.663083909837102,0.602941176470588,0.272691695087271,-0.124184880237231,0.413793103448276,-0.583764106280564,0.33699241742437,0.316313122852657,0.197046764269911,0.393939393939394,-0.0136083003761403,0.114942528735632,0.0172413793103448,0.103448275862069
"1arc-Iteration1-PA1:3DO:0-Seed1007","1 arc-second",1,"1:3","0",1007,"spatial knndm",0.96835816400747,0.976655348047538,58,0.649753242266525,0.595588235294118,0.284702286819923,-0.173699133409586,0.413793103448276,-0.706433707579813,0.318109451462997,0.31427849183683,0.196510232309138,0.232323232323232,-0.0364165069769059,0.109195402298851,-0.0517241379310345,0.0689655172413793
"1arc-Iteration1-PA1:3DO:0-Seed1008","1 arc-second",1,"1:3","0",1008,"spatial knndm",0.92504734759278,0.960611205432937,58,0.572029310641567,0.559436274509804,0.394059793103448,-0.62453081372549,0.413793103448276,-1.2431485076628,0.0675757709035482,0.358646870575056,0.109981655263006,0.0707070707070707,-0.264493819630677,0.14367816091954,-0.103448275862069,-0.431034482758621
"1arc-Iteration1-PA1:3DO:0-Seed1009","1 arc-second",1,"1:3","0",1009,"spatial knndm",0.909000127446584,0.960372636262514,58,0.626841984972807,0.582720588235294,0.357188482758621,-0.472527029411764,0.413793103448276,-0.985707845384876,0.110308205995206,0.339882353474369,0.139557718953,0.0808080808080808,-0.153894370913037,0.126436781609195,-0.0862068965517241,-0.517241379310345
"1arc-Iteration1-PA1:4DO:0-Seed1010","1 arc-second",1,"1:4","0",1010,"spatial knndm",0.943765783945438,0.972794806585464,58,0.674804095353953,0.602941176470588,0.280365334249648,-0.155819833842912,0.413793103448276,-0.663732610513099,0.325980779072298,0.321717275461613,0.184895583853305,0.272727272727273,-0.0224880991131412,0.126436781609195,-0.0172413793103448,0
"1arc-Iteration1-PA1:4DO:0-Seed1011","1 arc-second",1,"1:4","0",1011,"spatial knndm",0.905745046172395,0.957462982548916,58,0.570649547492689,0.557598039215686,0.384989586206897,-0.58713844117647,0.413793103448276,-1.05273660145092,0.0668652045805296,0.359314170509406,0.103407883409303,0.0909090909090909,-0.229119800989584,0.14367816091954,-0.0862068965517241,-0.482758620689655
"1arc-Iteration1-PA1:4DO:0-Seed1012","1 arc-second",1,"1:4","0",1012,"spatial knndm",0.894985843402937,0.957466181061394,58,0.615381269559499,0.550245098039216,0.358699655172414,-0.478756911764706,0.413793103448276,-0.787522104398946,0.0737069369540636,0.344673072156126,0.122535003947653,0.141414141414141,-0.13471040289746,0.132183908045977,-0.120689655172414,-0.344827586206897
"3arc-Iteration0-PA1:1.25DO:0-Seed1022","3 arc-second",0,"1:1.25","0",1022,"spatial knndm",0.960414746543779,0.929166666666667,58,0.505295468467375,0.430147058823529,0.567781103448276,-1.34070543137255,0.413793103448276,-12.2559369264841,-0.0502011689485787,0.487953954629964,0.0589463861754617,0.222222222222222,-1.95727583997517,0.218390804597701,-0.172413793103448,-1.3448275862069
"3arc-Iteration0-PA1:1.25DO:0-Seed1023","3 arc-second",0,"1:1.25","0",1023,"spatial knndm",0.953377316809811,0.953968253968254,58,0.523247613672142,0.48406862745098,0.574365862068966,-1.36785142156863,0.413793103448276,-12.0379728177209,-0.0285742614990639,0.533578810249957,0.0608198053217208,0.222222222222222,-1.99135646000145,0.218390804597701,-0.172413793103448,-1.3448275862069
"3arc-Iteration0-PA1:1.25DO:0-Seed1024","3 arc-second",0,"1:1.25","0",1024,"spatial knndm",0.945036992734361,0.914814814814815,58,0.475428828766463,0.449754901960784,0.562546344827586,-1.31912488235294,0.413793103448276,-6.51626286656623,-0.023364669084494,0.48141792098334,0.0592656596708777,0.222222222222222,-1.78426630138229,0.218390804597701,-0.172413793103448,-1.29310344827586
"3arc-Iteration0-PA1:1.25DO:0-Seed1025","3 arc-second",0,"1:1.25","0",1025,"spatial knndm",0.97445652173913,0.9625,58,0.514035915398724,0.45281862745098,0.568897103448276,-1.34530619607843,0.413793103448276,-11.7453182786588,-0.0318112570737592,0.607388795850748,0.0547985694572297,0.222222222222222,-1.80896693560412,0.218390804597701,-0.172413793103448,-1.3448275862069
"3arc-Iteration0-PA1:1.25DO:0-Seed1026","3 arc-second",0,"1:1.25","0",1026,"spatial knndm",0.976429738562091,0.969230769230769,58,0.377328862561472,0.456495098039216,0.537186620689655,-1.21457817647059,0.413793103448276,-4.90508884635887,-0.0974376310024928,0.382400055525081,0.0859606180331394,0.222222222222222,-1.47436079685643,0.218390804597701,-0.172413793103448,-1.3448275862069
"3arc-Iteration0-PA1:1.5DO:0-Seed1013","3 arc-second",0,"1:1.5","0",1013,"spatial knndm",0.955700369891546,0.953333333333333,58,0.494831787157834,0.39828431372549,0.571933517241379,-1.35782396078431,0.413793103448276,-12.2506065577742,-0.0636469163418589,0.490092094964982,0.0555597346283061,0.222222222222222,-1.95183224336125,0.218390804597701,-0.172413793103448,-1.3448275862069
"3arc-Iteration0-PA1:1.5DO:0-Seed1014","3 arc-second",0,"1:1.5","0",1014,"spatial knndm",0.982894736842105,0.976190476190476,58,0.484250801617571,0.412990196078431,0.546679793103448,-1.25371424509804,0.413793103448276,-5.88159255089782,-0.0177440177415766,0.560718946517507,0.0520154756496736,0.222222222222222,-1.53734872386206,0.218390804597701,-0.172413793103448,-1.3448275862069
"3arc-Iteration0-PA1:1.5DO:0-Seed1015","3 arc-second",0,"1:1.5","0",1015,"spatial knndm",0.960555555555556,0.95,58,0.477187011050109,0.474264705882353,0.540388620689655,-1.22777857843137,0.413793103448276,-4.43855492750005,0.105917089957575,0.336215458120079,0.118663724238239,0.222222222222222,-1.3987526797248,0.218390804597701,-0.172413793103448,-1.3448275862069
"3arc-Iteration0-PA1:1.75DO:0-Seed1027","3 arc-second",0,"1:1.75","0",1027,"spatial knndm",0.961205420396597,0.971794871794872,58,0.637354128518316,0.54656862745098,0.571126965517241,-1.35449891176471,0.413793103448276,-13.2773142822201,0.05015306527372,0.336126404503383,0.0612666679665889,0.222222222222222,-1.9200402805348,0.218390804597701,-0.172413793103448,-1.3448275862069
"3arc-Iteration0-PA1:1.75DO:0-Seed1028","3 arc-second",0,"1:1.75","0",1028,"spatial knndm",0.965017921146953,0.953623188405797,58,0.484649433406266,0.477941176470588,0.530561172413793,-1.18726444117647,0.413793103448276,-4.25481802132562,0.0412591336744097,0.3566378865355,0.0958207679288785,0.222222222222222,-1.3467312325899,0.218390804597701,-0.172413793103448,-1.3448275862069
"3arc-Iteration0-PA1:1.75DO:0-Seed1029","3 arc-second",0,"1:1.75","0",1029,"spatial knndm",0.961488779419814,0.963218390804598,58,0.504758112626968,0.477328431372549,0.544410551724138,-1.24435918627451,0.413793103448276,-5.25484887779361,0.031816411282442,0.44664473959062,0.0592095184203157,0.222222222222222,-1.4488176199182,0.218390804597701,-0.172413793103448,-1.3448275862069
"3arc-Iteration0-PA1:1.75DO:0-Seed1030","3 arc-second",0,"1:1.75","0",1030,"spatial knndm",0.959408922171019,0.947826086956522,58,0.429087392041179,0.44546568627451,0.548392896551724,-1.26077659803922,0.413793103448276,-4.49328828302007,-0.10440389513027,0.312410406422228,0.207245311354425,0.222222222222222,-1.54092703527275,0.218390804597701,-0.172413793103448,-1.3448275862069
"3arc-Iteration0-PA1:1.75DO:0-Seed1031","3 arc-second",0,"1:1.75","0",1031,"spatial knndm",0.971230769230769,0.969444444444444,58,0.542966056575747,0.511029411764706,0.531253793103448,-1.19011980392157,0.413793103448276,-4.65436920211577,0.0664370760923736,0.428063365393159,0.0576449714651285,0.222222222222222,-1.31480985072235,0.218390804597701,-0.172413793103448,-1.3448275862069
"3arc-Iteration0-PA1:1DO:0-Seed1001","3 arc-second",0,"1:1","0",1001,"spatial knndm",0.973442695791767,0.972549019607843,58,0.528324257448529,0.490808823529412,0.555325793103448,-1.28935780392157,0.413793103448276,-11.3623514364612,-0.016721112238532,0.715116986956879,0.0533977077362777,0.222222222222222,-1.74830412807611,0.218390804597701,-0.172413793103448,-1.3448275862069
"3arc-Iteration0-PA1:1DO:0-Seed1002","3 arc-second",0,"1:1","0",1002,"spatial knndm",0.995694444444444,0.994444444444444,58,0.487336617973822,0.470588235294118,0.541067103448276,-1.23057565686274,0.413793103448276,-4.70134371260772,0.0256738083571723,0.396193619231478,0.0640180727096463,0.222222222222222,-1.38220377496058,0.218390804597701,-0.172413793103448,-1.3448275862069
"3arc-Iteration0-PA1:1DO:0-Seed1003","3 arc-second",0,"1:1","0",1003,"spatial knndm",0.960645424836601,0.954385964912281,58,0.556904524558266,0.496936274509804,0.564697034482759,-1.32799120588235,0.413793103448276,-12.4304691282286,-0.00893639813965222,0.455978277520275,0.0518207140331456,0.222222222222222,-1.75839465807413,0.218390804597701,-0.172413793103448,-1.3448275862069
"3arc-Iteration0-PA1:1DO:0-Seed1052","3 arc-second",0,"1:1","0",1052,"spatial knndm",0.99109126984127,0.990476190476191,58,0.475566301798978,0.427696078431373,0.568011724137931,-1.34165617647059,0.413793103448276,-10.7151008095764,-0.0658209653046046,0.950174395247067,0.055489915147984,0.222222222222222,-1.84800449481041,0.218390804597701,-0.172413793103448,-1.3448275862069
"3arc-Iteration0-PA1:1DO:0-Seed1053","3 arc-second",0,"1:1","0",1053,"spatial knndm",0.957756512493355,0.933333333333333,58,0.668323591221971,0.60968137254902,0.57422875862069,-1.36728620588235,0.413793103448276,-12.7197425160058,0.119560752352566,0.407380193588935,0.0630049511665324,0.222222222222222,-1.99091830726445,0.218390804597701,-0.172413793103448,-1.3448275862069
"3arc-Iteration0-PA1:1DO:0-Seed1054","3 arc-second",0,"1:1","0",1054,"spatial knndm",0.99109126984127,0.991111111111111,58,0.500804228460173,0.413602941176471,0.578999517241379,-1.38695389215686,0.413793103448276,-12.2517837808064,-0.0702796868126146,0.489618018942628,0.0567589635938615,0.222222222222222,-1.95581080089258,0.218390804597701,-0.172413793103448,-1.3448275862069
"3arc-Iteration0-PA1:1DO:0-Seed1055","3 arc-second",0,"1:1","0",1055,"spatial knndm",0.978291562238931,0.966666666666667,58,0.518886295434285,0.444240196078431,0.540918,-1.22996097058824,0.413793103448276,-4.23338007412555,0.0951636944685883,0.347927012767941,0.0852545867118477,0.222222222222222,-1.38263451899111,0.218390804597701,-0.172413793103448,-1.3448275862069
"3arc-Iteration0-PA1:1DO:0-Seed1056","3 arc-second",0,"1:1","0",1056,"spatial knndm",0.971230769230769,0.938888888888889,58,0.520205968065583,0.474264705882353,0.575294689655172,-1.37168055882353,0.413793103448276,-11.7472190125261,-0.0323456499256514,0.606374522864208,0.0569493208782965,0.222222222222222,-1.94536361620297,0.218390804597701,-0.172413793103448,-1.3448275862069
"3arc-Iteration0-PA1:1DO:0-Seed1057","3 arc-second",0,"1:1","0",1057,"spatial knndm",0.986146214896215,0.984615384615385,58,0.537532628705006,0.460171568627451,0.552362068965517,-1.27713970588235,0.413793103448276,-6.16395659137271,0.0254816713798592,0.549619688813458,0.0525905266875383,0.222222222222222,-1.59689444233491,0.218390804597701,-0.172413793103448,-1.3448275862069
"3arc-Iteration0-PA1:1DO:0-Seed1058","3 arc-second",0,"1:1","0",1058,"spatial knndm",0.96980056980057,0.955555555555556,58,0.511168044390819,0.475490196078431,0.554942068965517,-1.28777588235294,0.413793103448276,-5.23527543161003,0.051091900004327,0.394740854801693,0.0628860827784035,0.222222222222222,-1.58631258944034,0.218390804597701,-0.172413793103448,-1.3448275862069
"3arc-Iteration0-PA1:1DO:0-Seed1059","3 arc-second",0,"1:1","0",1059,"spatial knndm",0.987308590102708,0.981818181818182,58,0.383775740672457,0.443627450980392,0.556177310344828,-1.2928682254902,0.413793103448276,-4.83467270243333,-0.098755340118208,0.332933277932432,0.100272664181268,0.222222222222222,-1.61955841787948,0.218390804597701,-0.172413793103448,-1.3448275862069
"3arc-Iteration0-PA1:1DO:0-Seed1060","3 arc-second",0,"1:1","0",1060,"spatial knndm",0.953223882145451,0.946031746031746,58,0.507142166241196,0.459558823529412,0.561290482758621,-1.31394752941176,0.413793103448276,-7.4455759812014,-0.0116774883717206,0.740746343531307,0.0547672934912128,0.222222222222222,-1.80335061671563,0.218390804597701,-0.172413793103448,-1.3448275862069
"3arc-Iteration0-PA1:1DO:0-Seed1061","3 arc-second",0,"1:1","0",1061,"spatial knndm",0.978291562238931,0.969230769230769,58,0.424867809196929,0.39031862745098,0.565503172413793,-1.33131454901961,0.413793103448276,-5.68728180616314,-0.0343884497776711,0.374638304999571,0.0681549240615591,0.222222222222222,-1.82675754252897,0.218390804597701,-0.172413793103448,-1.3448275862069
"3arc-Iteration0-PA1:2.25DO:0-Seed1032","3 arc-second",0,"1:2.25","0",1032,"spatial knndm",0.925191308691309,0.94949494949495,58,0.629960826210826,0.489583333333333,0.566841586206897,-1.3368322254902,0.413793103448276,-13.6822905418368,-0.00466880568686061,0.29875741018593,0.0650293472702366,0.222222222222222,-1.95080050515298,0.218390804597701,-0.172413793103448,-1.3448275862069
"3arc-Iteration0-PA1:2.25DO:0-Seed1033","3 arc-second",0,"1:2.25","0",1033,"spatial knndm",0.975648148148148,0.989166666666667,58,0.534390095348299,0.510416666666667,0.542232827586207,-1.23538141176471,0.413793103448276,-4.81696040196003,0.0725570734380333,0.380285197550798,0.0680635968043383,0.222222222222222,-1.49696756712464,0.218390804597701,-0.172413793103448,-1.3448275862069
"3arc-Iteration0-PA1:2.25DO:0-Seed1034","3 arc-second",0,"1:2.25","0",1034,"spatial knndm",0.956543724474759,0.967619047619048,58,0.547799405059787,0.525122549019608,0.551385931034483,-1.27311552941176,0.413793103448276,-8.957677912762,0.020943372433574,0.881729275359242,0.0566996388858307,0.222222222222222,-1.80375772365173,0.218390804597701,-0.172413793103448,-1.18965517241379
"3arc-Iteration0-PA1:2.25DO:0-Seed1035","3 arc-second",0,"1:2.25","0",1035,"spatial knndm",0.963871252204586,0.96989247311828,58,0.475558263430391,0.492647058823529,0.535628620689655,-1.20815524509804,0.413793103448276,-4.97433661059118,0.0143765608840077,0.385387088765083,0.0698967672029708,0.222222222222222,-1.49667600593412,0.218390804597701,-0.172413793103448,-1.3448275862069
"3arc-Iteration0-PA1:2.25DO:0-Seed1036","3 arc-second",0,"1:2.25","0",1036,"spatial knndm",0.987308590102708,0.993548387096774,58,0.502825327230239,0.447916666666667,0.548331103448276,-1.26052185294118,0.413793103448276,-9.03167474505782,-0.00736622023015213,0.870027912292587,0.0593124443662136,0.222222222222222,-1.90867825870783,0.218390804597701,-0.172413793103448,-1.13793103448276
"3arc-Iteration0-PA1:2.5DO:0-Seed1016","3 arc-second",0,"1:2.5","0",1016,"spatial knndm",0.947794382528425,0.946341463414634,58,0.461603615064256,0.464460784313726,0.532270413793103,-1.19431087254902,0.413793103448276,-4.31558272290977,0.0335241969281162,0.368059172649298,0.0808695470412991,0.222222222222222,-1.31139855459945,0.218390804597701,-0.172413793103448,-1.3448275862069
"3arc-Iteration0-PA1:2.5DO:0-Seed1017","3 arc-second",0,"1:2.5","0",1017,"spatial knndm",0.958465007215007,0.963809523809524,58,0.506101145970603,0.464460784313726,0.563263310344828,-1.32208060784314,0.413793103448276,-9.72259888135922,-0.0248300227016544,1.13766160412724,0.0567185986304033,0.222222222222222,-1.83318531789614,0.218390804597701,-0.172413793103448,-1.3448275862069
"3arc-Iteration0-PA1:2.5DO:0-Seed1018","3 arc-second",0,"1:2.5","0",1018,"spatial knndm",0.946093993152817,0.956756756756757,58,0.620747066401051,0.531862745098039,0.536730551724138,-1.21269800980392,0.413793103448276,-13.1227950657535,0.038449036036332,0.353451472388815,0.0534740655920365,0.222222222222222,-1.8243267793346,0.218390804597701,-0.155172413793103,-1.18965517241379
"3arc-Iteration0-PA1:2.75DO:0-Seed1037","3 arc-second",0,"1:2.75","0",1037,"spatial knndm",0.960651331239567,0.979279279279279,58,0.546816119748344,0.517156862745098,0.525150689655172,-1.16495946078431,0.413793103448276,-4.12054618472215,0.134398242794885,0.353310950735904,0.0830200063423206,0.222222222222222,-1.22720319407537,0.218390804597701,-0.172413793103448,-1.29310344827586
"3arc-Iteration0-PA1:2.75DO:0-Seed1038","3 arc-second",0,"1:2.75","0",1038,"spatial knndm",0.957195121951219,0.957723577235772,58,0.38778443126486,0.477328431372549,0.50437124137931,-1.07929516666667,0.413793103448276,-3.92820838559082,-0.113772334010089,0.366328838489179,0.104547938746292,0.222222222222222,-1.21945530944198,0.218390804597701,-0.172413793103448,-1.13793103448276
"3arc-Iteration0-PA1:2.75DO:0-Seed1039","3 arc-second",0,"1:2.75","0",1039,"spatial knndm",0.94199234949235,0.960606060606061,58,0.653335724533716,0.5625,0.569689172413793,-1.34857153921569,0.413793103448276,-13.4714251459441,0.0734261520230572,0.316861774571677,0.0677699291475673,0.222222222222222,-1.91256012268188,0.218390804597701,-0.172413793103448,-1.3448275862069
"3arc-Iteration0-PA1:2.75DO:0-Seed1040","3 arc-second",0,"1:2.75","0",1040,"spatial knndm",0.951399482870071,0.966666666666667,58,0.525636916163327,0.473039215686275,0.561479379310345,-1.31472626470588,0.413793103448276,-9.73245727801224,-0.000282236414924141,1.13225879437147,0.056922957224505,0.222222222222222,-1.85707796386144,0.218390804597701,-0.172413793103448,-1.3448275862069
"3arc-Iteration0-PA1:2.75DO:0-Seed1041","3 arc-second",0,"1:2.75","0",1041,"spatial knndm",0.959098416289593,0.976666666666667,58,0.513032413333908,0.465073529411765,0.554309103448276,-1.28516645098039,0.413793103448276,-7.24647464656235,0.00827890420197939,0.61000646974709,0.0570843298480849,0.222222222222222,-1.88479055339246,0.218390804597701,-0.172413793103448,-1.3448275862069
"3arc-Iteration0-PA1:2DO:0-Seed1004","3 arc-second",0,"1:2","0",1004,"spatial knndm",0.955952380952381,0.941333333333333,58,0.544882550404561,0.529411764705882,0.559121034482759,-1.30500387254902,0.413793103448276,-9.54347385210267,0.0116789414817174,1.24203494959684,0.0548438955392958,0.222222222222222,-1.72086220606234,0.218390804597701,-0.172413793103448,-1.3448275862069
"3arc-Iteration0-PA1:2DO:0-Seed1005","3 arc-second",0,"1:2","0",1005,"spatial knndm",0.946093993152817,0.948387096774194,58,0.568598391297697,0.530024509803922,0.537028413793103,-1.21392596078431,0.413793103448276,-4.60090912158094,0.136462237583182,0.36435554151419,0.0728558951620178,0.222222222222222,-1.36507923918902,0.218390804597701,-0.172413793103448,-1.3448275862069
"3arc-Iteration0-PA1:2DO:0-Seed1006","3 arc-second",0,"1:2","0",1006,"spatial knndm",0.966091954022989,0.961538461538462,58,0.544998836660577,0.51593137254902,0.556813310344828,-1.29549016666667,0.413793103448276,-6.86121709582031,0.0345604630301957,0.625485716274296,0.0554224260955537,0.222222222222222,-1.71862608668626,0.218390804597701,-0.172413793103448,-1.3448275862069
"3arc-Iteration0-PA1:3.25DO:0-Seed1042","3 arc-second",0,"1:3.25","0",1042,"spatial knndm",0.897819522444869,0.921276595744681,58,0.523952036283573,0.479166666666667,0.565291448275862,-1.33044170588235,0.413793103448276,-10.7351759675068,-0.00700762088663697,0.933467442667742,0.0566002615307036,0.222222222222222,-1.9576822024505,0.218390804597701,-0.172413793103448,-1.3448275862069
"3arc-Iteration0-PA1:3.25DO:0-Seed1043","3 arc-second",0,"1:3.25","0",1043,"spatial knndm",0.939891429616353,0.941358024691358,58,0.610172456665483,0.502450980392157,0.555834275862069,-1.29145404901961,0.413793103448276,-13.2772106930454,0.00949447014363652,0.336148361009242,0.0565834277565311,0.222222222222222,-1.90779527753516,0.218390804597701,-0.172413793103448,-1.29310344827586
"3arc-Iteration0-PA1:3.25DO:0-Seed1044","3 arc-second",0,"1:3.25","0",1044,"spatial knndm",0.96980056980057,0.977777777777778,58,0.544656340906191,0.528799019607843,0.562446,-1.31871120588235,0.413793103448276,-8.42697864007751,0.0181525270296824,0.932956993920401,0.0572750861721223,0.222222222222222,-1.86970472224391,0.218390804597701,-0.172413793103448,-1.29310344827586
"3arc-Iteration0-PA1:3.25DO:0-Seed1045","3 arc-second",0,"1:3.25","0",1045,"spatial knndm",0.921002938769697,0.941269841269841,58,0.513766175450958,0.451593137254902,0.543894620689655,-1.24223223529412,0.413793103448276,-11.3489929233039,-0.0127752407824913,0.723728713522734,0.0531972721014945,0.222222222222222,-1.75580437664392,0.218390804597701,-0.172413793103448,-1.13793103448276
"3arc-Iteration0-PA1:3.25DO:0-Seed1046","3 arc-second",0,"1:3.25","0",1046,"spatial knndm",0.937908232118758,0.961538461538462,58,0.529861195417563,0.463848039215686,0.561128827586207,-1.31328109803922,0.413793103448276,-12.7192959120355,-0.0402091860235857,0.407516196605652,0.0549827740896878,0.222222222222222,-1.86866184053909,0.218390804597701,-0.172413793103448,-1.3448275862069
"3arc-Iteration0-PA1:3.5DO:0-Seed1019","3 arc-second",0,"1:3.5","0",1019,"spatial knndm",0.933710465488023,0.947878787878788,58,0.545531636458432,0.533088235294118,0.538565310344828,-1.22026189215686,0.413793103448276,-10.7491280178715,0.0142135067579197,0.922325694185467,0.0551857790953155,0.222222222222222,-1.79546318945698,0.218390804597701,-0.172413793103448,-1.13793103448276
"3arc-Iteration0-PA1:3.5DO:0-Seed1020","3 arc-second",0,"1:3.5","0",1020,"spatial knndm",0.953569518716578,0.973584905660377,58,0.496215581693179,0.496936274509804,0.514656413793103,-1.12169629411765,0.413793103448276,-4.0943153597045,0.053099083003424,0.364170696639354,0.0793773840185485,0.222222222222222,-1.21524970268142,0.218390804597701,-0.172413793103448,-1.18965517241379
"3arc-Iteration0-PA1:3.5DO:0-Seed1021","3 arc-second",0,"1:3.5","0",1021,"spatial knndm",0.931546054964479,0.941496598639456,58,0.504569075866749,0.42953431372549,0.536307379310345,-1.21095346078431,0.413793103448276,-12.4344481269422,-0.045755618840056,0.454536594132061,0.0544686407222204,0.242424242424242,-1.86682185986177,0.218390804597701,-0.120689655172414,-1.18965517241379
"3arc-Iteration0-PA1:3.75DO:0-Seed1047","3 arc-second",0,"1:3.75","0",1047,"spatial knndm",0.956343354131216,0.967261904761905,58,0.514159744308759,0.505514705882353,0.546575310344828,-1.25328350980392,0.413793103448276,-6.95342364981732,0.0091864599405841,0.51260292795681,0.0572100582056521,0.222222222222222,-1.78402365033033,0.218390804597701,-0.172413793103448,-1.18965517241379
"3arc-Iteration0-PA1:3.75DO:0-Seed1048","3 arc-second",0,"1:3.75","0",1048,"spatial knndm",0.944753251875463,0.976608187134503,58,0.519426430356609,0.462622549019608,0.542100206896552,-1.23483467647059,0.413793103448276,-10.7208525553405,-0.00737880497001105,0.945345121186019,0.0533618706483498,0.222222222222222,-1.76526475986835,0.218390804597701,-0.172413793103448,-1.13793103448276
"3arc-Iteration0-PA1:3.75DO:0-Seed1049","3 arc-second",0,"1:3.75","0",1049,"spatial knndm",0.970518518518519,0.98525641025641,58,0.500012520602118,0.454656862745098,0.562927103448276,-1.32069457843137,0.413793103448276,-11.3796877575058,-0.0465405454194305,0.704261963748829,0.057681904606106,0.222222222222222,-1.93619002490828,0.218390804597701,-0.172413793103448,-1.29310344827586
"3arc-Iteration0-PA1:3.75DO:0-Seed1050","3 arc-second",0,"1:3.75","0",1050,"spatial knndm",0.934030004603775,0.946560846560847,58,0.525797147970559,0.474877450980392,0.529143655172414,-1.18142065686274,0.413793103448276,-8.00404747750006,0.00730756498943568,0.976940410122339,0.0519662668826106,0.222222222222222,-1.66115386448218,0.218390804597701,-0.137931034482759,-1.13793103448276
"3arc-Iteration0-PA1:3.75DO:0-Seed1051","3 arc-second",0,"1:3.75","0",1051,"spatial knndm",0.927327672327672,0.960416666666667,58,0.453598329136501,0.492647058823529,0.524740068965517,-1.16326665686275,0.413793103448276,-4.17803672715145,0.0243693363268615,0.338288822385018,0.111051894999817,0.222222222222222,-1.31573834252678,0.218390804597701,-0.172413793103448,-1.29310344827586
"3arc-Iteration0-PA1:3DO:0-Seed1007","3 arc-second",0,"1:3","0",1007,"spatial knndm",0.94699938949939,0.960975609756098,58,0.625333504128147,0.540441176470588,0.546284827586207,-1.25208598039216,0.413793103448276,-13.0366844910596,0.0452231589708547,0.363777260932503,0.0562704020045483,0.222222222222222,-1.90684050489237,0.218390804597701,-0.172413793103448,-1.13793103448276
"3arc-Iteration0-PA1:3DO:0-Seed1008","3 arc-second",0,"1:3","0",1008,"spatial knndm",0.943859477124183,0.947222222222222,58,0.565219975401178,0.527573529411765,0.516641931034483,-1.12988168627451,0.413793103448276,-4.19243956199178,0.159427983966962,0.370667317356346,0.0896830088752741,0.222222222222222,-1.23978253851876,0.218390804597701,-0.172413793103448,-1.20689655172414
"3arc-Iteration0-PA1:3DO:0-Seed1009","3 arc-second",0,"1:3","0",1009,"spatial knndm",0.960251639199008,0.978947368421053,58,0.57216185846138,0.520220588235294,0.561261793103448,-1.31382925490196,0.413793103448276,-10.7049037764445,0.0379762691877713,0.958786950732432,0.0539542366435985,0.222222222222222,-1.79826181794471,0.218390804597701,-0.172413793103448,-1.3448275862069
"3arc-Iteration0-PA1:4DO:0-Seed1010","3 arc-second",0,"1:4","0",1010,"spatial knndm",0.973442695791767,0.992708333333333,58,0.409418935599706,0.503676470588235,0.517252620689655,-1.13239928431373,0.413793103448276,-4.0301309556284,-0.0546168836334929,0.353086466475143,0.127907765896983,0.222222222222222,-1.23261394224438,0.218390804597701,-0.172413793103448,-1.3448275862069
"3arc-Iteration0-PA1:4DO:0-Seed1011","3 arc-second",0,"1:4","0",1011,"spatial knndm",0.89901501861272,0.92974358974359,58,0.639800728967477,0.550245098039216,0.533481586206897,-1.19930399019608,0.413793103448276,-13.2033268933844,0.0466769806791863,0.344163027004584,0.055198985470469,0.222222222222222,-1.8245006654654,0.218390804597701,-0.137931034482759,-1.13793103448276
"3arc-Iteration0-PA1:4DO:0-Seed1012","3 arc-second",0,"1:4","0",1012,"spatial knndm",0.956406810035842,0.976923076923077,58,0.564856557867268,0.481004901960784,0.541498068965517,-1.23235233333333,0.413793103448276,-12.8364528131406,-0.000198446898417958,0.390365299173878,0.0550133591640964,0.222222222222222,-1.89907640672406,0.218390804597701,-0.172413793103448,-1.13793103448276
"3arc-Iteration1-PA1:1DO:0-Seed1001","3 arc-second",1,"1:1","0",1001,"spatial knndm",0.753570552995189,0.882648953301127,58,0.592182986922054,0.565563725490196,0.431463862068966,-0.778730921568627,0.413793103448276,-2.38835668861366,0.218965250351708,0.304584716367086,0.223703090443529,0.242424242424242,-0.476080397435883,0.218390804597701,-0.189655172413793,-1
"3arc-Iteration1-PA1:1DO:0-Seed1002","3 arc-second",1,"1:1","0",1002,"spatial knndm",0.80310370687563,0.897401908801697,58,0.622736448413691,0.64093137254902,0.383532989731801,-0.5811335508061,0.413793103448276,-2.23998599088631,0.491082705239991,0.316834364178332,0.21504231502559,0.232323232323232,-0.347520846028666,0.218390804597701,-0.172413793103448,-0.810344827586207
"3arc-Iteration1-PA1:1DO:0-Seed1003","3 arc-second",1,"1:1","0",1003,"spatial knndm",0.730701563484188,0.848320158102767,58,0.611468742155313,0.573529411764706,0.415412744997871,-0.712559404623578,0.413793103448276,-2.15347691112345,0.165091034237449,0.330136343561339,0.173061188946982,0.131313131313131,-0.40044845453044,0.218390804597701,-0.258620689655172,-0.53448275862069
"3arc-Iteration1-PA1:1DO:0-Seed1006","3 arc-second",1,"1:1","0",1006,"spatial knndm",0.920241524627664,0.931358024691358,58,0.572844065122162,0.545955882352941,0.430224896551724,-0.773623225490196,0.413793103448276,-2.07132983078238,0.0841789750592194,0.327649261883534,0.15824181869215,0.0808080808080808,-0.440757595052556,0.218390804597701,-0.224137931034483,-0.913793103448276
"3arc-Iteration1-PA1:1DO:0-Seed1007","3 arc-second",1,"1:1","0",1007,"spatial knndm",0.917086144797294,0.944691358024691,58,0.581480641382041,0.541053921568627,0.421111724137931,-0.736053725490196,0.413793103448276,-2.05598537569021,0.101410835907868,0.320680481526624,0.184931043263707,0.121212121212121,-0.398349036384206,0.218390804597701,-0.258620689655172,-0.862068965517241
"3arc-Iteration1-PA1:1DO:0-Seed1008","3 arc-second",1,"1:1","0",1008,"spatial knndm",0.877976723518251,0.931358024691358,58,0.595509930544979,0.637867647058823,0.375070551724138,-0.546246735294118,0.413793103448276,-2.11542837946727,0.492267796112347,0.30805706162404,0.232129220574186,0.232323232323232,-0.315899969921193,0.218390804597701,-0.172413793103448,-0.706896551724138
"3arc-Iteration1-PA1:1DO:0-Seed1009","3 arc-second",1,"1:1","0",1009,"spatial knndm",0.933588173540343,0.926666666666667,58,0.531310641180677,0.569240196078431,0.391156102119009,-0.612560205304344,0.413793103448276,-1.82608378701925,0.156142882620419,0.302617300945581,0.232919069164767,0.121212121212121,-0.293266827425561,0.218390804597701,-0.258620689655172,-0.827586206896552
"3arc-Iteration1-PA1:1DO:0-Seed1010","3 arc-second",1,"1:1","0",1010,"spatial knndm",0.9434475162233,0.95358024691358,58,0.504251614203713,0.501838235294118,0.377461908524904,-0.556105220928649,0.413793103448276,-1.61622774235039,0.132659963766808,0.302728586673724,0.236160211675205,0.161616161616162,-0.248090917585545,0.218390804597701,-0.241379310344828,-0.568965517241379
"3arc-Iteration1-PA1:1DO:0-Seed1011","3 arc-second",1,"1:1","0",1011,"spatial knndm",0.964748612550506,0.964444444444444,58,0.573112657140936,0.563725490196078,0.399522560344828,-0.647051339460784,0.413793103448276,-2.10491313418233,0.284977541256036,0.310815825218777,0.214565942286179,0.222222222222222,-0.357666652306858,0.218390804597701,-0.189655172413793,-0.844827586206897
"3arc-Iteration1-PA1:1DO:0-Seed1012","3 arc-second",1,"1:1","0",1012,"spatial knndm",0.95887215090438,0.964938271604938,58,0.620555356450487,0.575367647058823,0.39792216091954,-0.640453614379085,0.413793103448276,-2.11131109211383,0.266213809035124,0.320902264881427,0.189306486756101,0.232323232323232,-0.367989586021781,0.218390804597701,-0.155172413793103,-0.810344827586207
"3arc-Iteration1-PA1:1DO:0-Seed1013","3 arc-second",1,"1:1","0",1013,"spatial knndm",0.909687864051703,0.915555555555556,58,0.482828477909639,0.525735294117647,0.427342689655172,-0.76174118627451,0.413793103448276,-2.82892656905124,0.026526809279663,0.379664855533504,0.0627120065172092,0.222222222222222,-0.679850515290831,0.218390804597701,-0.103448275862069,-1
"3arc-Iteration1-PA1:1DO:0-Seed1014","3 arc-second",1,"1:1","0",1014,"spatial knndm",0.939434139676161,0.95283950617284,58,0.61063502916006,0.556372549019608,0.439885835249042,-0.813450918845316,0.413793103448276,-2.29616391136648,0.0841925918172921,0.326609741411867,0.170718841769862,0.141414141414141,-0.487477157324347,0.218390804597701,-0.258620689655172,-0.810344827586207
"3arc-Iteration1-PA1:1DO:0-Seed1015","3 arc-second",1,"1:1","0",1015,"spatial knndm",0.941190690761322,0.94962962962963,58,0.625253838211957,0.611519607843137,0.393264551724138,-0.621252392156863,0.413793103448276,-2.28630252920008,0.401579387777362,0.321194767649509,0.196599211680863,0.222222222222222,-0.379025837554291,0.218390804597701,-0.172413793103448,-0.655172413793104
"3arc-Iteration1-PA1:1DO:0-Seed1016","3 arc-second",1,"1:1","0",1016,"spatial knndm",0.745612287127127,0.857707509881423,58,0.673702569262043,0.631127450980392,0.386143586206897,-0.591895862745098,0.413793103448276,-2.13853691297169,0.341418930732047,0.315027065674448,0.211771865988398,0.222222222222222,-0.346041472338474,0.218390804597701,-0.120689655172414,-0.655172413793104
"3arc-Iteration1-PA1:1DO:0-Seed1017","3 arc-second",1,"1:1","0",1017,"spatial knndm",0.796765103921992,0.905057675244011,58,0.567994836857815,0.568627450980392,0.425014827586207,-0.752144460784314,0.413793103448276,-2.17401385883778,0.155273198389537,0.312876916198882,0.201585973083103,0.202020202020202,-0.406123012959552,0.218390804597701,-0.241379310344828,-0.862068965517241
"3arc-Iteration1-PA1:1DO:0-Seed1018","3 arc-second",1,"1:1","0",1018,"spatial knndm",0.81385304778512,0.890259197324415,58,0.491169566272578,0.525735294117647,0.467681724137931,-0.928040833333333,0.413793103448276,-2.64508778098028,0.0340456096216037,0.32893055317675,0.162607091646669,0.191919191919192,-0.634143611023982,0.218390804597701,-0.258620689655172,-1.01724137931034
"3arc-Iteration1-PA1:1DO:0-Seed1019","3 arc-second",1,"1:1","0",1019,"spatial knndm",0.883884817021312,0.928651059085842,58,0.586668503112626,0.566176470588235,0.396168965517241,-0.633225980392157,0.413793103448276,-1.79951395084571,0.141314964885506,0.305104537043304,0.220759390956774,0.121212121212121,-0.291161290723781,0.218390804597701,-0.258620689655172,-0.586206896551724
"3arc-Iteration1-PA1:1DO:0-Seed1020","3 arc-second",1,"1:1","0",1020,"spatial knndm",0.763241839946494,0.886382280557834,58,0.427076394360954,0.498161764705882,0.45614275862069,-0.880470882352941,0.413793103448276,-2.59593948989667,-0.0276340739346084,0.377051064088135,0.115895669200678,0,-0.773422972693976,0.132183908045977,-0.206896551724138,-0.810344827586207
"3arc-Iteration1-PA1:1DO:0-Seed1021","3 arc-second",1,"1:1","0",1021,"spatial knndm",0.725121352497534,0.820525783619818,58,0.401252948714128,0.449754901960784,0.434765724137931,-0.792343009803921,0.413793103448276,-2.67726976756441,-0.0588788478006221,0.370235564361707,0.130089270239522,0.171717171717172,-0.803890252290823,0.218390804597701,-0.206896551724138,-0.758620689655172
"3arc-Iteration1-PA1:1DO:0-Seed1022","3 arc-second",1,"1:1","0",1022,"spatial knndm",0.805263749975841,0.900222965440357,58,0.583438773956495,0.567401960784314,0.437904963601533,-0.805284678376906,0.413793103448276,-2.35485224048862,0.159325060444449,0.327153729551104,0.168161181017688,0.191919191919192,-0.483593391076729,0.218390804597701,-0.258620689655172,-0.913793103448276
"3arc-Iteration1-PA1:1DO:0-Seed1023","3 arc-second",1,"1:1","0",1023,"spatial knndm",0.820346716554618,0.91304347826087,58,0.429762849853599,0.479166666666667,0.441518275862069,-0.820180735294118,0.413793103448276,-2.57005662381645,-0.0267724899781714,0.358745535176139,0.138877261935047,0.111111111111111,-0.706605731841008,0.218390804597701,-0.189655172413793,-0.879310344827586
"3arc-Iteration1-PA1:1DO:0-Seed1024","3 arc-second",1,"1:1","0",1024,"spatial knndm",0.898079652842175,0.945366132723112,58,0.659510650224791,0.599877450980392,0.387090275862069,-0.595798637254902,0.413793103448276,-2.05886165128024,0.486515585008471,0.304674201179135,0.245049321444615,0.252525252525253,-0.298420180361206,0.218390804597701,-0.172413793103448,-0.810344827586207
"3arc-Iteration1-PA1:1DO:0-Seed1025","3 arc-second",1,"1:1","0",1025,"spatial knndm",0.737815171628808,0.876877470355731,58,0.645433870497705,0.595588235294118,0.412283088122605,-0.699657240740741,0.413793103448276,-2.04071924313764,0.24519829375279,0.302847459857892,0.230417972564211,0.242424242424242,-0.335340939944626,0.218390804597701,-0.258620689655172,-0.810344827586207
"3arc-Iteration1-PA1:2DO:0-Seed1002","3 arc-second",1,"1:2","0",1002,"spatial knndm",0.824606532462177,0.937484737484737,58,0.518453160773331,0.599264705882353,0.351561862068966,-0.449331009803921,0.413793103448276,-1.58230378613595,0.222056371338196,0.327065854378291,0.176760787768666,0.101010101010101,-0.243426747868628,0.229885057471264,-0.189655172413793,-0.586206896551724
"3arc-Iteration1-PA1:2DO:0-Seed1004","3 arc-second",1,"1:2","0",1004,"spatial knndm",0.729576692321343,0.902867715078631,58,0.663953349015876,0.610906862745098,0.347612405065986,-0.433049179708303,0.413793103448276,-1.4463347323683,0.24878318687115,0.329056295284097,0.175413015901319,0.0404040404040404,-0.175615825475091,0.0977011494252874,-0.189655172413793,-0.482758620689655
"3arc-Iteration1-PA1:2DO:0-Seed1005","3 arc-second",1,"1:2","0",1005,"spatial knndm",0.674118862975485,0.884807596201899,58,0.697187320437176,0.615808823529412,0.334061404214559,-0.377184514433551,0.413793103448276,-1.57070206592934,0.458482945493008,0.312523881654152,0.222437536505668,0.202020202020202,-0.155902804237247,0.218390804597701,-0.189655172413793,-0.482758620689655
"3arc-Iteration1-PA1:2DO:0-Seed1006","3 arc-second",1,"1:2","0",1006,"spatial knndm",0.610033871252578,0.852717391304348,58,0.57236940084417,0.566176470588235,0.403683448275862,-0.664204803921568,0.413793103448276,-1.57270515251044,0.0302876612144234,0.323811170821233,0.156778128658917,0.0202020202020202,-0.266414891952162,0.0977011494252874,-0.155172413793103,-0.655172413793104
"3arc-Iteration1-PA1:3DO:0-Seed1003","3 arc-second",1,"1:3","0",1003,"spatial knndm",0.857882135479782,0.959529602595296,58,0.645399434890161,0.638480392156863,0.303689234289655,-0.251973755086274,0.413793103448276,-1.13296823866578,0.354576190924619,0.319664203207371,0.201472268580467,0.0404040404040404,-0.0974046944549796,0.17816091954023,-0.0344827586206897,-0.327586206896552
"3arc-Iteration1-PA1:3DO:0-Seed1007","3 arc-second",1,"1:3","0",1007,"spatial knndm",0.567717857026106,0.879114906832298,58,0.665119479318301,0.597426470588235,0.354910945043103,-0.463137768535539,0.413793103448276,-1.27880491654183,0.144061219904397,0.319275645333469,0.187691157652519,0.0505050505050505,-0.162778405612072,0.0977011494252874,-0.0862068965517241,-0.551724137931035
"3arc-Iteration1-PA1:3DO:0-Seed1008","3 arc-second",1,"1:3","0",1008,"spatial knndm",0.565034073581793,0.875954198473282,58,0.647999575052827,0.594975490196078,0.334454294433802,-0.378804223621702,0.413793103448276,-1.08835304792053,0.160418214822107,0.316711019078231,0.190391005956754,0.0202020202020202,-0.115706403008362,0.0977011494252874,-0.0689655172413793,-0.189655172413793
"3arc-Iteration1-PA1:3DO:0-Seed1009","3 arc-second",1,"1:3","0",1009,"spatial knndm",0.691024583208526,0.915931894192764,58,0.689103638042288,0.61703431372549,0.318105103448276,-0.311403882352941,0.413793103448276,-1.07937968587783,0.270913961019141,0.310399121919022,0.213928411453147,0.0808080808080808,-0.0948529893742037,0.149425287356322,-0.0517241379310345,-0.293103448275862
"3arc-Iteration1-PA1:4DO:0-Seed1004","3 arc-second",1,"1:4","0",1004,"spatial knndm",0.789922604486774,0.943108682452945,58,0.639112341131687,0.605392156862745,0.285866569953201,-0.178498947699226,0.413793103448276,-0.819788226909169,0.348356944780103,0.303821059048572,0.237929006199502,0.0808080808080808,-0.0473066561048305,0.109195402298851,-0.0689655172413793,-0.0689655172413793
"3arc-Iteration1-PA1:4DO:0-Seed1010","3 arc-second",1,"1:4","0",1010,"spatial knndm",0.606054655436019,0.905959941377626,58,0.698946992693379,0.620098039215686,0.305150328551977,-0.257997187804966,0.413793103448276,-0.846942988167889,0.224766217957012,0.310213449477432,0.206306518087913,0.131313131313131,-0.052556862131894,0.0977011494252874,-0.0517241379310345,-0.0344827586206897
"3arc-Iteration1-PA1:4DO:0-Seed1011","3 arc-second",1,"1:4","0",1011,"spatial knndm",0.545940575572593,0.893685881778212,58,0.653142647254857,0.606617647058823,0.330222720067878,-0.361359350868067,0.413793103448276,-0.983272579015334,0.122756404467488,0.314918438013108,0.1888328624841,0.111111111111111,-0.102863713772222,0.0977011494252874,-0.0344827586206897,-0.293103448275862
"3arc-Iteration1-PA1:4DO:0-Seed1012","3 arc-second",1,"1:4","0",1012,"spatial knndm",0.531654420314885,0.885593220338983,58,0.675325347013369,0.615196078431373,0.302752348659004,-0.248111398148148,0.413793103448276,-0.892803522463298,0.269878867853779,0.310811307078323,0.213365045527079,0.161616161616162,-0.0670266253284618,0.114942528735632,-0.0517241379310345,-0.0862068965517241
"3arc-Iteration1-PA1:5DO:0-Seed1005","3 arc-second",1,"1:5","0",1005,"spatial knndm",0.614004516432541,0.919200779727095,58,0.624154817792705,0.596200980392157,0.269523249474646,-0.111122807883223,0.413793103448276,-0.669692984199631,0.43657648193674,0.29990005786516,0.254789303668386,0.222222222222222,-0.0267170767342269,0.206896551724138,-0.0344827586206897,-0.0172413793103448
"3arc-Iteration1-PA1:5DO:0-Seed1013","3 arc-second",1,"1:5","0",1013,"spatial knndm",0.496623048811249,0.889704498400151,58,0.691803845615237,0.627450980392157,0.293111120689655,-0.208364963235294,0.413793103448276,-0.695461817448059,0.235252205878099,0.319214385236264,0.190154608765185,0.232323232323232,-0.0438957726460915,0.109195402298851,0,-0.137931034482759
"3arc-Iteration1-PA1:5DO:0-Seed1014","3 arc-second",1,"1:5","0",1014,"spatial knndm",0.494393283138717,0.895265700483092,58,0.587638965542863,0.54656862745098,0.36551924137931,-0.506870990196078,0.413793103448276,-1.28346799223101,0.102682187623394,0.361938664969351,0.132702826398999,0.141414141414141,-0.25210350651082,0.149425287356322,-0.0344827586206897,-0.603448275862069
"3arc-Iteration1-PA1:5DO:0-Seed1015","3 arc-second",1,"1:5","0",1015,"spatial knndm",0.474689700011437,0.886037157632637,58,0.691253134785736,0.616421568627451,0.298712973180077,-0.231458874727669,0.413793103448276,-0.670228998771461,0.18532532902045,0.322486858913077,0.179820304750182,0.262626262626263,-0.0466281052704818,0.109195402298851,0.0172413793103448,-0.137931034482759
"1-3arc-Iteration0-PA1:1.25DO:0-Seed1022","1/3 arc-second",0,"1:1.25","0",1022,"classic",0.966174646155849,0.952861952861953,58,0.722222222222222,0.558823529411765,0.568904965517241,-1.34533860784314,0.413793103448276,-14.038654928072,1.47328817810018,0.273861057374739,167.065592186364,0.222222222222222,-1.95923187332284,0.218390804597701,-0.172413793103448,-1.3448275862069
"1-3arc-Iteration0-PA1:1.25DO:0-Seed1023","1/3 arc-second",0,"1:1.25","0",1023,"classic",0.938392551412032,0.920875420875421,58,0.507446461490579,0.438112745098039,0.569437172413793,-1.34753265686274,0.413793103448276,-12.0348081337658,-0.0393546864299643,0.535004524753742,0.058769630217088,0.222222222222222,-1.95257715120466,0.218390804597701,-0.172413793103448,-1.3448275862069
"1-3arc-Iteration0-PA1:1.25DO:0-Seed1024","1/3 arc-second",0,"1:1.25","0",1024,"classic",0.970397302870506,0.971380471380471,58,0.589132696124607,0.571691176470588,0.566313517241379,-1.33465523529412,0.413793103448276,-11.3669909465835,0.0545940587597884,0.712157666094196,0.0593029045767452,0.222222222222222,-1.96943771112448,0.218390804597701,-0.172413793103448,-1.29310344827586
"1-3arc-Iteration0-PA1:1.25DO:0-Seed1025","1/3 arc-second",0,"1:1.25","0",1025,"classic",0.986079545454545,0.984006734006734,58,0.430097753460602,0.455882352941176,0.541181724137931,-1.23104818627451,0.413793103448276,-5.43983353112562,-0.0611182476849466,0.42909333642143,0.06097937537565,0.222222222222222,-1.52415434090285,0.218390804597701,-0.172413793103448,-1.3448275862069
"1-3arc-Iteration0-PA1:1.25DO:0-Seed1026","1/3 arc-second",0,"1:1.25","0",1026,"classic",0.990097894529713,0.991582491582492,58,0.516728324765831,0.46875,0.539280965517241,-1.22321221568627,0.413793103448276,-12.041057518791,-0.0178727562041426,0.532198533556874,0.0575481175847367,0.232323232323232,-1.9093860668481,0.218390804597701,-0.120689655172414,-1.18965517241379
"1-3arc-Iteration0-PA1:1.5DO:0-Seed1013","1/3 arc-second",0,"1:1.5","0",1013,"classic",0.975558092980229,0.977982954545455,58,0.600301335895346,0.582107843137255,0.554600827586207,-1.28636909803922,0.413793103448276,-9.80808163569566,0.0806662222417315,1.09083630801321,0.05935229290004,0.222222222222222,-1.89393185454358,0.218390804597701,-0.172413793103448,-1.24137931034483
"1-3arc-Iteration0-PA1:1.5DO:0-Seed1014","1/3 arc-second",0,"1:1.5","0",1014,"classic",0.99797879985627,0.99862258953168,58,0.496748329639615,0.491421568627451,0.539387517241379,-1.22365148039216,0.413793103448276,-4.56676449526645,0.0410907558730826,0.363523470680012,0.0667974183682955,0.222222222222222,-1.38677490335616,0.218390804597701,-0.172413793103448,-1.3448275862069
"1-3arc-Iteration0-PA1:1.5DO:0-Seed1015","1/3 arc-second",0,"1:1.5","0",1015,"classic",1,1,58,0.536232583475832,0.479166666666667,0.551241655172414,-1.27252074509804,0.413793103448276,-12.2541061442047,-0.0093750233437955,0.488685739376303,0.0565076958222166,0.222222222222222,-1.86824485848179,0.218390804597701,-0.172413793103448,-1.24137931034483
"1-3arc-Iteration0-PA1:1.5DO:0-Seed1052","1/3 arc-second",0,"1:1.5","0",1052,"classic",0.944371679371679,0.932506887052342,58,0.638779994631058,0.51593137254902,0.571406620689655,-1.35565180392157,0.413793103448276,-13.528309024818,0.0290875971839555,0.311719065749737,0.0648004763356963,0.222222222222222,-1.96850120464881,0.218390804597701,-0.172413793103448,-1.3448275862069
"1-3arc-Iteration0-PA1:1.5DO:0-Seed1053","1/3 arc-second",0,"1:1.5","0",1053,"classic",0.990079365079365,0.991735537190083,58,0.679586769799034,0.533088235294118,0.565929379310345,-1.33307160784314,0.413793103448276,-13.8564801047935,0.0713815399789493,0.285753022272395,0.0802958343477208,0.222222222222222,-1.94921985875987,0.218390804597701,-0.172413793103448,-1.3448275862069
"1-3arc-Iteration0-PA1:1.5DO:0-Seed1054","1/3 arc-second",0,"1:1.5","0",1054,"classic",0.965724303693671,0.966942148760331,58,0.571059433836075,0.534926470588235,0.554997862068966,-1.28800589215686,0.413793103448276,-12.2570427980037,0.0274099796225311,0.48751319596442,0.0596767831061461,0.222222222222222,-1.92913062616666,0.218390804597701,-0.172413793103448,-1.24137931034483
"1-3arc-Iteration0-PA1:1.5DO:0-Seed1055","1/3 arc-second",0,"1:1.5","0",1055,"classic",1,1,58,0.557706507443228,0.547794117647059,0.552667931034483,-1.2784006372549,0.413793103448276,-6.4632323006015,0.0842921689155125,0.41959540047563,0.0627638952813978,0.222222222222222,-1.8203039583083,0.218390804597701,-0.172413793103448,-1.24137931034483
"1-3arc-Iteration0-PA1:1.5DO:0-Seed1056","1/3 arc-second",0,"1:1.5","0",1056,"classic",0.987669801462905,0.988980716253444,58,0.530010297962836,0.478553921568627,0.552682896551724,-1.27846233333333,0.413793103448276,-7.4131550753899,0.00351841174457767,0.763011268475081,0.052501130871191,0.222222222222222,-1.64464223920155,0.218390804597701,-0.172413793103448,-1.3448275862069
"1-3arc-Iteration0-PA1:1.5DO:0-Seed1057","1/3 arc-second",0,"1:1.5","0",1057,"classic",1,1,58,0.647403264076332,0.542892156862745,0.56073875862069,-1.31167301960784,0.413793103448276,-13.4711006498321,0.0380628311735868,0.316921878604063,0.0591688484929674,0.222222222222222,-1.85837455438973,0.218390804597701,-0.172413793103448,-1.3448275862069
"1-3arc-Iteration0-PA1:1.5DO:0-Seed1058","1/3 arc-second",0,"1:1.5","0",1058,"classic",0.980436507936508,0.984848484848485,58,0.60715411795981,0.496936274509804,0.558311448275862,-1.30166631372549,0.413793103448276,-13.4103287318169,-0.00535788331674184,0.322693599816455,0.0550677077401908,0.222222222222222,-1.81884534724638,0.218390804597701,-0.172413793103448,-1.3448275862069
"1-3arc-Iteration0-PA1:1.5DO:0-Seed1059","1/3 arc-second",0,"1:1.5","0",1059,"classic",1,1,58,0.519765371900835,0.532475490196078,0.530298,-1.1861795,0.413793103448276,-5.11288831494829,0.0491319409761902,0.399348992774974,0.0626399700582154,0.222222222222222,-1.45600617774048,0.218390804597701,-0.172413793103448,-1.24137931034483
"1-3arc-Iteration0-PA1:1.5DO:0-Seed1060","1/3 arc-second",0,"1:1.5","0",1060,"classic",0.992867132867133,0.994490358126722,58,0.529280949399128,0.574142156862745,0.530396482758621,-1.1865855,0.413793103448276,-4.91943987852459,0.055127113590647,0.351081245530323,0.0785554281563308,0.222222222222222,-1.53177546665835,0.218390804597701,-0.172413793103448,-1.18965517241379
"1-3arc-Iteration0-PA1:1.5DO:0-Seed1061","1/3 arc-second",0,"1:1.5","0",1061,"classic",0.951758940029348,0.945592286501377,58,0.624990195239521,0.544117647058823,0.549069034482759,-1.26356400980392,0.413793103448276,-13.1240886948172,0.0584112885682029,0.353147471752357,0.0610369282316178,0.222222222222222,-1.86921591629215,0.218390804597701,-0.172413793103448,-1.18965517241379
"1-3arc-Iteration0-PA1:1.75DO:0-Seed1027","1/3 arc-second",0,"1:1.75","0",1027,"classic",0.957147445755162,0.953349282296651,58,0.662037037037037,0.514705882352941,0.567840551724138,-1.34095050980392,0.413793103448276,-13.8157614649333,0.0459184613961039,0.288638802048907,0.0768118395254584,0.222222222222222,-1.95535406651394,0.218390804597701,-0.172413793103448,-1.29310344827586
"1-3arc-Iteration0-PA1:1.75DO:0-Seed1028","1/3 arc-second",0,"1:1.75","0",1028,"classic",0.976741867201426,0.981459330143541,58,0.586966897717017,0.549019607843137,0.514901034482759,-1.12270475490196,0.413793103448276,-4.10294942589603,0.137393818037779,0.350264759515048,0.0817684243380357,0.222222222222222,-1.20143213426536,0.218390804597701,-0.172413793103448,-1.17241379310345
"1-3arc-Iteration0-PA1:1.75DO:0-Seed1029","1/3 arc-second",0,"1:1.75","0",1029,"classic",1,1,58,0.693716806429071,0.57781862745098,0.565001586206897,-1.32924673529412,0.413793103448276,-13.7287765304972,0.1208777444248,0.295120191443197,0.0812423962520442,0.222222222222222,-1.9432250021903,0.218390804597701,-0.172413793103448,-1.3448275862069
"1-3arc-Iteration0-PA1:1.75DO:0-Seed1030","1/3 arc-second",0,"1:1.75","0",1030,"classic",0.97810397205134,0.985645933014354,58,0.497853527203776,0.411764705882353,0.551223172413793,-1.27244454901961,0.413793103448276,-12.8368675666223,-0.0749472844507885,0.390248010650035,0.0566915469557019,0.222222222222222,-1.85454147038142,0.218390804597701,-0.172413793103448,-1.18965517241379
"1-3arc-Iteration0-PA1:1.75DO:0-Seed1031","1/3 arc-second",0,"1:1.75","0",1031,"classic",0.987061796898753,0.991626794258373,58,0.49659803396562,0.497549019607843,0.52720475862069,-1.17342746078431,0.413793103448276,-4.66410294729074,0.0306696229594951,0.390595141469563,0.0596967596993623,0.222222222222222,-1.35055898602878,0.218390804597701,-0.172413793103448,-1.18965517241379
"1-3arc-Iteration0-PA1:1DO:0-Seed1001","1/3 arc-second",0,"1:1","0",1001,"classic",0.961874865908441,0.952479338842975,58,0.542066854025788,0.498161764705882,0.53110875862069,-1.18952189215686,0.413793103448276,-6.13785889491541,0.0249530058031358,0.58628405383309,0.0508795370721933,0.222222222222222,-1.51768728165986,0.218390804597701,-0.172413793103448,-1.29310344827586
"1-3arc-Iteration0-PA1:1DO:0-Seed1002","1/3 arc-second",0,"1:1","0",1002,"classic",0.984843182180139,0.983471074380165,58,0.546632373309316,0.533088235294118,0.547345517241379,-1.2564587254902,0.413793103448276,-5.05538170807754,0.0794185904722561,0.384670357518268,0.0645250760150541,0.222222222222222,-1.5040099893739,0.218390804597701,-0.172413793103448,-1.3448275862069
"1-3arc-Iteration0-PA1:1DO:0-Seed1003","1/3 arc-second",0,"1:1","0",1003,"classic",0.985421201245107,0.981601731601732,58,0.614811507936508,0.520220588235294,0.578247724137931,-1.38385458823529,0.413793103448276,-13.3461318398515,0.00834798129804789,0.329013647313837,0.0631340336025482,0.222222222222222,-2.0250974200747,0.218390804597701,-0.172413793103448,-1.3448275862069
"1-3arc-Iteration0-PA1:2.25DO:0-Seed1032","1/3 arc-second",0,"1:2.25","0",1032,"classic",0.943997584916009,0.953153988868275,58,0.726415094339623,0.573529411764706,0.573144482758621,-1.3628162254902,0.413793103448276,-14.0047565445585,1.57891521581984,0.275951230050201,158.914883244045,0.222222222222222,-1.94927319012299,0.218390804597701,-0.172413793103448,-1.3448275862069
"1-3arc-Iteration0-PA1:2.25DO:0-Seed1033","1/3 arc-second",0,"1:2.25","0",1033,"classic",0.942728269800462,0.961966604823748,58,0.620686497766836,0.5,0.555803724137931,-1.29132809803922,0.413793103448276,-13.528161787032,0.00255935847537421,0.311745267216198,0.0583474757877903,0.222222222222222,-1.85674325301809,0.218390804597701,-0.172413793103448,-1.29310344827586
"1-3arc-Iteration0-PA1:2.25DO:0-Seed1034","1/3 arc-second",0,"1:2.25","0",1034,"classic",1,1,58,0.600094942476847,0.547794117647059,0.500378,-1.06283283333333,0.413793103448276,-3.90270699123706,0.154466591950009,0.378994445955483,0.0736613733124064,0.222222222222222,-1.05816465576344,0.218390804597701,-0.172413793103448,-1.20689655172414
"1-3arc-Iteration0-PA1:2.25DO:0-Seed1035","1/3 arc-second",0,"1:2.25","0",1035,"classic",0.973892301392301,0.982374768089054,58,0.525966137187492,0.534313725490196,0.523361586206897,-1.15758379411765,0.413793103448276,-4.93674143814733,0.0485018983675555,0.412409740463377,0.058077303209205,0.222222222222222,-1.38567340268346,0.218390804597701,-0.172413793103448,-1.24137931034483
"1-3arc-Iteration0-PA1:2.25DO:0-Seed1036","1/3 arc-second",0,"1:2.25","0",1036,"classic",0.975869736324282,0.98469387755102,58,0.579776247249432,0.565563725490196,0.508651517241379,-1.09694081372549,0.413793103448276,-4.19716846777439,0.160648537817712,0.34822444932091,0.0919138915138179,0.222222222222222,-1.20627095923919,0.218390804597701,-0.172413793103448,-1.13793103448276
"1-3arc-Iteration0-PA1:2.5DO:0-Seed1016","1/3 arc-second",0,"1:2.5","0",1016,"classic",0.97479727621318,0.984297520661157,58,0.638210704562728,0.51593137254902,0.529562620689655,-1.1831478627451,0.413793103448276,-13.5821161293648,0.0182719158978624,0.307042270115178,0.0554091183795802,0.232323232323232,-1.80838970124338,0.218390804597701,-0.137931034482759,-1.13793103448276
"1-3arc-Iteration0-PA1:2.5DO:0-Seed1017","1/3 arc-second",0,"1:2.5","0",1017,"classic",0.969842673461519,0.982644628099174,58,0.585672583713185,0.531862745098039,0.518928413793103,-1.13930782352941,0.413793103448276,-4.3363764874427,0.167267793304631,0.379026372793482,0.0805538298672455,0.222222222222222,-1.26336304934376,0.218390804597701,-0.172413793103448,-1.24137931034483
"1-3arc-Iteration0-PA1:2.5DO:0-Seed1018","1/3 arc-second",0,"1:2.5","0",1018,"classic",0.953563376635897,0.96969696969697,58,0.578878438546571,0.534926470588235,0.498122827586207,-1.0535357745098,0.413793103448276,-3.86763787542911,0.113925100774592,0.356931530628472,0.104273074743515,0.222222222222222,-1.13057610397288,0.218390804597701,-0.172413793103448,-1.10344827586207
"1-3arc-Iteration0-PA1:2.75DO:0-Seed1037","1/3 arc-second",0,"1:2.75","0",1037,"classic",0.946666046444317,0.960606060606061,58,0.626221832819703,0.54718137254902,0.558478,-1.30235293137255,0.413793103448276,-13.1235340161221,0.0517308378840052,0.353277693509034,0.0601113646216194,0.222222222222222,-1.93189372156159,0.218390804597701,-0.172413793103448,-1.24137931034483
"1-3arc-Iteration0-PA1:2.75DO:0-Seed1038","1/3 arc-second",0,"1:2.75","0",1038,"classic",0.964528280066558,0.978030303030303,58,0.578935887447871,0.553308823529412,0.496325793103448,-1.04612741176471,0.413793103448276,-3.97460544817942,0.138811116159955,0.364404946839908,0.0758545420954159,0.222222222222222,-1.12204352830608,0.218390804597701,-0.172413793103448,-1.1551724137931
"1-3arc-Iteration0-PA1:2.75DO:0-Seed1039","1/3 arc-second",0,"1:2.75","0",1039,"classic",0.98658357771261,0.993181818181818,58,0.579617259857391,0.563112745098039,0.509243034482759,-1.09937937254902,0.413793103448276,-4.14480527122695,0.146492262636183,0.345868494897053,0.089622832325919,0.222222222222222,-1.20339306963722,0.218390804597701,-0.172413793103448,-1.18965517241379
"1-3arc-Iteration0-PA1:2.75DO:0-Seed1040","1/3 arc-second",0,"1:2.75","0",1040,"classic",0.978382034632035,0.985227272727273,58,0.668821995568902,0.569240196078431,0.547328689655172,-1.25638935294118,0.413793103448276,-13.4709937394932,0.0698180523598823,0.316941684211499,0.060106838000351,0.222222222222222,-1.86248912177981,0.218390804597701,-0.172413793103448,-1.18965517241379
"1-3arc-Iteration0-PA1:2.75DO:0-Seed1041","1/3 arc-second",0,"1:2.75","0",1041,"classic",0.93399882399738,0.964393939393939,58,0.591208366295587,0.583946078431373,0.507336,-1.09151752941176,0.413793103448276,-4.01353165535858,0.15558554671934,0.34749602514972,0.090900671083891,0.222222222222222,-1.09995024974286,0.218390804597701,-0.172413793103448,-1.29310344827586
"1-3arc-Iteration0-PA1:2DO:0-Seed1004","1/3 arc-second",0,"1:2","0",1004,"classic",0.99612977602108,0.997933884297521,58,0.494357575071663,0.47671568627451,0.513516068965517,-1.11699516666667,0.413793103448276,-5.03775287817649,0.0269117580624074,0.419129848671798,0.0609626879233897,0.222222222222222,-1.43850903953822,0.218390804597701,-0.172413793103448,-1.1551724137931
"1-3arc-Iteration0-PA1:2DO:0-Seed1005","1/3 arc-second",0,"1:2","0",1005,"classic",0.967921113973746,0.973140495867769,58,0.669888102321701,0.626225490196078,0.552184,-1.27640560784314,0.413793103448276,-12.9426811798558,0.120939250897133,0.375687205874863,0.0647478198489385,0.222222222222222,-1.87666862192414,0.218390804597701,-0.172413793103448,-1.18965517241379
"1-3arc-Iteration0-PA1:2DO:0-Seed1006","1/3 arc-second",0,"1:2","0",1006,"classic",0.994431818181818,0.996828752642706,58,0.559390898794666,0.528186274509804,0.524812827586207,-1.16356660784314,0.413793103448276,-4.85296108974288,0.103576354719404,0.386086016745868,0.0678952384521729,0.222222222222222,-1.44185227632461,0.218390804597701,-0.172413793103448,-1.29310344827586
"1-3arc-Iteration0-PA1:3.25DO:0-Seed1042","1/3 arc-second",0,"1:3.25","0",1042,"classic",0.979413085917272,0.991997439180538,58,0.592996292563453,0.556985294117647,0.501989931034483,-1.06947809803922,0.413793103448276,-4.20128306395842,0.155659650631296,0.364784917232948,0.0790217867404985,0.222222222222222,-1.20236586053846,0.218390804597701,-0.137931034482759,-1.18965517241379
"1-3arc-Iteration0-PA1:3.25DO:0-Seed1043","1/3 arc-second",0,"1:3.25","0",1043,"classic",1,1,58,0.497893589684704,0.511642156862745,0.508222137931034,-1.09517067647059,0.413793103448276,-4.41069976937777,0.0293682612938667,0.382855196850645,0.0615893681777554,0.222222222222222,-1.29722430981926,0.218390804597701,-0.172413793103448,-1.10344827586207
"1-3arc-Iteration0-PA1:3.25DO:0-Seed1044","1/3 arc-second",0,"1:3.25","0",1044,"classic",0.985606060606061,0.99359795134443,58,0.591579192422916,0.559436274509804,0.492725517241379,-1.03128509803922,0.413793103448276,-3.72723130474105,0.133908607482736,0.341436601975442,0.0866966440125165,0.222222222222222,-1.02841526000528,0.218390804597701,-0.172413793103448,-1.20689655172414
"1-3arc-Iteration0-PA1:3.25DO:0-Seed1045","1/3 arc-second",0,"1:3.25","0",1045,"classic",0.951039077892447,0.970870678617157,58,0.677552746982448,0.5625,0.545713310344828,-1.24972987254902,0.413793103448276,-13.633294911324,0.0611436855952323,0.302747387582129,0.0596250312631226,0.222222222222222,-1.83765672641691,0.218390804597701,-0.172413793103448,-1.18965517241379
"1-3arc-Iteration0-PA1:3.25DO:0-Seed1046","1/3 arc-second",0,"1:3.25","0",1046,"classic",0.923813732061333,0.932778489116517,58,0.53410978445236,0.47671568627451,0.526102827586207,-1.16888469607843,0.413793103448276,-12.5867823983457,-0.0181412701221845,0.428431082554051,0.0515218033519761,0.252525252525253,-1.7687620854359,0.229885057471264,-0.137931034482759,-1.13793103448276
"1-3arc-Iteration0-PA1:3.5DO:0-Seed1019","1/3 arc-second",0,"1:3.5","0",1019,"classic",0.986716979467763,0.995215311004785,58,0.5999299551646,0.57046568627451,0.498985103448276,-1.05709054901961,0.413793103448276,-3.83660713718766,0.209467401053663,0.340073734461525,0.110944316254558,0.222222222222222,-1.06521485280172,0.218390804597701,-0.172413793103448,-1.18965517241379
"1-3arc-Iteration0-PA1:3.5DO:0-Seed1020","1/3 arc-second",0,"1:3.5","0",1020,"classic",0.954008029008029,0.981109799291617,58,0.586269033353229,0.545955882352941,0.502397448275862,-1.07115810784314,0.413793103448276,-4.06652283778481,0.208644516543628,0.34242774276208,0.0961612974767875,0.222222222222222,-1.17648900095648,0.218390804597701,-0.172413793103448,-1.18965517241379
"1-3arc-Iteration0-PA1:3.5DO:0-Seed1021","1/3 arc-second",0,"1:3.5","0",1021,"classic",0.974875762977367,0.989964580873672,58,0.544351860294881,0.503676470588235,0.519428,-1.14136739215686,0.413793103448276,-12.2520466375836,0.00420946015676646,0.489512373295885,0.0508503354273991,0.333333333333333,-1.72204882090488,0.235632183908046,-0.120689655172414,-1.13793103448276
"1-3arc-Iteration0-PA1:3.75DO:0-Seed1047","1/3 arc-second",0,"1:3.75","0",1047,"classic",0.975421688952344,0.98780487804878,58,0.605267303261744,0.537377450980392,0.508551310344828,-1.09652770588235,0.413793103448276,-4.22362926578303,0.155894855139237,0.363126542542532,0.0880978819457622,0.222222222222222,-1.3087091943685,0.218390804597701,-0.172413793103448,-1.1551724137931
"1-3arc-Iteration0-PA1:3.75DO:0-Seed1048","1/3 arc-second",0,"1:3.75","0",1048,"classic",0.932540649363169,0.971175166297118,58,0.610433870674844,0.568627450980392,0.509213379310345,-1.09925711764706,0.413793103448276,-4.04413371092036,0.215660621176467,0.338521500249968,0.112821568221729,0.222222222222222,-1.18430754335863,0.218390804597701,-0.172413793103448,-1.20689655172414
"1-3arc-Iteration0-PA1:3.75DO:0-Seed1049","1/3 arc-second",0,"1:3.75","0",1049,"classic",0.992316509248327,0.997782705099778,58,0.59170325931292,0.556985294117647,0.514112965517241,-1.11945590196078,0.413793103448276,-4.15704605680093,0.193022865748221,0.360305238410703,0.0917449612841443,0.222222222222222,-1.23704160115161,0.218390804597701,-0.172413793103448,-1.29310344827586
"1-3arc-Iteration0-PA1:3.75DO:0-Seed1050","1/3 arc-second",0,"1:3.75","0",1050,"classic",0.987856757866639,0.996674057649667,58,0.603922776099587,0.556985294117647,0.501522413793103,-1.06755073529412,0.413793103448276,-3.77726985932574,0.216455254823167,0.348818101588233,0.0927845597612411,0.222222222222222,-1.05776186151458,0.218390804597701,-0.172413793103448,-1.10344827586207
"1-3arc-Iteration0-PA1:3.75DO:0-Seed1051","1/3 arc-second",0,"1:3.75","0",1051,"classic",0.964056019737838,0.963137472283814,58,0.68583582943846,0.587622549019608,0.534193379310345,-1.20223839215686,0.413793103448276,-13.5820239817438,0.0911369655530365,0.307058046783507,0.0623797989202934,0.222222222222222,-1.79762302237978,0.218390804597701,-0.172413793103448,-1.13793103448276
"1-3arc-Iteration0-PA1:3DO:0-Seed1007","1/3 arc-second",0,"1:3","0",1007,"classic",0.972078506118175,0.988292011019284,58,0.610673355384608,0.558823529411765,0.497190896551724,-1.04969384313725,0.413793103448276,-3.72436775402451,0.190625686985152,0.358444901290268,0.0954967023528675,0.222222222222222,-1.02009987739559,0.218390804597701,-0.172413793103448,-1.1551724137931
"1-3arc-Iteration0-PA1:3DO:0-Seed1008","1/3 arc-second",0,"1:3","0",1008,"classic",0.966408678777494,0.985881542699725,58,0.598278223027331,0.550857843137255,0.501200275862069,-1.06622270588235,0.413793103448276,-3.83559864817521,0.21533869738257,0.346883579312389,0.0927344435930846,0.222222222222222,-1.04877270543235,0.218390804597701,-0.172413793103448,-1.18965517241379
"1-3arc-Iteration0-PA1:3DO:0-Seed1009","1/3 arc-second",0,"1:3","0",1009,"classic",0.965695476306682,0.982093663911846,58,0.61006966669302,0.576593137254902,0.498159172413793,-1.05368560784314,0.413793103448276,-3.74176634416056,0.23048663679277,0.344211269201993,0.0971292776303668,0.222222222222222,-0.994873561172552,0.218390804597701,-0.172413793103448,-1.18965517241379
"1-3arc-Iteration0-PA1:4DO:0-Seed1010","1/3 arc-second",0,"1:4","0",1010,"classic",0.99797879985627,0.99948347107438,58,0.593196263563083,0.559436274509804,0.510223310344828,-1.10342060784314,0.413793103448276,-4.55159762640634,0.14467825949813,0.365931131756066,0.0781689985952037,0.222222222222222,-1.38515202286703,0.218390804597701,-0.172413793103448,-1.18965517241379
"1-3arc-Iteration0-PA1:4DO:0-Seed1011","1/3 arc-second",0,"1:4","0",1011,"classic",0.945219732382201,0.968129571577847,58,0.569573926346885,0.541053921568627,0.512156551724138,-1.11139049019608,0.413793103448276,-4.06579701369433,0.186327738725178,0.335796191427586,0.106623207229809,0.222222222222222,-1.24482565617456,0.218390804597701,-0.172413793103448,-1.13793103448276
"1-3arc-Iteration0-PA1:4DO:0-Seed1012","1/3 arc-second",0,"1:4","0",1012,"classic",0.954867327596294,0.981921487603306,58,0.649982055282235,0.549019607843137,0.521043862068965,-1.1480288627451,0.413793103448276,-13.410551161924,0.052428651023404,0.322650589173368,0.0558932961010892,0.232323232323232,-1.79044204973781,0.218390804597701,-0.103448275862069,-1.13793103448276
"1-3arc-Iteration1-PA1:1.25DO:0-Seed1022","1/3 arc-second",1,"1:1.25","0",1022,"classic",0.900641478730027,0.941720779220779,58,0.657707479701239,0.595588235294118,0.333108026879789,-0.373254169636778,0.413793103448276,-1.55457477985136,0.477728175910738,0.312156132681477,0.215395341269377,0.242424242424242,-0.148052826098233,0.218390804597701,-0.155172413793103,-0.362068965517241
"1-3arc-Iteration1-PA1:1.25DO:0-Seed1023","1/3 arc-second",1,"1:1.25","0",1023,"classic",0.896271778557877,0.92224025974026,58,0.710982226491919,0.712622549019608,0.263710494118475,-0.0871594389884185,0.413793103448276,-1.20422281220909,0.860268004432518,0.303457862021362,0.294297454575792,0.393939393939394,-0.0312244493476312,0.218390804597701,-0.0344827586206896,-0.172413793103448
"1-3arc-Iteration1-PA1:1.25DO:0-Seed1024","1/3 arc-second",1,"1:1.25","0",1024,"classic",0.916625032708617,0.93538961038961,58,0.71924078934629,0.681372549019608,0.288722074425287,-0.190270904861111,0.413793103448276,-1.3512628009536,0.781686901455938,0.304330987193045,0.279685731486617,0.333333333333333,-0.0560389881288879,0.218390804597701,-0.0517241379310345,-0.275862068965517
"1-3arc-Iteration1-PA1:1.25DO:0-Seed1025","1/3 arc-second",1,"1:1.25","0",1025,"classic",0.897532434933705,0.932061688311688,58,0.682364254159776,0.652573529411765,0.312836751034483,-0.28968484127451,0.413793103448276,-1.54003081469808,0.638704280005089,0.307764860555735,0.248951909999338,0.282828282828283,-0.11980140492477,0.218390804597701,-0.155172413793103,-0.275862068965517
"1-3arc-Iteration1-PA1:1.25DO:0-Seed1026","1/3 arc-second",1,"1:1.25","0",1026,"classic",0.882735393403833,0.947321428571429,58,0.710587393135944,0.647671568627451,0.307041310344828,-0.265792852941176,0.413793103448276,-1.42110980168162,0.732020926401041,0.299609284728672,0.285538557551365,0.363636363636364,-0.0887042448905929,0.218390804597701,-0.155172413793103,-0.206896551724138
"1-3arc-Iteration1-PA1:1.5DO:0-Seed1013","1/3 arc-second",1,"1:1.5","0",1013,"classic",0.910363853976712,0.945986394557823,58,0.6979918047917,0.629901960784314,0.321479862068966,-0.325316490196078,0.413793103448276,-1.40648523889615,0.531938188101514,0.303786093040606,0.2464522918064,0.232323232323232,-0.107644822329911,0.218390804597701,-0.224137931034483,-0.310344827586207
"1-3arc-Iteration1-PA1:1.5DO:0-Seed1014","1/3 arc-second",1,"1:1.5","0",1014,"classic",0.898376739051422,0.930053908355795,58,0.615083382211074,0.603553921568627,0.320566551724138,-0.321551323529412,0.413793103448276,-1.35816623546916,0.300166900207898,0.329242611569918,0.160496098341392,0.0505050505050505,-0.173058778784617,0.189655172413793,-0.120689655172414,-0.275862068965517
"1-3arc-Iteration1-PA1:1.5DO:0-Seed1015","1/3 arc-second",1,"1:1.5","0",1015,"classic",0.888661855213836,0.937196765498652,58,0.709519519290897,0.677083333333333,0.283893954736101,-0.170366744769908,0.413793103448276,-1.27625794824402,0.716189113468993,0.305282764822284,0.266561681905369,0.303030303030303,-0.0540484370023548,0.218390804597701,-0.0862068965517241,-0.120689655172414
"1-3arc-Iteration1-PA1:1.75DO:0-Seed1027","1/3 arc-second",1,"1:1.75","0",1027,"classic",0.936800163886304,0.96486643437863,58,0.666787208240489,0.620098039215686,0.294668124521073,-0.21478378785403,0.413793103448276,-1.23189764019294,0.636380878348357,0.301081293236357,0.267373082010762,0.292929292929293,-0.0626141114869568,0.218390804597701,-0.137931034482759,-0.155172413793103
"1-3arc-Iteration1-PA1:1.75DO:0-Seed1028","1/3 arc-second",1,"1:1.75","0",1028,"classic",0.94059162531651,0.956329849012776,58,0.714680738727883,0.64031862745098,0.285577333333333,-0.177306555555556,0.413793103448276,-1.12823466135204,0.622116233956357,0.302240759070427,0.261840868656633,0.383838383838384,-0.0391441761599875,0.224137931034483,-0.172413793103448,0.0344827586206897
"1-3arc-Iteration1-PA1:1.75DO:0-Seed1029","1/3 arc-second",1,"1:1.75","0",1029,"classic",0.869030459331739,0.924912891986063,58,0.669689512975794,0.680759803921569,0.281063586206897,-0.158698411764706,0.413793103448276,-1.28178797951987,0.586644212367023,0.312246822351851,0.229438256684231,0.292929292929293,-0.0784812387665197,0.224137931034483,-0.0689655172413793,-0.189655172413793
"1-3arc-Iteration1-PA1:1.75DO:0-Seed1030","1/3 arc-second",1,"1:1.75","0",1030,"classic",0.847151897939443,0.918989547038328,58,0.706943771826794,0.639705882352941,0.283895023839932,-0.170371152202856,0.413793103448276,-1.17844963918545,0.663852768249638,0.30547866818809,0.257456923248927,0.262626262626263,-0.0382628379400967,0.224137931034483,-0.189655172413793,-0.0517241379310345
"1-3arc-Iteration1-PA1:1.75DO:0-Seed1031","1/3 arc-second",1,"1:1.75","0",1031,"classic",0.85266377142566,0.930836236933798,58,0.652087828084119,0.623774509803922,0.300360344827586,-0.238250245098039,0.413793103448276,-1.3622071325267,0.492187238722581,0.316658024645903,0.201407930078489,0.323232323232323,-0.101071780509408,0.224137931034483,-0.0862068965517241,-0.275862068965517
"1-3arc-Iteration1-PA1:1DO:0-Seed1001","1/3 arc-second",1,"1:1","0",1001,"classic",0.875005860973206,0.924183673469388,58,0.689292779319165,0.626225490196078,0.338967293180077,-0.397409282178649,0.413793103448276,-1.73829364163511,0.603874061770185,0.313169921918833,0.229244857168105,0.232323232323232,-0.155582307081758,0.218390804597701,-0.155172413793103,-0.53448275862069
"1-3arc-Iteration1-PA1:1DO:0-Seed1002","1/3 arc-second",1,"1:1","0",1002,"classic",0.893491958913876,0.935102040816327,58,0.729202603214215,0.656862745098039,0.314132336206897,-0.295025954656863,0.413793103448276,-1.51824277844402,0.757174837269733,0.301678159618553,0.283900575943343,0.353535353535354,-0.0959135076055847,0.218390804597701,-0.120689655172414,-0.310344827586207
"1-3arc-Iteration1-PA1:1DO:0-Seed1003","1/3 arc-second",1,"1:1","0",1003,"classic",0.946769384755341,0.951632653061224,58,0.694951438845231,0.64031862745098,0.308915672200937,-0.273520001573469,0.413793103448276,-1.48191010205907,0.730043913218204,0.304935952717939,0.268977798249231,0.333333333333333,-0.0848181105381512,0.218390804597701,-0.137931034482759,-0.327586206896552
"1-3arc-Iteration1-PA1:1DO:0-Seed1052","1/3 arc-second",1,"1:1","0",1052,"classic",0.934645544102899,0.949897959183673,58,0.725069589537556,0.71078431372549,0.301830053639847,-0.244309191721133,0.413793103448276,-1.54093780633151,1.01642211782465,0.298437439170254,0.347896851878063,0.303030303030303,-0.0813561205003413,0.218390804597701,-0.155172413793103,0
"1-3arc-Iteration1-PA1:1DO:0-Seed1053","1/3 arc-second",1,"1:1","0",1053,"classic",0.876828132531785,0.909795918367347,58,0.695200827792596,0.655637254901961,0.317894699233716,-0.310536480664488,0.413793103448276,-1.60431461819181,0.704000088932949,0.309870738708886,0.254296630790542,0.313131313131313,-0.102342922358209,0.218390804597701,-0.172413793103448,-0.379310344827586
"1-3arc-Iteration1-PA1:1DO:0-Seed1054","1/3 arc-second",1,"1:1","0",1054,"classic",0.939994993343817,0.958163265306123,58,0.661684540654661,0.647671568627451,0.344821862068966,-0.421545029411765,0.413793103448276,-1.97481585897488,0.524986728005154,0.321200215546141,0.208208380943826,0.272727272727273,-0.232445069002658,0.218390804597701,-0.0862068965517241,-0.775862068965517
"1-3arc-Iteration1-PA1:1DO:0-Seed1055","1/3 arc-second",1,"1:1","0",1055,"classic",0.959290487540844,0.963265306122449,58,0.69923199769743,0.64031862745098,0.320236779276288,-0.320191820447833,0.413793103448276,-1.60319547633841,0.711257761770383,0.306134047732748,0.262602682687896,0.323232323232323,-0.11650592474312,0.218390804597701,-0.137931034482759,-0.362068965517241
"1-3arc-Iteration1-PA1:1DO:0-Seed1056","1/3 arc-second",1,"1:1","0",1056,"classic",0.934668722994925,0.951326530612245,58,0.693619035775498,0.634803921568627,0.338503586206897,-0.39549762745098,0.413793103448276,-1.67902074584999,0.73789717593978,0.297953828495313,0.293725484101722,0.282828282828283,-0.14905725475548,0.218390804597701,-0.172413793103448,-0.482758620689655
"1-3arc-Iteration1-PA1:1DO:0-Seed1057","1/3 arc-second",1,"1:1","0",1057,"classic",0.885062243382755,0.918673469387755,58,0.691286411318731,0.622549019607843,0.326403900862069,-0.345616081495098,0.413793103448276,-1.42341452055859,0.551368749838854,0.298330308070511,0.267776768199777,0.292929292929293,-0.114037206797033,0.218390804597701,-0.224137931034483,-0.362068965517241
"1-3arc-Iteration1-PA1:1DO:0-Seed1058","1/3 arc-second",1,"1:1","0",1058,"classic",0.806695587652968,0.89030612244898,58,0.68947115804006,0.683823529411765,0.36346124137931,-0.498386784313725,0.413793103448276,-2.23325414514442,0.36310352570523,0.336078558694465,0.160110138409114,0.292929292929293,-0.315811285551409,0.224137931034483,-0.120689655172414,-0.637931034482759
"1-3arc-Iteration1-PA1:1DO:0-Seed1059","1/3 arc-second",1,"1:1","0",1059,"classic",0.904551307346986,0.919081632653061,58,0.669242876244994,0.623774509803922,0.345568485517241,-0.424623021176471,0.413793103448276,-1.75569612619033,0.499994939231238,0.312460291556776,0.219093315977714,0.292929292929293,-0.193658636867148,0.218390804597701,-0.155172413793103,-0.46551724137931
"1-3arc-Iteration1-PA1:1DO:0-Seed1060","1/3 arc-second",1,"1:1","0",1060,"classic",0.944363981478734,0.950612244897959,58,0.629241609676981,0.622549019607843,0.34597,-0.426278284313725,0.413793103448276,-1.80905981973813,0.345156998158232,0.315828144551246,0.185483649762339,0.242424242424242,-0.227673203206194,0.218390804597701,-0.120689655172414,-0.551724137931035
"1-3arc-Iteration1-PA1:1DO:0-Seed1061","1/3 arc-second",1,"1:1","0",1061,"classic",0.916571046336632,0.94234693877551,58,0.625600511731382,0.602328431372549,0.325065655172414,-0.340099098039216,0.413793103448276,-1.48798430978057,0.443960626511548,0.309318563363308,0.214969102291427,0.282828282828283,-0.153271343365201,0.218390804597701,-0.120689655172414,-0.482758620689655
"1-3arc-Iteration1-PA1:2.25DO:0-Seed1032","1/3 arc-second",1,"1:2.25","0",1032,"classic",0.872944054609099,0.940280289330922,58,0.714896069069975,0.693627450980392,0.245820344827586,-0.0134064215686274,0.413793103448276,-0.934252878614385,0.637120308009604,0.317811725790489,0.225929530469126,0.393939393939394,-0.00461671856800535,0.241379310344828,-0.0517241379310345,-0.0172413793103448
"1-3arc-Iteration1-PA1:2.25DO:0-Seed1033","1/3 arc-second",1,"1:2.25","0",1033,"classic",0.840094845903403,0.941184448462929,58,0.672282764761868,0.604166666666667,0.279977866977969,-0.154222481021923,0.413793103448276,-1.06266312583239,0.58361893533581,0.307057013226375,0.242502250450694,0.262626262626263,-0.0357942010781193,0.224137931034483,-0.0862068965517241,-0.120689655172414
"1-3arc-Iteration1-PA1:2.25DO:0-Seed1034","1/3 arc-second",1,"1:2.25","0",1034,"classic",0.903593091856078,0.955334538878843,58,0.702416531364813,0.631740196078431,0.272709038013362,-0.124256377300185,0.413793103448276,-0.936409243682346,0.585649696670543,0.303230014209786,0.253567720061494,0.292929292929293,-0.0187602195583262,0.201149425287356,-0.137931034482759,0.0344827586206896
"1-3arc-Iteration1-PA1:2.25DO:0-Seed1035","1/3 arc-second",1,"1:2.25","0",1035,"classic",0.800608141432998,0.926989150090416,58,0.674170015508218,0.658700980392157,0.281859517241379,-0.161979676470588,0.413793103448276,-1.18849438029511,0.571814233786181,0.312385293591677,0.224791624522948,0.363636363636364,-0.0631840583302351,0.229885057471264,-0.0517241379310345,-0.327586206896552
"1-3arc-Iteration1-PA1:2.25DO:0-Seed1036","1/3 arc-second",1,"1:2.25","0",1036,"classic",0.852360648161047,0.946428571428571,58,0.687957956930271,0.598039215686274,0.295299214989444,-0.217385489245698,0.413793103448276,-1.1079817762078,0.508516106053729,0.307211741469125,0.231298802068344,0.242424242424242,-0.0497195210358981,0.189655172413793,-0.189655172413793,-0.103448275862069
"1-3arc-Iteration1-PA1:2.5DO:0-Seed1016","1/3 arc-second",1,"1:2.5","0",1016,"classic",0.807246092601226,0.93887987012987,58,0.680913099517026,0.681372549019608,0.259980275862069,-0.0717814313725489,0.413793103448276,-0.993063838067257,0.540845842819582,0.321033313422144,0.200232196771144,0.444444444444444,-0.0227689025413469,0.218390804597701,-0.0172413793103449,-0.137931034482759
"1-3arc-Iteration1-PA1:2.5DO:0-Seed1017","1/3 arc-second",1,"1:2.5","0",1017,"classic",0.885138503079737,0.958441558441558,58,0.720641984799638,0.707107843137255,0.252268275862069,-0.0399883333333333,0.413793103448276,-1.03308209790247,0.679380796968053,0.314961481245308,0.238862747594431,0.474747474747475,-0.00456246916632594,0.21264367816092,0,-0.0517241379310345
"1-3arc-Iteration1-PA1:2.5DO:0-Seed1018","1/3 arc-second",1,"1:2.5","0",1018,"classic",0.856523932457451,0.941720779220779,58,0.679036351783003,0.610906862745098,0.267165179600535,-0.101401549235539,0.413793103448276,-0.742371872357975,0.497882561505005,0.30430662949857,0.237277189628888,0.333333333333333,-0.00435662469202156,0.183908045977012,-0.0517241379310345,0.0689655172413793
"1-3arc-Iteration1-PA1:2.75DO:0-Seed1037","1/3 arc-second",1,"1:2.75","0",1037,"classic",0.822228112966616,0.933468335787923,58,0.681037911427182,0.651348039215686,0.264931517241379,-0.0921931666666667,0.413793103448276,-0.897938756753925,0.560406635658455,0.31276159169534,0.226096133752673,0.464646464646465,-0.0258520026406173,0.229885057471264,-0.0517241379310345,-0.0689655172413793
"1-3arc-Iteration1-PA1:2.75DO:0-Seed1038","1/3 arc-second",1,"1:2.75","0",1038,"classic",0.786440512857979,0.924263622974963,58,0.626106435905044,0.60171568627451,0.303054137931034,-0.249355539215686,0.413793103448276,-1.10218717964752,0.358454764376135,0.322743974803403,0.177626402818543,0.282828282828283,-0.105707006148845,0.235632183908046,-0.103448275862069,-0.431034482758621
"1-3arc-Iteration1-PA1:2.75DO:0-Seed1039","1/3 arc-second",1,"1:2.75","0",1039,"classic",0.820711684339667,0.942378497790869,58,0.672230977083611,0.652573529411765,0.270501034482759,-0.115153774509804,0.413793103448276,-1.02101896559296,0.566262497207456,0.311874023587512,0.227068034551996,0.323232323232323,-0.0347425312100605,0.206896551724138,-0.0517241379310345,-0.241379310344828
"1-3arc-Iteration1-PA1:2.75DO:0-Seed1040","1/3 arc-second",1,"1:2.75","0",1040,"classic",0.870564430298466,0.957842415316642,58,0.700634076523439,0.636642156862745,0.263202360996169,-0.0850646352832243,0.413793103448276,-0.856698466534616,0.592777536797009,0.304234768706279,0.2497791399272,0.363636363636364,-0.00341505981918281,0.183908045977012,-0.120689655172414,0.120689655172414
"1-3arc-Iteration1-PA1:2.75DO:0-Seed1041","1/3 arc-second",1,"1:2.75","0",1041,"classic",0.913638941549748,0.962555228276878,58,0.713681207677311,0.637254901960784,0.25892130651341,-0.0674157783224398,0.413793103448276,-0.847958406005864,0.63545908949407,0.303159197436858,0.259642023125652,0.414141414141414,0.00250413075195951,0.183908045977012,-0.0862068965517241,0.0862068965517241
"1-3arc-Iteration1-PA1:2DO:0-Seed1004","1/3 arc-second",1,"1:2","0",1004,"classic",0.870378478741426,0.955065856129686,58,0.692364584533797,0.647671568627451,0.274354275862069,-0.131038950980392,0.413793103448276,-1.03127232095086,0.568969885730765,0.309828826531507,0.231139016864279,0.323232323232323,-0.0283896361083815,0.206896551724138,-0.0862068965517241,-0.0172413793103448
"1-3arc-Iteration1-PA1:2DO:0-Seed1005","1/3 arc-second",1,"1:2","0",1005,"classic",0.855973057885365,0.933434650455927,58,0.708576221857432,0.693627450980392,0.271472137931034,-0.119157196078431,0.413793103448276,-1.13692186442454,0.586606887863759,0.317001223270278,0.218746919478646,0.393939393939394,-0.0400855040247219,0.21264367816092,-0.0344827586206897,-0.172413793103448
"1-3arc-Iteration1-PA1:2DO:0-Seed1006","1/3 arc-second",1,"1:2","0",1006,"classic",0.897228461125871,0.955065856129686,58,0.710705140357425,0.713235294117647,0.242562413793103,2.45588235294747e-05,0.413793103448276,-1.01382534503191,0.752062289781382,0.311586690119837,0.270121582285314,0.424242424242424,-0.00138167074883236,0.224137931034483,-0.0689655172413793,0.0172413793103448
"1-3arc-Iteration1-PA1:3.23937677053824DO:0-Seed1042","1/3 arc-second",1,"1:3.23937677053824","0",1042,"classic",0.856231776697437,0.957362155388471,58,0.66710667436425,0.620098039215686,0.251113948275862,-0.0352295612745097,0.413793103448276,-0.752593764694357,0.65521762371352,0.300403007346584,0.272934200527957,0.363636363636364,0.00476020812216766,0.224137931034483,-0.0689655172413793,-0.0172413793103448
"1-3arc-Iteration1-PA1:3.23937677053824DO:0-Seed1043","1/3 arc-second",1,"1:3.23937677053824","0",1043,"classic",0.849711311332056,0.951315789473684,58,0.74412123174475,0.73406862745098,0.23210524137931,0.0431347647058824,0.413793103448276,-0.888042796956498,0.779689260573277,0.313668127959984,0.256638151639531,0.666666666666667,0.015844699047607,0.241379310344828,-0.0172413793103449,0.103448275862069
"1-3arc-Iteration1-PA1:3.23937677053824DO:0-Seed1044","1/3 arc-second",1,"1:3.23937677053824","0",1044,"classic",0.802501203413062,0.93765664160401,58,0.666172393903762,0.64093137254902,0.300700551724138,-0.239652764705882,0.413793103448276,-1.05815816209781,0.351276465660377,0.329764514942818,0.175403196245022,0.272727272727273,-0.101388796725826,0.206896551724138,-0.0517241379310345,-0.413793103448276
"1-3arc-Iteration1-PA1:3.23937677053824DO:0-Seed1045","1/3 arc-second",1,"1:3.23937677053824","0",1045,"classic",0.858449890555497,0.957832080200501,58,0.687143291390195,0.669117647058823,0.274266068965517,-0.13067531372549,0.413793103448276,-0.932780829916908,0.50053964672867,0.313970798522746,0.213100663592955,0.424242424242424,-0.0381079754934022,0.229885057471264,-0.0517241379310345,-0.172413793103448
"1-3arc-Iteration1-PA1:3.23937677053824DO:0-Seed1046","1/3 arc-second",1,"1:3.23937677053824","0",1046,"classic",0.79926132820101,0.952944862155388,58,0.675909274412956,0.677696078431373,0.271170275862069,-0.117912754901961,0.413793103448276,-1.11033737458803,0.508574146772581,0.325380263285273,0.192915513829512,0.404040404040404,-0.0627268798976866,0.229885057471264,0,-0.258620689655172
"1-3arc-Iteration1-PA1:3.47875354107649DO:0-Seed1019","1/3 arc-second",1,"1:3.47875354107649","0",1019,"classic",0.883134500209313,0.957055393586006,58,0.660873258462739,0.647058823529412,0.275188275862069,-0.134477156862745,0.413793103448276,-0.77894674121176,0.393866475273746,0.317132747288787,0.20319826409687,0.292929292929293,-0.0488449244355137,0.21264367816092,-0.0689655172413793,-0.241379310344828
"1-3arc-Iteration1-PA1:3.47875354107649DO:0-Seed1020","1/3 arc-second",1,"1:3.47875354107649","0",1020,"classic",0.75504238697762,0.936034985422741,58,0.652019185088814,0.619485294117647,0.293145379310345,-0.208506196078431,0.413793103448276,-0.915923299006602,0.370699621509414,0.323794770797569,0.181885153402074,0.232323232323232,-0.0682253332146199,0.21264367816092,-0.0517241379310345,-0.224137931034483
"1-3arc-Iteration1-PA1:3.47875354107649DO:0-Seed1021","1/3 arc-second",1,"1:3.47875354107649","0",1021,"classic",0.805140593064442,0.942798833819242,58,0.653723659382273,0.664828431372549,0.252105172413793,-0.0393159313725489,0.413793103448276,-0.708024434557189,0.501317419679832,0.319346733586453,0.201734068410914,0.444444444444444,-0.0199725799209912,0.21264367816092,0,-0.155172413793103
"1-3arc-Iteration1-PA1:3.71813031161473DO:0-Seed1047","1/3 arc-second",1,"1:3.71813031161473","0",1047,"classic",0.842405239749913,0.943947655398037,58,0.716308816308687,0.691176470588235,0.251127931034483,-0.035287205882353,0.413793103448276,-0.863643632789303,0.61919879816014,0.31349351063776,0.231189404650141,0.505050505050505,-0.00161826935178207,0.218390804597701,-0.0689655172413793,-0.0172413793103448
"1-3arc-Iteration1-PA1:3.71813031161473DO:0-Seed1048","1/3 arc-second",1,"1:3.71813031161473","0",1048,"classic",0.78760994084632,0.945910577971647,58,0.704969869520156,0.674632352941177,0.275783379310345,-0.1369305,0.413793103448276,-0.966824896605795,0.478679362175766,0.324545403749638,0.195447634061716,0.575757575757576,-0.0531091857647211,0.229885057471264,-0.0172413793103448,-0.431034482758621
"1-3arc-Iteration1-PA1:3.71813031161473DO:0-Seed1049","1/3 arc-second",1,"1:3.71813031161473","0",1049,"classic",0.843052937287187,0.941494002181025,58,0.678753385283079,0.642769607843137,0.276887931034483,-0.141484068627451,0.413793103448276,-0.882845079225197,0.460872509025671,0.31419157454738,0.209089332233749,0.383838383838384,-0.041402697260819,0.224137931034483,-0.103448275862069,-0.224137931034483
"1-3arc-Iteration1-PA1:3.71813031161473DO:0-Seed1050","1/3 arc-second",1,"1:3.71813031161473","0",1050,"classic",0.886395822645445,0.965894220283533,58,0.720132172857088,0.639093137254902,0.24740120056407,-0.0199235768352093,0.413793103448276,-0.644510781147277,0.566053410543227,0.310591307058727,0.230813378695638,0.454545454545455,0.0210512311456095,0.166666666666667,-0.0172413793103448,0.137931034482759
"1-3arc-Iteration1-PA1:3.71813031161473DO:0-Seed1051","1/3 arc-second",1,"1:3.71813031161473","0",1051,"classic",0.824318545611759,0.935005452562705,58,0.70093546227225,0.682598039215686,0.252752896551724,-0.041986205882353,0.413793103448276,-0.894307472285604,0.658284752690228,0.31027305057059,0.243886672363536,0.525252525252525,-0.0122012816517219,0.229885057471264,-0.0344827586206897,-0.224137931034483
"1-3arc-Iteration1-PA1:3.95750708215297DO:0-Seed1010","1/3 arc-second",1,"1:3.95750708215297","0",1010,"classic",0.804031934960628,0.943292370711726,58,0.685917768557481,0.625612745098039,0.243026887816092,-0.00189025810457499,0.413793103448276,-0.508984394557225,0.607217492365755,0.299970938873149,0.268394649579879,0.454545454545455,0.0181317065559401,0.189655172413793,-0.0172413793103448,0.103448275862069
"1-3arc-Iteration1-PA1:3.95750708215297DO:0-Seed1011","1/3 arc-second",1,"1:3.95750708215297","0",1011,"classic",0.878162155050687,0.953661034306196,58,0.709484225646894,0.67156862745098,0.248086,-0.0227466960784313,0.413793103448276,-0.692492914233502,0.594621654043019,0.312067944196601,0.228239632207007,0.606060606060606,0.0106284463112477,0.235632183908046,-0.0862068965517241,0.172413793103448
"1-3arc-Iteration1-PA1:3.95750708215297DO:0-Seed1012","1/3 arc-second",1,"1:3.95750708215297","0",1012,"classic",0.788228419473747,0.94152585765489,58,0.712401897774234,0.655637254901961,0.234871699310345,0.0317299062745099,0.413793103448276,-0.505176968045444,0.646343093340996,0.303656342506256,0.260559698449558,0.595959595959596,0.0276038453878199,0.183908045977012,0,0.0862068965517241
"1-3arc-Iteration1-PA1:3DO:0-Seed1007","1/3 arc-second",1,"1:3","0",1007,"classic",0.799727325840567,0.918144888287068,58,0.70000078658799,0.682598039215686,0.252834827586207,-0.0423239705882352,0.413793103448276,-0.979495879517645,0.71543626952247,0.308062423775465,0.261533648270968,0.545454545454545,-0.0093337593478228,0.224137931034483,-0.0689655172413793,-0.0689655172413793
"1-3arc-Iteration1-PA1:3DO:0-Seed1008","1/3 arc-second",1,"1:3","0",1008,"classic",0.854555799554761,0.928199052132701,58,0.649783245437246,0.64093137254902,0.275714620689655,-0.136647039215686,0.413793103448276,-0.943453111332042,0.479336959747711,0.314436648435581,0.209013982493375,0.383838383838384,-0.0485757915760312,0.218390804597701,-0.0344827586206897,-0.224137931034483
"1-3arc-Iteration1-PA1:3DO:0-Seed1009","1/3 arc-second",1,"1:3","0",1009,"classic",0.879114248823913,0.954299255247123,58,0.690876054431857,0.658700980392157,0.238925611924755,0.0150174528003965,0.413793103448276,-0.73001440991175,0.73350459264076,0.302858077848749,0.277045789027819,0.424242424242424,0.0208803908941856,0.218390804597701,0,0.0344827586206897
"1arc-Iteration0-PA1:1.25DO:0-Seed1022","1 arc-second",0,"1:1.25","0",1022,"classic",0.993067570165321,0.994652406417112,58,0.639374698485886,0.604166666666667,0.54209475862069,-1.23481221568627,0.413793103448276,-12.5868879767028,0.0863150578408892,0.4283959742527,0.0588001075666787,0.222222222222222,-1.91734587777837,0.218390804597701,-0.120689655172414,-1.18965517241379
"1arc-Iteration0-PA1:1.25DO:0-Seed1023","1 arc-second",0,"1:1.25","0",1023,"classic",0.958278050649188,0.954545454545455,58,0.558215759550591,0.464460784313725,0.567125034482759,-1.33800075490196,0.413793103448276,-12.9415853569395,-0.0194725612551674,0.375976817888361,0.0583215734845723,0.222222222222222,-1.96909362030156,0.218390804597701,-0.172413793103448,-1.29310344827586
"1arc-Iteration0-PA1:1.25DO:0-Seed1024","1 arc-second",0,"1:1.25","0",1024,"classic",1,1,58,0.558897315575217,0.589460784313726,0.559063931034483,-1.30476846078431,0.413793103448276,-8.0242314405096,0.0282544161607533,0.717213710298578,0.0590714788027168,0.222222222222222,-1.90884136158228,0.218390804597701,-0.172413793103448,-1.3448275862069
"1arc-Iteration0-PA1:1.25DO:0-Seed1025","1 arc-second",0,"1:1.25","0",1025,"classic",0.980891278079859,0.985294117647059,58,0.546603763344564,0.536151960784314,0.538589172413793,-1.22036026470588,0.413793103448276,-10.7953969389116,0.0141805305637623,0.887068335304294,0.0560947405515181,0.222222222222222,-1.83990570715836,0.218390804597701,-0.155172413793103,-1.18965517241379
"1arc-Iteration0-PA1:1.25DO:0-Seed1026","1 arc-second",0,"1:1.25","0",1026,"classic",0.969221901679332,0.970588235294118,58,0.566185202280351,0.549019607843137,0.523454275862069,-1.15796591176471,0.413793103448276,-4.71924408917227,0.104589838365292,0.370612638868397,0.0748620465345677,0.222222222222222,-1.40889601147517,0.218390804597701,-0.172413793103448,-1.18965517241379
"1arc-Iteration0-PA1:1.5DO:0-Seed1013","1 arc-second",0,"1:1.5","0",1013,"classic",0.993067570165321,0.995475113122172,58,0.489689741757322,0.469975490196078,0.513659655172414,-1.11758710784314,0.413793103448276,-3.92855113274695,0.0534817570260882,0.364597173129761,0.0733157042928297,0.222222222222222,-1.19232482423031,0.218390804597701,-0.172413793103448,-1.3448275862069
"1arc-Iteration0-PA1:1.5DO:0-Seed1014","1 arc-second",0,"1:1.5","0",1014,"classic",0.979230769230769,0.979638009049774,58,0.559159291016657,0.568014705882353,0.540384551724138,-1.22776180392157,0.413793103448276,-9.5916512054532,0.0270764772574802,1.21306675380683,0.0527027589767484,0.222222222222222,-1.53866648468166,0.218390804597701,-0.172413793103448,-1.3448275862069
"1arc-Iteration0-PA1:1.5DO:0-Seed1015","1 arc-second",0,"1:1.5","0",1015,"classic",0.99094427244582,0.993212669683258,58,0.709600364106178,0.693014705882353,0.543543793103448,-1.24078593137255,0.413793103448276,-12.8363074564439,0.161214702546993,0.390406446476015,0.0631039602315421,0.222222222222222,-1.75525562751946,0.218390804597701,-0.172413793103448,-1.18965517241379
"1arc-Iteration0-PA1:1.75DO:0-Seed1027","1 arc-second",0,"1:1.75","0",1027,"classic",0.895373499808029,0.899430740037951,58,0.504035555253743,0.38296568627451,0.568035172413793,-1.34175284313725,0.413793103448276,-13.0371242965985,-0.0883233432602145,0.363667855070064,0.0608578340652488,0.222222222222222,-1.9552022649638,0.218390804597701,-0.172413793103448,-1.3448275862069
"1arc-Iteration0-PA1:1.75DO:0-Seed1028","1 arc-second",0,"1:1.75","0",1028,"classic",0.989753796255344,0.993358633776091,58,0.653375318919488,0.634191176470588,0.550892413793103,-1.27108098039216,0.413793103448276,-12.2551386326494,0.113897914146479,0.48827273564778,0.0608338227213206,0.222222222222222,-1.86360181772351,0.218390804597701,-0.172413793103448,-1.18965517241379
"1arc-Iteration0-PA1:1.75DO:0-Seed1029","1 arc-second",0,"1:1.75","0",1029,"classic",0.975224572587656,0.977229601518027,58,0.622585440697642,0.569852941176471,0.557390896551724,-1.29787129411765,0.413793103448276,-12.8373603617505,0.0647477241347456,0.390108698240054,0.0604645052113735,0.222222222222222,-1.90841047547603,0.218390804597701,-0.172413793103448,-1.29310344827586
"1arc-Iteration0-PA1:1.75DO:0-Seed1030","1 arc-second",0,"1:1.75","0",1030,"classic",0.937314803372329,0.930740037950664,58,0.587657208148652,0.512867647058823,0.568792137931034,-1.34487347058823,0.413793103448276,-13.0366736375035,0.00685848407473391,0.363779915560273,0.0590896053005476,0.222222222222222,-1.96136051647364,0.218390804597701,-0.172413793103448,-1.3448275862069
"1arc-Iteration0-PA1:1.75DO:0-Seed1031","1 arc-second",0,"1:1.75","0",1031,"classic",0.935081016410692,0.947817836812144,58,0.517969346732647,0.463235294117647,0.561449172413793,-1.31460173529412,0.413793103448276,-11.7554339963133,-0.0192356697105811,0.602044942530642,0.0582431866908915,0.222222222222222,-1.93795533557609,0.218390804597701,-0.172413793103448,-1.3448275862069
"1arc-Iteration0-PA1:1DO:0-Seed1001","1 arc-second",0,"1:1","0",1001,"classic",1,1,58,0.52784069347608,0.486519607843137,0.544474827586207,-1.24462416666667,0.413793103448276,-10.6943599558939,-0.0117016275052394,0.968028235181961,0.0506910771511009,0.222222222222222,-1.60497254191454,0.218390804597701,-0.172413793103448,-1.29310344827586
"1arc-Iteration0-PA1:1DO:0-Seed1002","1 arc-second",0,"1:1","0",1002,"classic",0.978969482529854,0.975778546712803,58,0.557519913298468,0.518382352941177,0.549852689655172,-1.26679466666667,0.413793103448276,-5.13793980138094,0.0876224620390418,0.406503132161288,0.0627410163868103,0.222222222222222,-1.51913423777923,0.218390804597701,-0.172413793103448,-1.3448275862069
"1arc-Iteration0-PA1:1DO:0-Seed1003","1 arc-second",0,"1:1","0",1003,"classic",1,1,58,0.528889267712828,0.531862745098039,0.570482827586207,-1.35184342156863,0.413793103448276,-10.6945061511503,-0.0256507333107296,0.967786562694386,0.0551411030541761,0.222222222222222,-1.77852065808519,0.218390804597701,-0.172413793103448,-1.3448275862069
"1arc-Iteration0-PA1:1DO:0-Seed1052","1 arc-second",0,"1:1","0",1052,"classic",0.984305975354569,0.97923875432526,58,0.503346253180478,0.446691176470588,0.54446324137931,-1.24457640196078,0.413793103448276,-7.54597796565335,-0.0257449649049536,0.999039597419557,0.0499823508859043,0.222222222222222,-1.5915505670875,0.218390804597701,-0.172413793103448,-1.3448275862069
"1arc-Iteration0-PA1:1DO:0-Seed1053","1 arc-second",0,"1:1","0",1053,"classic",0.996635909265667,0.996539792387543,58,0.581002765512755,0.549632352941177,0.539342620689655,-1.22346639215686,0.413793103448276,-5.43250215277265,0.0866302116701311,0.445010999056579,0.0586486422824768,0.222222222222222,-1.47963741638125,0.218390804597701,-0.172413793103448,-1.3448275862069
"1arc-Iteration0-PA1:1DO:0-Seed1054","1 arc-second",0,"1:1","0",1054,"classic",0.961205196642731,0.958477508650519,58,0.561264814739687,0.474877450980392,0.576765379310345,-1.37774354901961,0.413793103448276,-13.0364603001926,-0.0319638295657645,0.363833042509122,0.0579773981176491,0.222222222222222,-1.967961591779,0.218390804597701,-0.172413793103448,-1.3448275862069
"1arc-Iteration0-PA1:1DO:0-Seed1055","1 arc-second",0,"1:1","0",1055,"classic",0.993067570165321,0.993079584775087,58,0.475772592311582,0.449142156862745,0.54322475862069,-1.23947069607843,0.413793103448276,-4.68056581816959,0.0256206570268061,0.381946160866138,0.0667105951736997,0.222222222222222,-1.43466649761661,0.218390804597701,-0.172413793103448,-1.3448275862069
"1arc-Iteration0-PA1:1DO:0-Seed1056","1 arc-second",0,"1:1","0",1056,"classic",0.957738348733158,0.944636678200692,58,0.607331348129124,0.574754901960784,0.575697103448276,-1.37333952941176,0.413793103448276,-11.3586055617993,0.0662800028834272,0.717503091330244,0.0578430052017157,0.222222222222222,-1.90710535563541,0.218390804597701,-0.172413793103448,-1.3448275862069
"1arc-Iteration0-PA1:1DO:0-Seed1057","1 arc-second",0,"1:1","0",1057,"classic",0.945356930651048,0.903114186851211,58,0.613493273980765,0.611519607843137,0.549296689655172,-1.26450252941176,0.413793103448276,-7.21008498809779,0.0796661171055639,0.763644890272522,0.0539978045533077,0.222222222222222,-1.56224633299527,0.218390804597701,-0.172413793103448,-1.29310344827586
"1arc-Iteration0-PA1:1DO:0-Seed1058","1 arc-second",0,"1:1","0",1058,"classic",0.99094427244582,0.98961937716263,58,0.525389998356521,0.518995098039216,0.535172137931034,-1.20627337254902,0.413793103448276,-4.53433849843608,0.0670883084614578,0.376838427509213,0.0696605401398257,0.222222222222222,-1.33450280144978,0.218390804597701,-0.172413793103448,-1.3448275862069
"1arc-Iteration0-PA1:1DO:0-Seed1059","1 arc-second",0,"1:1","0",1059,"classic",0.963713204580078,0.958477508650519,58,0.4549211362183,0.458946078431373,0.551155034482759,-1.27216364705882,0.413793103448276,-5.19201449703531,-0.00447036862010028,0.363120890183781,0.0722333052405859,0.222222222222222,-1.65736298289596,0.218390804597701,-0.172413793103448,-1.3448275862069
"1arc-Iteration0-PA1:1DO:0-Seed1060","1 arc-second",0,"1:1","0",1060,"classic",0.978969482529854,0.975778546712803,58,0.571001632990563,0.522671568627451,0.529909517241379,-1.18457796078431,0.413793103448276,-4.88905428121267,0.0917757370586893,0.420764782601764,0.058522446635526,0.222222222222222,-1.38904953807441,0.218390804597701,-0.172413793103448,-1.31034482758621
"1arc-Iteration0-PA1:1DO:0-Seed1061","1 arc-second",0,"1:1","0",1061,"classic",0.94383912746042,0.916955017301038,58,0.456558200081649,0.417279411764706,0.55628124137931,-1.29329668627451,0.413793103448276,-9.49701423581954,-0.075512813090733,1.27269847595769,0.0535231609912241,0.222222222222222,-1.70612542686029,0.218390804597701,-0.172413793103448,-1.3448275862069
"1arc-Iteration0-PA1:2.25DO:0-Seed1032","1 arc-second",0,"1:2.25","0",1032,"classic",0.986907869442927,0.994117647058824,58,0.484030299802988,0.51593137254902,0.524071862068965,-1.16051194117647,0.413793103448276,-4.31804594235002,0.0295703507645376,0.369453601096913,0.0683262627450641,0.222222222222222,-1.26884869473882,0.218390804597701,-0.172413793103448,-1.3448275862069
"1arc-Iteration0-PA1:2.25DO:0-Seed1033","1 arc-second",0,"1:2.25","0",1033,"classic",1,1,58,0.550794803248364,0.534926470588235,0.510885172413793,-1.10614916666667,0.413793103448276,-4.03352878342646,0.100202509906848,0.369829412127313,0.0725072127188287,0.222222222222222,-1.15026066710505,0.218390804597701,-0.172413793103448,-1.36206896551724
"1arc-Iteration0-PA1:2.25DO:0-Seed1034","1 arc-second",0,"1:2.25","0",1034,"classic",0.993067570165321,0.997058823529412,58,0.582419373522792,0.604779411764706,0.534096275862069,-1.20183807843137,0.413793103448276,-6.26949086818439,0.0933516013179305,0.42035536509819,0.0607809055877297,0.222222222222222,-1.72559952111231,0.218390804597701,-0.155172413793103,-1.18965517241379
"1arc-Iteration0-PA1:2.25DO:0-Seed1035","1 arc-second",0,"1:2.25","0",1035,"classic",0.942126941685765,0.947794117647059,58,0.507158710771658,0.524509803921569,0.526638413793103,-1.17109267647059,0.413793103448276,-4.49179114786757,0.0576270883737808,0.370270143994827,0.0723513294321809,0.222222222222222,-1.32854658790216,0.218390804597701,-0.172413793103448,-1.3448275862069
"1arc-Iteration0-PA1:2.25DO:0-Seed1036","1 arc-second",0,"1:2.25","0",1036,"classic",0.96697542653425,0.981617647058823,58,0.532130166558989,0.544117647058823,0.500302206896552,-1.06252037254902,0.413793103448276,-4.04843787888554,0.0935932595525223,0.358634604906733,0.076517469834418,0.222222222222222,-1.16598635385378,0.218390804597701,-0.172413793103448,-1.13793103448276
"1arc-Iteration0-PA1:2.5DO:0-Seed1016","1 arc-second",0,"1:2.5","0",1016,"classic",0.943802404165226,0.960561497326203,58,0.638728709738469,0.517769607843137,0.538696551724138,-1.22080294117647,0.413793103448276,-13.5820844813591,0.0176055261361141,0.307047687475759,0.056780655964383,0.222222222222222,-1.83524468397063,0.218390804597701,-0.137931034482759,-1.18965517241379
"1arc-Iteration0-PA1:2.5DO:0-Seed1017","1 arc-second",0,"1:2.5","0",1017,"classic",0.847180048536726,0.883021390374332,58,0.550934623490909,0.549019607843137,0.544221931034483,-1.24358158823529,0.413793103448276,-10.7365552893934,0.0170635978610559,0.932457827424611,0.0532203691391227,0.222222222222222,-1.62615730738169,0.218390804597701,-0.172413793103448,-1.29310344827586
"1arc-Iteration0-PA1:2.5DO:0-Seed1018","1 arc-second",0,"1:2.5","0",1018,"classic",1,1,58,0.555239057826861,0.573529411764706,0.498942551724138,-1.05691512745098,0.413793103448276,-3.863278610977,0.09705858746539,0.358326729504219,0.0760391830613863,0.222222222222222,-1.05422046729281,0.218390804597701,-0.172413793103448,-1.13793103448276
"1arc-Iteration0-PA1:2.75DO:0-Seed1037","1 arc-second",0,"1:2.75","0",1037,"classic",0.8729045492948,0.894957983193277,58,0.556397831559122,0.498774509803922,0.555203379310345,-1.28885314705882,0.413793103448276,-12.5879282262585,0.00076424668161236,0.428053342623,0.0580077565688722,0.222222222222222,-1.88967348538811,0.218390804597701,-0.172413793103448,-1.18965517241379
"1arc-Iteration0-PA1:2.75DO:0-Seed1038","1 arc-second",0,"1:2.75","0",1038,"classic",0.931716103369247,0.93577430972389,58,0.529587579691743,0.498774509803922,0.527458206896552,-1.17447231372549,0.413793103448276,-11.3538964340694,-0.00760224651717919,0.720545362016937,0.0511477343124528,0.222222222222222,-1.60757520659977,0.218390804597701,-0.172413793103448,-1.13793103448276
"1arc-Iteration0-PA1:2.75DO:0-Seed1039","1 arc-second",0,"1:2.75","0",1039,"classic",0.950584253309167,0.970588235294118,58,0.637417712004976,0.594975490196078,0.553024068965517,-1.27986883333333,0.413793103448276,-12.4338260108234,0.0829645174982038,0.454761297729137,0.056975901069078,0.222222222222222,-1.8058119529263,0.218390804597701,-0.172413793103448,-1.29310344827586
"1arc-Iteration0-PA1:2.75DO:0-Seed1040","1 arc-second",0,"1:2.75","0",1040,"classic",0.967465528992346,0.979591836734694,58,0.560085157490262,0.543504901960784,0.509937034482759,-1.10224042156863,0.413793103448276,-4.14013115654366,0.114318735391706,0.370131203974095,0.0705065145934021,0.222222222222222,-1.19304039201138,0.218390804597701,-0.172413793103448,-1.13793103448276
"1arc-Iteration0-PA1:2.75DO:0-Seed1041","1 arc-second",0,"1:2.75","0",1041,"classic",0.904802202027878,0.933973589435774,58,0.537659388204122,0.514705882352941,0.544559172413793,-1.24497188235294,0.413793103448276,-9.64872434248568,0.0132991064764542,1.17935856588004,0.0553545667143378,0.222222222222222,-1.75644700531665,0.218390804597701,-0.172413793103448,-1.18965517241379
"1arc-Iteration0-PA1:2DO:0-Seed1004","1 arc-second",0,"1:2","0",1004,"classic",0.962556561085973,0.950420168067227,58,0.600829489222346,0.517156862745098,0.558217931034483,-1.30128078431373,0.413793103448276,-13.2039512424019,0.0219632950927005,0.344024000283268,0.0617795760206453,0.222222222222222,-1.92525064605372,0.218390804597701,-0.172413793103448,-1.3448275862069
"1arc-Iteration0-PA1:2DO:0-Seed1005","1 arc-second",0,"1:2","0",1005,"classic",0.922648328658931,0.918487394957983,58,0.574685862071676,0.561274509803922,0.517775517241379,-1.13455495098039,0.413793103448276,-4.73938221427945,0.10267495590217,0.399830688299725,0.0611827679087237,0.222222222222222,-1.32886998770644,0.218390804597701,-0.172413793103448,-1.18965517241379
"1arc-Iteration0-PA1:2DO:0-Seed1006","1 arc-second",0,"1:2","0",1006,"classic",0.988515406162465,0.99327731092437,58,0.580769230769231,0.549019607843137,0.559100275862069,-1.30491829411765,0.413793103448276,-11.3915787975516,0.0607465185296108,0.697010503929484,0.0614136867608276,0.222222222222222,-1.92850821993775,0.218390804597701,-0.172413793103448,-1.3448275862069
"1arc-Iteration0-PA1:3.25DO:0-Seed1042","1 arc-second",0,"1:3.25","0",1042,"classic",0.92490295917852,0.963880288957688,58,0.586719089157213,0.561887254901961,0.509769310344828,-1.10154897058823,0.413793103448276,-4.08334169830923,0.130988111161153,0.36214868678002,0.0726350031896881,0.222222222222222,-1.14373084718131,0.218390804597701,-0.172413793103448,-1.18965517241379
"1arc-Iteration0-PA1:3.25DO:0-Seed1043","1 arc-second",0,"1:3.25","0",1043,"classic",0.866518591256443,0.894736842105263,58,0.507505631580876,0.435661764705882,0.54676724137931,-1.25407475490196,0.413793103448276,-11.755138538927,-0.0240160500251906,0.60220060059041,0.0563959228849482,0.222222222222222,-1.88916380623553,0.218390804597701,-0.172413793103448,-1.13793103448276
"1arc-Iteration0-PA1:3.25DO:0-Seed1044","1 arc-second",0,"1:3.25","0",1044,"classic",0.955867870465621,0.974200206398349,58,0.602427551284854,0.550245098039216,0.536896689655172,-1.21338292156863,0.413793103448276,-12.7187388629658,0.03386194073265,0.407685922054213,0.0522771905660471,0.222222222222222,-1.6756705634273,0.218390804597701,-0.172413793103448,-1.13793103448276
"1arc-Iteration0-PA1:3.25DO:0-Seed1045","1 arc-second",0,"1:3.25","0",1045,"classic",0.900591800325103,0.931888544891641,58,0.644015903324414,0.533700980392157,0.553827793103448,-1.2831822254902,0.413793103448276,-13.5282914625503,0.0468066267511884,0.31172218980931,0.0636940749410689,0.222222222222222,-1.91701584682019,0.218390804597701,-0.172413793103448,-1.29310344827586
"1arc-Iteration0-PA1:3.25DO:0-Seed1046","1 arc-second",0,"1:3.25","0",1046,"classic",0.905974049422097,0.956140350877193,58,0.633141476546518,0.535539215686274,0.552416827586207,-1.27736545098039,0.413793103448276,-13.3457426899948,0.0361084963509425,0.329092364183822,0.0556549238021683,0.222222222222222,-1.77501373147614,0.218390804597701,-0.172413793103448,-1.18965517241379
"1arc-Iteration0-PA1:3.5DO:0-Seed1019","1 arc-second",0,"1:3.5","0",1019,"classic",0.962777418659772,0.985294117647059,58,0.715176148446609,0.675857843137255,0.540676689655172,-1.22896615686275,0.413793103448276,-12.9419006780411,0.172934583864242,0.375893446195014,0.066932352468353,0.222222222222222,-1.84645121638285,0.218390804597701,-0.172413793103448,-1.13793103448276
"1arc-Iteration0-PA1:3.5DO:0-Seed1020","1 arc-second",0,"1:3.5","0",1020,"classic",0.948890993307312,0.94876660341556,58,0.564793711558662,0.613357843137255,0.518211172413793,-1.13635096078431,0.413793103448276,-5.86112553616672,0.0703946636548489,0.440544392090335,0.0573331535349769,0.222222222222222,-1.45030904082271,0.218390804597701,-0.172413793103448,-1.18965517241379
"1arc-Iteration0-PA1:3.5DO:0-Seed1021","1 arc-second",0,"1:3.5","0",1021,"classic",0.927921817506891,0.958254269449715,58,0.539412249274946,0.544730392156863,0.488929448275862,-1.01563561764706,0.413793103448276,-3.74242033178512,0.0913490629354348,0.353677431585742,0.0799276599445219,0.222222222222222,-1.01203021507703,0.218390804597701,-0.155172413793103,-1.1551724137931
"1arc-Iteration0-PA1:3.75DO:0-Seed1047","1 arc-second",0,"1:3.75","0",1047,"classic",0.96496247545123,0.982174688057041,58,0.570095386445176,0.598651960784314,0.539114965517241,-1.22252787254902,0.413793103448276,-7.22781480101773,0.0411469644625959,0.547781447978641,0.0563510941688636,0.222222222222222,-1.73953278971693,0.218390804597701,-0.172413793103448,-1.18965517241379
"1arc-Iteration0-PA1:3.75DO:0-Seed1048","1 arc-second",0,"1:3.75","0",1048,"classic",0.966301120165751,0.987076648841355,58,0.573134879211334,0.567401960784314,0.494654482758621,-1.03923735294118,0.413793103448276,-3.62192404296056,0.112339612231436,0.348331241497173,0.0773189439900319,0.222222222222222,-0.940089194787623,0.218390804597701,-0.172413793103448,-1.1551724137931
"1arc-Iteration0-PA1:3.75DO:0-Seed1049","1 arc-second",0,"1:3.75","0",1049,"classic",0.918791320949765,0.96969696969697,58,0.597308273682015,0.545955882352941,0.504128413793103,-1.07829409803922,0.413793103448276,-4.21645906192205,0.169286567010292,0.376327150436719,0.0897885776438588,0.222222222222222,-1.23900401307165,0.218390804597701,-0.172413793103448,-1.13793103448276
"1arc-Iteration0-PA1:3.75DO:0-Seed1050","1 arc-second",0,"1:3.75","0",1050,"classic",0.965836762187609,0.991087344028521,58,0.654222742068404,0.563112745098039,0.561110689655172,-1.31320632352941,0.413793103448276,-13.4105354886051,0.066137925673299,0.322653608303417,0.0627067913757866,0.222222222222222,-1.90063585910504,0.218390804597701,-0.172413793103448,-1.29310344827586
"1arc-Iteration0-PA1:3.75DO:0-Seed1051","1 arc-second",0,"1:3.75","0",1051,"classic",0.954683294886582,0.971479500891266,58,0.534310617358793,0.508578431372549,0.543705034482759,-1.24145065686275,0.413793103448276,-11.3793063044511,0.0059595351148604,0.704496887732185,0.0566071898237558,0.222222222222222,-1.80938942687626,0.218390804597701,-0.172413793103448,-1.13793103448276
"1arc-Iteration0-PA1:3DO:0-Seed1007","1 arc-second",0,"1:3","0",1007,"classic",0.928638763197587,0.962819089900111,58,0.538970143371315,0.498774509803922,0.543164,-1.23922021568627,0.413793103448276,-7.58733524297485,0.0472981721879213,0.609792109142128,0.0582738944457785,0.222222222222222,-1.8388248736827,0.218390804597701,-0.172413793103448,-1.13793103448276
"1arc-Iteration0-PA1:3DO:0-Seed1008","1 arc-second",0,"1:3","0",1008,"classic",0.956503672676501,0.983351831298557,58,0.592137916458312,0.568014705882353,0.486639103448276,-1.00619355882353,0.413793103448276,-3.8360196974322,0.132676659873979,0.374627365976753,0.067618895180981,0.222222222222222,-1.03027631203878,0.218390804597701,-0.172413793103448,-1.1551724137931
"1arc-Iteration0-PA1:3DO:0-Seed1009","1 arc-second",0,"1:3","0",1009,"classic",0.93815585500957,0.962264150943396,58,0.599837251221386,0.592524509803922,0.543095517241379,-1.23893789215686,0.413793103448276,-7.6147607215417,0.105673007845861,0.538057218729821,0.0617982094028109,0.222222222222222,-1.81788643477874,0.218390804597701,-0.172413793103448,-1.13793103448276
"1arc-Iteration0-PA1:4DO:0-Seed1010","1 arc-second",0,"1:4","0",1010,"classic",0.907238146310362,0.955260977630489,58,0.672519954612734,0.634803921568627,0.566731034482759,-1.33637647058824,0.413793103448276,-12.9417160906337,0.114444406726205,0.375942235478324,0.0628734041388357,0.222222222222222,-1.90809075279295,0.218390804597701,-0.172413793103448,-1.3448275862069
"1arc-Iteration0-PA1:4DO:0-Seed1011","1 arc-second",0,"1:4","0",1011,"classic",0.969095448636971,0.989229494614747,58,0.448643979335728,0.5,0.516844413793103,-1.13071643137255,0.413793103448276,-4.26288646572833,0.00582502423904782,0.35804477559003,0.105607353086199,0.222222222222222,-1.31980200436823,0.218390804597701,-0.172413793103448,-1.24137931034483
"1arc-Iteration0-PA1:4DO:0-Seed1012","1 arc-second",0,"1:4","0",1012,"classic",0.93974236547766,0.946147473073736,58,0.533736749901268,0.514093137254902,0.54954475862069,-1.26552520588235,0.413793103448276,-11.7590032377016,-0.000984513575773348,0.600190982972446,0.0557230483311036,0.222222222222222,-1.72887616044095,0.218390804597701,-0.172413793103448,-1.29310344827586
"1arc-Iteration1-PA1:1DO:0-Seed1001","1 arc-second",1,"1:1","0",1001,"classic",0.916222419542005,0.929723192690137,58,0.624250489398181,0.542892156862745,0.416731517241379,-0.717996107843137,0.413793103448276,-2.23129757864976,0.273965945108934,0.314043009892372,0.194497667572836,0.202020202020202,-0.394668789689545,0.218390804597701,-0.172413793103448,-1.10344827586207
"1arc-Iteration1-PA1:1DO:0-Seed1002","1 arc-second",1,"1:1","0",1002,"classic",0.870935543970595,0.889814565976888,58,0.580431149862867,0.53125,0.411413931034483,-0.696074098039215,0.413793103448276,-1.9548635856221,0.135354810123383,0.32541437869236,0.165991626541531,0.171717171717172,-0.373134724733803,0.218390804597701,-0.241379310344828,-0.810344827586207
"1arc-Iteration1-PA1:1DO:0-Seed1003","1 arc-second",1,"1:1","0",1003,"classic",0.983313318707792,0.984547164740661,58,0.610220939342735,0.547794117647059,0.3642433,-0.501610859313725,0.413793103448276,-1.64992519979802,0.287061563123998,0.313036577901905,0.203030105973463,0.232323232323232,-0.225401759278222,0.218390804597701,-0.224137931034483,-0.517241379310345
"1arc-Iteration1-PA1:1DO:0-Seed1013","1 arc-second",1,"1:1","0",1013,"classic",0.93740651025427,0.950147809728568,58,0.599833346517157,0.624387254901961,0.344290258747361,-0.419353468659464,0.413793103448276,-1.76255787188257,0.53923218195209,0.306758861489972,0.241717193031765,0.252525252525253,-0.203561485794223,0.218390804597701,-0.155172413793103,-0.637931034482758
"1arc-Iteration1-PA1:1DO:0-Seed1014","1 arc-second",1,"1:1","0",1014,"classic",0.844372671686169,0.907954850846547,58,0.603309935937862,0.576593137254902,0.367102087284483,-0.513396350030637,0.413793103448276,-1.8391173933042,0.320202850868555,0.317457165335438,0.192306319582484,0.242424242424242,-0.27114161343512,0.218390804597701,-0.172413793103448,-0.655172413793103
"1arc-Iteration1-PA1:1DO:0-Seed1015","1 arc-second",1,"1:1","0",1015,"classic",0.897601388310487,0.927035743079817,58,0.645212793807147,0.626225490196078,0.3569435651341,-0.471517344498911,0.413793103448276,-1.95651788178968,0.460046814649534,0.318906272010654,0.206096409606275,0.222222222222222,-0.253366726533191,0.218390804597701,-0.189655172413793,-0.603448275862069
"1arc-Iteration1-PA1:1DO:0-Seed1016","1 arc-second",1,"1:1","0",1016,"classic",0.955012908739534,0.963450685299651,58,0.569530246324214,0.53921568627451,0.425548275862069,-0.75434362745098,0.413793103448276,-2.3367130972493,0.101254922511459,0.337495008666612,0.152376518935182,0.262626262626263,-0.523453078554471,0.218390804597701,-0.155172413793103,-1.03448275862069
"1arc-Iteration1-PA1:1DO:0-Seed1017","1 arc-second",1,"1:1","0",1017,"classic",0.95324763535076,0.960763235689331,58,0.633315660277752,0.588235294117647,0.351930280172414,-0.450849831495098,0.413793103448276,-1.76446094883578,0.403859052510841,0.321139994704866,0.191621487413586,0.191919191919192,-0.217428935436703,0.218390804597701,-0.224137931034483,-0.551724137931035
"1arc-Iteration1-PA1:1DO:0-Seed1018","1 arc-second",1,"1:1","0",1018,"classic",0.905926323226271,0.94974469228702,58,0.606464080205195,0.590686274509804,0.35022827908046,-0.443833248562091,0.413793103448276,-1.67569471560279,0.422352098702557,0.306354257255829,0.231664683515831,0.232323232323232,-0.203025417874224,0.218390804597701,-0.258620689655172,-0.53448275862069
"1arc-Iteration1-PA1:1DO:0-Seed1019","1 arc-second",1,"1:1","0",1019,"classic",0.839520469684444,0.873152378392905,58,0.603866492009514,0.558823529411765,0.349810808429119,-0.44211220533769,0.413793103448276,-1.68881758741063,0.393963490430072,0.313965380850963,0.201507119760927,0.222222222222222,-0.216209913493924,0.218390804597701,-0.206896551724138,-0.53448275862069
"1arc-Iteration1-PA1:1DO:0-Seed1020","1 arc-second",1,"1:1","0",1020,"classic",0.908955980883309,0.927573233001881,58,0.616038182020119,0.580882352941176,0.34624524137931,-0.427412980392157,0.413793103448276,-1.64388096934627,0.337405299765868,0.315445811653433,0.187107258728775,0.252525252525253,-0.207914013234772,0.218390804597701,-0.0862068965517241,-0.706896551724138
"1arc-Iteration1-PA1:1DO:0-Seed1021","1 arc-second",1,"1:1","0",1021,"classic",0.946855696491715,0.953238376780435,58,0.646739453246809,0.60968137254902,0.324902104846743,-0.339424853804466,0.413793103448276,-1.50977588760557,0.594844431686567,0.298726723866507,0.27244479933327,0.282828282828283,-0.133886374806148,0.218390804597701,-0.206896551724138,-0.344827586206896
"1arc-Iteration1-PA1:1DO:0-Seed1022","1 arc-second",1,"1:1","0",1022,"classic",0.834317603961261,0.903789303950551,58,0.622569951927836,0.661151960784314,0.391079931034483,-0.61224618627451,0.413793103448276,-2.47515261873927,0.340225030748589,0.324940669192949,0.168020454284214,0.232323232323232,-0.44657476713573,0.218390804597701,-0.120689655172414,-0.844827586206897
"1arc-Iteration1-PA1:2DO:0-Seed1004","1 arc-second",1,"1:2","0",1004,"classic",0.777416259755541,0.910911045417898,58,0.629691090540279,0.564950980392157,0.309668805076628,-0.276624828771787,0.413793103448276,-1.12988701364229,0.347441760003923,0.315432902562094,0.198281598979466,0.141414141414141,-0.0995299948760619,0.218390804597701,-0.137931034482759,-0.275862068965517
"1arc-Iteration1-PA1:2DO:0-Seed1005","1 arc-second",1,"1:2","0",1005,"classic",0.884561124062989,0.94739317387799,58,0.588877299341963,0.591299019607843,0.323555103448276,-0.333871774509804,0.413793103448276,-1.40033534303478,0.355191969203297,0.305535975127389,0.205400009151031,0.272727272727273,-0.162045488033845,0.218390804597701,-0.155172413793103,-0.379310344827586
"1arc-Iteration1-PA1:2DO:0-Seed1006","1 arc-second",1,"1:2","0",1006,"classic",0.822526754212916,0.918637463047568,58,0.603215539235236,0.547794117647059,0.324158271382814,-0.336358363886994,0.413793103448276,-1.14303008075415,0.277234752616423,0.311155355944188,0.199859087087953,0.101010101010101,-0.117880038522869,0.218390804597701,-0.155172413793103,-0.224137931034483
"1arc-Iteration1-PA1:3DO:0-Seed1007","1 arc-second",1,"1:3","0",1007,"classic",0.809381742500358,0.948893666577085,58,0.626347645655182,0.583333333333333,0.282244432049808,-0.16356650663671,0.413793103448276,-0.831646594138088,0.390512971661831,0.309145091501777,0.216960580838083,0.151515151515152,-0.0543319514852318,0.224137931034483,-0.0862068965517241,-0.0862068965517241
"1arc-Iteration1-PA1:3DO:0-Seed1008","1 arc-second",1,"1:3","0",1008,"classic",0.754435264534854,0.920451491534534,58,0.618404100950261,0.5625,0.323609655172414,-0.334096666666666,0.413793103448276,-0.993138154397964,0.206991421464331,0.322192623733285,0.169569540000938,0.0505050505050505,-0.10395705586066,0.120689655172414,-0.103448275862069,-0.189655172413793
"1arc-Iteration1-PA1:3DO:0-Seed1009","1 arc-second",1,"1:3","0",1009,"classic",0.833617147430597,0.948669712442892,58,0.674990682280729,0.618872549019608,0.278408540229885,-0.147752854575163,0.413793103448276,-0.795364338030719,0.409341245674721,0.306970182776375,0.22673170188743,0.232323232323232,-0.0268212442431835,0.114942528735632,-0.0517241379310345,0.0172413793103448
"1arc-Iteration1-PA1:4DO:0-Seed1010","1 arc-second",1,"1:4","0",1010,"classic",0.711870469565783,0.934594195108842,58,0.655839555756807,0.587622549019608,0.320961931034483,-0.323181294117647,0.413793103448276,-0.978681112700536,0.239597565381495,0.33211697012497,0.16914917522522,0.141414141414141,-0.106389592981747,0.132183908045977,-0.0517241379310344,-0.362068965517241
"1arc-Iteration1-PA1:4DO:0-Seed1011","1 arc-second",1,"1:4","0",1011,"classic",0.777578184994754,0.921862402579952,58,0.588111520261211,0.558823529411765,0.347026689655172,-0.430634539215686,0.413793103448276,-1.04852285127671,0.13504715744977,0.345626075941735,0.151421948592562,0.191919191919192,-0.198237263809429,0.149425287356322,-0.0517241379310345,-0.53448275862069
"1arc-Iteration1-PA1:4DO:0-Seed1012","1 arc-second",1,"1:4","0",1012,"classic",0.819882668945225,0.95374227358237,58,0.634103347899565,0.574142156862745,0.295633210060192,-0.218762400297163,0.413793103448276,-0.617473704971512,0.195958458671329,0.315137902395216,0.190763990253814,0.181818181818182,-0.0424941078789223,0.109195402298851,-0.0689655172413793,0.0172413793103448
"3arc-Iteration0-PA1:1.25DO:0-Seed1022","3 arc-second",0,"1:1.25","0",1022,"classic",0.99077380952381,0.992063492063492,58,0.419779622286182,0.444852941176471,0.525297103448276,-1.16556305882353,0.413793103448276,-4.85252183266196,-0.0338026624115155,0.425750228941579,0.066785485175276,0.222222222222222,-1.34459587667173,0.218390804597701,-0.172413793103448,-1.18965517241379
"3arc-Iteration0-PA1:1.25DO:0-Seed1023","3 arc-second",0,"1:1.25","0",1023,"classic",1,1,58,0.526694399004017,0.471200980392157,0.543744344827586,-1.24161271568627,0.413793103448276,-5.15962852553785,0.0402321158871316,0.438994189603482,0.0567583077997311,0.222222222222222,-1.4867840460769,0.218390804597701,-0.172413793103448,-1.3448275862069
"3arc-Iteration0-PA1:1.25DO:0-Seed1024","3 arc-second",0,"1:1.25","0",1024,"classic",0.963348936065654,0.964285714285714,58,0.51922070732563,0.478553921568627,0.54516924137931,-1.24748692156863,0.413793103448276,-5.51209444432676,0.0264903990452163,0.464010785629237,0.056280300335423,0.222222222222222,-1.5292661392382,0.218390804597701,-0.172413793103448,-1.3448275862069
"3arc-Iteration0-PA1:1.25DO:0-Seed1025","3 arc-second",0,"1:1.25","0",1025,"classic",0.980680868838764,0.98015873015873,58,0.517371009026702,0.487132352941176,0.56704724137931,-1.33768004901961,0.413793103448276,-7.29026408908027,0.0029219424012635,0.62242134721486,0.0574648704304588,0.222222222222222,-1.82450194178852,0.218390804597701,-0.172413793103448,-1.3448275862069
"3arc-Iteration0-PA1:1.25DO:0-Seed1026","3 arc-second",0,"1:1.25","0",1026,"classic",0.954003708506814,0.948412698412698,58,0.521503331529424,0.471813725490196,0.55301275862069,-1.27982220588235,0.413793103448276,-10.7026464693849,-0.00866935528826355,0.960774983533528,0.0533029089833065,0.222222222222222,-1.74234762987116,0.218390804597701,-0.172413793103448,-1.24137931034483
"3arc-Iteration0-PA1:1.25DO:0-Seed1052","3 arc-second",0,"1:1.25","0",1052,"classic",0.952259164535379,0.944444444444444,58,0.495959857780697,0.405637254901961,0.581781724137931,-1.39842367647059,0.413793103448276,-12.5865076087624,-0.0885920012896566,0.428521458928306,0.0609518816959412,0.222222222222222,-2.07144995101448,0.218390804597701,-0.172413793103448,-1.3448275862069
"3arc-Iteration0-PA1:1.25DO:0-Seed1053","3 arc-second",0,"1:1.25","0",1053,"classic",0.93699604743083,0.918650793650794,58,0.510942963148471,0.448529411764706,0.562626137931034,-1.31945383333333,0.413793103448276,-12.0318111677373,-0.0373763857687741,0.536364175621081,0.0548414098847807,0.222222222222222,-1.80654026388592,0.218390804597701,-0.172413793103448,-1.3448275862069
"3arc-Iteration0-PA1:1.25DO:0-Seed1054","3 arc-second",0,"1:1.25","0",1054,"classic",0.975186420722135,0.98015873015873,58,0.418349811523941,0.439338235294118,0.556338413793103,-1.29353238235294,0.413793103448276,-5.15547084469702,-0.0516364461875645,0.380685438270026,0.0704226287318691,0.222222222222222,-1.54522034641497,0.218390804597701,-0.172413793103448,-1.3448275862069
"3arc-Iteration0-PA1:1.25DO:0-Seed1055","3 arc-second",0,"1:1.25","0",1055,"classic",0.973796185140723,0.976190476190476,58,0.511043673966841,0.442401960784314,0.562913724137931,-1.32063942156863,0.413793103448276,-5.7111868293427,0.0185363975496099,0.500839213462714,0.0546355479986605,0.222222222222222,-1.65451790477209,0.218390804597701,-0.172413793103448,-1.3448275862069
"3arc-Iteration0-PA1:1.25DO:0-Seed1056","3 arc-second",0,"1:1.25","0",1056,"classic",0.977137104841937,0.98015873015873,58,0.499170363656723,0.457720588235294,0.555049724137931,-1.28821969607843,0.413793103448276,-5.76275069105728,0.0052229756925845,0.461408545618286,0.0557240349559912,0.222222222222222,-1.6492500196714,0.218390804597701,-0.172413793103448,-1.3448275862069
"3arc-Iteration0-PA1:1.25DO:0-Seed1057","3 arc-second",0,"1:1.25","0",1057,"classic",0.880272166221414,0.873015873015873,58,0.547808242109174,0.462009803921569,0.554585103448276,-1.2863042745098,0.413793103448276,-12.028147884468,-0.00561834583536689,0.538036894863852,0.0506212875200502,0.222222222222222,-1.74110434782151,0.218390804597701,-0.172413793103448,-1.3448275862069
"3arc-Iteration0-PA1:1.25DO:0-Seed1058","3 arc-second",0,"1:1.25","0",1058,"classic",0.949446958270488,0.948412698412698,58,0.528424608913614,0.48468137254902,0.563559793103448,-1.32330287254902,0.413793103448276,-9.49626148877288,-0.00211676191462457,1.27110233348857,0.0551697253826055,0.222222222222222,-1.79737252489944,0.218390804597701,-0.172413793103448,-1.3448275862069
"3arc-Iteration0-PA1:1.25DO:0-Seed1059","3 arc-second",0,"1:1.25","0",1059,"classic",0.922049483669066,0.920634920634921,58,0.437688308967776,0.439338235294118,0.567821862068966,-1.34087346078431,0.413793103448276,-6.57865907946743,-0.0601380596731545,0.424329355205855,0.0649599793011668,0.222222222222222,-1.87770576223372,0.218390804597701,-0.172413793103448,-1.3448275862069
"3arc-Iteration0-PA1:1.25DO:0-Seed1060","3 arc-second",0,"1:1.25","0",1060,"classic",0.90314425549388,0.908730158730159,58,0.464946578518711,0.392769607843137,0.554883103448276,-1.28753279411765,0.413793103448276,-8.44526027166649,-0.0466758913922604,0.935853712573162,0.0570366169150681,0.222222222222222,-1.88167373085737,0.218390804597701,-0.172413793103448,-1.24137931034483
"3arc-Iteration0-PA1:1.25DO:0-Seed1061","3 arc-second",0,"1:1.25","0",1061,"classic",0.96107535321821,0.948412698412698,58,0.524729492119294,0.468137254901961,0.555563586206896,-1.29033811764706,0.413793103448276,-7.76145007385325,-0.000312991962543346,0.990787051393492,0.0524524756532761,0.222222222222222,-1.70695424867817,0.218390804597701,-0.172413793103448,-1.3448275862069
"3arc-Iteration0-PA1:1.5DO:0-Seed1013","3 arc-second",0,"1:1.5","0",1013,"classic",0.957135589278446,0.945578231292517,58,0.528539181297214,0.466299019607843,0.549129172413793,-1.26381193137255,0.413793103448276,-7.07904436083227,0.0260049475790703,0.630193537466201,0.0552630306571382,0.222222222222222,-1.76176730521523,0.218390804597701,-0.172413793103448,-1.18965517241379
"3arc-Iteration0-PA1:1.5DO:0-Seed1014","3 arc-second",0,"1:1.5","0",1014,"classic",0.970508658008658,0.967687074829932,58,0.551770888591546,0.490196078431373,0.516389931034483,-1.12884280392157,0.413793103448276,-3.9344253620066,0.124022412980882,0.366043087003809,0.0969915440446885,0.222222222222222,-1.15936936507119,0.218390804597701,-0.172413793103448,-1.36206896551724
"3arc-Iteration0-PA1:1.5DO:0-Seed1015","3 arc-second",0,"1:1.5","0",1015,"classic",0.985475536368393,0.989795918367347,58,0.514635809455662,0.48468137254902,0.543349724137931,-1.23998587254902,0.413793103448276,-8.63487032910456,-0.00474284799840166,0.917631252268569,0.0554950441750384,0.222222222222222,-1.78220206113227,0.218390804597701,-0.137931034482759,-1.18965517241379
"3arc-Iteration0-PA1:1.75DO:0-Seed1027","3 arc-second",0,"1:1.75","0",1027,"classic",1,1,58,0.592545458354282,0.608455882352941,0.567170620689655,-1.33818868627451,0.413793103448276,-9.9249591656189,0.0630474245783433,1.03037850994324,0.0616589820650418,0.222222222222222,-1.93035962303498,0.218390804597701,-0.172413793103448,-1.3448275862069
"3arc-Iteration0-PA1:1.75DO:0-Seed1028","3 arc-second",0,"1:1.75","0",1028,"classic",0.975595238095238,0.98,58,0.560248623289097,0.501225490196078,0.515984689655172,-1.12717217647059,0.413793103448276,-4.0950030939378,0.123140794893408,0.370464442491926,0.065625093124819,0.222222222222222,-1.19185238488474,0.218390804597701,-0.172413793103448,-1.18965517241379
"3arc-Iteration0-PA1:1.75DO:0-Seed1029","3 arc-second",0,"1:1.75","0",1029,"classic",0.941012938729657,0.964285714285714,58,0.434988579018617,0.482230392156863,0.511064965517241,-1.10689037254902,0.413793103448276,-4.18804714099428,0.0325676567466226,0.352748272696357,0.0945321095166175,0.222222222222222,-1.2855497779808,0.218390804597701,-0.172413793103448,-1.18965517241379
"3arc-Iteration0-PA1:1.75DO:0-Seed1030","3 arc-second",0,"1:1.75","0",1030,"classic",0.889438431938432,0.895714285714286,58,0.498497054812864,0.412990196078431,0.554433172413793,-1.28567793137255,0.413793103448276,-12.5864685642121,-0.0642724283156601,0.428534427487368,0.0561232620957002,0.222222222222222,-1.88196273438234,0.218390804597701,-0.172413793103448,-1.18965517241379
"3arc-Iteration0-PA1:1.75DO:0-Seed1031","3 arc-second",0,"1:1.75","0",1031,"classic",0.970508658008658,0.972857142857143,58,0.555447999165098,0.517156862745098,0.558911931034483,-1.30414183333333,0.413793103448276,-5.81811812497149,0.100857917280965,0.394995606120305,0.0642890683321881,0.222222222222222,-1.74382907150812,0.218390804597701,-0.172413793103448,-1.3448275862069
"3arc-Iteration0-PA1:1DO:0-Seed1001","3 arc-second",0,"1:1","0",1001,"classic",0.954082522336998,0.933673469387755,58,0.498360535084964,0.455882352941176,0.551272344827586,-1.27264726470588,0.413793103448276,-6.27571660293215,-0.00497783049254498,0.49622188404296,0.055862017963164,0.222222222222222,-1.70072503924675,0.218390804597701,-0.172413793103448,-1.24137931034483
"3arc-Iteration0-PA1:1DO:0-Seed1002","3 arc-second",0,"1:1","0",1002,"classic",0.970296964939822,0.959183673469388,58,0.523373633700762,0.444852941176471,0.560512965517241,-1.31074217647059,0.413793103448276,-6.28850298526473,0.0158391322465442,0.639868262545563,0.0525983021596573,0.222222222222222,-1.63834432642506,0.218390804597701,-0.172413793103448,-1.3448275862069
"3arc-Iteration0-PA1:1DO:0-Seed1003","3 arc-second",0,"1:1","0",1003,"classic",0.941815734390922,0.923469387755102,58,0.511677219989554,0.449754901960784,0.554561655172414,-1.28620760784314,0.413793103448276,-12.2528650930631,-0.0392293761648158,0.489183478486035,0.0556677568235258,0.222222222222222,-1.82932506894717,0.218390804597701,-0.172413793103448,-1.24137931034483
"3arc-Iteration0-PA1:2.25DO:0-Seed1032","3 arc-second",0,"1:2.25","0",1032,"classic",0.963624338624339,0.96875,58,0.530188604076923,0.496323529411765,0.554987103448276,-1.28796153921569,0.413793103448276,-11.3802757695741,-4.84444499173105e-05,0.703895841529443,0.0579853125343457,0.222222222222222,-1.86861230846952,0.218390804597701,-0.172413793103448,-1.24137931034483
"3arc-Iteration0-PA1:2.25DO:0-Seed1033","3 arc-second",0,"1:2.25","0",1033,"classic",0.978361857563538,0.988839285714286,58,0.500112236230942,0.447303921568627,0.539990344827586,-1.22613666666667,0.413793103448276,-8.16378773716786,-0.0166136502607277,0.957276935007353,0.0540704703425656,0.222222222222222,-1.77871690906184,0.218390804597701,-0.137931034482759,-1.18965517241379
"3arc-Iteration0-PA1:2.25DO:0-Seed1034","3 arc-second",0,"1:2.25","0",1034,"classic",0.995068027210884,0.997767857142857,58,0.508423669140986,0.471200980392157,0.54710475862069,-1.25546618627451,0.413793103448276,-8.26408322258571,-0.0181715248959282,0.957850347050389,0.0542603165359204,0.222222222222222,-1.75049445849392,0.218390804597701,-0.172413793103448,-1.24137931034483
"3arc-Iteration0-PA1:2.25DO:0-Seed1035","3 arc-second",0,"1:2.25","0",1035,"classic",0.903089322685596,0.930803571428571,58,0.504677232402796,0.436274509803922,0.548443448275862,-1.260985,0.413793103448276,-7.12173212665928,0.0117008644905559,0.55054000459142,0.0575654560904148,0.222222222222222,-1.86246224173179,0.218390804597701,-0.172413793103448,-1.24137931034483
"3arc-Iteration0-PA1:2.25DO:0-Seed1036","3 arc-second",0,"1:2.25","0",1036,"classic",1,1,58,0.501729077349438,0.42218137254902,0.540043931034483,-1.22635757843137,0.413793103448276,-12.4299851115559,-0.0514204200446496,0.456154577745521,0.0500519480150081,0.222222222222222,-1.67029164872056,0.218390804597701,-0.172413793103448,-1.13793103448276
"3arc-Iteration0-PA1:2.5DO:0-Seed1016","3 arc-second",0,"1:2.5","0",1016,"classic",0.984046310832025,0.994047619047619,58,0.506507107930911,0.426470588235294,0.529496413793103,-1.18287492156863,0.413793103448276,-11.3502014858566,-0.0213822851978992,0.722948186261428,0.0512348990715011,0.222222222222222,-1.72285783931256,0.218390804597701,-0.120689655172414,-1.13793103448276
"3arc-Iteration0-PA1:2.5DO:0-Seed1017","3 arc-second",0,"1:2.5","0",1017,"classic",0.88367579295831,0.922619047619048,58,0.602579674512035,0.482843137254902,0.527626965517241,-1.17516802941176,0.413793103448276,-13.4709205542272,-0.00539996408066845,0.316955251032338,0.0537923187377026,0.222222222222222,-1.79829762639313,0.218390804597701,-0.120689655172414,-1.13793103448276
"3arc-Iteration0-PA1:2.5DO:0-Seed1018","3 arc-second",0,"1:2.5","0",1018,"classic",0.99077380952381,0.996031746031746,58,0.509158734948181,0.501838235294118,0.507941103448276,-1.09401209803922,0.413793103448276,-4.10487432248676,0.0484239014678907,0.391601602169839,0.0687868390577074,0.222222222222222,-1.16515335190642,0.218390804597701,-0.172413793103448,-1.20689655172414
"3arc-Iteration0-PA1:2.75DO:0-Seed1037","3 arc-second",0,"1:2.75","0",1037,"classic",0.928929128751799,0.937728937728938,58,0.63390593111097,0.502450980392157,0.537019724137931,-1.2138901372549,0.413793103448276,-13.6333310425084,0.0114460334258491,0.302741423458177,0.0579702982704133,0.222222222222222,-1.8517709980357,0.218390804597701,-0.120689655172414,-1.18965517241379
"3arc-Iteration0-PA1:2.75DO:0-Seed1038","3 arc-second",0,"1:2.75","0",1038,"classic",0.947482629415403,0.95970695970696,58,0.490159935157026,0.424632352941176,0.521957448275862,-1.15179516666667,0.413793103448276,-10.6851169493844,-0.0356982677346347,0.976168235634165,0.0492812829121491,0.232323232323232,-1.59864758180321,0.218390804597701,-0.120689655172414,-1.1551724137931
"3arc-Iteration0-PA1:2.75DO:0-Seed1039","3 arc-second",0,"1:2.75","0",1039,"classic",0.922275830622104,0.93956043956044,58,0.577531732907653,0.536151960784314,0.520072,-1.14402231372549,0.413793103448276,-4.09493097967294,0.137621075570465,0.360946823631963,0.0819580595402458,0.222222222222222,-1.20172891831519,0.218390804597701,-0.172413793103448,-1.3448275862069
"3arc-Iteration0-PA1:2.75DO:0-Seed1040","3 arc-second",0,"1:2.75","0",1040,"classic",0.95499462943072,0.957875457875458,58,0.521953109720021,0.470588235294118,0.552841586206897,-1.27911653921569,0.413793103448276,-11.3782662130383,-0.00667442421666962,0.705135721955518,0.0577003649855878,0.222222222222222,-1.90414299686187,0.218390804597701,-0.172413793103448,-1.18965517241379
"3arc-Iteration0-PA1:2.75DO:0-Seed1041","3 arc-second",0,"1:2.75","0",1041,"classic",0.945149780433032,0.967032967032967,58,0.48310464434414,0.366421568627451,0.550798551724138,-1.27069402941176,0.413793103448276,-12.8362742257393,-0.0863529245343129,0.390415805346675,0.0569067920708556,0.222222222222222,-1.91215327302418,0.218390804597701,-0.172413793103448,-1.18965517241379
"3arc-Iteration0-PA1:2DO:0-Seed1004","3 arc-second",0,"1:2","0",1004,"classic",0.980909863945578,0.989795918367347,58,0.48096607015162,0.477941176470588,0.508341655172414,-1.09566339215686,0.413793103448276,-3.8450645179934,-0.0776638584296143,0.339025851973792,0.158408781154097,0.222222222222222,-1.24467331518977,0.218390804597701,-0.172413793103448,-1.20689655172414
"3arc-Iteration0-PA1:2DO:0-Seed1005","3 arc-second",0,"1:2","0",1005,"classic",1,1,58,0.518824175771459,0.462622549019608,0.55278124137931,-1.27886776470588,0.413793103448276,-10.6979472984908,-0.0127696907553613,0.964853725375771,0.0526768312001604,0.222222222222222,-1.7575713376236,0.218390804597701,-0.172413793103448,-1.3448275862069
"3arc-Iteration0-PA1:2DO:0-Seed1006","3 arc-second",0,"1:2","0",1006,"classic",0.942583738476233,0.950255102040816,58,0.563586498643307,0.568014705882353,0.550538827586207,-1.26962330392157,0.413793103448276,-6.990311323993,0.0485167716108323,0.627449801494121,0.0554081715254518,0.222222222222222,-1.63920666561529,0.218390804597701,-0.172413793103448,-1.3448275862069
"3arc-Iteration0-PA1:3.25DO:0-Seed1042","3 arc-second",0,"1:3.25","0",1042,"classic",0.858760985299739,0.875776397515528,58,0.634081268120993,0.564950980392157,0.536778965517241,-1.21289759803922,0.413793103448276,-12.941401754073,0.0561524769992014,0.376025438432766,0.0544560463566934,0.222222222222222,-1.8257589423238,0.218390804597701,-0.137931034482759,-1.18965517241379
"3arc-Iteration0-PA1:3.25DO:0-Seed1043","3 arc-second",0,"1:3.25","0",1043,"classic",0.930808745785704,0.958850931677019,58,0.530248093083603,0.503676470588235,0.510163034482759,-1.10317211764706,0.413793103448276,-4.08654974079324,0.0867930259385525,0.353997809578302,0.105912059041953,0.222222222222222,-1.28017808161405,0.218390804597701,-0.172413793103448,-1.18965517241379
"3arc-Iteration0-PA1:3.25DO:0-Seed1044","3 arc-second",0,"1:3.25","0",1044,"classic",0.931744139963678,0.963509316770186,58,0.577016446521641,0.544730392156863,0.505843172413793,-1.0853632745098,0.413793103448276,-3.86106264875538,0.163392480449963,0.347183823664351,0.132303991497009,0.222222222222222,-1.09869206834983,0.218390804597701,-0.172413793103448,-1.20689655172414
"3arc-Iteration0-PA1:3.25DO:0-Seed1045","3 arc-second",0,"1:3.25","0",1045,"classic",0.89796123273871,0.937111801242236,58,0.416963933932937,0.39031862745098,0.546251379310345,-1.25194808823529,0.413793103448276,-6.45448534908934,-0.0595792644378185,0.437002282908294,0.062303776112597,0.222222222222222,-1.82697409787275,0.218390804597701,-0.172413793103448,-1.24137931034483
"3arc-Iteration0-PA1:3.25DO:0-Seed1046","3 arc-second",0,"1:3.25","0",1046,"classic",0.963624338624339,0.978260869565217,58,0.529784359643381,0.498161764705882,0.494008413793103,-1.03657390196078,0.413793103448276,-3.74754484638188,0.132192133267676,0.35285991988235,0.0995350705202154,0.222222222222222,-1.12609002357629,0.218390804597701,-0.155172413793103,-1.18965517241379
"3arc-Iteration0-PA1:3.5DO:0-Seed1019","3 arc-second",0,"1:3.5","0",1019,"classic",0.92734281212485,0.927857142857143,58,0.539279157497472,0.518382352941177,0.536835172413793,-1.21312931372549,0.413793103448276,-10.7736656789412,0.0138675238395813,0.903248442245811,0.0560578587217992,0.232323232323232,-1.85134363748192,0.218390804597701,-0.137931034482759,-1.18965517241379
"3arc-Iteration0-PA1:3.5DO:0-Seed1020","3 arc-second",0,"1:3.5","0",1020,"classic",0.902564992248039,0.967142857142857,58,0.503263437753181,0.506127450980392,0.494939862068966,-1.04041384313725,0.413793103448276,-3.62207942806496,0.0927540412555443,0.337296002980347,0.126996306917491,0.222222222222222,-1.06259437074029,0.218390804597701,-0.172413793103448,-1.20689655172414
"3arc-Iteration0-PA1:3.5DO:0-Seed1021","3 arc-second",0,"1:3.5","0",1021,"classic",0.954288766788767,0.965714285714286,58,0.60504439347546,0.487745098039216,0.539632965517241,-1.22466335294118,0.413793103448276,-13.3458987073203,0.0051540777792002,0.329060800171258,0.0548988592893785,0.242424242424242,-1.88099374377578,0.218390804597701,-0.120689655172414,-1.18965517241379
"3arc-Iteration0-PA1:3.75DO:0-Seed1047","3 arc-second",0,"1:3.75","0",1047,"classic",0.930945486302629,0.961640211640212,58,0.524745255228712,0.498161764705882,0.534012482758621,-1.2014926372549,0.413793103448276,-6.92404952165401,0.0336311227309318,0.501101604119047,0.0565136807066192,0.232323232323232,-1.79237372829467,0.218390804597701,-0.137931034482759,-1.18965517241379
"3arc-Iteration0-PA1:3.75DO:0-Seed1048","3 arc-second",0,"1:3.75","0",1048,"classic",0.960710313046242,0.977762803234501,58,0.494762532170608,0.494485294117647,0.491876689655172,-1.02778576470588,0.413793103448276,-3.94894541055407,0.0442790617516325,0.382911594002064,0.0676224280127358,0.222222222222222,-1.14329291934535,0.218390804597701,-0.120689655172414,-1.24137931034483
"3arc-Iteration0-PA1:3.75DO:0-Seed1049","3 arc-second",0,"1:3.75","0",1049,"classic",0.905454534518574,0.955026455026455,58,0.629606454741226,0.488357843137255,0.574436689655172,-1.36814341176471,0.413793103448276,-13.682300818231,-0.000906892915565715,0.298755771625012,0.0689261834753403,0.222222222222222,-1.98527389749256,0.218390804597701,-0.172413793103448,-1.3448275862069
"3arc-Iteration0-PA1:3.75DO:0-Seed1050","3 arc-second",0,"1:3.75","0",1050,"classic",0.884758836645026,0.882275132275132,58,0.492838151394125,0.435661764705882,0.538381724137931,-1.21950504901961,0.413793103448276,-10.715615083058,-0.0395608248009717,0.949768670901987,0.0522935251579758,0.222222222222222,-1.7130497078541,0.218390804597701,-0.172413793103448,-1.18965517241379
"3arc-Iteration0-PA1:3.75DO:0-Seed1051","3 arc-second",0,"1:3.75","0",1051,"classic",0.980680868838764,0.993386243386243,58,0.590094494912658,0.549632352941176,0.487371034482759,-1.00921098039216,0.413793103448276,-3.69734993615322,0.202897852720659,0.339398163030249,0.118236142383125,0.222222222222222,-1.0279024426857,0.218390804597701,-0.172413793103448,-1.13793103448276
"3arc-Iteration0-PA1:3DO:0-Seed1007","3 arc-second",0,"1:3","0",1007,"classic",0.921837182994844,0.942691029900332,58,0.497924802380488,0.447303921568627,0.518722344827586,-1.13845829411765,0.413793103448276,-10.7189411394428,-0.0212949218363986,0.946943023943658,0.0505542954351599,0.303030303030303,-1.7303663928855,0.235632183908046,-0.120689655172414,-1.13793103448276
"3arc-Iteration0-PA1:3DO:0-Seed1008","3 arc-second",0,"1:3","0",1008,"classic",0.963624338624339,0.976744186046512,58,0.612794471412358,0.512867647058823,0.543111103448276,-1.23900214705882,0.413793103448276,-13.3459132261264,0.0105351751137519,0.329057864705093,0.0540167405912512,0.222222222222222,-1.83300914917175,0.218390804597701,-0.172413793103448,-1.18965517241379
"3arc-Iteration0-PA1:3DO:0-Seed1009","3 arc-second",0,"1:3","0",1009,"classic",0.989769754055468,0.996677740863787,58,0.523830389636563,0.504289215686274,0.527809862068966,-1.17592202941176,0.413793103448276,-6.30250449325915,0.0179682684264742,0.563224412989854,0.0530207719722373,0.222222222222222,-1.61659866187303,0.218390804597701,-0.120689655172414,-1.18965517241379
"3arc-Iteration0-PA1:4DO:0-Seed1010","3 arc-second",0,"1:4","0",1010,"classic",0.864831352121268,0.93483709273183,58,0.519456097344083,0.472426470588235,0.556758827586207,-1.29526555882353,0.413793103448276,-12.0315119908439,-0.0262912366995117,0.536499684489412,0.055684572674429,0.222222222222222,-1.86269940356671,0.218390804597701,-0.172413793103448,-1.24137931034483
"3arc-Iteration0-PA1:4DO:0-Seed1011","3 arc-second",0,"1:4","0",1011,"classic",0.94697862308499,0.982456140350877,58,0.438605354550989,0.504901960784314,0.499916896551724,-1.06093191176471,0.413793103448276,-4.01194554650359,0.0039824624778464,0.375012976748047,0.0899638074593535,0.222222222222222,-1.13473644760941,0.218390804597701,-0.172413793103448,-1.20689655172414
"3arc-Iteration0-PA1:4DO:0-Seed1012","3 arc-second",0,"1:4","0",1012,"classic",0.957346574993634,0.974937343358396,58,0.507135836388572,0.434436274509804,0.540535862068966,-1.22838558823529,0.413793103448276,-12.0260749655945,-0.0413046398535691,0.53898847643914,0.0499644999726315,0.222222222222222,-1.66671674046806,0.218390804597701,-0.172413793103448,-1.18965517241379
"3arc-Iteration1-PA1:1DO:0-Seed1001","3 arc-second",1,"1:1","0",1001,"classic",0.978654382360417,0.98,58,0.591520042813416,0.596813725490196,0.415482482758621,-0.712846901960784,0.413793103448276,-2.50985698914729,0.336549405859664,0.318768063650808,0.198428423713227,0.232323232323232,-0.480125732369058,0.218390804597701,-0.172413793103448,-0.844827586206897
"3arc-Iteration1-PA1:1DO:0-Seed1002","3 arc-second",1,"1:1","0",1002,"classic",0.887534739635401,0.927407407407407,58,0.625259249407951,0.704656862745098,0.425273172413793,-0.7532095,0.413793103448276,-2.99186486496486,0.189307417015541,0.348949372149772,0.0940628730476657,0.222222222222222,-0.620332299181655,0.218390804597701,-0.172413793103448,-0.931034482758621
"3arc-Iteration1-PA1:1DO:0-Seed1003","3 arc-second",1,"1:1","0",1003,"classic",0.861820330772453,0.930123456790123,58,0.539709711068975,0.486519607843137,0.431485172413793,-0.778818774509804,0.413793103448276,-2.10909928996738,0.0926960563114318,0.340891045171847,0.150039434791097,0.0707070707070707,-0.473937739229068,0.218390804597701,-0.189655172413793,-1.03448275862069
"3arc-Iteration1-PA1:1DO:0-Seed1013","3 arc-second",1,"1:1","0",1013,"classic",0.909687864051703,0.915555555555556,58,0.482828477909639,0.525735294117647,0.427342689655172,-0.76174118627451,0.413793103448276,-2.82892656905124,0.026526809279663,0.379664855533504,0.0627120065172092,0.222222222222222,-0.679850515290831,0.218390804597701,-0.103448275862069,-1
"3arc-Iteration1-PA1:1DO:0-Seed1014","3 arc-second",1,"1:1","0",1014,"classic",0.939434139676161,0.95283950617284,58,0.61063502916006,0.556372549019608,0.439885835249042,-0.813450918845316,0.413793103448276,-2.29616391136648,0.0841925918172921,0.326609741411867,0.170718841769862,0.141414141414141,-0.487477157324347,0.218390804597701,-0.258620689655172,-0.810344827586207
"3arc-Iteration1-PA1:1DO:0-Seed1015","3 arc-second",1,"1:1","0",1015,"classic",0.941190690761322,0.94962962962963,58,0.625253838211957,0.611519607843137,0.393264551724138,-0.621252392156863,0.413793103448276,-2.28630252920008,0.401579387777362,0.321194767649509,0.196599211680863,0.222222222222222,-0.379025837554291,0.218390804597701,-0.172413793103448,-0.655172413793104
"3arc-Iteration1-PA1:1DO:0-Seed1016","3 arc-second",1,"1:1","0",1016,"classic",0.956322111516122,0.961728395061728,58,0.515504944826121,0.545343137254902,0.400582808429119,-0.65142226416122,0.413793103448276,-1.9584192259677,0.148448538007764,0.306368636897845,0.224009714635468,0.222222222222222,-0.352395092273609,0.218390804597701,-0.241379310344828,-0.810344827586207
"3arc-Iteration1-PA1:1DO:0-Seed1017","3 arc-second",1,"1:1","0",1017,"classic",0.904005087700297,0.92641975308642,58,0.46681909865174,0.534926470588235,0.429094291187739,-0.768962249455337,0.413793103448276,-2.18784429635783,0.0684887188203491,0.317786113146841,0.188240644360408,0.151515151515152,-0.443662290099682,0.218390804597701,-0.241379310344828,-0.862068965517241
"3arc-Iteration1-PA1:1DO:0-Seed1018","3 arc-second",1,"1:1","0",1018,"classic",0.934682127627453,0.944691358024691,58,0.575095046638906,0.587009803921569,0.41998172716727,-0.731395257586637,0.413793103448276,-2.30203917792461,0.214212864298647,0.302094468072156,0.229490072212123,0.262626262626263,-0.442299579370923,0.218390804597701,-0.120689655172414,-1.01724137931034
"3arc-Iteration1-PA1:1DO:0-Seed1019","3 arc-second",1,"1:1","0",1019,"classic",0.844810664228886,0.9,58,0.522538984762316,0.477328431372549,0.404652965517241,-0.66820168627451,0.413793103448276,-2.0119121277226,0.108288563748472,0.318691089090058,0.188235634325814,0.212121212121212,-0.407883914294341,0.218390804597701,-0.172413793103448,-0.948275862068965
"3arc-Iteration1-PA1:1DO:0-Seed1020","3 arc-second",1,"1:1","0",1020,"classic",0.875532499364906,0.906172839506173,58,0.629384879519208,0.566176470588235,0.416344560344828,-0.716400859068627,0.413793103448276,-1.99971573713107,0.16872036237244,0.325538458165745,0.170037688115527,0.101010101010101,-0.357057467880007,0.218390804597701,-0.258620689655172,-0.844827586206897
"3arc-Iteration1-PA1:1DO:0-Seed1021","3 arc-second",1,"1:1","0",1021,"classic",0.789978260237755,0.883950617283951,58,0.453495811659388,0.525735294117647,0.396079017241379,-0.632855164215686,0.413793103448276,-1.89140399774747,0.125634434893359,0.290589248266526,0.289593057921322,0.222222222222222,-0.330392523094838,0.218390804597701,-0.172413793103448,-0.879310344827586
"3arc-Iteration1-PA1:1DO:0-Seed1022","3 arc-second",1,"1:1","0",1022,"classic",0.96202238199876,0.963703703703704,58,0.594080692266225,0.563112745098039,0.429698965517241,-0.771455049019608,0.413793103448276,-2.31965517333432,0.179309238402332,0.333385930713909,0.110183687297759,0.181818181818182,-0.491337944016892,0.218390804597701,-0.258620689655172,-1.01724137931034
"3arc-Iteration1-PA1:2DO:0-Seed1004","3 arc-second",1,"1:2","0",1004,"classic",0.829746631045216,0.937484737484737,58,0.691669339661793,0.653799019607843,0.279112177637564,-0.150653634280349,0.413793103448276,-1.17355298454416,0.493850895182014,0.328503416816992,0.193065736440481,0.161616161616162,-0.071654990938399,0.218390804597701,-0.120689655172414,-0.0517241379310345
"3arc-Iteration1-PA1:2DO:0-Seed1005","3 arc-second",1,"1:2","0",1005,"classic",0.810390582424836,0.918437118437118,58,0.708264009763856,0.673406862745098,0.321098551724138,-0.323744519607843,0.413793103448276,-1.65571824805987,0.608263104530507,0.313149143465534,0.233289780818648,0.212121212121212,-0.142606706293241,0.218390804597701,-0.137931034482759,-0.482758620689655
"3arc-Iteration1-PA1:2DO:0-Seed1006","3 arc-second",1,"1:2","0",1006,"classic",0.724147387275242,0.86007326007326,58,0.552885128827217,0.608455882352941,0.375432827586207,-0.547740235294117,0.413793103448276,-1.52621299434548,0.126724571188051,0.33070024539257,0.152904155598006,0,-0.248464794698325,0.120689655172414,-0.120689655172414,-0.551724137931034
"3arc-Iteration1-PA1:3DO:0-Seed1007","3 arc-second",1,"1:3","0",1007,"classic",0.869404659009142,0.966585563665856,58,0.623689617688268,0.569240196078431,0.366620460651341,-0.511410820626362,0.413793103448276,-1.35895853919946,0.108446098690548,0.320480532782001,0.18459897268206,0.0303030303030303,-0.202662822929939,0.0977011494252874,-0.137931034482759,-0.46551724137931
"3arc-Iteration1-PA1:3DO:0-Seed1008","3 arc-second",1,"1:3","0",1008,"classic",0.676786586534159,0.916463909164639,58,0.604189357925278,0.590073529411765,0.30253159809211,-0.247201343115024,0.413793103448276,-1.06053545074846,0.337900008057614,0.318503798992312,0.196623775395124,0.0707070707070707,-0.0986189160844494,0.201149425287356,-0.0862068965517241,-0.0689655172413793
"3arc-Iteration1-PA1:3DO:0-Seed1009","3 arc-second",1,"1:3","0",1009,"classic",0.887906233244447,0.960178426601784,58,0.657637286049144,0.619485294117647,0.281655861013371,-0.161140093687475,0.413793103448276,-0.851019458344509,0.374381035900377,0.319391219338846,0.201858365937466,0.0606060606060606,-0.0468216397705541,0.103448275862069,-0.0172413793103448,-0.0344827586206897
"3arc-Iteration1-PA1:4DO:0-Seed1010","3 arc-second",1,"1:4","0",1010,"classic",0.62031307727946,0.870673952641166,58,0.632130617122393,0.584558823529412,0.326027172413793,-0.344063,0.413793103448276,-1.08794732398905,0.255953352674805,0.318972452206672,0.168856490680701,0.242424242424242,-0.120824851016029,0.103448275862069,-0.120689655172414,-0.310344827586207
"3arc-Iteration1-PA1:4DO:0-Seed1011","3 arc-second",1,"1:4","0",1011,"classic",0.777709777880838,0.923132969034608,58,0.584105845546241,0.600490196078431,0.337853793103448,-0.392818823529412,0.413793103448276,-1.07972311984213,0.191748698160843,0.326605452845444,0.161220100600868,0.161616161616162,-0.146825094560906,0.114942528735632,-0.103448275862069,-0.5
"3arc-Iteration1-PA1:4DO:0-Seed1012","3 arc-second",1,"1:4","0",1012,"classic",0.709388116962757,0.942319368548877,58,0.646184629855482,0.590073529411765,0.329227404827586,-0.357256115,0.413793103448276,-1.13730919983193,0.225807671068529,0.307945746030982,0.216073186224019,0.0606060606060606,-0.115901835366419,0.160919540229885,-0.120689655172414,-0.5
