"model","resolution","iteration","threshold","strategy","net_benefit"
"1-3arc-Iteration0-PA1:1.25DO:0-Seed1034","1/3 arc-second",0,0.01,"model",0.332762251490167
"1-3arc-Iteration0-PA1:1.25DO:0-Seed1034","1/3 arc-second",0,0.02,"model",0.326242157640441
"1-3arc-Iteration0-PA1:1.25DO:0-Seed1034","1/3 arc-second",0,0.03,"model",0.319551200320571
"1-3arc-Iteration0-PA1:1.25DO:0-Seed1034","1/3 arc-second",0,0.04,"model",0.312720848056537
"1-3arc-Iteration0-PA1:1.25DO:0-Seed1034","1/3 arc-second",0,0.05,"model",0.305746698902734
"1-3arc-Iteration0-PA1:1.25DO:0-Seed1034","1/3 arc-second",0,0.06,"model",0.298624163596722
"1-3arc-Iteration0-PA1:1.25DO:0-Seed1034","1/3 arc-second",0,0.07,"model",0.29134845548843
"1-3arc-Iteration0-PA1:1.25DO:0-Seed1034","1/3 arc-second",0,0.08,"model",0.284221846673836
"1-3arc-Iteration0-PA1:1.25DO:0-Seed1034","1/3 arc-second",0,0.09,"model",0.277016269949132
"1-3arc-Iteration0-PA1:1.25DO:0-Seed1034","1/3 arc-second",0,0.1,"model",0.269336474283471
"1-3arc-Iteration0-PA1:1.25DO:0-Seed1034","1/3 arc-second",0,0.11,"model",0.261920832175329
"1-3arc-Iteration0-PA1:1.25DO:0-Seed1034","1/3 arc-second",0,0.12,"model",0.254898811435914
"1-3arc-Iteration0-PA1:1.25DO:0-Seed1034","1/3 arc-second",0,0.13,"model",0.246821818772593
"1-3arc-Iteration0-PA1:1.25DO:0-Seed1034","1/3 arc-second",0,0.14,"model",0.239132221217849
"1-3arc-Iteration0-PA1:1.25DO:0-Seed1034","1/3 arc-second",0,0.15,"model",0.230721263770526
"1-3arc-Iteration0-PA1:1.25DO:0-Seed1034","1/3 arc-second",0,0.16,"model",0.223456166919064
"1-3arc-Iteration0-PA1:1.25DO:0-Seed1034","1/3 arc-second",0,0.17,"model",0.214738813912895
"1-3arc-Iteration0-PA1:1.25DO:0-Seed1034","1/3 arc-second",0,0.18,"model",0.205808842540722
"1-3arc-Iteration0-PA1:1.25DO:0-Seed1034","1/3 arc-second",0,0.19,"model",0.196658378048249
"1-3arc-Iteration0-PA1:1.25DO:0-Seed1034","1/3 arc-second",0,0.2,"model",0.189929328621908
"1-3arc-Iteration0-PA1:1.25DO:0-Seed1034","1/3 arc-second",0,0.21,"model",0.181419689582681
"1-3arc-Iteration0-PA1:1.25DO:0-Seed1034","1/3 arc-second",0,0.22,"model",0.172238833016218
"1-3arc-Iteration0-PA1:1.25DO:0-Seed1034","1/3 arc-second",0,0.23,"model",0.165389380937084
"1-3arc-Iteration0-PA1:1.25DO:0-Seed1034","1/3 arc-second",0,0.24,"model",0.143946438534499
"1-3arc-Iteration0-PA1:1.25DO:0-Seed1034","1/3 arc-second",0,0.25,"model",0.121319199057715
"1-3arc-Iteration0-PA1:1.25DO:0-Seed1034","1/3 arc-second",0,0.26,"model",0.0975074013943271
"1-3arc-Iteration0-PA1:1.25DO:0-Seed1034","1/3 arc-second",0,0.27,"model",0.0857253497265114
"1-3arc-Iteration0-PA1:1.25DO:0-Seed1034","1/3 arc-second",0,0.28,"model",0.0777385159010601
"1-3arc-Iteration0-PA1:1.25DO:0-Seed1034","1/3 arc-second",0,0.29,"model",0.0735579555068929
"1-3arc-Iteration0-PA1:1.25DO:0-Seed1034","1/3 arc-second",0,0.3,"model",0.0565371024734982
"1-3arc-Iteration0-PA1:1.25DO:0-Seed1034","1/3 arc-second",0,0.31,"model",0.0462948737645311
"1-3arc-Iteration0-PA1:1.25DO:0-Seed1034","1/3 arc-second",0,0.32,"model",0.0407399709000208
"1-3arc-Iteration0-PA1:1.25DO:0-Seed1034","1/3 arc-second",0,0.33,"model",0.0300617056062444
"1-3arc-Iteration0-PA1:1.25DO:0-Seed1034","1/3 arc-second",0,0.34,"model",0.0157404433022807
"1-3arc-Iteration0-PA1:1.25DO:0-Seed1034","1/3 arc-second",0,0.35,"model",0.00135906496330518
"1-3arc-Iteration0-PA1:1.25DO:0-Seed1034","1/3 arc-second",0,0.36,"model",-0.0114840989399294
"1-3arc-Iteration0-PA1:1.25DO:0-Seed1034","1/3 arc-second",0,0.37,"model",-0.0189017892198104
"1-3arc-Iteration0-PA1:1.25DO:0-Seed1034","1/3 arc-second",0,0.38,"model",-0.0369314943576884
"1-3arc-Iteration0-PA1:1.25DO:0-Seed1034","1/3 arc-second",0,0.39,"model",-0.0607657996871923
"1-3arc-Iteration0-PA1:1.25DO:0-Seed1034","1/3 arc-second",0,0.4,"model",-0.0730270906949352
"1-3arc-Iteration0-PA1:1.25DO:0-Seed1034","1/3 arc-second",0,0.41,"model",-0.0900161705695634
"1-3arc-Iteration0-PA1:1.25DO:0-Seed1034","1/3 arc-second",0,0.42,"model",-0.092482027537468
"1-3arc-Iteration0-PA1:1.25DO:0-Seed1034","1/3 arc-second",0,0.43,"model",-0.105201165457814
"1-3arc-Iteration0-PA1:1.25DO:0-Seed1034","1/3 arc-second",0,0.44,"model",-0.118374558303887
"1-3arc-Iteration0-PA1:1.25DO:0-Seed1034","1/3 arc-second",0,0.45,"model",-0.13202698361709
"1-3arc-Iteration0-PA1:1.25DO:0-Seed1034","1/3 arc-second",0,0.46,"model",-0.146185054312263
"1-3arc-Iteration0-PA1:1.25DO:0-Seed1034","1/3 arc-second",0,0.47,"model",-0.160877391826122
"1-3arc-Iteration0-PA1:1.25DO:0-Seed1034","1/3 arc-second",0,0.48,"model",-0.17613481924436
"1-3arc-Iteration0-PA1:1.25DO:0-Seed1034","1/3 arc-second",0,0.49,"model",-0.191990577149588
"1-3arc-Iteration0-PA1:1.25DO:0-Seed1034","1/3 arc-second",0,0.5,"model",-0.208480565371025
"1-3arc-Iteration0-PA1:1.25DO:0-Seed1034","1/3 arc-second",0,0.51,"model",-0.225643614336194
"1-3arc-Iteration0-PA1:1.25DO:0-Seed1034","1/3 arc-second",0,0.52,"model",-0.243521790341578
"1-3arc-Iteration0-PA1:1.25DO:0-Seed1034","1/3 arc-second",0,0.53,"model",-0.262160739794001
"1-3arc-Iteration0-PA1:1.25DO:0-Seed1034","1/3 arc-second",0,0.54,"model",-0.28161007835305
"1-3arc-Iteration0-PA1:1.25DO:0-Seed1034","1/3 arc-second",0,0.55,"model",-0.301923831959168
"1-3arc-Iteration0-PA1:1.25DO:0-Seed1034","1/3 arc-second",0,0.56,"model",-0.323160938001927
"1-3arc-Iteration0-PA1:1.25DO:0-Seed1034","1/3 arc-second",0,0.57,"model",-0.340701783219657
"1-3arc-Iteration0-PA1:1.25DO:0-Seed1034","1/3 arc-second",0,0.58,"model",-0.358909641595154
"1-3arc-Iteration0-PA1:1.25DO:0-Seed1034","1/3 arc-second",0,0.59,"model",-0.38291821080755
"1-3arc-Iteration0-PA1:1.25DO:0-Seed1034","1/3 arc-second",0,0.6,"model",-0.408127208480565
"1-3arc-Iteration0-PA1:1.25DO:0-Seed1034","1/3 arc-second",0,0.61,"model",-0.434628975265018
"1-3arc-Iteration0-PA1:1.25DO:0-Seed1034","1/3 arc-second",0,0.62,"model",-0.462525571880231
"1-3arc-Iteration0-PA1:1.25DO:0-Seed1034","1/3 arc-second",0,0.63,"model",-0.485913475312769
"1-3arc-Iteration0-PA1:1.25DO:0-Seed1034","1/3 arc-second",0,0.64,"model",-0.516686297605026
"1-3arc-Iteration0-PA1:1.25DO:0-Seed1034","1/3 arc-second",0,0.65,"model",-0.549217566885412
"1-3arc-Iteration0-PA1:1.25DO:0-Seed1034","1/3 arc-second",0,0.66,"model",-0.583662440241114
"1-3arc-Iteration0-PA1:1.25DO:0-Seed1034","1/3 arc-second",0,0.67,"model",-0.6130206660242
"1-3arc-Iteration0-PA1:1.25DO:0-Seed1034","1/3 arc-second",0,0.68,"model",-0.651501766784452
"1-3arc-Iteration0-PA1:1.25DO:0-Seed1034","1/3 arc-second",0,0.69,"model",-0.684600478741594
"1-3arc-Iteration0-PA1:1.25DO:0-Seed1034","1/3 arc-second",0,0.7,"model",-0.72791519434629
"1-3arc-Iteration0-PA1:1.25DO:0-Seed1034","1/3 arc-second",0,0.71,"model",-0.774217131716827
"1-3arc-Iteration0-PA1:1.25DO:0-Seed1034","1/3 arc-second",0,0.72,"model",-0.80565371024735
"1-3arc-Iteration0-PA1:1.25DO:0-Seed1034","1/3 arc-second",0,0.73,"model",-0.858002879204292
"1-3arc-Iteration0-PA1:1.25DO:0-Seed1034","1/3 arc-second",0,0.74,"model",-0.894264745854852
"1-3arc-Iteration0-PA1:1.25DO:0-Seed1034","1/3 arc-second",0,0.75,"model",-0.943462897526502
"1-3arc-Iteration0-PA1:1.25DO:0-Seed1034","1/3 arc-second",0,0.76,"model",-0.996466431095407
"1-3arc-Iteration0-PA1:1.25DO:0-Seed1034","1/3 arc-second",0,0.77,"model",-1.06560147488093
"1-3arc-Iteration0-PA1:1.25DO:0-Seed1034","1/3 arc-second",0,0.78,"model",-1.11596530677803
"1-3arc-Iteration0-PA1:1.25DO:0-Seed1034","1/3 arc-second",0,0.79,"model",-1.19703853272758
"1-3arc-Iteration0-PA1:1.25DO:0-Seed1034","1/3 arc-second",0,0.8,"model",-1.23321554770318
"1-3arc-Iteration0-PA1:1.25DO:0-Seed1034","1/3 arc-second",0,0.81,"model",-1.3280639761949
"1-3arc-Iteration0-PA1:1.25DO:0-Seed1034","1/3 arc-second",0,0.82,"model",-1.43345111896349
"1-3arc-Iteration0-PA1:1.25DO:0-Seed1034","1/3 arc-second",0,0.83,"model",-1.48222822697984
"1-3arc-Iteration0-PA1:1.25DO:0-Seed1034","1/3 arc-second",0,0.84,"model",-1.6095406360424
"1-3arc-Iteration0-PA1:1.25DO:0-Seed1034","1/3 arc-second",0,0.85,"model",-1.69729093050648
"1-3arc-Iteration0-PA1:1.25DO:0-Seed1034","1/3 arc-second",0,0.86,"model",-1.80615850580515
"1-3arc-Iteration0-PA1:1.25DO:0-Seed1034","1/3 arc-second",0,0.87,"model",-1.92090241913563
"1-3arc-Iteration0-PA1:1.25DO:0-Seed1034","1/3 arc-second",0,0.88,"model",-2.10011778563015
"1-3arc-Iteration0-PA1:1.25DO:0-Seed1034","1/3 arc-second",0,0.89,"model",-2.24991969161581
"1-3arc-Iteration0-PA1:1.25DO:0-Seed1034","1/3 arc-second",0,0.9,"model",-2.49116607773852
"1-3arc-Iteration0-PA1:1.25DO:0-Seed1034","1/3 arc-second",0,0.91,"model",-2.75304279544562
"1-3arc-Iteration0-PA1:1.25DO:0-Seed1034","1/3 arc-second",0,0.92,"model",-3.07420494699647
"1-3arc-Iteration0-PA1:1.25DO:0-Seed1034","1/3 arc-second",0,0.93,"model",-3.54265522463403
"1-3arc-Iteration0-PA1:1.25DO:0-Seed1034","1/3 arc-second",0,0.94,"model",-3.82332155477032
"1-3arc-Iteration0-PA1:1.25DO:0-Seed1034","1/3 arc-second",0,0.95,"model",-4.3356890459364
"1-3arc-Iteration0-PA1:1.25DO:0-Seed1034","1/3 arc-second",0,0.96,"model",-5.09540636042404
"1-3arc-Iteration0-PA1:1.25DO:0-Seed1034","1/3 arc-second",0,0.97,"model",-6.24970553592461
"1-3arc-Iteration0-PA1:1.25DO:0-Seed1034","1/3 arc-second",0,0.98,"model",-8.886925795053
"1-3arc-Iteration0-PA1:1.25DO:0-Seed1034","1/3 arc-second",0,0.99,"model",-12.8657243816254
"1-3arc-Iteration0-PA1:1.25DO:0-Seed1034","1/3 arc-second",0,0.01,"treat_all",0.332548095798979
"1-3arc-Iteration0-PA1:1.25DO:0-Seed1034","1/3 arc-second",0,0.02,"treat_all",0.325737362082642
"1-3arc-Iteration0-PA1:1.25DO:0-Seed1034","1/3 arc-second",0,0.03,"treat_all",0.318786200866999
"1-3arc-Iteration0-PA1:1.25DO:0-Seed1034","1/3 arc-second",0,0.04,"treat_all",0.311690223792697
"1-3arc-Iteration0-PA1:1.25DO:0-Seed1034","1/3 arc-second",0,0.05,"treat_all",0.304444857727357
"1-3arc-Iteration0-PA1:1.25DO:0-Seed1034","1/3 arc-second",0,0.06,"treat_all",0.297045334937223
"1-3arc-Iteration0-PA1:1.25DO:0-Seed1034","1/3 arc-second",0,0.07,"treat_all",0.28948668262472
"1-3arc-Iteration0-PA1:1.25DO:0-Seed1034","1/3 arc-second",0,0.08,"treat_all",0.281763711783684
"1-3arc-Iteration0-PA1:1.25DO:0-Seed1034","1/3 arc-second",0,0.09,"treat_all",0.273871005319769
"1-3arc-Iteration0-PA1:1.25DO:0-Seed1034","1/3 arc-second",0,0.1,"treat_all",0.265802905378877
"1-3arc-Iteration0-PA1:1.25DO:0-Seed1034","1/3 arc-second",0,0.11,"treat_all",0.257553499821336
"1-3arc-Iteration0-PA1:1.25DO:0-Seed1034","1/3 arc-second",0,0.12,"treat_all",0.249116607773852
"1-3arc-Iteration0-PA1:1.25DO:0-Seed1034","1/3 arc-second",0,0.13,"treat_all",0.240485764185045
"1-3arc-Iteration0-PA1:1.25DO:0-Seed1034","1/3 arc-second",0,0.14,"treat_all",0.231654203303476
"1-3arc-Iteration0-PA1:1.25DO:0-Seed1034","1/3 arc-second",0,0.15,"treat_all",0.222614840989399
"1-3arc-Iteration0-PA1:1.25DO:0-Seed1034","1/3 arc-second",0,0.16,"treat_all",0.213360255763083
"1-3arc-Iteration0-PA1:1.25DO:0-Seed1034","1/3 arc-second",0,0.17,"treat_all",0.20388266848312
"1-3arc-Iteration0-PA1:1.25DO:0-Seed1034","1/3 arc-second",0,0.18,"treat_all",0.194173920537792
"1-3arc-Iteration0-PA1:1.25DO:0-Seed1034","1/3 arc-second",0,0.19,"treat_all",0.184225450420975
"1-3arc-Iteration0-PA1:1.25DO:0-Seed1034","1/3 arc-second",0,0.2,"treat_all",0.174028268551237
"1-3arc-Iteration0-PA1:1.25DO:0-Seed1034","1/3 arc-second",0,0.21,"treat_all",0.163572930178468
"1-3arc-Iteration0-PA1:1.25DO:0-Seed1034","1/3 arc-second",0,0.22,"treat_all",0.152849506206397
"1-3arc-Iteration0-PA1:1.25DO:0-Seed1034","1/3 arc-second",0,0.23,"treat_all",0.141847551741545
"1-3arc-Iteration0-PA1:1.25DO:0-Seed1034","1/3 arc-second",0,0.24,"treat_all",0.130556072159197
"1-3arc-Iteration0-PA1:1.25DO:0-Seed1034","1/3 arc-second",0,0.25,"treat_all",0.118963486454653
"1-3arc-Iteration0-PA1:1.25DO:0-Seed1034","1/3 arc-second",0,0.26,"treat_all",0.107057587622959
"1-3arc-Iteration0-PA1:1.25DO:0-Seed1034","1/3 arc-second",0,0.27,"treat_all",0.0948254997821772
"1-3arc-Iteration0-PA1:1.25DO:0-Seed1034","1/3 arc-second",0,0.28,"treat_all",0.0822536317235963
"1-3arc-Iteration0-PA1:1.25DO:0-Seed1034","1/3 arc-second",0,0.29,"treat_all",0.0693276265366047
"1-3arc-Iteration0-PA1:1.25DO:0-Seed1034","1/3 arc-second",0,0.3,"treat_all",0.0560323069156991
"1-3arc-Iteration0-PA1:1.25DO:0-Seed1034","1/3 arc-second",0,0.31,"treat_all",0.0423516157115788
"1-3arc-Iteration0-PA1:1.25DO:0-Seed1034","1/3 arc-second",0,0.32,"treat_all",0.0282685512367491
"1-3arc-Iteration0-PA1:1.25DO:0-Seed1034","1/3 arc-second",0,0.33,"treat_all",0.0137650967775961
"1-3arc-Iteration0-PA1:1.25DO:0-Seed1034","1/3 arc-second",0,0.34,"treat_all",-0.00117785630153128
"1-3arc-Iteration0-PA1:1.25DO:0-Seed1034","1/3 arc-second",0,0.35,"treat_all",-0.016580592552324
"1-3arc-Iteration0-PA1:1.25DO:0-Seed1034","1/3 arc-second",0,0.36,"treat_all",-0.0324646643109541
"1-3arc-Iteration0-PA1:1.25DO:0-Seed1034","1/3 arc-second",0,0.37,"treat_all",-0.0488529923158899
"1-3arc-Iteration0-PA1:1.25DO:0-Seed1034","1/3 arc-second",0,0.38,"treat_all",-0.0657699760629203
"1-3arc-Iteration0-PA1:1.25DO:0-Seed1034","1/3 arc-second",0,0.39,"treat_all",-0.0832416150147715
"1-3arc-Iteration0-PA1:1.25DO:0-Seed1034","1/3 arc-second",0,0.4,"treat_all",-0.101295641931684
"1-3arc-Iteration0-PA1:1.25DO:0-Seed1034","1/3 arc-second",0,0.41,"treat_all",-0.119961669761035
"1-3arc-Iteration0-PA1:1.25DO:0-Seed1034","1/3 arc-second",0,0.42,"treat_all",-0.139271353722432
"1-3arc-Iteration0-PA1:1.25DO:0-Seed1034","1/3 arc-second",0,0.43,"treat_all",-0.159258570454405
"1-3arc-Iteration0-PA1:1.25DO:0-Seed1034","1/3 arc-second",0,0.44,"treat_all",-0.179959616355376
"1-3arc-Iteration0-PA1:1.25DO:0-Seed1034","1/3 arc-second",0,0.45,"treat_all",-0.201413427561837
"1-3arc-Iteration0-PA1:1.25DO:0-Seed1034","1/3 arc-second",0,0.46,"treat_all",-0.223661824368538
"1-3arc-Iteration0-PA1:1.25DO:0-Seed1034","1/3 arc-second",0,0.47,"treat_all",-0.246749783318888
"1-3arc-Iteration0-PA1:1.25DO:0-Seed1034","1/3 arc-second",0,0.48,"treat_all",-0.270725740690405
"1-3arc-Iteration0-PA1:1.25DO:0-Seed1034","1/3 arc-second",0,0.49,"treat_all",-0.295641931684334
"1-3arc-Iteration0-PA1:1.25DO:0-Seed1034","1/3 arc-second",0,0.5,"treat_all",-0.321554770318021
"1-3arc-Iteration0-PA1:1.25DO:0-Seed1034","1/3 arc-second",0,0.51,"treat_all",-0.348525275834716
"1-3arc-Iteration0-PA1:1.25DO:0-Seed1034","1/3 arc-second",0,0.52,"treat_all",-0.376619552414605
"1-3arc-Iteration0-PA1:1.25DO:0-Seed1034","1/3 arc-second",0,0.53,"treat_all",-0.405909330125555
"1-3arc-Iteration0-PA1:1.25DO:0-Seed1034","1/3 arc-second",0,0.54,"treat_all",-0.436472576432632
"1-3arc-Iteration0-PA1:1.25DO:0-Seed1034","1/3 arc-second",0,0.55,"treat_all",-0.468394189242246
"1-3arc-Iteration0-PA1:1.25DO:0-Seed1034","1/3 arc-second",0,0.56,"treat_all",-0.501766784452297
"1-3arc-Iteration0-PA1:1.25DO:0-Seed1034","1/3 arc-second",0,0.57,"treat_all",-0.536691593393048
"1-3arc-Iteration0-PA1:1.25DO:0-Seed1034","1/3 arc-second",0,0.58,"treat_all",-0.573279488473835
"1-3arc-Iteration0-PA1:1.25DO:0-Seed1034","1/3 arc-second",0,0.59,"treat_all",-0.611652158924416
"1-3arc-Iteration0-PA1:1.25DO:0-Seed1034","1/3 arc-second",0,0.6,"treat_all",-0.651943462897526
"1-3arc-Iteration0-PA1:1.25DO:0-Seed1034","1/3 arc-second",0,0.61,"treat_all",-0.694300987587207
"1-3arc-Iteration0-PA1:1.25DO:0-Seed1034","1/3 arc-second",0,0.62,"treat_all",-0.738887855681607
"1-3arc-Iteration0-PA1:1.25DO:0-Seed1034","1/3 arc-second",0,0.63,"treat_all",-0.785884824754083
"1-3arc-Iteration0-PA1:1.25DO:0-Seed1034","1/3 arc-second",0,0.64,"treat_all",-0.835492736552807
"1-3arc-Iteration0-PA1:1.25DO:0-Seed1034","1/3 arc-second",0,0.65,"treat_all",-0.887935386168602
"1-3arc-Iteration0-PA1:1.25DO:0-Seed1034","1/3 arc-second",0,0.66,"treat_all",-0.943462897526502
"1-3arc-Iteration0-PA1:1.25DO:0-Seed1034","1/3 arc-second",0,0.67,"treat_all",-1.00235571260306
"1-3arc-Iteration0-PA1:1.25DO:0-Seed1034","1/3 arc-second",0,0.68,"treat_all",-1.06492932862191
"1-3arc-Iteration0-PA1:1.25DO:0-Seed1034","1/3 arc-second",0,0.69,"treat_all",-1.13153995212584
"1-3arc-Iteration0-PA1:1.25DO:0-Seed1034","1/3 arc-second",0,0.7,"treat_all",-1.20259128386337
"1-3arc-Iteration0-PA1:1.25DO:0-Seed1034","1/3 arc-second",0,0.71,"treat_all",-1.27854270744486
"1-3arc-Iteration0-PA1:1.25DO:0-Seed1034","1/3 arc-second",0,0.72,"treat_all",-1.35991923271075
"1-3arc-Iteration0-PA1:1.25DO:0-Seed1034","1/3 arc-second",0,0.73,"treat_all",-1.44732364873708
"1-3arc-Iteration0-PA1:1.25DO:0-Seed1034","1/3 arc-second",0,0.74,"treat_all",-1.54145148138081
"1-3arc-Iteration0-PA1:1.25DO:0-Seed1034","1/3 arc-second",0,0.75,"treat_all",-1.64310954063604
"1-3arc-Iteration0-PA1:1.25DO:0-Seed1034","1/3 arc-second",0,0.76,"treat_all",-1.75323910482921
"1-3arc-Iteration0-PA1:1.25DO:0-Seed1034","1/3 arc-second",0,0.77,"treat_all",-1.87294515286526
"1-3arc-Iteration0-PA1:1.25DO:0-Seed1034","1/3 arc-second",0,0.78,"treat_all",-2.00353356890459
"1-3arc-Iteration0-PA1:1.25DO:0-Seed1034","1/3 arc-second",0,0.79,"treat_all",-2.14655897694767
"1-3arc-Iteration0-PA1:1.25DO:0-Seed1034","1/3 arc-second",0,0.8,"treat_all",-2.30388692579505
"1-3arc-Iteration0-PA1:1.25DO:0-Seed1034","1/3 arc-second",0,0.81,"treat_all",-2.47777571136321
"1-3arc-Iteration0-PA1:1.25DO:0-Seed1034","1/3 arc-second",0,0.82,"treat_all",-2.67098547310562
"1-3arc-Iteration0-PA1:1.25DO:0-Seed1034","1/3 arc-second",0,0.83,"treat_all",-2.886925795053
"1-3arc-Iteration0-PA1:1.25DO:0-Seed1034","1/3 arc-second",0,0.84,"treat_all",-3.12985865724382
"1-3arc-Iteration0-PA1:1.25DO:0-Seed1034","1/3 arc-second",0,0.85,"treat_all",-3.40518256772674
"1-3arc-Iteration0-PA1:1.25DO:0-Seed1034","1/3 arc-second",0,0.86,"treat_all",-3.7198384654215
"1-3arc-Iteration0-PA1:1.25DO:0-Seed1034","1/3 arc-second",0,0.87,"treat_all",-4.08290296276162
"1-3arc-Iteration0-PA1:1.25DO:0-Seed1034","1/3 arc-second",0,0.88,"treat_all",-4.50647820965842
"1-3arc-Iteration0-PA1:1.25DO:0-Seed1034","1/3 arc-second",0,0.89,"treat_all",-5.00706713780919
"1-3arc-Iteration0-PA1:1.25DO:0-Seed1034","1/3 arc-second",0,0.9,"treat_all",-5.60777385159011
"1-3arc-Iteration0-PA1:1.25DO:0-Seed1034","1/3 arc-second",0,0.91,"treat_all",-6.34197094621123
"1-3arc-Iteration0-PA1:1.25DO:0-Seed1034","1/3 arc-second",0,0.92,"treat_all",-7.25971731448764
"1-3arc-Iteration0-PA1:1.25DO:0-Seed1034","1/3 arc-second",0,0.93,"treat_all",-8.43967693084302
"1-3arc-Iteration0-PA1:1.25DO:0-Seed1034","1/3 arc-second",0,0.94,"treat_all",-10.0129564193169
"1-3arc-Iteration0-PA1:1.25DO:0-Seed1034","1/3 arc-second",0,0.95,"treat_all",-12.2155477031802
"1-3arc-Iteration0-PA1:1.25DO:0-Seed1034","1/3 arc-second",0,0.96,"treat_all",-15.5194346289753
"1-3arc-Iteration0-PA1:1.25DO:0-Seed1034","1/3 arc-second",0,0.97,"treat_all",-21.0259128386337
"1-3arc-Iteration0-PA1:1.25DO:0-Seed1034","1/3 arc-second",0,0.98,"treat_all",-32.0388692579505
"1-3arc-Iteration0-PA1:1.25DO:0-Seed1034","1/3 arc-second",0,0.99,"treat_all",-65.077738515901
"1-3arc-Iteration0-PA1:1.25DO:0-Seed1034","1/3 arc-second",0,0.01,"treat_none",0
"1-3arc-Iteration0-PA1:1.25DO:0-Seed1034","1/3 arc-second",0,0.02,"treat_none",0
"1-3arc-Iteration0-PA1:1.25DO:0-Seed1034","1/3 arc-second",0,0.03,"treat_none",0
"1-3arc-Iteration0-PA1:1.25DO:0-Seed1034","1/3 arc-second",0,0.04,"treat_none",0
"1-3arc-Iteration0-PA1:1.25DO:0-Seed1034","1/3 arc-second",0,0.05,"treat_none",0
"1-3arc-Iteration0-PA1:1.25DO:0-Seed1034","1/3 arc-second",0,0.06,"treat_none",0
"1-3arc-Iteration0-PA1:1.25DO:0-Seed1034","1/3 arc-second",0,0.07,"treat_none",0
"1-3arc-Iteration0-PA1:1.25DO:0-Seed1034","1/3 arc-second",0,0.08,"treat_none",0
"1-3arc-Iteration0-PA1:1.25DO:0-Seed1034","1/3 arc-second",0,0.09,"treat_none",0
"1-3arc-Iteration0-PA1:1.25DO:0-Seed1034","1/3 arc-second",0,0.1,"treat_none",0
"1-3arc-Iteration0-PA1:1.25DO:0-Seed1034","1/3 arc-second",0,0.11,"treat_none",0
"1-3arc-Iteration0-PA1:1.25DO:0-Seed1034","1/3 arc-second",0,0.12,"treat_none",0
"1-3arc-Iteration0-PA1:1.25DO:0-Seed1034","1/3 arc-second",0,0.13,"treat_none",0
"1-3arc-Iteration0-PA1:1.25DO:0-Seed1034","1/3 arc-second",0,0.14,"treat_none",0
"1-3arc-Iteration0-PA1:1.25DO:0-Seed1034","1/3 arc-second",0,0.15,"treat_none",0
"1-3arc-Iteration0-PA1:1.25DO:0-Seed1034","1/3 arc-second",0,0.16,"treat_none",0
"1-3arc-Iteration0-PA1:1.25DO:0-Seed1034","1/3 arc-second",0,0.17,"treat_none",0
"1-3arc-Iteration0-PA1:1.25DO:0-Seed1034","1/3 arc-second",0,0.18,"treat_none",0
"1-3arc-Iteration0-PA1:1.25DO:0-Seed1034","1/3 arc-second",0,0.19,"treat_none",0
"1-3arc-Iteration0-PA1:1.25DO:0-Seed1034","1/3 arc-second",0,0.2,"treat_none",0
"1-3arc-Iteration0-PA1:1.25DO:0-Seed1034","1/3 arc-second",0,0.21,"treat_none",0
"1-3arc-Iteration0-PA1:1.25DO:0-Seed1034","1/3 arc-second",0,0.22,"treat_none",0
"1-3arc-Iteration0-PA1:1.25DO:0-Seed1034","1/3 arc-second",0,0.23,"treat_none",0
"1-3arc-Iteration0-PA1:1.25DO:0-Seed1034","1/3 arc-second",0,0.24,"treat_none",0
"1-3arc-Iteration0-PA1:1.25DO:0-Seed1034","1/3 arc-second",0,0.25,"treat_none",0
"1-3arc-Iteration0-PA1:1.25DO:0-Seed1034","1/3 arc-second",0,0.26,"treat_none",0
"1-3arc-Iteration0-PA1:1.25DO:0-Seed1034","1/3 arc-second",0,0.27,"treat_none",0
"1-3arc-Iteration0-PA1:1.25DO:0-Seed1034","1/3 arc-second",0,0.28,"treat_none",0
"1-3arc-Iteration0-PA1:1.25DO:0-Seed1034","1/3 arc-second",0,0.29,"treat_none",0
"1-3arc-Iteration0-PA1:1.25DO:0-Seed1034","1/3 arc-second",0,0.3,"treat_none",0
"1-3arc-Iteration0-PA1:1.25DO:0-Seed1034","1/3 arc-second",0,0.31,"treat_none",0
"1-3arc-Iteration0-PA1:1.25DO:0-Seed1034","1/3 arc-second",0,0.32,"treat_none",0
"1-3arc-Iteration0-PA1:1.25DO:0-Seed1034","1/3 arc-second",0,0.33,"treat_none",0
"1-3arc-Iteration0-PA1:1.25DO:0-Seed1034","1/3 arc-second",0,0.34,"treat_none",0
"1-3arc-Iteration0-PA1:1.25DO:0-Seed1034","1/3 arc-second",0,0.35,"treat_none",0
"1-3arc-Iteration0-PA1:1.25DO:0-Seed1034","1/3 arc-second",0,0.36,"treat_none",0
"1-3arc-Iteration0-PA1:1.25DO:0-Seed1034","1/3 arc-second",0,0.37,"treat_none",0
"1-3arc-Iteration0-PA1:1.25DO:0-Seed1034","1/3 arc-second",0,0.38,"treat_none",0
"1-3arc-Iteration0-PA1:1.25DO:0-Seed1034","1/3 arc-second",0,0.39,"treat_none",0
"1-3arc-Iteration0-PA1:1.25DO:0-Seed1034","1/3 arc-second",0,0.4,"treat_none",0
"1-3arc-Iteration0-PA1:1.25DO:0-Seed1034","1/3 arc-second",0,0.41,"treat_none",0
"1-3arc-Iteration0-PA1:1.25DO:0-Seed1034","1/3 arc-second",0,0.42,"treat_none",0
"1-3arc-Iteration0-PA1:1.25DO:0-Seed1034","1/3 arc-second",0,0.43,"treat_none",0
"1-3arc-Iteration0-PA1:1.25DO:0-Seed1034","1/3 arc-second",0,0.44,"treat_none",0
"1-3arc-Iteration0-PA1:1.25DO:0-Seed1034","1/3 arc-second",0,0.45,"treat_none",0
"1-3arc-Iteration0-PA1:1.25DO:0-Seed1034","1/3 arc-second",0,0.46,"treat_none",0
"1-3arc-Iteration0-PA1:1.25DO:0-Seed1034","1/3 arc-second",0,0.47,"treat_none",0
"1-3arc-Iteration0-PA1:1.25DO:0-Seed1034","1/3 arc-second",0,0.48,"treat_none",0
"1-3arc-Iteration0-PA1:1.25DO:0-Seed1034","1/3 arc-second",0,0.49,"treat_none",0
"1-3arc-Iteration0-PA1:1.25DO:0-Seed1034","1/3 arc-second",0,0.5,"treat_none",0
"1-3arc-Iteration0-PA1:1.25DO:0-Seed1034","1/3 arc-second",0,0.51,"treat_none",0
"1-3arc-Iteration0-PA1:1.25DO:0-Seed1034","1/3 arc-second",0,0.52,"treat_none",0
"1-3arc-Iteration0-PA1:1.25DO:0-Seed1034","1/3 arc-second",0,0.53,"treat_none",0
"1-3arc-Iteration0-PA1:1.25DO:0-Seed1034","1/3 arc-second",0,0.54,"treat_none",0
"1-3arc-Iteration0-PA1:1.25DO:0-Seed1034","1/3 arc-second",0,0.55,"treat_none",0
"1-3arc-Iteration0-PA1:1.25DO:0-Seed1034","1/3 arc-second",0,0.56,"treat_none",0
"1-3arc-Iteration0-PA1:1.25DO:0-Seed1034","1/3 arc-second",0,0.57,"treat_none",0
"1-3arc-Iteration0-PA1:1.25DO:0-Seed1034","1/3 arc-second",0,0.58,"treat_none",0
"1-3arc-Iteration0-PA1:1.25DO:0-Seed1034","1/3 arc-second",0,0.59,"treat_none",0
"1-3arc-Iteration0-PA1:1.25DO:0-Seed1034","1/3 arc-second",0,0.6,"treat_none",0
"1-3arc-Iteration0-PA1:1.25DO:0-Seed1034","1/3 arc-second",0,0.61,"treat_none",0
"1-3arc-Iteration0-PA1:1.25DO:0-Seed1034","1/3 arc-second",0,0.62,"treat_none",0
"1-3arc-Iteration0-PA1:1.25DO:0-Seed1034","1/3 arc-second",0,0.63,"treat_none",0
"1-3arc-Iteration0-PA1:1.25DO:0-Seed1034","1/3 arc-second",0,0.64,"treat_none",0
"1-3arc-Iteration0-PA1:1.25DO:0-Seed1034","1/3 arc-second",0,0.65,"treat_none",0
"1-3arc-Iteration0-PA1:1.25DO:0-Seed1034","1/3 arc-second",0,0.66,"treat_none",0
"1-3arc-Iteration0-PA1:1.25DO:0-Seed1034","1/3 arc-second",0,0.67,"treat_none",0
"1-3arc-Iteration0-PA1:1.25DO:0-Seed1034","1/3 arc-second",0,0.68,"treat_none",0
"1-3arc-Iteration0-PA1:1.25DO:0-Seed1034","1/3 arc-second",0,0.69,"treat_none",0
"1-3arc-Iteration0-PA1:1.25DO:0-Seed1034","1/3 arc-second",0,0.7,"treat_none",0
"1-3arc-Iteration0-PA1:1.25DO:0-Seed1034","1/3 arc-second",0,0.71,"treat_none",0
"1-3arc-Iteration0-PA1:1.25DO:0-Seed1034","1/3 arc-second",0,0.72,"treat_none",0
"1-3arc-Iteration0-PA1:1.25DO:0-Seed1034","1/3 arc-second",0,0.73,"treat_none",0
"1-3arc-Iteration0-PA1:1.25DO:0-Seed1034","1/3 arc-second",0,0.74,"treat_none",0
"1-3arc-Iteration0-PA1:1.25DO:0-Seed1034","1/3 arc-second",0,0.75,"treat_none",0
"1-3arc-Iteration0-PA1:1.25DO:0-Seed1034","1/3 arc-second",0,0.76,"treat_none",0
"1-3arc-Iteration0-PA1:1.25DO:0-Seed1034","1/3 arc-second",0,0.77,"treat_none",0
"1-3arc-Iteration0-PA1:1.25DO:0-Seed1034","1/3 arc-second",0,0.78,"treat_none",0
"1-3arc-Iteration0-PA1:1.25DO:0-Seed1034","1/3 arc-second",0,0.79,"treat_none",0
"1-3arc-Iteration0-PA1:1.25DO:0-Seed1034","1/3 arc-second",0,0.8,"treat_none",0
"1-3arc-Iteration0-PA1:1.25DO:0-Seed1034","1/3 arc-second",0,0.81,"treat_none",0
"1-3arc-Iteration0-PA1:1.25DO:0-Seed1034","1/3 arc-second",0,0.82,"treat_none",0
"1-3arc-Iteration0-PA1:1.25DO:0-Seed1034","1/3 arc-second",0,0.83,"treat_none",0
"1-3arc-Iteration0-PA1:1.25DO:0-Seed1034","1/3 arc-second",0,0.84,"treat_none",0
"1-3arc-Iteration0-PA1:1.25DO:0-Seed1034","1/3 arc-second",0,0.85,"treat_none",0
"1-3arc-Iteration0-PA1:1.25DO:0-Seed1034","1/3 arc-second",0,0.86,"treat_none",0
"1-3arc-Iteration0-PA1:1.25DO:0-Seed1034","1/3 arc-second",0,0.87,"treat_none",0
"1-3arc-Iteration0-PA1:1.25DO:0-Seed1034","1/3 arc-second",0,0.88,"treat_none",0
"1-3arc-Iteration0-PA1:1.25DO:0-Seed1034","1/3 arc-second",0,0.89,"treat_none",0
"1-3arc-Iteration0-PA1:1.25DO:0-Seed1034","1/3 arc-second",0,0.9,"treat_none",0
"1-3arc-Iteration0-PA1:1.25DO:0-Seed1034","1/3 arc-second",0,0.91,"treat_none",0
"1-3arc-Iteration0-PA1:1.25DO:0-Seed1034","1/3 arc-second",0,0.92,"treat_none",0
"1-3arc-Iteration0-PA1:1.25DO:0-Seed1034","1/3 arc-second",0,0.93,"treat_none",0
"1-3arc-Iteration0-PA1:1.25DO:0-Seed1034","1/3 arc-second",0,0.94,"treat_none",0
"1-3arc-Iteration0-PA1:1.25DO:0-Seed1034","1/3 arc-second",0,0.95,"treat_none",0
"1-3arc-Iteration0-PA1:1.25DO:0-Seed1034","1/3 arc-second",0,0.96,"treat_none",0
"1-3arc-Iteration0-PA1:1.25DO:0-Seed1034","1/3 arc-second",0,0.97,"treat_none",0
"1-3arc-Iteration0-PA1:1.25DO:0-Seed1034","1/3 arc-second",0,0.98,"treat_none",0
"1-3arc-Iteration0-PA1:1.25DO:0-Seed1034","1/3 arc-second",0,0.99,"treat_none",0
"1-3arc-Iteration1-PA1:1DO:0-Seed1021","1/3 arc-second",1,0.01,"model",0.280936574222793
"1-3arc-Iteration1-PA1:1DO:0-Seed1021","1/3 arc-second",1,0.02,"model",0.265089781495637
"1-3arc-Iteration1-PA1:1DO:0-Seed1021","1/3 arc-second",1,0.03,"model",0.256238388401151
"1-3arc-Iteration1-PA1:1DO:0-Seed1021","1/3 arc-second",1,0.04,"model",0.229829210836278
"1-3arc-Iteration1-PA1:1DO:0-Seed1021","1/3 arc-second",1,0.05,"model",0.204946996466431
"1-3arc-Iteration1-PA1:1DO:0-Seed1021","1/3 arc-second",1,0.06,"model",0.196601759266221
"1-3arc-Iteration1-PA1:1DO:0-Seed1021","1/3 arc-second",1,0.07,"model",0.191306660587408
"1-3arc-Iteration1-PA1:1DO:0-Seed1021","1/3 arc-second",1,0.08,"model",0.186203717929021
"1-3arc-Iteration1-PA1:1DO:0-Seed1021","1/3 arc-second",1,0.09,"model",0.181066283539782
"1-3arc-Iteration1-PA1:1DO:0-Seed1021","1/3 arc-second",1,0.1,"model",0.175893207695328
"1-3arc-Iteration1-PA1:1DO:0-Seed1021","1/3 arc-second",1,0.11,"model",0.170683288998293
"1-3arc-Iteration1-PA1:1DO:0-Seed1021","1/3 arc-second",1,0.12,"model",0.166398972052682
"1-3arc-Iteration1-PA1:1DO:0-Seed1021","1/3 arc-second",1,0.13,"model",0.159254295113927
"1-3arc-Iteration1-PA1:1DO:0-Seed1021","1/3 arc-second",1,0.14,"model",0.153586983318268
"1-3arc-Iteration1-PA1:1DO:0-Seed1021","1/3 arc-second",1,0.15,"model",0.148409893992933
"1-3arc-Iteration1-PA1:1DO:0-Seed1021","1/3 arc-second",1,0.16,"model",0.143866733972741
"1-3arc-Iteration1-PA1:1DO:0-Seed1021","1/3 arc-second",1,0.17,"model",0.138660649665801
"1-3arc-Iteration1-PA1:1DO:0-Seed1021","1/3 arc-second",1,0.18,"model",0.133413772300267
"1-3arc-Iteration1-PA1:1DO:0-Seed1021","1/3 arc-second",1,0.19,"model",0.128953452863936
"1-3arc-Iteration1-PA1:1DO:0-Seed1021","1/3 arc-second",1,0.2,"model",0.124558303886926
"1-3arc-Iteration1-PA1:1DO:0-Seed1021","1/3 arc-second",1,0.21,"model",0.115757928165675
"1-3arc-Iteration1-PA1:1DO:0-Seed1021","1/3 arc-second",1,0.22,"model",0.110446679351273
"1-3arc-Iteration1-PA1:1DO:0-Seed1021","1/3 arc-second",1,0.23,"model",0.104033775411867
"1-3arc-Iteration1-PA1:1DO:0-Seed1021","1/3 arc-second",1,0.24,"model",0.0974521108424772
"1-3arc-Iteration1-PA1:1DO:0-Seed1021","1/3 arc-second",1,0.25,"model",0.0954063604240283
"1-3arc-Iteration1-PA1:1DO:0-Seed1021","1/3 arc-second",1,0.26,"model",0.0841371406742432
"1-3arc-Iteration1-PA1:1DO:0-Seed1021","1/3 arc-second",1,0.27,"model",0.077399680526647
"1-3arc-Iteration1-PA1:1DO:0-Seed1021","1/3 arc-second",1,0.28,"model",0.0704750687082842
"1-3arc-Iteration1-PA1:1DO:0-Seed1021","1/3 arc-second",1,0.29,"model",0.0633553974020803
"1-3arc-Iteration1-PA1:1DO:0-Seed1021","1/3 arc-second",1,0.3,"model",0.0504795557799091
"1-3arc-Iteration1-PA1:1DO:0-Seed1021","1/3 arc-second",1,0.31,"model",0.0442464280227377
"1-3arc-Iteration1-PA1:1DO:0-Seed1021","1/3 arc-second",1,0.32,"model",0.043442111827063
"1-3arc-Iteration1-PA1:1DO:0-Seed1021","1/3 arc-second",1,0.33,"model",0.0378144612625916
"1-3arc-Iteration1-PA1:1DO:0-Seed1021","1/3 arc-second",1,0.34,"model",0.0412249705535924
"1-3arc-Iteration1-PA1:1DO:0-Seed1021","1/3 arc-second",1,0.35,"model",0.0434900788257679
"1-3arc-Iteration1-PA1:1DO:0-Seed1021","1/3 arc-second",1,0.36,"model",0.0404151943462897
"1-3arc-Iteration1-PA1:1DO:0-Seed1021","1/3 arc-second",1,0.37,"model",0.0339334791631611
"1-3arc-Iteration1-PA1:1DO:0-Seed1021","1/3 arc-second",1,0.38,"model",0.0270147042060868
"1-3arc-Iteration1-PA1:1DO:0-Seed1021","1/3 arc-second",1,0.39,"model",0.0165672247002259
"1-3arc-Iteration1-PA1:1DO:0-Seed1021","1/3 arc-second",1,0.4,"model",0.0106007067137809
"1-3arc-Iteration1-PA1:1DO:0-Seed1021","1/3 arc-second",1,0.41,"model",0.00371324189974245
"1-3arc-Iteration1-PA1:1DO:0-Seed1021","1/3 arc-second",1,0.42,"model",-0.000852930425246756
"1-3arc-Iteration1-PA1:1DO:0-Seed1021","1/3 arc-second",1,0.43,"model",-0.00545533444919716
"1-3arc-Iteration1-PA1:1DO:0-Seed1021","1/3 arc-second",1,0.44,"model",-0.00731953558808682
"1-3arc-Iteration1-PA1:1DO:0-Seed1021","1/3 arc-second",1,0.45,"model",-0.0154192097654995
"1-3arc-Iteration1-PA1:1DO:0-Seed1021","1/3 arc-second",1,0.46,"model",-0.0205470488156001
"1-3arc-Iteration1-PA1:1DO:0-Seed1021","1/3 arc-second",1,0.47,"model",-0.0321354756983799
"1-3arc-Iteration1-PA1:1DO:0-Seed1021","1/3 arc-second",1,0.48,"model",-0.0334329980973091
"1-3arc-Iteration1-PA1:1DO:0-Seed1021","1/3 arc-second",1,0.49,"model",-0.0345042610683849
"1-3arc-Iteration1-PA1:1DO:0-Seed1021","1/3 arc-second",1,0.5,"model",-0.0494699646643109
"1-3arc-Iteration1-PA1:1DO:0-Seed1021","1/3 arc-second",1,0.51,"model",-0.0537246700800462
"1-3arc-Iteration1-PA1:1DO:0-Seed1021","1/3 arc-second",1,0.52,"model",-0.0580094228504123
"1-3arc-Iteration1-PA1:1DO:0-Seed1021","1/3 arc-second",1,0.53,"model",-0.0539057213743328
"1-3arc-Iteration1-PA1:1DO:0-Seed1021","1/3 arc-second",1,0.54,"model",-0.0683668766323552
"1-3arc-Iteration1-PA1:1DO:0-Seed1021","1/3 arc-second",1,0.55,"model",-0.0722418531605811
"1-3arc-Iteration1-PA1:1DO:0-Seed1021","1/3 arc-second",1,0.56,"model",-0.0751686476068102
"1-3arc-Iteration1-PA1:1DO:0-Seed1021","1/3 arc-second",1,0.57,"model",-0.078888980195579
"1-3arc-Iteration1-PA1:1DO:0-Seed1021","1/3 arc-second",1,0.58,"model",-0.0874978966851759
"1-3arc-Iteration1-PA1:1DO:0-Seed1021","1/3 arc-second",1,0.59,"model",-0.0934241144531586
"1-3arc-Iteration1-PA1:1DO:0-Seed1021","1/3 arc-second",1,0.6,"model",-0.100706713780919
"1-3arc-Iteration1-PA1:1DO:0-Seed1021","1/3 arc-second",1,0.61,"model",-0.10446679351273
"1-3arc-Iteration1-PA1:1DO:0-Seed1021","1/3 arc-second",1,0.62,"model",-0.108238794867026
"1-3arc-Iteration1-PA1:1DO:0-Seed1021","1/3 arc-second",1,0.63,"model",-0.0999904498137713
"1-3arc-Iteration1-PA1:1DO:0-Seed1021","1/3 arc-second",1,0.64,"model",-0.0969768354927366
"1-3arc-Iteration1-PA1:1DO:0-Seed1021","1/3 arc-second",1,0.65,"model",-0.0933871781928319
"1-3arc-Iteration1-PA1:1DO:0-Seed1021","1/3 arc-second",1,0.66,"model",-0.102889212221991
"1-3arc-Iteration1-PA1:1DO:0-Seed1021","1/3 arc-second",1,0.67,"model",-0.12003426491059
"1-3arc-Iteration1-PA1:1DO:0-Seed1021","1/3 arc-second",1,0.68,"model",-0.123233215547703
"1-3arc-Iteration1-PA1:1DO:0-Seed1021","1/3 arc-second",1,0.69,"model",-0.137809187279152
"1-3arc-Iteration1-PA1:1DO:0-Seed1021","1/3 arc-second",1,0.7,"model",-0.144876325088339
"1-3arc-Iteration1-PA1:1DO:0-Seed1021","1/3 arc-second",1,0.71,"model",-0.129523577433898
"1-3arc-Iteration1-PA1:1DO:0-Seed1021","1/3 arc-second",1,0.72,"model",-0.14437152953054
"1-3arc-Iteration1-PA1:1DO:0-Seed1021","1/3 arc-second",1,0.73,"model",-0.137416568511975
"1-3arc-Iteration1-PA1:1DO:0-Seed1021","1/3 arc-second",1,0.74,"model",-0.129382984506659
"1-3arc-Iteration1-PA1:1DO:0-Seed1021","1/3 arc-second",1,0.75,"model",-0.148409893992933
"1-3arc-Iteration1-PA1:1DO:0-Seed1021","1/3 arc-second",1,0.76,"model",-0.157243816254417
"1-3arc-Iteration1-PA1:1DO:0-Seed1021","1/3 arc-second",1,0.77,"model",-0.170686741434936
"1-3arc-Iteration1-PA1:1DO:0-Seed1021","1/3 arc-second",1,0.78,"model",-0.172823642788307
"1-3arc-Iteration1-PA1:1DO:0-Seed1021","1/3 arc-second",1,0.79,"model",-0.148241628807
"1-3arc-Iteration1-PA1:1DO:0-Seed1021","1/3 arc-second",1,0.8,"model",-0.162544169611307
"1-3arc-Iteration1-PA1:1DO:0-Seed1021","1/3 arc-second",1,0.81,"model",-0.178352241026595
"1-3arc-Iteration1-PA1:1DO:0-Seed1021","1/3 arc-second",1,0.82,"model",-0.179819395367099
"1-3arc-Iteration1-PA1:1DO:0-Seed1021","1/3 arc-second",1,0.83,"model",-0.163791311577635
"1-3arc-Iteration1-PA1:1DO:0-Seed1021","1/3 arc-second",1,0.84,"model",-0.144876325088339
"1-3arc-Iteration1-PA1:1DO:0-Seed1021","1/3 arc-second",1,0.85,"model",-0.122497055359246
"1-3arc-Iteration1-PA1:1DO:0-Seed1021","1/3 arc-second",1,0.86,"model",-0.121150933871782
"1-3arc-Iteration1-PA1:1DO:0-Seed1021","1/3 arc-second",1,0.87,"model",-0.0913291655341125
"1-3arc-Iteration1-PA1:1DO:0-Seed1021","1/3 arc-second",1,0.88,"model",-0.117785630153121
"1-3arc-Iteration1-PA1:1DO:0-Seed1021","1/3 arc-second",1,0.89,"model",-0.115001606167684
"1-3arc-Iteration1-PA1:1DO:0-Seed1021","1/3 arc-second",1,0.9,"model",-0.134275618374558
"1-3arc-Iteration1-PA1:1DO:0-Seed1021","1/3 arc-second",1,0.91,"model",-0.161366313309776
"1-3arc-Iteration1-PA1:1DO:0-Seed1021","1/3 arc-second",1,0.92,"model",-0.15017667844523
"1-3arc-Iteration1-PA1:1DO:0-Seed1021","1/3 arc-second",1,0.93,"model",-0.0913679959616357
"1-3arc-Iteration1-PA1:1DO:0-Seed1021","1/3 arc-second",1,0.94,"model",-0.120141342756184
"1-3arc-Iteration1-PA1:1DO:0-Seed1021","1/3 arc-second",1,0.95,"model",-0.15547703180212
"1-3arc-Iteration1-PA1:1DO:0-Seed1021","1/3 arc-second",1,0.96,"model",-0.127208480565371
"1-3arc-Iteration1-PA1:1DO:0-Seed1021","1/3 arc-second",1,0.97,"model",-0.186101295641932
"1-3arc-Iteration1-PA1:1DO:0-Seed1021","1/3 arc-second",1,0.98,"model",-0.318021201413427
"1-3arc-Iteration1-PA1:1DO:0-Seed1021","1/3 arc-second",1,0.99,"model",0.0212014134275618
"1-3arc-Iteration1-PA1:1DO:0-Seed1021","1/3 arc-second",1,0.01,"treat_all",0.332548095798979
"1-3arc-Iteration1-PA1:1DO:0-Seed1021","1/3 arc-second",1,0.02,"treat_all",0.325737362082642
"1-3arc-Iteration1-PA1:1DO:0-Seed1021","1/3 arc-second",1,0.03,"treat_all",0.318786200866999
"1-3arc-Iteration1-PA1:1DO:0-Seed1021","1/3 arc-second",1,0.04,"treat_all",0.311690223792697
"1-3arc-Iteration1-PA1:1DO:0-Seed1021","1/3 arc-second",1,0.05,"treat_all",0.304444857727357
"1-3arc-Iteration1-PA1:1DO:0-Seed1021","1/3 arc-second",1,0.06,"treat_all",0.297045334937223
"1-3arc-Iteration1-PA1:1DO:0-Seed1021","1/3 arc-second",1,0.07,"treat_all",0.28948668262472
"1-3arc-Iteration1-PA1:1DO:0-Seed1021","1/3 arc-second",1,0.08,"treat_all",0.281763711783684
"1-3arc-Iteration1-PA1:1DO:0-Seed1021","1/3 arc-second",1,0.09,"treat_all",0.273871005319769
"1-3arc-Iteration1-PA1:1DO:0-Seed1021","1/3 arc-second",1,0.1,"treat_all",0.265802905378877
"1-3arc-Iteration1-PA1:1DO:0-Seed1021","1/3 arc-second",1,0.11,"treat_all",0.257553499821336
"1-3arc-Iteration1-PA1:1DO:0-Seed1021","1/3 arc-second",1,0.12,"treat_all",0.249116607773852
"1-3arc-Iteration1-PA1:1DO:0-Seed1021","1/3 arc-second",1,0.13,"treat_all",0.240485764185045
"1-3arc-Iteration1-PA1:1DO:0-Seed1021","1/3 arc-second",1,0.14,"treat_all",0.231654203303476
"1-3arc-Iteration1-PA1:1DO:0-Seed1021","1/3 arc-second",1,0.15,"treat_all",0.222614840989399
"1-3arc-Iteration1-PA1:1DO:0-Seed1021","1/3 arc-second",1,0.16,"treat_all",0.213360255763083
"1-3arc-Iteration1-PA1:1DO:0-Seed1021","1/3 arc-second",1,0.17,"treat_all",0.20388266848312
"1-3arc-Iteration1-PA1:1DO:0-Seed1021","1/3 arc-second",1,0.18,"treat_all",0.194173920537792
"1-3arc-Iteration1-PA1:1DO:0-Seed1021","1/3 arc-second",1,0.19,"treat_all",0.184225450420975
"1-3arc-Iteration1-PA1:1DO:0-Seed1021","1/3 arc-second",1,0.2,"treat_all",0.174028268551237
"1-3arc-Iteration1-PA1:1DO:0-Seed1021","1/3 arc-second",1,0.21,"treat_all",0.163572930178468
"1-3arc-Iteration1-PA1:1DO:0-Seed1021","1/3 arc-second",1,0.22,"treat_all",0.152849506206397
"1-3arc-Iteration1-PA1:1DO:0-Seed1021","1/3 arc-second",1,0.23,"treat_all",0.141847551741545
"1-3arc-Iteration1-PA1:1DO:0-Seed1021","1/3 arc-second",1,0.24,"treat_all",0.130556072159197
"1-3arc-Iteration1-PA1:1DO:0-Seed1021","1/3 arc-second",1,0.25,"treat_all",0.118963486454653
"1-3arc-Iteration1-PA1:1DO:0-Seed1021","1/3 arc-second",1,0.26,"treat_all",0.107057587622959
"1-3arc-Iteration1-PA1:1DO:0-Seed1021","1/3 arc-second",1,0.27,"treat_all",0.0948254997821772
"1-3arc-Iteration1-PA1:1DO:0-Seed1021","1/3 arc-second",1,0.28,"treat_all",0.0822536317235963
"1-3arc-Iteration1-PA1:1DO:0-Seed1021","1/3 arc-second",1,0.29,"treat_all",0.0693276265366047
"1-3arc-Iteration1-PA1:1DO:0-Seed1021","1/3 arc-second",1,0.3,"treat_all",0.0560323069156991
"1-3arc-Iteration1-PA1:1DO:0-Seed1021","1/3 arc-second",1,0.31,"treat_all",0.0423516157115788
"1-3arc-Iteration1-PA1:1DO:0-Seed1021","1/3 arc-second",1,0.32,"treat_all",0.0282685512367491
"1-3arc-Iteration1-PA1:1DO:0-Seed1021","1/3 arc-second",1,0.33,"treat_all",0.0137650967775961
"1-3arc-Iteration1-PA1:1DO:0-Seed1021","1/3 arc-second",1,0.34,"treat_all",-0.00117785630153128
"1-3arc-Iteration1-PA1:1DO:0-Seed1021","1/3 arc-second",1,0.35,"treat_all",-0.016580592552324
"1-3arc-Iteration1-PA1:1DO:0-Seed1021","1/3 arc-second",1,0.36,"treat_all",-0.0324646643109541
"1-3arc-Iteration1-PA1:1DO:0-Seed1021","1/3 arc-second",1,0.37,"treat_all",-0.0488529923158899
"1-3arc-Iteration1-PA1:1DO:0-Seed1021","1/3 arc-second",1,0.38,"treat_all",-0.0657699760629203
"1-3arc-Iteration1-PA1:1DO:0-Seed1021","1/3 arc-second",1,0.39,"treat_all",-0.0832416150147715
"1-3arc-Iteration1-PA1:1DO:0-Seed1021","1/3 arc-second",1,0.4,"treat_all",-0.101295641931684
"1-3arc-Iteration1-PA1:1DO:0-Seed1021","1/3 arc-second",1,0.41,"treat_all",-0.119961669761035
"1-3arc-Iteration1-PA1:1DO:0-Seed1021","1/3 arc-second",1,0.42,"treat_all",-0.139271353722432
"1-3arc-Iteration1-PA1:1DO:0-Seed1021","1/3 arc-second",1,0.43,"treat_all",-0.159258570454405
"1-3arc-Iteration1-PA1:1DO:0-Seed1021","1/3 arc-second",1,0.44,"treat_all",-0.179959616355376
"1-3arc-Iteration1-PA1:1DO:0-Seed1021","1/3 arc-second",1,0.45,"treat_all",-0.201413427561837
"1-3arc-Iteration1-PA1:1DO:0-Seed1021","1/3 arc-second",1,0.46,"treat_all",-0.223661824368538
"1-3arc-Iteration1-PA1:1DO:0-Seed1021","1/3 arc-second",1,0.47,"treat_all",-0.246749783318888
"1-3arc-Iteration1-PA1:1DO:0-Seed1021","1/3 arc-second",1,0.48,"treat_all",-0.270725740690405
"1-3arc-Iteration1-PA1:1DO:0-Seed1021","1/3 arc-second",1,0.49,"treat_all",-0.295641931684334
"1-3arc-Iteration1-PA1:1DO:0-Seed1021","1/3 arc-second",1,0.5,"treat_all",-0.321554770318021
"1-3arc-Iteration1-PA1:1DO:0-Seed1021","1/3 arc-second",1,0.51,"treat_all",-0.348525275834716
"1-3arc-Iteration1-PA1:1DO:0-Seed1021","1/3 arc-second",1,0.52,"treat_all",-0.376619552414605
"1-3arc-Iteration1-PA1:1DO:0-Seed1021","1/3 arc-second",1,0.53,"treat_all",-0.405909330125555
"1-3arc-Iteration1-PA1:1DO:0-Seed1021","1/3 arc-second",1,0.54,"treat_all",-0.436472576432632
"1-3arc-Iteration1-PA1:1DO:0-Seed1021","1/3 arc-second",1,0.55,"treat_all",-0.468394189242246
"1-3arc-Iteration1-PA1:1DO:0-Seed1021","1/3 arc-second",1,0.56,"treat_all",-0.501766784452297
"1-3arc-Iteration1-PA1:1DO:0-Seed1021","1/3 arc-second",1,0.57,"treat_all",-0.536691593393048
"1-3arc-Iteration1-PA1:1DO:0-Seed1021","1/3 arc-second",1,0.58,"treat_all",-0.573279488473835
"1-3arc-Iteration1-PA1:1DO:0-Seed1021","1/3 arc-second",1,0.59,"treat_all",-0.611652158924416
"1-3arc-Iteration1-PA1:1DO:0-Seed1021","1/3 arc-second",1,0.6,"treat_all",-0.651943462897526
"1-3arc-Iteration1-PA1:1DO:0-Seed1021","1/3 arc-second",1,0.61,"treat_all",-0.694300987587207
"1-3arc-Iteration1-PA1:1DO:0-Seed1021","1/3 arc-second",1,0.62,"treat_all",-0.738887855681607
"1-3arc-Iteration1-PA1:1DO:0-Seed1021","1/3 arc-second",1,0.63,"treat_all",-0.785884824754083
"1-3arc-Iteration1-PA1:1DO:0-Seed1021","1/3 arc-second",1,0.64,"treat_all",-0.835492736552807
"1-3arc-Iteration1-PA1:1DO:0-Seed1021","1/3 arc-second",1,0.65,"treat_all",-0.887935386168602
"1-3arc-Iteration1-PA1:1DO:0-Seed1021","1/3 arc-second",1,0.66,"treat_all",-0.943462897526502
"1-3arc-Iteration1-PA1:1DO:0-Seed1021","1/3 arc-second",1,0.67,"treat_all",-1.00235571260306
"1-3arc-Iteration1-PA1:1DO:0-Seed1021","1/3 arc-second",1,0.68,"treat_all",-1.06492932862191
"1-3arc-Iteration1-PA1:1DO:0-Seed1021","1/3 arc-second",1,0.69,"treat_all",-1.13153995212584
"1-3arc-Iteration1-PA1:1DO:0-Seed1021","1/3 arc-second",1,0.7,"treat_all",-1.20259128386337
"1-3arc-Iteration1-PA1:1DO:0-Seed1021","1/3 arc-second",1,0.71,"treat_all",-1.27854270744486
"1-3arc-Iteration1-PA1:1DO:0-Seed1021","1/3 arc-second",1,0.72,"treat_all",-1.35991923271075
"1-3arc-Iteration1-PA1:1DO:0-Seed1021","1/3 arc-second",1,0.73,"treat_all",-1.44732364873708
"1-3arc-Iteration1-PA1:1DO:0-Seed1021","1/3 arc-second",1,0.74,"treat_all",-1.54145148138081
"1-3arc-Iteration1-PA1:1DO:0-Seed1021","1/3 arc-second",1,0.75,"treat_all",-1.64310954063604
"1-3arc-Iteration1-PA1:1DO:0-Seed1021","1/3 arc-second",1,0.76,"treat_all",-1.75323910482921
"1-3arc-Iteration1-PA1:1DO:0-Seed1021","1/3 arc-second",1,0.77,"treat_all",-1.87294515286526
"1-3arc-Iteration1-PA1:1DO:0-Seed1021","1/3 arc-second",1,0.78,"treat_all",-2.00353356890459
"1-3arc-Iteration1-PA1:1DO:0-Seed1021","1/3 arc-second",1,0.79,"treat_all",-2.14655897694767
"1-3arc-Iteration1-PA1:1DO:0-Seed1021","1/3 arc-second",1,0.8,"treat_all",-2.30388692579505
"1-3arc-Iteration1-PA1:1DO:0-Seed1021","1/3 arc-second",1,0.81,"treat_all",-2.47777571136321
"1-3arc-Iteration1-PA1:1DO:0-Seed1021","1/3 arc-second",1,0.82,"treat_all",-2.67098547310562
"1-3arc-Iteration1-PA1:1DO:0-Seed1021","1/3 arc-second",1,0.83,"treat_all",-2.886925795053
"1-3arc-Iteration1-PA1:1DO:0-Seed1021","1/3 arc-second",1,0.84,"treat_all",-3.12985865724382
"1-3arc-Iteration1-PA1:1DO:0-Seed1021","1/3 arc-second",1,0.85,"treat_all",-3.40518256772674
"1-3arc-Iteration1-PA1:1DO:0-Seed1021","1/3 arc-second",1,0.86,"treat_all",-3.7198384654215
"1-3arc-Iteration1-PA1:1DO:0-Seed1021","1/3 arc-second",1,0.87,"treat_all",-4.08290296276162
"1-3arc-Iteration1-PA1:1DO:0-Seed1021","1/3 arc-second",1,0.88,"treat_all",-4.50647820965842
"1-3arc-Iteration1-PA1:1DO:0-Seed1021","1/3 arc-second",1,0.89,"treat_all",-5.00706713780919
"1-3arc-Iteration1-PA1:1DO:0-Seed1021","1/3 arc-second",1,0.9,"treat_all",-5.60777385159011
"1-3arc-Iteration1-PA1:1DO:0-Seed1021","1/3 arc-second",1,0.91,"treat_all",-6.34197094621123
"1-3arc-Iteration1-PA1:1DO:0-Seed1021","1/3 arc-second",1,0.92,"treat_all",-7.25971731448764
"1-3arc-Iteration1-PA1:1DO:0-Seed1021","1/3 arc-second",1,0.93,"treat_all",-8.43967693084302
"1-3arc-Iteration1-PA1:1DO:0-Seed1021","1/3 arc-second",1,0.94,"treat_all",-10.0129564193169
"1-3arc-Iteration1-PA1:1DO:0-Seed1021","1/3 arc-second",1,0.95,"treat_all",-12.2155477031802
"1-3arc-Iteration1-PA1:1DO:0-Seed1021","1/3 arc-second",1,0.96,"treat_all",-15.5194346289753
"1-3arc-Iteration1-PA1:1DO:0-Seed1021","1/3 arc-second",1,0.97,"treat_all",-21.0259128386337
"1-3arc-Iteration1-PA1:1DO:0-Seed1021","1/3 arc-second",1,0.98,"treat_all",-32.0388692579505
"1-3arc-Iteration1-PA1:1DO:0-Seed1021","1/3 arc-second",1,0.99,"treat_all",-65.077738515901
"1-3arc-Iteration1-PA1:1DO:0-Seed1021","1/3 arc-second",1,0.01,"treat_none",0
"1-3arc-Iteration1-PA1:1DO:0-Seed1021","1/3 arc-second",1,0.02,"treat_none",0
"1-3arc-Iteration1-PA1:1DO:0-Seed1021","1/3 arc-second",1,0.03,"treat_none",0
"1-3arc-Iteration1-PA1:1DO:0-Seed1021","1/3 arc-second",1,0.04,"treat_none",0
"1-3arc-Iteration1-PA1:1DO:0-Seed1021","1/3 arc-second",1,0.05,"treat_none",0
"1-3arc-Iteration1-PA1:1DO:0-Seed1021","1/3 arc-second",1,0.06,"treat_none",0
"1-3arc-Iteration1-PA1:1DO:0-Seed1021","1/3 arc-second",1,0.07,"treat_none",0
"1-3arc-Iteration1-PA1:1DO:0-Seed1021","1/3 arc-second",1,0.08,"treat_none",0
"1-3arc-Iteration1-PA1:1DO:0-Seed1021","1/3 arc-second",1,0.09,"treat_none",0
"1-3arc-Iteration1-PA1:1DO:0-Seed1021","1/3 arc-second",1,0.1,"treat_none",0
"1-3arc-Iteration1-PA1:1DO:0-Seed1021","1/3 arc-second",1,0.11,"treat_none",0
"1-3arc-Iteration1-PA1:1DO:0-Seed1021","1/3 arc-second",1,0.12,"treat_none",0
"1-3arc-Iteration1-PA1:1DO:0-Seed1021","1/3 arc-second",1,0.13,"treat_none",0
"1-3arc-Iteration1-PA1:1DO:0-Seed1021","1/3 arc-second",1,0.14,"treat_none",0
"1-3arc-Iteration1-PA1:1DO:0-Seed1021","1/3 arc-second",1,0.15,"treat_none",0
"1-3arc-Iteration1-PA1:1DO:0-Seed1021","1/3 arc-second",1,0.16,"treat_none",0
"1-3arc-Iteration1-PA1:1DO:0-Seed1021","1/3 arc-second",1,0.17,"treat_none",0
"1-3arc-Iteration1-PA1:1DO:0-Seed1021","1/3 arc-second",1,0.18,"treat_none",0
"1-3arc-Iteration1-PA1:1DO:0-Seed1021","1/3 arc-second",1,0.19,"treat_none",0
"1-3arc-Iteration1-PA1:1DO:0-Seed1021","1/3 arc-second",1,0.2,"treat_none",0
"1-3arc-Iteration1-PA1:1DO:0-Seed1021","1/3 arc-second",1,0.21,"treat_none",0
"1-3arc-Iteration1-PA1:1DO:0-Seed1021","1/3 arc-second",1,0.22,"treat_none",0
"1-3arc-Iteration1-PA1:1DO:0-Seed1021","1/3 arc-second",1,0.23,"treat_none",0
"1-3arc-Iteration1-PA1:1DO:0-Seed1021","1/3 arc-second",1,0.24,"treat_none",0
"1-3arc-Iteration1-PA1:1DO:0-Seed1021","1/3 arc-second",1,0.25,"treat_none",0
"1-3arc-Iteration1-PA1:1DO:0-Seed1021","1/3 arc-second",1,0.26,"treat_none",0
"1-3arc-Iteration1-PA1:1DO:0-Seed1021","1/3 arc-second",1,0.27,"treat_none",0
"1-3arc-Iteration1-PA1:1DO:0-Seed1021","1/3 arc-second",1,0.28,"treat_none",0
"1-3arc-Iteration1-PA1:1DO:0-Seed1021","1/3 arc-second",1,0.29,"treat_none",0
"1-3arc-Iteration1-PA1:1DO:0-Seed1021","1/3 arc-second",1,0.3,"treat_none",0
"1-3arc-Iteration1-PA1:1DO:0-Seed1021","1/3 arc-second",1,0.31,"treat_none",0
"1-3arc-Iteration1-PA1:1DO:0-Seed1021","1/3 arc-second",1,0.32,"treat_none",0
"1-3arc-Iteration1-PA1:1DO:0-Seed1021","1/3 arc-second",1,0.33,"treat_none",0
"1-3arc-Iteration1-PA1:1DO:0-Seed1021","1/3 arc-second",1,0.34,"treat_none",0
"1-3arc-Iteration1-PA1:1DO:0-Seed1021","1/3 arc-second",1,0.35,"treat_none",0
"1-3arc-Iteration1-PA1:1DO:0-Seed1021","1/3 arc-second",1,0.36,"treat_none",0
"1-3arc-Iteration1-PA1:1DO:0-Seed1021","1/3 arc-second",1,0.37,"treat_none",0
"1-3arc-Iteration1-PA1:1DO:0-Seed1021","1/3 arc-second",1,0.38,"treat_none",0
"1-3arc-Iteration1-PA1:1DO:0-Seed1021","1/3 arc-second",1,0.39,"treat_none",0
"1-3arc-Iteration1-PA1:1DO:0-Seed1021","1/3 arc-second",1,0.4,"treat_none",0
"1-3arc-Iteration1-PA1:1DO:0-Seed1021","1/3 arc-second",1,0.41,"treat_none",0
"1-3arc-Iteration1-PA1:1DO:0-Seed1021","1/3 arc-second",1,0.42,"treat_none",0
"1-3arc-Iteration1-PA1:1DO:0-Seed1021","1/3 arc-second",1,0.43,"treat_none",0
"1-3arc-Iteration1-PA1:1DO:0-Seed1021","1/3 arc-second",1,0.44,"treat_none",0
"1-3arc-Iteration1-PA1:1DO:0-Seed1021","1/3 arc-second",1,0.45,"treat_none",0
"1-3arc-Iteration1-PA1:1DO:0-Seed1021","1/3 arc-second",1,0.46,"treat_none",0
"1-3arc-Iteration1-PA1:1DO:0-Seed1021","1/3 arc-second",1,0.47,"treat_none",0
"1-3arc-Iteration1-PA1:1DO:0-Seed1021","1/3 arc-second",1,0.48,"treat_none",0
"1-3arc-Iteration1-PA1:1DO:0-Seed1021","1/3 arc-second",1,0.49,"treat_none",0
"1-3arc-Iteration1-PA1:1DO:0-Seed1021","1/3 arc-second",1,0.5,"treat_none",0
"1-3arc-Iteration1-PA1:1DO:0-Seed1021","1/3 arc-second",1,0.51,"treat_none",0
"1-3arc-Iteration1-PA1:1DO:0-Seed1021","1/3 arc-second",1,0.52,"treat_none",0
"1-3arc-Iteration1-PA1:1DO:0-Seed1021","1/3 arc-second",1,0.53,"treat_none",0
"1-3arc-Iteration1-PA1:1DO:0-Seed1021","1/3 arc-second",1,0.54,"treat_none",0
"1-3arc-Iteration1-PA1:1DO:0-Seed1021","1/3 arc-second",1,0.55,"treat_none",0
"1-3arc-Iteration1-PA1:1DO:0-Seed1021","1/3 arc-second",1,0.56,"treat_none",0
"1-3arc-Iteration1-PA1:1DO:0-Seed1021","1/3 arc-second",1,0.57,"treat_none",0
"1-3arc-Iteration1-PA1:1DO:0-Seed1021","1/3 arc-second",1,0.58,"treat_none",0
"1-3arc-Iteration1-PA1:1DO:0-Seed1021","1/3 arc-second",1,0.59,"treat_none",0
"1-3arc-Iteration1-PA1:1DO:0-Seed1021","1/3 arc-second",1,0.6,"treat_none",0
"1-3arc-Iteration1-PA1:1DO:0-Seed1021","1/3 arc-second",1,0.61,"treat_none",0
"1-3arc-Iteration1-PA1:1DO:0-Seed1021","1/3 arc-second",1,0.62,"treat_none",0
"1-3arc-Iteration1-PA1:1DO:0-Seed1021","1/3 arc-second",1,0.63,"treat_none",0
"1-3arc-Iteration1-PA1:1DO:0-Seed1021","1/3 arc-second",1,0.64,"treat_none",0
"1-3arc-Iteration1-PA1:1DO:0-Seed1021","1/3 arc-second",1,0.65,"treat_none",0
"1-3arc-Iteration1-PA1:1DO:0-Seed1021","1/3 arc-second",1,0.66,"treat_none",0
"1-3arc-Iteration1-PA1:1DO:0-Seed1021","1/3 arc-second",1,0.67,"treat_none",0
"1-3arc-Iteration1-PA1:1DO:0-Seed1021","1/3 arc-second",1,0.68,"treat_none",0
"1-3arc-Iteration1-PA1:1DO:0-Seed1021","1/3 arc-second",1,0.69,"treat_none",0
"1-3arc-Iteration1-PA1:1DO:0-Seed1021","1/3 arc-second",1,0.7,"treat_none",0
"1-3arc-Iteration1-PA1:1DO:0-Seed1021","1/3 arc-second",1,0.71,"treat_none",0
"1-3arc-Iteration1-PA1:1DO:0-Seed1021","1/3 arc-second",1,0.72,"treat_none",0
"1-3arc-Iteration1-PA1:1DO:0-Seed1021","1/3 arc-second",1,0.73,"treat_none",0
"1-3arc-Iteration1-PA1:1DO:0-Seed1021","1/3 arc-second",1,0.74,"treat_none",0
"1-3arc-Iteration1-PA1:1DO:0-Seed1021","1/3 arc-second",1,0.75,"treat_none",0
"1-3arc-Iteration1-PA1:1DO:0-Seed1021","1/3 arc-second",1,0.76,"treat_none",0
"1-3arc-Iteration1-PA1:1DO:0-Seed1021","1/3 arc-second",1,0.77,"treat_none",0
"1-3arc-Iteration1-PA1:1DO:0-Seed1021","1/3 arc-second",1,0.78,"treat_none",0
"1-3arc-Iteration1-PA1:1DO:0-Seed1021","1/3 arc-second",1,0.79,"treat_none",0
"1-3arc-Iteration1-PA1:1DO:0-Seed1021","1/3 arc-second",1,0.8,"treat_none",0
"1-3arc-Iteration1-PA1:1DO:0-Seed1021","1/3 arc-second",1,0.81,"treat_none",0
"1-3arc-Iteration1-PA1:1DO:0-Seed1021","1/3 arc-second",1,0.82,"treat_none",0
"1-3arc-Iteration1-PA1:1DO:0-Seed1021","1/3 arc-second",1,0.83,"treat_none",0
"1-3arc-Iteration1-PA1:1DO:0-Seed1021","1/3 arc-second",1,0.84,"treat_none",0
"1-3arc-Iteration1-PA1:1DO:0-Seed1021","1/3 arc-second",1,0.85,"treat_none",0
"1-3arc-Iteration1-PA1:1DO:0-Seed1021","1/3 arc-second",1,0.86,"treat_none",0
"1-3arc-Iteration1-PA1:1DO:0-Seed1021","1/3 arc-second",1,0.87,"treat_none",0
"1-3arc-Iteration1-PA1:1DO:0-Seed1021","1/3 arc-second",1,0.88,"treat_none",0
"1-3arc-Iteration1-PA1:1DO:0-Seed1021","1/3 arc-second",1,0.89,"treat_none",0
"1-3arc-Iteration1-PA1:1DO:0-Seed1021","1/3 arc-second",1,0.9,"treat_none",0
"1-3arc-Iteration1-PA1:1DO:0-Seed1021","1/3 arc-second",1,0.91,"treat_none",0
"1-3arc-Iteration1-PA1:1DO:0-Seed1021","1/3 arc-second",1,0.92,"treat_none",0
"1-3arc-Iteration1-PA1:1DO:0-Seed1021","1/3 arc-second",1,0.93,"treat_none",0
"1-3arc-Iteration1-PA1:1DO:0-Seed1021","1/3 arc-second",1,0.94,"treat_none",0
"1-3arc-Iteration1-PA1:1DO:0-Seed1021","1/3 arc-second",1,0.95,"treat_none",0
"1-3arc-Iteration1-PA1:1DO:0-Seed1021","1/3 arc-second",1,0.96,"treat_none",0
"1-3arc-Iteration1-PA1:1DO:0-Seed1021","1/3 arc-second",1,0.97,"treat_none",0
"1-3arc-Iteration1-PA1:1DO:0-Seed1021","1/3 arc-second",1,0.98,"treat_none",0
"1-3arc-Iteration1-PA1:1DO:0-Seed1021","1/3 arc-second",1,0.99,"treat_none",0
"1-3arc-Iteration1-PA1:1DO:0-Seed1061","1/3 arc-second",1,0.01,"model",0.332548095798979
"1-3arc-Iteration1-PA1:1DO:0-Seed1061","1/3 arc-second",1,0.02,"model",0.325953703035985
"1-3arc-Iteration1-PA1:1DO:0-Seed1061","1/3 arc-second",1,0.03,"model",0.31215620560271
"1-3arc-Iteration1-PA1:1DO:0-Seed1061","1/3 arc-second",1,0.04,"model",0.301825677267373
"1-3arc-Iteration1-PA1:1DO:0-Seed1061","1/3 arc-second",1,0.05,"model",0.294960014878185
"1-3arc-Iteration1-PA1:1DO:0-Seed1061","1/3 arc-second",1,0.06,"model",0.280956319073754
"1-3arc-Iteration1-PA1:1DO:0-Seed1061","1/3 arc-second",1,0.07,"model",0.263877806907557
"1-3arc-Iteration1-PA1:1DO:0-Seed1061","1/3 arc-second",1,0.08,"model",0.236902750038408
"1-3arc-Iteration1-PA1:1DO:0-Seed1061","1/3 arc-second",1,0.09,"model",0.230691569914185
"1-3arc-Iteration1-PA1:1DO:0-Seed1061","1/3 arc-second",1,0.1,"model",0.216725559481743
"1-3arc-Iteration1-PA1:1DO:0-Seed1061","1/3 arc-second",1,0.11,"model",0.204430857188232
"1-3arc-Iteration1-PA1:1DO:0-Seed1061","1/3 arc-second",1,0.12,"model",0.197558625120463
"1-3arc-Iteration1-PA1:1DO:0-Seed1061","1/3 arc-second",1,0.13,"model",0.187076073270785
"1-3arc-Iteration1-PA1:1DO:0-Seed1061","1/3 arc-second",1,0.14,"model",0.180047662092201
"1-3arc-Iteration1-PA1:1DO:0-Seed1061","1/3 arc-second",1,0.15,"model",0.170650592392434
"1-3arc-Iteration1-PA1:1DO:0-Seed1061","1/3 arc-second",1,0.16,"model",0.165572942958102
"1-3arc-Iteration1-PA1:1DO:0-Seed1061","1/3 arc-second",1,0.17,"model",0.155008727489463
"1-3arc-Iteration1-PA1:1DO:0-Seed1061","1/3 arc-second",1,0.18,"model",0.147117124881496
"1-3arc-Iteration1-PA1:1DO:0-Seed1061","1/3 arc-second",1,0.19,"model",0.139859529729966
"1-3arc-Iteration1-PA1:1DO:0-Seed1061","1/3 arc-second",1,0.2,"model",0.132508833922261
"1-3arc-Iteration1-PA1:1DO:0-Seed1061","1/3 arc-second",1,0.21,"model",0.128818714496578
"1-3arc-Iteration1-PA1:1DO:0-Seed1061","1/3 arc-second",1,0.22,"model",0.122497055359246
"1-3arc-Iteration1-PA1:1DO:0-Seed1061","1/3 arc-second",1,0.23,"model",0.115139277683447
"1-3arc-Iteration1-PA1:1DO:0-Seed1061","1/3 arc-second",1,0.24,"model",0.111028454528547
"1-3arc-Iteration1-PA1:1DO:0-Seed1061","1/3 arc-second",1,0.25,"model",0.100117785630153
"1-3arc-Iteration1-PA1:1DO:0-Seed1061","1/3 arc-second",1,0.26,"model",0.0892942412377041
"1-3arc-Iteration1-PA1:1DO:0-Seed1061","1/3 arc-second",1,0.27,"model",0.0858221598334866
"1-3arc-Iteration1-PA1:1DO:0-Seed1061","1/3 arc-second",1,0.28,"model",0.0812720848056536
"1-3arc-Iteration1-PA1:1DO:0-Seed1061","1/3 arc-second",1,0.29,"model",0.0768924501070024
"1-3arc-Iteration1-PA1:1DO:0-Seed1061","1/3 arc-second",1,0.3,"model",0.0742049469964664
"1-3arc-Iteration1-PA1:1DO:0-Seed1061","1/3 arc-second",1,0.31,"model",0.0654990525938444
"1-3arc-Iteration1-PA1:1DO:0-Seed1061","1/3 arc-second",1,0.32,"model",0.0579921014342132
"1-3arc-Iteration1-PA1:1DO:0-Seed1061","1/3 arc-second",1,0.33,"model",0.0489425663203417
"1-3arc-Iteration1-PA1:1DO:0-Seed1061","1/3 arc-second",1,0.34,"model",0.0434736053110611
"1-3arc-Iteration1-PA1:1DO:0-Seed1061","1/3 arc-second",1,0.35,"model",0.0364229410165806
"1-3arc-Iteration1-PA1:1DO:0-Seed1061","1/3 arc-second",1,0.36,"model",0.0271643109540636
"1-3arc-Iteration1-PA1:1DO:0-Seed1061","1/3 arc-second",1,0.37,"model",0.0176117561276572
"1-3arc-Iteration1-PA1:1DO:0-Seed1061","1/3 arc-second",1,0.38,"model",0.0142482617120711
"1-3arc-Iteration1-PA1:1DO:0-Seed1061","1/3 arc-second",1,0.39,"model",0.00660371893645367
"1-3arc-Iteration1-PA1:1DO:0-Seed1061","1/3 arc-second",1,0.4,"model",-0.00117785630153122
"1-3arc-Iteration1-PA1:1DO:0-Seed1061","1/3 arc-second",1,0.41,"model",-0.00419236988680599
"1-3arc-Iteration1-PA1:1DO:0-Seed1061","1/3 arc-second",1,0.42,"model",-0.00950408188132085
"1-3arc-Iteration1-PA1:1DO:0-Seed1061","1/3 arc-second",1,0.43,"model",-0.0156220941045193
"1-3arc-Iteration1-PA1:1DO:0-Seed1061","1/3 arc-second",1,0.44,"model",-0.0159010600706714
"1-3arc-Iteration1-PA1:1DO:0-Seed1061","1/3 arc-second",1,0.45,"model",-0.0205589463539994
"1-3arc-Iteration1-PA1:1DO:0-Seed1061","1/3 arc-second",1,0.46,"model",-0.025651092788902
"1-3arc-Iteration1-PA1:1DO:0-Seed1061","1/3 arc-second",1,0.47,"model",-0.0300020001333423
"1-3arc-Iteration1-PA1:1DO:0-Seed1061","1/3 arc-second",1,0.48,"model",-0.0244631693394944
"1-3arc-Iteration1-PA1:1DO:0-Seed1061","1/3 arc-second",1,0.49,"model",-0.0318714058061387
"1-3arc-Iteration1-PA1:1DO:0-Seed1061","1/3 arc-second",1,0.5,"model",-0.049469964664311
"1-3arc-Iteration1-PA1:1DO:0-Seed1061","1/3 arc-second",1,0.51,"model",-0.0604312396336627
"1-3arc-Iteration1-PA1:1DO:0-Seed1061","1/3 arc-second",1,0.52,"model",-0.0677267373380448
"1-3arc-Iteration1-PA1:1DO:0-Seed1061","1/3 arc-second",1,0.53,"model",-0.0713480189459439
"1-3arc-Iteration1-PA1:1DO:0-Seed1061","1/3 arc-second",1,0.54,"model",-0.0706713780918728
"1-3arc-Iteration1-PA1:1DO:0-Seed1061","1/3 arc-second",1,0.55,"model",-0.0859835100117787
"1-3arc-Iteration1-PA1:1DO:0-Seed1061","1/3 arc-second",1,0.56,"model",-0.08030838419531
"1-3arc-Iteration1-PA1:1DO:0-Seed1061","1/3 arc-second",1,0.57,"model",-0.0772454597748378
"1-3arc-Iteration1-PA1:1DO:0-Seed1061","1/3 arc-second",1,0.58,"model",-0.0816086151775199
"1-3arc-Iteration1-PA1:1DO:0-Seed1061","1/3 arc-second",1,0.59,"model",-0.086874084288546
"1-3arc-Iteration1-PA1:1DO:0-Seed1061","1/3 arc-second",1,0.6,"model",-0.0918727915194346
"1-3arc-Iteration1-PA1:1DO:0-Seed1061","1/3 arc-second",1,0.61,"model",-0.100117785630153
"1-3arc-Iteration1-PA1:1DO:0-Seed1061","1/3 arc-second",1,0.62,"model",-0.0952203831132602
"1-3arc-Iteration1-PA1:1DO:0-Seed1061","1/3 arc-second",1,0.63,"model",-0.0915862859325757
"1-3arc-Iteration1-PA1:1DO:0-Seed1061","1/3 arc-second",1,0.64,"model",-0.113859442481351
"1-3arc-Iteration1-PA1:1DO:0-Seed1061","1/3 arc-second",1,0.65,"model",-0.126198889449773
"1-3arc-Iteration1-PA1:1DO:0-Seed1061","1/3 arc-second",1,0.66,"model",-0.125545624610268
"1-3arc-Iteration1-PA1:1DO:0-Seed1061","1/3 arc-second",1,0.67,"model",-0.138665810043902
"1-3arc-Iteration1-PA1:1DO:0-Seed1061","1/3 arc-second",1,0.68,"model",-0.144434628975265
"1-3arc-Iteration1-PA1:1DO:0-Seed1061","1/3 arc-second",1,0.69,"model",-0.145332269463126
"1-3arc-Iteration1-PA1:1DO:0-Seed1061","1/3 arc-second",1,0.7,"model",-0.156654888103651
"1-3arc-Iteration1-PA1:1DO:0-Seed1061","1/3 arc-second",1,0.71,"model",-0.142926769830633
"1-3arc-Iteration1-PA1:1DO:0-Seed1061","1/3 arc-second",1,0.72,"model",-0.146895507319536
"1-3arc-Iteration1-PA1:1DO:0-Seed1061","1/3 arc-second",1,0.73,"model",-0.150896479518388
"1-3arc-Iteration1-PA1:1DO:0-Seed1061","1/3 arc-second",1,0.74,"model",-0.144876325088339
"1-3arc-Iteration1-PA1:1DO:0-Seed1061","1/3 arc-second",1,0.75,"model",-0.151943462897526
"1-3arc-Iteration1-PA1:1DO:0-Seed1061","1/3 arc-second",1,0.76,"model",-0.136631330977621
"1-3arc-Iteration1-PA1:1DO:0-Seed1061","1/3 arc-second",1,0.77,"model",-0.15071439545245
"1-3arc-Iteration1-PA1:1DO:0-Seed1061","1/3 arc-second",1,0.78,"model",-0.141021522646964
"1-3arc-Iteration1-PA1:1DO:0-Seed1061","1/3 arc-second",1,0.79,"model",-0.156318357731785
"1-3arc-Iteration1-PA1:1DO:0-Seed1061","1/3 arc-second",1,0.8,"model",-0.176678445229682
"1-3arc-Iteration1-PA1:1DO:0-Seed1061","1/3 arc-second",1,0.81,"model",-0.142086665426818
"1-3arc-Iteration1-PA1:1DO:0-Seed1061","1/3 arc-second",1,0.82,"model",-0.126423243031017
"1-3arc-Iteration1-PA1:1DO:0-Seed1061","1/3 arc-second",1,0.83,"model",-0.12533776761588
"1-3arc-Iteration1-PA1:1DO:0-Seed1061","1/3 arc-second",1,0.84,"model",-0.134275618374558
"1-3arc-Iteration1-PA1:1DO:0-Seed1061","1/3 arc-second",1,0.85,"model",-0.131919905771496
"1-3arc-Iteration1-PA1:1DO:0-Seed1061","1/3 arc-second",1,0.86,"model",-0.128722867238768
"1-3arc-Iteration1-PA1:1DO:0-Seed1061","1/3 arc-second",1,0.87,"model",-0.155205218809459
"1-3arc-Iteration1-PA1:1DO:0-Seed1061","1/3 arc-second",1,0.88,"model",-0.103651354534747
"1-3arc-Iteration1-PA1:1DO:0-Seed1061","1/3 arc-second",1,0.89,"model",-0.125923546418246
"1-3arc-Iteration1-PA1:1DO:0-Seed1061","1/3 arc-second",1,0.9,"model",-0.151943462897527
"1-3arc-Iteration1-PA1:1DO:0-Seed1061","1/3 arc-second",1,0.91,"model",-0.150765606595995
"1-3arc-Iteration1-PA1:1DO:0-Seed1061","1/3 arc-second",1,0.92,"model",-0.183745583038869
"1-3arc-Iteration1-PA1:1DO:0-Seed1061","1/3 arc-second",1,0.93,"model",-0.0913679959616357
"1-3arc-Iteration1-PA1:1DO:0-Seed1061","1/3 arc-second",1,0.94,"model",-0.0200235571260307
"1-3arc-Iteration1-PA1:1DO:0-Seed1061","1/3 arc-second",1,0.95,"model",-0.0353356890459365
"1-3arc-Iteration1-PA1:1DO:0-Seed1061","1/3 arc-second",1,0.96,"model",0.0318021201413428
"1-3arc-Iteration1-PA1:1DO:0-Seed1061","1/3 arc-second",1,0.97,"model",0.0318021201413428
"1-3arc-Iteration1-PA1:1DO:0-Seed1061","1/3 arc-second",1,0.98,"model",0.0247349823321555
"1-3arc-Iteration1-PA1:1DO:0-Seed1061","1/3 arc-second",1,0.99,"model",0.0212014134275618
"1-3arc-Iteration1-PA1:1DO:0-Seed1061","1/3 arc-second",1,0.01,"treat_all",0.332548095798979
"1-3arc-Iteration1-PA1:1DO:0-Seed1061","1/3 arc-second",1,0.02,"treat_all",0.325737362082642
"1-3arc-Iteration1-PA1:1DO:0-Seed1061","1/3 arc-second",1,0.03,"treat_all",0.318786200866999
"1-3arc-Iteration1-PA1:1DO:0-Seed1061","1/3 arc-second",1,0.04,"treat_all",0.311690223792697
"1-3arc-Iteration1-PA1:1DO:0-Seed1061","1/3 arc-second",1,0.05,"treat_all",0.304444857727357
"1-3arc-Iteration1-PA1:1DO:0-Seed1061","1/3 arc-second",1,0.06,"treat_all",0.297045334937223
"1-3arc-Iteration1-PA1:1DO:0-Seed1061","1/3 arc-second",1,0.07,"treat_all",0.28948668262472
"1-3arc-Iteration1-PA1:1DO:0-Seed1061","1/3 arc-second",1,0.08,"treat_all",0.281763711783684
"1-3arc-Iteration1-PA1:1DO:0-Seed1061","1/3 arc-second",1,0.09,"treat_all",0.273871005319769
"1-3arc-Iteration1-PA1:1DO:0-Seed1061","1/3 arc-second",1,0.1,"treat_all",0.265802905378877
"1-3arc-Iteration1-PA1:1DO:0-Seed1061","1/3 arc-second",1,0.11,"treat_all",0.257553499821336
"1-3arc-Iteration1-PA1:1DO:0-Seed1061","1/3 arc-second",1,0.12,"treat_all",0.249116607773852
"1-3arc-Iteration1-PA1:1DO:0-Seed1061","1/3 arc-second",1,0.13,"treat_all",0.240485764185045
"1-3arc-Iteration1-PA1:1DO:0-Seed1061","1/3 arc-second",1,0.14,"treat_all",0.231654203303476
"1-3arc-Iteration1-PA1:1DO:0-Seed1061","1/3 arc-second",1,0.15,"treat_all",0.222614840989399
"1-3arc-Iteration1-PA1:1DO:0-Seed1061","1/3 arc-second",1,0.16,"treat_all",0.213360255763083
"1-3arc-Iteration1-PA1:1DO:0-Seed1061","1/3 arc-second",1,0.17,"treat_all",0.20388266848312
"1-3arc-Iteration1-PA1:1DO:0-Seed1061","1/3 arc-second",1,0.18,"treat_all",0.194173920537792
"1-3arc-Iteration1-PA1:1DO:0-Seed1061","1/3 arc-second",1,0.19,"treat_all",0.184225450420975
"1-3arc-Iteration1-PA1:1DO:0-Seed1061","1/3 arc-second",1,0.2,"treat_all",0.174028268551237
"1-3arc-Iteration1-PA1:1DO:0-Seed1061","1/3 arc-second",1,0.21,"treat_all",0.163572930178468
"1-3arc-Iteration1-PA1:1DO:0-Seed1061","1/3 arc-second",1,0.22,"treat_all",0.152849506206397
"1-3arc-Iteration1-PA1:1DO:0-Seed1061","1/3 arc-second",1,0.23,"treat_all",0.141847551741545
"1-3arc-Iteration1-PA1:1DO:0-Seed1061","1/3 arc-second",1,0.24,"treat_all",0.130556072159197
"1-3arc-Iteration1-PA1:1DO:0-Seed1061","1/3 arc-second",1,0.25,"treat_all",0.118963486454653
"1-3arc-Iteration1-PA1:1DO:0-Seed1061","1/3 arc-second",1,0.26,"treat_all",0.107057587622959
"1-3arc-Iteration1-PA1:1DO:0-Seed1061","1/3 arc-second",1,0.27,"treat_all",0.0948254997821772
"1-3arc-Iteration1-PA1:1DO:0-Seed1061","1/3 arc-second",1,0.28,"treat_all",0.0822536317235963
"1-3arc-Iteration1-PA1:1DO:0-Seed1061","1/3 arc-second",1,0.29,"treat_all",0.0693276265366047
"1-3arc-Iteration1-PA1:1DO:0-Seed1061","1/3 arc-second",1,0.3,"treat_all",0.0560323069156991
"1-3arc-Iteration1-PA1:1DO:0-Seed1061","1/3 arc-second",1,0.31,"treat_all",0.0423516157115788
"1-3arc-Iteration1-PA1:1DO:0-Seed1061","1/3 arc-second",1,0.32,"treat_all",0.0282685512367491
"1-3arc-Iteration1-PA1:1DO:0-Seed1061","1/3 arc-second",1,0.33,"treat_all",0.0137650967775961
"1-3arc-Iteration1-PA1:1DO:0-Seed1061","1/3 arc-second",1,0.34,"treat_all",-0.00117785630153128
"1-3arc-Iteration1-PA1:1DO:0-Seed1061","1/3 arc-second",1,0.35,"treat_all",-0.016580592552324
"1-3arc-Iteration1-PA1:1DO:0-Seed1061","1/3 arc-second",1,0.36,"treat_all",-0.0324646643109541
"1-3arc-Iteration1-PA1:1DO:0-Seed1061","1/3 arc-second",1,0.37,"treat_all",-0.0488529923158899
"1-3arc-Iteration1-PA1:1DO:0-Seed1061","1/3 arc-second",1,0.38,"treat_all",-0.0657699760629203
"1-3arc-Iteration1-PA1:1DO:0-Seed1061","1/3 arc-second",1,0.39,"treat_all",-0.0832416150147715
"1-3arc-Iteration1-PA1:1DO:0-Seed1061","1/3 arc-second",1,0.4,"treat_all",-0.101295641931684
"1-3arc-Iteration1-PA1:1DO:0-Seed1061","1/3 arc-second",1,0.41,"treat_all",-0.119961669761035
"1-3arc-Iteration1-PA1:1DO:0-Seed1061","1/3 arc-second",1,0.42,"treat_all",-0.139271353722432
"1-3arc-Iteration1-PA1:1DO:0-Seed1061","1/3 arc-second",1,0.43,"treat_all",-0.159258570454405
"1-3arc-Iteration1-PA1:1DO:0-Seed1061","1/3 arc-second",1,0.44,"treat_all",-0.179959616355376
"1-3arc-Iteration1-PA1:1DO:0-Seed1061","1/3 arc-second",1,0.45,"treat_all",-0.201413427561837
"1-3arc-Iteration1-PA1:1DO:0-Seed1061","1/3 arc-second",1,0.46,"treat_all",-0.223661824368538
"1-3arc-Iteration1-PA1:1DO:0-Seed1061","1/3 arc-second",1,0.47,"treat_all",-0.246749783318888
"1-3arc-Iteration1-PA1:1DO:0-Seed1061","1/3 arc-second",1,0.48,"treat_all",-0.270725740690405
"1-3arc-Iteration1-PA1:1DO:0-Seed1061","1/3 arc-second",1,0.49,"treat_all",-0.295641931684334
"1-3arc-Iteration1-PA1:1DO:0-Seed1061","1/3 arc-second",1,0.5,"treat_all",-0.321554770318021
"1-3arc-Iteration1-PA1:1DO:0-Seed1061","1/3 arc-second",1,0.51,"treat_all",-0.348525275834716
"1-3arc-Iteration1-PA1:1DO:0-Seed1061","1/3 arc-second",1,0.52,"treat_all",-0.376619552414605
"1-3arc-Iteration1-PA1:1DO:0-Seed1061","1/3 arc-second",1,0.53,"treat_all",-0.405909330125555
"1-3arc-Iteration1-PA1:1DO:0-Seed1061","1/3 arc-second",1,0.54,"treat_all",-0.436472576432632
"1-3arc-Iteration1-PA1:1DO:0-Seed1061","1/3 arc-second",1,0.55,"treat_all",-0.468394189242246
"1-3arc-Iteration1-PA1:1DO:0-Seed1061","1/3 arc-second",1,0.56,"treat_all",-0.501766784452297
"1-3arc-Iteration1-PA1:1DO:0-Seed1061","1/3 arc-second",1,0.57,"treat_all",-0.536691593393048
"1-3arc-Iteration1-PA1:1DO:0-Seed1061","1/3 arc-second",1,0.58,"treat_all",-0.573279488473835
"1-3arc-Iteration1-PA1:1DO:0-Seed1061","1/3 arc-second",1,0.59,"treat_all",-0.611652158924416
"1-3arc-Iteration1-PA1:1DO:0-Seed1061","1/3 arc-second",1,0.6,"treat_all",-0.651943462897526
"1-3arc-Iteration1-PA1:1DO:0-Seed1061","1/3 arc-second",1,0.61,"treat_all",-0.694300987587207
"1-3arc-Iteration1-PA1:1DO:0-Seed1061","1/3 arc-second",1,0.62,"treat_all",-0.738887855681607
"1-3arc-Iteration1-PA1:1DO:0-Seed1061","1/3 arc-second",1,0.63,"treat_all",-0.785884824754083
"1-3arc-Iteration1-PA1:1DO:0-Seed1061","1/3 arc-second",1,0.64,"treat_all",-0.835492736552807
"1-3arc-Iteration1-PA1:1DO:0-Seed1061","1/3 arc-second",1,0.65,"treat_all",-0.887935386168602
"1-3arc-Iteration1-PA1:1DO:0-Seed1061","1/3 arc-second",1,0.66,"treat_all",-0.943462897526502
"1-3arc-Iteration1-PA1:1DO:0-Seed1061","1/3 arc-second",1,0.67,"treat_all",-1.00235571260306
"1-3arc-Iteration1-PA1:1DO:0-Seed1061","1/3 arc-second",1,0.68,"treat_all",-1.06492932862191
"1-3arc-Iteration1-PA1:1DO:0-Seed1061","1/3 arc-second",1,0.69,"treat_all",-1.13153995212584
"1-3arc-Iteration1-PA1:1DO:0-Seed1061","1/3 arc-second",1,0.7,"treat_all",-1.20259128386337
"1-3arc-Iteration1-PA1:1DO:0-Seed1061","1/3 arc-second",1,0.71,"treat_all",-1.27854270744486
"1-3arc-Iteration1-PA1:1DO:0-Seed1061","1/3 arc-second",1,0.72,"treat_all",-1.35991923271075
"1-3arc-Iteration1-PA1:1DO:0-Seed1061","1/3 arc-second",1,0.73,"treat_all",-1.44732364873708
"1-3arc-Iteration1-PA1:1DO:0-Seed1061","1/3 arc-second",1,0.74,"treat_all",-1.54145148138081
"1-3arc-Iteration1-PA1:1DO:0-Seed1061","1/3 arc-second",1,0.75,"treat_all",-1.64310954063604
"1-3arc-Iteration1-PA1:1DO:0-Seed1061","1/3 arc-second",1,0.76,"treat_all",-1.75323910482921
"1-3arc-Iteration1-PA1:1DO:0-Seed1061","1/3 arc-second",1,0.77,"treat_all",-1.87294515286526
"1-3arc-Iteration1-PA1:1DO:0-Seed1061","1/3 arc-second",1,0.78,"treat_all",-2.00353356890459
"1-3arc-Iteration1-PA1:1DO:0-Seed1061","1/3 arc-second",1,0.79,"treat_all",-2.14655897694767
"1-3arc-Iteration1-PA1:1DO:0-Seed1061","1/3 arc-second",1,0.8,"treat_all",-2.30388692579505
"1-3arc-Iteration1-PA1:1DO:0-Seed1061","1/3 arc-second",1,0.81,"treat_all",-2.47777571136321
"1-3arc-Iteration1-PA1:1DO:0-Seed1061","1/3 arc-second",1,0.82,"treat_all",-2.67098547310562
"1-3arc-Iteration1-PA1:1DO:0-Seed1061","1/3 arc-second",1,0.83,"treat_all",-2.886925795053
"1-3arc-Iteration1-PA1:1DO:0-Seed1061","1/3 arc-second",1,0.84,"treat_all",-3.12985865724382
"1-3arc-Iteration1-PA1:1DO:0-Seed1061","1/3 arc-second",1,0.85,"treat_all",-3.40518256772674
"1-3arc-Iteration1-PA1:1DO:0-Seed1061","1/3 arc-second",1,0.86,"treat_all",-3.7198384654215
"1-3arc-Iteration1-PA1:1DO:0-Seed1061","1/3 arc-second",1,0.87,"treat_all",-4.08290296276162
"1-3arc-Iteration1-PA1:1DO:0-Seed1061","1/3 arc-second",1,0.88,"treat_all",-4.50647820965842
"1-3arc-Iteration1-PA1:1DO:0-Seed1061","1/3 arc-second",1,0.89,"treat_all",-5.00706713780919
"1-3arc-Iteration1-PA1:1DO:0-Seed1061","1/3 arc-second",1,0.9,"treat_all",-5.60777385159011
"1-3arc-Iteration1-PA1:1DO:0-Seed1061","1/3 arc-second",1,0.91,"treat_all",-6.34197094621123
"1-3arc-Iteration1-PA1:1DO:0-Seed1061","1/3 arc-second",1,0.92,"treat_all",-7.25971731448764
"1-3arc-Iteration1-PA1:1DO:0-Seed1061","1/3 arc-second",1,0.93,"treat_all",-8.43967693084302
"1-3arc-Iteration1-PA1:1DO:0-Seed1061","1/3 arc-second",1,0.94,"treat_all",-10.0129564193169
"1-3arc-Iteration1-PA1:1DO:0-Seed1061","1/3 arc-second",1,0.95,"treat_all",-12.2155477031802
"1-3arc-Iteration1-PA1:1DO:0-Seed1061","1/3 arc-second",1,0.96,"treat_all",-15.5194346289753
"1-3arc-Iteration1-PA1:1DO:0-Seed1061","1/3 arc-second",1,0.97,"treat_all",-21.0259128386337
"1-3arc-Iteration1-PA1:1DO:0-Seed1061","1/3 arc-second",1,0.98,"treat_all",-32.0388692579505
"1-3arc-Iteration1-PA1:1DO:0-Seed1061","1/3 arc-second",1,0.99,"treat_all",-65.077738515901
"1-3arc-Iteration1-PA1:1DO:0-Seed1061","1/3 arc-second",1,0.01,"treat_none",0
"1-3arc-Iteration1-PA1:1DO:0-Seed1061","1/3 arc-second",1,0.02,"treat_none",0
"1-3arc-Iteration1-PA1:1DO:0-Seed1061","1/3 arc-second",1,0.03,"treat_none",0
"1-3arc-Iteration1-PA1:1DO:0-Seed1061","1/3 arc-second",1,0.04,"treat_none",0
"1-3arc-Iteration1-PA1:1DO:0-Seed1061","1/3 arc-second",1,0.05,"treat_none",0
"1-3arc-Iteration1-PA1:1DO:0-Seed1061","1/3 arc-second",1,0.06,"treat_none",0
"1-3arc-Iteration1-PA1:1DO:0-Seed1061","1/3 arc-second",1,0.07,"treat_none",0
"1-3arc-Iteration1-PA1:1DO:0-Seed1061","1/3 arc-second",1,0.08,"treat_none",0
"1-3arc-Iteration1-PA1:1DO:0-Seed1061","1/3 arc-second",1,0.09,"treat_none",0
"1-3arc-Iteration1-PA1:1DO:0-Seed1061","1/3 arc-second",1,0.1,"treat_none",0
"1-3arc-Iteration1-PA1:1DO:0-Seed1061","1/3 arc-second",1,0.11,"treat_none",0
"1-3arc-Iteration1-PA1:1DO:0-Seed1061","1/3 arc-second",1,0.12,"treat_none",0
"1-3arc-Iteration1-PA1:1DO:0-Seed1061","1/3 arc-second",1,0.13,"treat_none",0
"1-3arc-Iteration1-PA1:1DO:0-Seed1061","1/3 arc-second",1,0.14,"treat_none",0
"1-3arc-Iteration1-PA1:1DO:0-Seed1061","1/3 arc-second",1,0.15,"treat_none",0
"1-3arc-Iteration1-PA1:1DO:0-Seed1061","1/3 arc-second",1,0.16,"treat_none",0
"1-3arc-Iteration1-PA1:1DO:0-Seed1061","1/3 arc-second",1,0.17,"treat_none",0
"1-3arc-Iteration1-PA1:1DO:0-Seed1061","1/3 arc-second",1,0.18,"treat_none",0
"1-3arc-Iteration1-PA1:1DO:0-Seed1061","1/3 arc-second",1,0.19,"treat_none",0
"1-3arc-Iteration1-PA1:1DO:0-Seed1061","1/3 arc-second",1,0.2,"treat_none",0
"1-3arc-Iteration1-PA1:1DO:0-Seed1061","1/3 arc-second",1,0.21,"treat_none",0
"1-3arc-Iteration1-PA1:1DO:0-Seed1061","1/3 arc-second",1,0.22,"treat_none",0
"1-3arc-Iteration1-PA1:1DO:0-Seed1061","1/3 arc-second",1,0.23,"treat_none",0
"1-3arc-Iteration1-PA1:1DO:0-Seed1061","1/3 arc-second",1,0.24,"treat_none",0
"1-3arc-Iteration1-PA1:1DO:0-Seed1061","1/3 arc-second",1,0.25,"treat_none",0
"1-3arc-Iteration1-PA1:1DO:0-Seed1061","1/3 arc-second",1,0.26,"treat_none",0
"1-3arc-Iteration1-PA1:1DO:0-Seed1061","1/3 arc-second",1,0.27,"treat_none",0
"1-3arc-Iteration1-PA1:1DO:0-Seed1061","1/3 arc-second",1,0.28,"treat_none",0
"1-3arc-Iteration1-PA1:1DO:0-Seed1061","1/3 arc-second",1,0.29,"treat_none",0
"1-3arc-Iteration1-PA1:1DO:0-Seed1061","1/3 arc-second",1,0.3,"treat_none",0
"1-3arc-Iteration1-PA1:1DO:0-Seed1061","1/3 arc-second",1,0.31,"treat_none",0
"1-3arc-Iteration1-PA1:1DO:0-Seed1061","1/3 arc-second",1,0.32,"treat_none",0
"1-3arc-Iteration1-PA1:1DO:0-Seed1061","1/3 arc-second",1,0.33,"treat_none",0
"1-3arc-Iteration1-PA1:1DO:0-Seed1061","1/3 arc-second",1,0.34,"treat_none",0
"1-3arc-Iteration1-PA1:1DO:0-Seed1061","1/3 arc-second",1,0.35,"treat_none",0
"1-3arc-Iteration1-PA1:1DO:0-Seed1061","1/3 arc-second",1,0.36,"treat_none",0
"1-3arc-Iteration1-PA1:1DO:0-Seed1061","1/3 arc-second",1,0.37,"treat_none",0
"1-3arc-Iteration1-PA1:1DO:0-Seed1061","1/3 arc-second",1,0.38,"treat_none",0
"1-3arc-Iteration1-PA1:1DO:0-Seed1061","1/3 arc-second",1,0.39,"treat_none",0
"1-3arc-Iteration1-PA1:1DO:0-Seed1061","1/3 arc-second",1,0.4,"treat_none",0
"1-3arc-Iteration1-PA1:1DO:0-Seed1061","1/3 arc-second",1,0.41,"treat_none",0
"1-3arc-Iteration1-PA1:1DO:0-Seed1061","1/3 arc-second",1,0.42,"treat_none",0
"1-3arc-Iteration1-PA1:1DO:0-Seed1061","1/3 arc-second",1,0.43,"treat_none",0
"1-3arc-Iteration1-PA1:1DO:0-Seed1061","1/3 arc-second",1,0.44,"treat_none",0
"1-3arc-Iteration1-PA1:1DO:0-Seed1061","1/3 arc-second",1,0.45,"treat_none",0
"1-3arc-Iteration1-PA1:1DO:0-Seed1061","1/3 arc-second",1,0.46,"treat_none",0
"1-3arc-Iteration1-PA1:1DO:0-Seed1061","1/3 arc-second",1,0.47,"treat_none",0
"1-3arc-Iteration1-PA1:1DO:0-Seed1061","1/3 arc-second",1,0.48,"treat_none",0
"1-3arc-Iteration1-PA1:1DO:0-Seed1061","1/3 arc-second",1,0.49,"treat_none",0
"1-3arc-Iteration1-PA1:1DO:0-Seed1061","1/3 arc-second",1,0.5,"treat_none",0
"1-3arc-Iteration1-PA1:1DO:0-Seed1061","1/3 arc-second",1,0.51,"treat_none",0
"1-3arc-Iteration1-PA1:1DO:0-Seed1061","1/3 arc-second",1,0.52,"treat_none",0
"1-3arc-Iteration1-PA1:1DO:0-Seed1061","1/3 arc-second",1,0.53,"treat_none",0
"1-3arc-Iteration1-PA1:1DO:0-Seed1061","1/3 arc-second",1,0.54,"treat_none",0
"1-3arc-Iteration1-PA1:1DO:0-Seed1061","1/3 arc-second",1,0.55,"treat_none",0
"1-3arc-Iteration1-PA1:1DO:0-Seed1061","1/3 arc-second",1,0.56,"treat_none",0
"1-3arc-Iteration1-PA1:1DO:0-Seed1061","1/3 arc-second",1,0.57,"treat_none",0
"1-3arc-Iteration1-PA1:1DO:0-Seed1061","1/3 arc-second",1,0.58,"treat_none",0
"1-3arc-Iteration1-PA1:1DO:0-Seed1061","1/3 arc-second",1,0.59,"treat_none",0
"1-3arc-Iteration1-PA1:1DO:0-Seed1061","1/3 arc-second",1,0.6,"treat_none",0
"1-3arc-Iteration1-PA1:1DO:0-Seed1061","1/3 arc-second",1,0.61,"treat_none",0
"1-3arc-Iteration1-PA1:1DO:0-Seed1061","1/3 arc-second",1,0.62,"treat_none",0
"1-3arc-Iteration1-PA1:1DO:0-Seed1061","1/3 arc-second",1,0.63,"treat_none",0
"1-3arc-Iteration1-PA1:1DO:0-Seed1061","1/3 arc-second",1,0.64,"treat_none",0
"1-3arc-Iteration1-PA1:1DO:0-Seed1061","1/3 arc-second",1,0.65,"treat_none",0
"1-3arc-Iteration1-PA1:1DO:0-Seed1061","1/3 arc-second",1,0.66,"treat_none",0
"1-3arc-Iteration1-PA1:1DO:0-Seed1061","1/3 arc-second",1,0.67,"treat_none",0
"1-3arc-Iteration1-PA1:1DO:0-Seed1061","1/3 arc-second",1,0.68,"treat_none",0
"1-3arc-Iteration1-PA1:1DO:0-Seed1061","1/3 arc-second",1,0.69,"treat_none",0
"1-3arc-Iteration1-PA1:1DO:0-Seed1061","1/3 arc-second",1,0.7,"treat_none",0
"1-3arc-Iteration1-PA1:1DO:0-Seed1061","1/3 arc-second",1,0.71,"treat_none",0
"1-3arc-Iteration1-PA1:1DO:0-Seed1061","1/3 arc-second",1,0.72,"treat_none",0
"1-3arc-Iteration1-PA1:1DO:0-Seed1061","1/3 arc-second",1,0.73,"treat_none",0
"1-3arc-Iteration1-PA1:1DO:0-Seed1061","1/3 arc-second",1,0.74,"treat_none",0
"1-3arc-Iteration1-PA1:1DO:0-Seed1061","1/3 arc-second",1,0.75,"treat_none",0
"1-3arc-Iteration1-PA1:1DO:0-Seed1061","1/3 arc-second",1,0.76,"treat_none",0
"1-3arc-Iteration1-PA1:1DO:0-Seed1061","1/3 arc-second",1,0.77,"treat_none",0
"1-3arc-Iteration1-PA1:1DO:0-Seed1061","1/3 arc-second",1,0.78,"treat_none",0
"1-3arc-Iteration1-PA1:1DO:0-Seed1061","1/3 arc-second",1,0.79,"treat_none",0
"1-3arc-Iteration1-PA1:1DO:0-Seed1061","1/3 arc-second",1,0.8,"treat_none",0
"1-3arc-Iteration1-PA1:1DO:0-Seed1061","1/3 arc-second",1,0.81,"treat_none",0
"1-3arc-Iteration1-PA1:1DO:0-Seed1061","1/3 arc-second",1,0.82,"treat_none",0
"1-3arc-Iteration1-PA1:1DO:0-Seed1061","1/3 arc-second",1,0.83,"treat_none",0
"1-3arc-Iteration1-PA1:1DO:0-Seed1061","1/3 arc-second",1,0.84,"treat_none",0
"1-3arc-Iteration1-PA1:1DO:0-Seed1061","1/3 arc-second",1,0.85,"treat_none",0
"1-3arc-Iteration1-PA1:1DO:0-Seed1061","1/3 arc-second",1,0.86,"treat_none",0
"1-3arc-Iteration1-PA1:1DO:0-Seed1061","1/3 arc-second",1,0.87,"treat_none",0
"1-3arc-Iteration1-PA1:1DO:0-Seed1061","1/3 arc-second",1,0.88,"treat_none",0
"1-3arc-Iteration1-PA1:1DO:0-Seed1061","1/3 arc-second",1,0.89,"treat_none",0
"1-3arc-Iteration1-PA1:1DO:0-Seed1061","1/3 arc-second",1,0.9,"treat_none",0
"1-3arc-Iteration1-PA1:1DO:0-Seed1061","1/3 arc-second",1,0.91,"treat_none",0
"1-3arc-Iteration1-PA1:1DO:0-Seed1061","1/3 arc-second",1,0.92,"treat_none",0
"1-3arc-Iteration1-PA1:1DO:0-Seed1061","1/3 arc-second",1,0.93,"treat_none",0
"1-3arc-Iteration1-PA1:1DO:0-Seed1061","1/3 arc-second",1,0.94,"treat_none",0
"1-3arc-Iteration1-PA1:1DO:0-Seed1061","1/3 arc-second",1,0.95,"treat_none",0
"1-3arc-Iteration1-PA1:1DO:0-Seed1061","1/3 arc-second",1,0.96,"treat_none",0
"1-3arc-Iteration1-PA1:1DO:0-Seed1061","1/3 arc-second",1,0.97,"treat_none",0
"1-3arc-Iteration1-PA1:1DO:0-Seed1061","1/3 arc-second",1,0.98,"treat_none",0
"1-3arc-Iteration1-PA1:1DO:0-Seed1061","1/3 arc-second",1,0.99,"treat_none",0
"1arc-Iteration0-PA1:1DO:0-Seed1054","1 arc-second",0,0.01,"model",0.332548095798979
"1arc-Iteration0-PA1:1DO:0-Seed1054","1 arc-second",0,0.02,"model",0.325737362082642
"1arc-Iteration0-PA1:1DO:0-Seed1054","1 arc-second",0,0.03,"model",0.318786200866999
"1arc-Iteration0-PA1:1DO:0-Seed1054","1 arc-second",0,0.04,"model",0.311690223792697
"1arc-Iteration0-PA1:1DO:0-Seed1054","1 arc-second",0,0.05,"model",0.304444857727357
"1arc-Iteration0-PA1:1DO:0-Seed1054","1 arc-second",0,0.06,"model",0.297045334937223
"1arc-Iteration0-PA1:1DO:0-Seed1054","1 arc-second",0,0.07,"model",0.28948668262472
"1arc-Iteration0-PA1:1DO:0-Seed1054","1 arc-second",0,0.08,"model",0.281763711783684
"1arc-Iteration0-PA1:1DO:0-Seed1054","1 arc-second",0,0.09,"model",0.273871005319769
"1arc-Iteration0-PA1:1DO:0-Seed1054","1 arc-second",0,0.1,"model",0.265802905378877
"1arc-Iteration0-PA1:1DO:0-Seed1054","1 arc-second",0,0.11,"model",0.257553499821336
"1arc-Iteration0-PA1:1DO:0-Seed1054","1 arc-second",0,0.12,"model",0.249116607773852
"1arc-Iteration0-PA1:1DO:0-Seed1054","1 arc-second",0,0.13,"model",0.240485764185045
"1arc-Iteration0-PA1:1DO:0-Seed1054","1 arc-second",0,0.14,"model",0.231654203303476
"1arc-Iteration0-PA1:1DO:0-Seed1054","1 arc-second",0,0.15,"model",0.222614840989399
"1arc-Iteration0-PA1:1DO:0-Seed1054","1 arc-second",0,0.16,"model",0.213360255763083
"1arc-Iteration0-PA1:1DO:0-Seed1054","1 arc-second",0,0.17,"model",0.20388266848312
"1arc-Iteration0-PA1:1DO:0-Seed1054","1 arc-second",0,0.18,"model",0.194173920537792
"1arc-Iteration0-PA1:1DO:0-Seed1054","1 arc-second",0,0.19,"model",0.184225450420975
"1arc-Iteration0-PA1:1DO:0-Seed1054","1 arc-second",0,0.2,"model",0.174028268551237
"1arc-Iteration0-PA1:1DO:0-Seed1054","1 arc-second",0,0.21,"model",0.163572930178468
"1arc-Iteration0-PA1:1DO:0-Seed1054","1 arc-second",0,0.22,"model",0.152849506206397
"1arc-Iteration0-PA1:1DO:0-Seed1054","1 arc-second",0,0.23,"model",0.141847551741545
"1arc-Iteration0-PA1:1DO:0-Seed1054","1 arc-second",0,0.24,"model",0.131671936023805
"1arc-Iteration0-PA1:1DO:0-Seed1054","1 arc-second",0,0.25,"model",0.120141342756184
"1arc-Iteration0-PA1:1DO:0-Seed1054","1 arc-second",0,0.26,"model",0.108299111832681
"1arc-Iteration0-PA1:1DO:0-Seed1054","1 arc-second",0,0.27,"model",0.0974393726705068
"1arc-Iteration0-PA1:1DO:0-Seed1054","1 arc-second",0,0.28,"model",0.082842559874362
"1arc-Iteration0-PA1:1DO:0-Seed1054","1 arc-second",0,0.29,"model",0.0688299407753944
"1arc-Iteration0-PA1:1DO:0-Seed1054","1 arc-second",0,0.3,"model",0.0560323069156992
"1arc-Iteration0-PA1:1DO:0-Seed1054","1 arc-second",0,0.31,"model",0.0444512725969171
"1arc-Iteration0-PA1:1DO:0-Seed1054","1 arc-second",0,0.32,"model",0.0326335481188942
"1arc-Iteration0-PA1:1DO:0-Seed1054","1 arc-second",0,0.33,"model",0.0150308528031222
"1arc-Iteration0-PA1:1DO:0-Seed1054","1 arc-second",0,0.34,"model",0.00888746118428091
"1arc-Iteration0-PA1:1DO:0-Seed1054","1 arc-second",0,0.35,"model",-0.00625169883120419
"1arc-Iteration0-PA1:1DO:0-Seed1054","1 arc-second",0,0.36,"model",-0.0200971731448764
"1arc-Iteration0-PA1:1DO:0-Seed1054","1 arc-second",0,0.37,"model",-0.0358404846037355
"1arc-Iteration0-PA1:1DO:0-Seed1054","1 arc-second",0,0.38,"model",-0.0652000455944375
"1arc-Iteration0-PA1:1DO:0-Seed1054","1 arc-second",0,0.39,"model",-0.0803452470601866
"1arc-Iteration0-PA1:1DO:0-Seed1054","1 arc-second",0,0.4,"model",-0.0859835100117786
"1arc-Iteration0-PA1:1DO:0-Seed1054","1 arc-second",0,0.41,"model",-0.0987003653350902
"1arc-Iteration0-PA1:1DO:0-Seed1054","1 arc-second",0,0.42,"model",-0.111733885707323
"1arc-Iteration0-PA1:1DO:0-Seed1054","1 arc-second",0,0.43,"model",-0.125100737709999
"1arc-Iteration0-PA1:1DO:0-Seed1054","1 arc-second",0,0.44,"model",-0.141595153962645
"1arc-Iteration0-PA1:1DO:0-Seed1054","1 arc-second",0,0.45,"model",-0.158689367169932
"1arc-Iteration0-PA1:1DO:0-Seed1054","1 arc-second",0,0.46,"model",-0.176416699384897
"1arc-Iteration0-PA1:1DO:0-Seed1054","1 arc-second",0,0.47,"model",-0.194812987532502
"1arc-Iteration0-PA1:1DO:0-Seed1054","1 arc-second",0,0.48,"model",-0.207393313400381
"1arc-Iteration0-PA1:1DO:0-Seed1054","1 arc-second",0,0.49,"model",-0.223584840296543
"1arc-Iteration0-PA1:1DO:0-Seed1054","1 arc-second",0,0.5,"model",-0.240282685512367
"1arc-Iteration0-PA1:1DO:0-Seed1054","1 arc-second",0,0.51,"model",-0.253840051921829
"1arc-Iteration0-PA1:1DO:0-Seed1054","1 arc-second",0,0.52,"model",-0.275323910482921
"1arc-Iteration0-PA1:1DO:0-Seed1054","1 arc-second",0,0.53,"model",-0.293737312983986
"1arc-Iteration0-PA1:1DO:0-Seed1054","1 arc-second",0,0.54,"model",-0.316945767398986
"1arc-Iteration0-PA1:1DO:0-Seed1054","1 arc-second",0,0.55,"model",-0.336866902237927
"1arc-Iteration0-PA1:1DO:0-Seed1054","1 arc-second",0,0.56,"model",-0.362030195952458
"1arc-Iteration0-PA1:1DO:0-Seed1054","1 arc-second",0,0.57,"model",-0.388363875421152
"1arc-Iteration0-PA1:1DO:0-Seed1054","1 arc-second",0,0.58,"model",-0.415951539626452
"1arc-Iteration0-PA1:1DO:0-Seed1054","1 arc-second",0,0.59,"model",-0.443333620615358
"1arc-Iteration0-PA1:1DO:0-Seed1054","1 arc-second",0,0.6,"model",-0.468197879858657
"1arc-Iteration0-PA1:1DO:0-Seed1054","1 arc-second",0,0.61,"model",-0.499682884841895
"1arc-Iteration0-PA1:1DO:0-Seed1054","1 arc-second",0,0.62,"model",-0.527059698716757
"1arc-Iteration0-PA1:1DO:0-Seed1054","1 arc-second",0,0.63,"model",-0.555725336644065
"1arc-Iteration0-PA1:1DO:0-Seed1054","1 arc-second",0,0.64,"model",-0.592069100903023
"1arc-Iteration0-PA1:1DO:0-Seed1054","1 arc-second",0,0.65,"model",-0.630489651691065
"1arc-Iteration0-PA1:1DO:0-Seed1054","1 arc-second",0,0.66,"model",-0.671170234878404
"1arc-Iteration0-PA1:1DO:0-Seed1054","1 arc-second",0,0.67,"model",-0.714316307955884
"1arc-Iteration0-PA1:1DO:0-Seed1054","1 arc-second",0,0.68,"model",-0.760159010600707
"1arc-Iteration0-PA1:1DO:0-Seed1054","1 arc-second",0,0.69,"model",-0.808959306964551
"1arc-Iteration0-PA1:1DO:0-Seed1054","1 arc-second",0,0.7,"model",-0.861012956419317
"1arc-Iteration0-PA1:1DO:0-Seed1054","1 arc-second",0,0.71,"model",-0.916656512733033
"1arc-Iteration0-PA1:1DO:0-Seed1054","1 arc-second",0,0.72,"model",-0.967188288743059
"1arc-Iteration0-PA1:1DO:0-Seed1054","1 arc-second",0,0.73,"model",-1.00209396675828
"1arc-Iteration0-PA1:1DO:0-Seed1054","1 arc-second",0,0.74,"model",-1.06904050013591
"1arc-Iteration0-PA1:1DO:0-Seed1054","1 arc-second",0,0.75,"model",-1.13074204946996
"1arc-Iteration0-PA1:1DO:0-Seed1054","1 arc-second",0,0.76,"model",-1.19729093050648
"1arc-Iteration0-PA1:1DO:0-Seed1054","1 arc-second",0,0.77,"model",-1.26931940390229
"1arc-Iteration0-PA1:1DO:0-Seed1054","1 arc-second",0,0.78,"model",-1.36010279473177
"1arc-Iteration0-PA1:1DO:0-Seed1054","1 arc-second",0,0.79,"model",-1.45953222278311
"1arc-Iteration0-PA1:1DO:0-Seed1054","1 arc-second",0,0.8,"model",-1.56890459363958
"1arc-Iteration0-PA1:1DO:0-Seed1054","1 arc-second",0,0.81,"model",-1.68978984563883
"1arc-Iteration0-PA1:1DO:0-Seed1054","1 arc-second",0,0.82,"model",-1.80800942285041
"1arc-Iteration0-PA1:1DO:0-Seed1054","1 arc-second",0,0.83,"model",-1.95697360216171
"1arc-Iteration0-PA1:1DO:0-Seed1054","1 arc-second",0,0.84,"model",-2.12455830388693
"1arc-Iteration0-PA1:1DO:0-Seed1054","1 arc-second",0,0.85,"model",-2.31448763250883
"1arc-Iteration0-PA1:1DO:0-Seed1054","1 arc-second",0,0.86,"model",-2.50984351337708
"1arc-Iteration0-PA1:1DO:0-Seed1054","1 arc-second",0,0.87,"model",-2.73471051916282
"1arc-Iteration0-PA1:1DO:0-Seed1054","1 arc-second",0,0.88,"model",-3.02237926972909
"1arc-Iteration0-PA1:1DO:0-Seed1054","1 arc-second",0,0.89,"model",-3.36235142948924
"1arc-Iteration0-PA1:1DO:0-Seed1054","1 arc-second",0,0.9,"model",-3.77031802120141
"1arc-Iteration0-PA1:1DO:0-Seed1054","1 arc-second",0,0.91,"model",-4.27247742442089
"1arc-Iteration0-PA1:1DO:0-Seed1054","1 arc-second",0,0.92,"model",-4.85512367491166
"1arc-Iteration0-PA1:1DO:0-Seed1054","1 arc-second",0,0.93,"model",-5.65017667844523
"1arc-Iteration0-PA1:1DO:0-Seed1054","1 arc-second",0,0.94,"model",-6.51354534746762
"1arc-Iteration0-PA1:1DO:0-Seed1054","1 arc-second",0,0.95,"model",-7.54770318021203
"1arc-Iteration0-PA1:1DO:0-Seed1054","1 arc-second",0,0.96,"model",-9.0106007067138
"1arc-Iteration0-PA1:1DO:0-Seed1054","1 arc-second",0,0.97,"model",-11.3203769140165
"1arc-Iteration0-PA1:1DO:0-Seed1054","1 arc-second",0,0.98,"model",-15.7349823321555
"1arc-Iteration0-PA1:1DO:0-Seed1054","1 arc-second",0,0.99,"model",-26.452296819788
"1arc-Iteration0-PA1:1DO:0-Seed1054","1 arc-second",0,0.01,"treat_all",0.332548095798979
"1arc-Iteration0-PA1:1DO:0-Seed1054","1 arc-second",0,0.02,"treat_all",0.325737362082642
"1arc-Iteration0-PA1:1DO:0-Seed1054","1 arc-second",0,0.03,"treat_all",0.318786200866999
"1arc-Iteration0-PA1:1DO:0-Seed1054","1 arc-second",0,0.04,"treat_all",0.311690223792697
"1arc-Iteration0-PA1:1DO:0-Seed1054","1 arc-second",0,0.05,"treat_all",0.304444857727357
"1arc-Iteration0-PA1:1DO:0-Seed1054","1 arc-second",0,0.06,"treat_all",0.297045334937223
"1arc-Iteration0-PA1:1DO:0-Seed1054","1 arc-second",0,0.07,"treat_all",0.28948668262472
"1arc-Iteration0-PA1:1DO:0-Seed1054","1 arc-second",0,0.08,"treat_all",0.281763711783684
"1arc-Iteration0-PA1:1DO:0-Seed1054","1 arc-second",0,0.09,"treat_all",0.273871005319769
"1arc-Iteration0-PA1:1DO:0-Seed1054","1 arc-second",0,0.1,"treat_all",0.265802905378877
"1arc-Iteration0-PA1:1DO:0-Seed1054","1 arc-second",0,0.11,"treat_all",0.257553499821336
"1arc-Iteration0-PA1:1DO:0-Seed1054","1 arc-second",0,0.12,"treat_all",0.249116607773852
"1arc-Iteration0-PA1:1DO:0-Seed1054","1 arc-second",0,0.13,"treat_all",0.240485764185045
"1arc-Iteration0-PA1:1DO:0-Seed1054","1 arc-second",0,0.14,"treat_all",0.231654203303476
"1arc-Iteration0-PA1:1DO:0-Seed1054","1 arc-second",0,0.15,"treat_all",0.222614840989399
"1arc-Iteration0-PA1:1DO:0-Seed1054","1 arc-second",0,0.16,"treat_all",0.213360255763083
"1arc-Iteration0-PA1:1DO:0-Seed1054","1 arc-second",0,0.17,"treat_all",0.20388266848312
"1arc-Iteration0-PA1:1DO:0-Seed1054","1 arc-second",0,0.18,"treat_all",0.194173920537792
"1arc-Iteration0-PA1:1DO:0-Seed1054","1 arc-second",0,0.19,"treat_all",0.184225450420975
"1arc-Iteration0-PA1:1DO:0-Seed1054","1 arc-second",0,0.2,"treat_all",0.174028268551237
"1arc-Iteration0-PA1:1DO:0-Seed1054","1 arc-second",0,0.21,"treat_all",0.163572930178468
"1arc-Iteration0-PA1:1DO:0-Seed1054","1 arc-second",0,0.22,"treat_all",0.152849506206397
"1arc-Iteration0-PA1:1DO:0-Seed1054","1 arc-second",0,0.23,"treat_all",0.141847551741545
"1arc-Iteration0-PA1:1DO:0-Seed1054","1 arc-second",0,0.24,"treat_all",0.130556072159197
"1arc-Iteration0-PA1:1DO:0-Seed1054","1 arc-second",0,0.25,"treat_all",0.118963486454653
"1arc-Iteration0-PA1:1DO:0-Seed1054","1 arc-second",0,0.26,"treat_all",0.107057587622959
"1arc-Iteration0-PA1:1DO:0-Seed1054","1 arc-second",0,0.27,"treat_all",0.0948254997821772
"1arc-Iteration0-PA1:1DO:0-Seed1054","1 arc-second",0,0.28,"treat_all",0.0822536317235963
"1arc-Iteration0-PA1:1DO:0-Seed1054","1 arc-second",0,0.29,"treat_all",0.0693276265366047
"1arc-Iteration0-PA1:1DO:0-Seed1054","1 arc-second",0,0.3,"treat_all",0.0560323069156991
"1arc-Iteration0-PA1:1DO:0-Seed1054","1 arc-second",0,0.31,"treat_all",0.0423516157115788
"1arc-Iteration0-PA1:1DO:0-Seed1054","1 arc-second",0,0.32,"treat_all",0.0282685512367491
"1arc-Iteration0-PA1:1DO:0-Seed1054","1 arc-second",0,0.33,"treat_all",0.0137650967775961
"1arc-Iteration0-PA1:1DO:0-Seed1054","1 arc-second",0,0.34,"treat_all",-0.00117785630153128
"1arc-Iteration0-PA1:1DO:0-Seed1054","1 arc-second",0,0.35,"treat_all",-0.016580592552324
"1arc-Iteration0-PA1:1DO:0-Seed1054","1 arc-second",0,0.36,"treat_all",-0.0324646643109541
"1arc-Iteration0-PA1:1DO:0-Seed1054","1 arc-second",0,0.37,"treat_all",-0.0488529923158899
"1arc-Iteration0-PA1:1DO:0-Seed1054","1 arc-second",0,0.38,"treat_all",-0.0657699760629203
"1arc-Iteration0-PA1:1DO:0-Seed1054","1 arc-second",0,0.39,"treat_all",-0.0832416150147715
"1arc-Iteration0-PA1:1DO:0-Seed1054","1 arc-second",0,0.4,"treat_all",-0.101295641931684
"1arc-Iteration0-PA1:1DO:0-Seed1054","1 arc-second",0,0.41,"treat_all",-0.119961669761035
"1arc-Iteration0-PA1:1DO:0-Seed1054","1 arc-second",0,0.42,"treat_all",-0.139271353722432
"1arc-Iteration0-PA1:1DO:0-Seed1054","1 arc-second",0,0.43,"treat_all",-0.159258570454405
"1arc-Iteration0-PA1:1DO:0-Seed1054","1 arc-second",0,0.44,"treat_all",-0.179959616355376
"1arc-Iteration0-PA1:1DO:0-Seed1054","1 arc-second",0,0.45,"treat_all",-0.201413427561837
"1arc-Iteration0-PA1:1DO:0-Seed1054","1 arc-second",0,0.46,"treat_all",-0.223661824368538
"1arc-Iteration0-PA1:1DO:0-Seed1054","1 arc-second",0,0.47,"treat_all",-0.246749783318888
"1arc-Iteration0-PA1:1DO:0-Seed1054","1 arc-second",0,0.48,"treat_all",-0.270725740690405
"1arc-Iteration0-PA1:1DO:0-Seed1054","1 arc-second",0,0.49,"treat_all",-0.295641931684334
"1arc-Iteration0-PA1:1DO:0-Seed1054","1 arc-second",0,0.5,"treat_all",-0.321554770318021
"1arc-Iteration0-PA1:1DO:0-Seed1054","1 arc-second",0,0.51,"treat_all",-0.348525275834716
"1arc-Iteration0-PA1:1DO:0-Seed1054","1 arc-second",0,0.52,"treat_all",-0.376619552414605
"1arc-Iteration0-PA1:1DO:0-Seed1054","1 arc-second",0,0.53,"treat_all",-0.405909330125555
"1arc-Iteration0-PA1:1DO:0-Seed1054","1 arc-second",0,0.54,"treat_all",-0.436472576432632
"1arc-Iteration0-PA1:1DO:0-Seed1054","1 arc-second",0,0.55,"treat_all",-0.468394189242246
"1arc-Iteration0-PA1:1DO:0-Seed1054","1 arc-second",0,0.56,"treat_all",-0.501766784452297
"1arc-Iteration0-PA1:1DO:0-Seed1054","1 arc-second",0,0.57,"treat_all",-0.536691593393048
"1arc-Iteration0-PA1:1DO:0-Seed1054","1 arc-second",0,0.58,"treat_all",-0.573279488473835
"1arc-Iteration0-PA1:1DO:0-Seed1054","1 arc-second",0,0.59,"treat_all",-0.611652158924416
"1arc-Iteration0-PA1:1DO:0-Seed1054","1 arc-second",0,0.6,"treat_all",-0.651943462897526
"1arc-Iteration0-PA1:1DO:0-Seed1054","1 arc-second",0,0.61,"treat_all",-0.694300987587207
"1arc-Iteration0-PA1:1DO:0-Seed1054","1 arc-second",0,0.62,"treat_all",-0.738887855681607
"1arc-Iteration0-PA1:1DO:0-Seed1054","1 arc-second",0,0.63,"treat_all",-0.785884824754083
"1arc-Iteration0-PA1:1DO:0-Seed1054","1 arc-second",0,0.64,"treat_all",-0.835492736552807
"1arc-Iteration0-PA1:1DO:0-Seed1054","1 arc-second",0,0.65,"treat_all",-0.887935386168602
"1arc-Iteration0-PA1:1DO:0-Seed1054","1 arc-second",0,0.66,"treat_all",-0.943462897526502
"1arc-Iteration0-PA1:1DO:0-Seed1054","1 arc-second",0,0.67,"treat_all",-1.00235571260306
"1arc-Iteration0-PA1:1DO:0-Seed1054","1 arc-second",0,0.68,"treat_all",-1.06492932862191
"1arc-Iteration0-PA1:1DO:0-Seed1054","1 arc-second",0,0.69,"treat_all",-1.13153995212584
"1arc-Iteration0-PA1:1DO:0-Seed1054","1 arc-second",0,0.7,"treat_all",-1.20259128386337
"1arc-Iteration0-PA1:1DO:0-Seed1054","1 arc-second",0,0.71,"treat_all",-1.27854270744486
"1arc-Iteration0-PA1:1DO:0-Seed1054","1 arc-second",0,0.72,"treat_all",-1.35991923271075
"1arc-Iteration0-PA1:1DO:0-Seed1054","1 arc-second",0,0.73,"treat_all",-1.44732364873708
"1arc-Iteration0-PA1:1DO:0-Seed1054","1 arc-second",0,0.74,"treat_all",-1.54145148138081
"1arc-Iteration0-PA1:1DO:0-Seed1054","1 arc-second",0,0.75,"treat_all",-1.64310954063604
"1arc-Iteration0-PA1:1DO:0-Seed1054","1 arc-second",0,0.76,"treat_all",-1.75323910482921
"1arc-Iteration0-PA1:1DO:0-Seed1054","1 arc-second",0,0.77,"treat_all",-1.87294515286526
"1arc-Iteration0-PA1:1DO:0-Seed1054","1 arc-second",0,0.78,"treat_all",-2.00353356890459
"1arc-Iteration0-PA1:1DO:0-Seed1054","1 arc-second",0,0.79,"treat_all",-2.14655897694767
"1arc-Iteration0-PA1:1DO:0-Seed1054","1 arc-second",0,0.8,"treat_all",-2.30388692579505
"1arc-Iteration0-PA1:1DO:0-Seed1054","1 arc-second",0,0.81,"treat_all",-2.47777571136321
"1arc-Iteration0-PA1:1DO:0-Seed1054","1 arc-second",0,0.82,"treat_all",-2.67098547310562
"1arc-Iteration0-PA1:1DO:0-Seed1054","1 arc-second",0,0.83,"treat_all",-2.886925795053
"1arc-Iteration0-PA1:1DO:0-Seed1054","1 arc-second",0,0.84,"treat_all",-3.12985865724382
"1arc-Iteration0-PA1:1DO:0-Seed1054","1 arc-second",0,0.85,"treat_all",-3.40518256772674
"1arc-Iteration0-PA1:1DO:0-Seed1054","1 arc-second",0,0.86,"treat_all",-3.7198384654215
"1arc-Iteration0-PA1:1DO:0-Seed1054","1 arc-second",0,0.87,"treat_all",-4.08290296276162
"1arc-Iteration0-PA1:1DO:0-Seed1054","1 arc-second",0,0.88,"treat_all",-4.50647820965842
"1arc-Iteration0-PA1:1DO:0-Seed1054","1 arc-second",0,0.89,"treat_all",-5.00706713780919
"1arc-Iteration0-PA1:1DO:0-Seed1054","1 arc-second",0,0.9,"treat_all",-5.60777385159011
"1arc-Iteration0-PA1:1DO:0-Seed1054","1 arc-second",0,0.91,"treat_all",-6.34197094621123
"1arc-Iteration0-PA1:1DO:0-Seed1054","1 arc-second",0,0.92,"treat_all",-7.25971731448764
"1arc-Iteration0-PA1:1DO:0-Seed1054","1 arc-second",0,0.93,"treat_all",-8.43967693084302
"1arc-Iteration0-PA1:1DO:0-Seed1054","1 arc-second",0,0.94,"treat_all",-10.0129564193169
"1arc-Iteration0-PA1:1DO:0-Seed1054","1 arc-second",0,0.95,"treat_all",-12.2155477031802
"1arc-Iteration0-PA1:1DO:0-Seed1054","1 arc-second",0,0.96,"treat_all",-15.5194346289753
"1arc-Iteration0-PA1:1DO:0-Seed1054","1 arc-second",0,0.97,"treat_all",-21.0259128386337
"1arc-Iteration0-PA1:1DO:0-Seed1054","1 arc-second",0,0.98,"treat_all",-32.0388692579505
"1arc-Iteration0-PA1:1DO:0-Seed1054","1 arc-second",0,0.99,"treat_all",-65.077738515901
"1arc-Iteration0-PA1:1DO:0-Seed1054","1 arc-second",0,0.01,"treat_none",0
"1arc-Iteration0-PA1:1DO:0-Seed1054","1 arc-second",0,0.02,"treat_none",0
"1arc-Iteration0-PA1:1DO:0-Seed1054","1 arc-second",0,0.03,"treat_none",0
"1arc-Iteration0-PA1:1DO:0-Seed1054","1 arc-second",0,0.04,"treat_none",0
"1arc-Iteration0-PA1:1DO:0-Seed1054","1 arc-second",0,0.05,"treat_none",0
"1arc-Iteration0-PA1:1DO:0-Seed1054","1 arc-second",0,0.06,"treat_none",0
"1arc-Iteration0-PA1:1DO:0-Seed1054","1 arc-second",0,0.07,"treat_none",0
"1arc-Iteration0-PA1:1DO:0-Seed1054","1 arc-second",0,0.08,"treat_none",0
"1arc-Iteration0-PA1:1DO:0-Seed1054","1 arc-second",0,0.09,"treat_none",0
"1arc-Iteration0-PA1:1DO:0-Seed1054","1 arc-second",0,0.1,"treat_none",0
"1arc-Iteration0-PA1:1DO:0-Seed1054","1 arc-second",0,0.11,"treat_none",0
"1arc-Iteration0-PA1:1DO:0-Seed1054","1 arc-second",0,0.12,"treat_none",0
"1arc-Iteration0-PA1:1DO:0-Seed1054","1 arc-second",0,0.13,"treat_none",0
"1arc-Iteration0-PA1:1DO:0-Seed1054","1 arc-second",0,0.14,"treat_none",0
"1arc-Iteration0-PA1:1DO:0-Seed1054","1 arc-second",0,0.15,"treat_none",0
"1arc-Iteration0-PA1:1DO:0-Seed1054","1 arc-second",0,0.16,"treat_none",0
"1arc-Iteration0-PA1:1DO:0-Seed1054","1 arc-second",0,0.17,"treat_none",0
"1arc-Iteration0-PA1:1DO:0-Seed1054","1 arc-second",0,0.18,"treat_none",0
"1arc-Iteration0-PA1:1DO:0-Seed1054","1 arc-second",0,0.19,"treat_none",0
"1arc-Iteration0-PA1:1DO:0-Seed1054","1 arc-second",0,0.2,"treat_none",0
"1arc-Iteration0-PA1:1DO:0-Seed1054","1 arc-second",0,0.21,"treat_none",0
"1arc-Iteration0-PA1:1DO:0-Seed1054","1 arc-second",0,0.22,"treat_none",0
"1arc-Iteration0-PA1:1DO:0-Seed1054","1 arc-second",0,0.23,"treat_none",0
"1arc-Iteration0-PA1:1DO:0-Seed1054","1 arc-second",0,0.24,"treat_none",0
"1arc-Iteration0-PA1:1DO:0-Seed1054","1 arc-second",0,0.25,"treat_none",0
"1arc-Iteration0-PA1:1DO:0-Seed1054","1 arc-second",0,0.26,"treat_none",0
"1arc-Iteration0-PA1:1DO:0-Seed1054","1 arc-second",0,0.27,"treat_none",0
"1arc-Iteration0-PA1:1DO:0-Seed1054","1 arc-second",0,0.28,"treat_none",0
"1arc-Iteration0-PA1:1DO:0-Seed1054","1 arc-second",0,0.29,"treat_none",0
"1arc-Iteration0-PA1:1DO:0-Seed1054","1 arc-second",0,0.3,"treat_none",0
"1arc-Iteration0-PA1:1DO:0-Seed1054","1 arc-second",0,0.31,"treat_none",0
"1arc-Iteration0-PA1:1DO:0-Seed1054","1 arc-second",0,0.32,"treat_none",0
"1arc-Iteration0-PA1:1DO:0-Seed1054","1 arc-second",0,0.33,"treat_none",0
"1arc-Iteration0-PA1:1DO:0-Seed1054","1 arc-second",0,0.34,"treat_none",0
"1arc-Iteration0-PA1:1DO:0-Seed1054","1 arc-second",0,0.35,"treat_none",0
"1arc-Iteration0-PA1:1DO:0-Seed1054","1 arc-second",0,0.36,"treat_none",0
"1arc-Iteration0-PA1:1DO:0-Seed1054","1 arc-second",0,0.37,"treat_none",0
"1arc-Iteration0-PA1:1DO:0-Seed1054","1 arc-second",0,0.38,"treat_none",0
"1arc-Iteration0-PA1:1DO:0-Seed1054","1 arc-second",0,0.39,"treat_none",0
"1arc-Iteration0-PA1:1DO:0-Seed1054","1 arc-second",0,0.4,"treat_none",0
"1arc-Iteration0-PA1:1DO:0-Seed1054","1 arc-second",0,0.41,"treat_none",0
"1arc-Iteration0-PA1:1DO:0-Seed1054","1 arc-second",0,0.42,"treat_none",0
"1arc-Iteration0-PA1:1DO:0-Seed1054","1 arc-second",0,0.43,"treat_none",0
"1arc-Iteration0-PA1:1DO:0-Seed1054","1 arc-second",0,0.44,"treat_none",0
"1arc-Iteration0-PA1:1DO:0-Seed1054","1 arc-second",0,0.45,"treat_none",0
"1arc-Iteration0-PA1:1DO:0-Seed1054","1 arc-second",0,0.46,"treat_none",0
"1arc-Iteration0-PA1:1DO:0-Seed1054","1 arc-second",0,0.47,"treat_none",0
"1arc-Iteration0-PA1:1DO:0-Seed1054","1 arc-second",0,0.48,"treat_none",0
"1arc-Iteration0-PA1:1DO:0-Seed1054","1 arc-second",0,0.49,"treat_none",0
"1arc-Iteration0-PA1:1DO:0-Seed1054","1 arc-second",0,0.5,"treat_none",0
"1arc-Iteration0-PA1:1DO:0-Seed1054","1 arc-second",0,0.51,"treat_none",0
"1arc-Iteration0-PA1:1DO:0-Seed1054","1 arc-second",0,0.52,"treat_none",0
"1arc-Iteration0-PA1:1DO:0-Seed1054","1 arc-second",0,0.53,"treat_none",0
"1arc-Iteration0-PA1:1DO:0-Seed1054","1 arc-second",0,0.54,"treat_none",0
"1arc-Iteration0-PA1:1DO:0-Seed1054","1 arc-second",0,0.55,"treat_none",0
"1arc-Iteration0-PA1:1DO:0-Seed1054","1 arc-second",0,0.56,"treat_none",0
"1arc-Iteration0-PA1:1DO:0-Seed1054","1 arc-second",0,0.57,"treat_none",0
"1arc-Iteration0-PA1:1DO:0-Seed1054","1 arc-second",0,0.58,"treat_none",0
"1arc-Iteration0-PA1:1DO:0-Seed1054","1 arc-second",0,0.59,"treat_none",0
"1arc-Iteration0-PA1:1DO:0-Seed1054","1 arc-second",0,0.6,"treat_none",0
"1arc-Iteration0-PA1:1DO:0-Seed1054","1 arc-second",0,0.61,"treat_none",0
"1arc-Iteration0-PA1:1DO:0-Seed1054","1 arc-second",0,0.62,"treat_none",0
"1arc-Iteration0-PA1:1DO:0-Seed1054","1 arc-second",0,0.63,"treat_none",0
"1arc-Iteration0-PA1:1DO:0-Seed1054","1 arc-second",0,0.64,"treat_none",0
"1arc-Iteration0-PA1:1DO:0-Seed1054","1 arc-second",0,0.65,"treat_none",0
"1arc-Iteration0-PA1:1DO:0-Seed1054","1 arc-second",0,0.66,"treat_none",0
"1arc-Iteration0-PA1:1DO:0-Seed1054","1 arc-second",0,0.67,"treat_none",0
"1arc-Iteration0-PA1:1DO:0-Seed1054","1 arc-second",0,0.68,"treat_none",0
"1arc-Iteration0-PA1:1DO:0-Seed1054","1 arc-second",0,0.69,"treat_none",0
"1arc-Iteration0-PA1:1DO:0-Seed1054","1 arc-second",0,0.7,"treat_none",0
"1arc-Iteration0-PA1:1DO:0-Seed1054","1 arc-second",0,0.71,"treat_none",0
"1arc-Iteration0-PA1:1DO:0-Seed1054","1 arc-second",0,0.72,"treat_none",0
"1arc-Iteration0-PA1:1DO:0-Seed1054","1 arc-second",0,0.73,"treat_none",0
"1arc-Iteration0-PA1:1DO:0-Seed1054","1 arc-second",0,0.74,"treat_none",0
"1arc-Iteration0-PA1:1DO:0-Seed1054","1 arc-second",0,0.75,"treat_none",0
"1arc-Iteration0-PA1:1DO:0-Seed1054","1 arc-second",0,0.76,"treat_none",0
"1arc-Iteration0-PA1:1DO:0-Seed1054","1 arc-second",0,0.77,"treat_none",0
"1arc-Iteration0-PA1:1DO:0-Seed1054","1 arc-second",0,0.78,"treat_none",0
"1arc-Iteration0-PA1:1DO:0-Seed1054","1 arc-second",0,0.79,"treat_none",0
"1arc-Iteration0-PA1:1DO:0-Seed1054","1 arc-second",0,0.8,"treat_none",0
"1arc-Iteration0-PA1:1DO:0-Seed1054","1 arc-second",0,0.81,"treat_none",0
"1arc-Iteration0-PA1:1DO:0-Seed1054","1 arc-second",0,0.82,"treat_none",0
"1arc-Iteration0-PA1:1DO:0-Seed1054","1 arc-second",0,0.83,"treat_none",0
"1arc-Iteration0-PA1:1DO:0-Seed1054","1 arc-second",0,0.84,"treat_none",0
"1arc-Iteration0-PA1:1DO:0-Seed1054","1 arc-second",0,0.85,"treat_none",0
"1arc-Iteration0-PA1:1DO:0-Seed1054","1 arc-second",0,0.86,"treat_none",0
"1arc-Iteration0-PA1:1DO:0-Seed1054","1 arc-second",0,0.87,"treat_none",0
"1arc-Iteration0-PA1:1DO:0-Seed1054","1 arc-second",0,0.88,"treat_none",0
"1arc-Iteration0-PA1:1DO:0-Seed1054","1 arc-second",0,0.89,"treat_none",0
"1arc-Iteration0-PA1:1DO:0-Seed1054","1 arc-second",0,0.9,"treat_none",0
"1arc-Iteration0-PA1:1DO:0-Seed1054","1 arc-second",0,0.91,"treat_none",0
"1arc-Iteration0-PA1:1DO:0-Seed1054","1 arc-second",0,0.92,"treat_none",0
"1arc-Iteration0-PA1:1DO:0-Seed1054","1 arc-second",0,0.93,"treat_none",0
"1arc-Iteration0-PA1:1DO:0-Seed1054","1 arc-second",0,0.94,"treat_none",0
"1arc-Iteration0-PA1:1DO:0-Seed1054","1 arc-second",0,0.95,"treat_none",0
"1arc-Iteration0-PA1:1DO:0-Seed1054","1 arc-second",0,0.96,"treat_none",0
"1arc-Iteration0-PA1:1DO:0-Seed1054","1 arc-second",0,0.97,"treat_none",0
"1arc-Iteration0-PA1:1DO:0-Seed1054","1 arc-second",0,0.98,"treat_none",0
"1arc-Iteration0-PA1:1DO:0-Seed1054","1 arc-second",0,0.99,"treat_none",0
"1arc-Iteration1-PA1:1DO:0-Seed1059","1 arc-second",1,0.01,"model",0.332548095798979
"1arc-Iteration1-PA1:1DO:0-Seed1059","1 arc-second",1,0.02,"model",0.325737362082642
"1arc-Iteration1-PA1:1DO:0-Seed1059","1 arc-second",1,0.03,"model",0.316017631415978
"1arc-Iteration1-PA1:1DO:0-Seed1059","1 arc-second",1,0.04,"model",0.292402826855124
"1arc-Iteration1-PA1:1DO:0-Seed1059","1 arc-second",1,0.05,"model",0.275804351869072
"1arc-Iteration1-PA1:1DO:0-Seed1059","1 arc-second",1,0.06,"model",0.262461469062477
"1arc-Iteration1-PA1:1DO:0-Seed1059","1 arc-second",1,0.07,"model",0.253999012120521
"1arc-Iteration1-PA1:1DO:0-Seed1059","1 arc-second",1,0.08,"model",0.241204486096175
"1arc-Iteration1-PA1:1DO:0-Seed1059","1 arc-second",1,0.09,"model",0.23488525608667
"1arc-Iteration1-PA1:1DO:0-Seed1059","1 arc-second",1,0.1,"model",0.22928936003141
"1arc-Iteration1-PA1:1DO:0-Seed1059","1 arc-second",1,0.11,"model",0.217612260293008
"1arc-Iteration1-PA1:1DO:0-Seed1059","1 arc-second",1,0.12,"model",0.211853517507228
"1arc-Iteration1-PA1:1DO:0-Seed1059","1 arc-second",1,0.13,"model",0.206124852767962
"1arc-Iteration1-PA1:1DO:0-Seed1059","1 arc-second",1,0.14,"model",0.199276851014874
"1arc-Iteration1-PA1:1DO:0-Seed1059","1 arc-second",1,0.15,"model",0.192267719808772
"1arc-Iteration1-PA1:1DO:0-Seed1059","1 arc-second",1,0.16,"model",0.185091704526334
"1arc-Iteration1-PA1:1DO:0-Seed1059","1 arc-second",1,0.17,"model",0.179190259270297
"1arc-Iteration1-PA1:1DO:0-Seed1059","1 arc-second",1,0.18,"model",0.172541584073085
"1arc-Iteration1-PA1:1DO:0-Seed1059","1 arc-second",1,0.19,"model",0.166644854512935
"1arc-Iteration1-PA1:1DO:0-Seed1059","1 arc-second",1,0.2,"model",0.15547703180212
"1arc-Iteration1-PA1:1DO:0-Seed1059","1 arc-second",1,0.21,"model",0.138927405286935
"1arc-Iteration1-PA1:1DO:0-Seed1059","1 arc-second",1,0.22,"model",0.132010510102383
"1arc-Iteration1-PA1:1DO:0-Seed1059","1 arc-second",1,0.23,"model",0.125005736313157
"1arc-Iteration1-PA1:1DO:0-Seed1059","1 arc-second",1,0.24,"model",0.119025478891575
"1arc-Iteration1-PA1:1DO:0-Seed1059","1 arc-second",1,0.25,"model",0.10718492343934
"1arc-Iteration1-PA1:1DO:0-Seed1059","1 arc-second",1,0.26,"model",0.0930188138668704
"1arc-Iteration1-PA1:1DO:0-Seed1059","1 arc-second",1,0.27,"model",0.0845152233893218
"1arc-Iteration1-PA1:1DO:0-Seed1059","1 arc-second",1,0.28,"model",0.0749901845308205
"1arc-Iteration1-PA1:1DO:0-Seed1059","1 arc-second",1,0.29,"model",0.0507141790673369
"1arc-Iteration1-PA1:1DO:0-Seed1059","1 arc-second",1,0.3,"model",0.0418980312973246
"1arc-Iteration1-PA1:1DO:0-Seed1059","1 arc-second",1,0.31,"model",0.0328263430122394
"1arc-Iteration1-PA1:1DO:0-Seed1059","1 arc-second",1,0.32,"model",0.028476408231137
"1arc-Iteration1-PA1:1DO:0-Seed1059","1 arc-second",1,0.33,"model",0.0208322345867833
"1arc-Iteration1-PA1:1DO:0-Seed1059","1 arc-second",1,0.34,"model",0.0148838205375307
"1arc-Iteration1-PA1:1DO:0-Seed1059","1 arc-second",1,0.35,"model",0.00380538189725466
"1arc-Iteration1-PA1:1DO:0-Seed1059","1 arc-second",1,0.36,"model",-0.00596289752650181
"1arc-Iteration1-PA1:1DO:0-Seed1059","1 arc-second",1,0.37,"model",-0.0118907398059342
"1arc-Iteration1-PA1:1DO:0-Seed1059","1 arc-second",1,0.38,"model",-0.0169839279607888
"1arc-Iteration1-PA1:1DO:0-Seed1059","1 arc-second",1,0.39,"model",-0.0181312633957018
"1arc-Iteration1-PA1:1DO:0-Seed1059","1 arc-second",1,0.4,"model",-0.0235571260306243
"1arc-Iteration1-PA1:1DO:0-Seed1059","1 arc-second",1,0.41,"model",-0.0289273522189615
"1arc-Iteration1-PA1:1DO:0-Seed1059","1 arc-second",1,0.42,"model",-0.0367978554892165
"1arc-Iteration1-PA1:1DO:0-Seed1059","1 arc-second",1,0.43,"model",-0.0448205318951088
"1arc-Iteration1-PA1:1DO:0-Seed1059","1 arc-second",1,0.44,"model",-0.0636042402826855
"1arc-Iteration1-PA1:1DO:0-Seed1059","1 arc-second",1,0.45,"model",-0.0725987793125602
"1arc-Iteration1-PA1:1DO:0-Seed1059","1 arc-second",1,0.46,"model",-0.081010338960869
"1arc-Iteration1-PA1:1DO:0-Seed1059","1 arc-second",1,0.47,"model",-0.0837389159277285
"1arc-Iteration1-PA1:1DO:0-Seed1059","1 arc-second",1,0.48,"model",-0.082359336776298
"1arc-Iteration1-PA1:1DO:0-Seed1059","1 arc-second",1,0.49,"model",-0.0939513614633132
"1arc-Iteration1-PA1:1DO:0-Seed1059","1 arc-second",1,0.5,"model",-0.106007067137809
"1arc-Iteration1-PA1:1DO:0-Seed1059","1 arc-second",1,0.51,"model",-0.107521453811206
"1arc-Iteration1-PA1:1DO:0-Seed1059","1 arc-second",1,0.52,"model",-0.112485276796231
"1arc-Iteration1-PA1:1DO:0-Seed1059","1 arc-second",1,0.53,"model",-0.116908503120066
"1arc-Iteration1-PA1:1DO:0-Seed1059","1 arc-second",1,0.54,"model",-0.129820248886158
"1arc-Iteration1-PA1:1DO:0-Seed1059","1 arc-second",1,0.55,"model",-0.143305850019631
"1arc-Iteration1-PA1:1DO:0-Seed1059","1 arc-second",1,0.56,"model",-0.151943462897527
"1arc-Iteration1-PA1:1DO:0-Seed1059","1 arc-second",1,0.57,"model",-0.155805735886269
"1arc-Iteration1-PA1:1DO:0-Seed1059","1 arc-second",1,0.58,"model",-0.164058556284705
"1arc-Iteration1-PA1:1DO:0-Seed1059","1 arc-second",1,0.59,"model",-0.17883306041541
"1arc-Iteration1-PA1:1DO:0-Seed1059","1 arc-second",1,0.6,"model",-0.18904593639576
"1arc-Iteration1-PA1:1DO:0-Seed1059","1 arc-second",1,0.61,"model",-0.192081181480475
"1arc-Iteration1-PA1:1DO:0-Seed1059","1 arc-second",1,0.62,"model",-0.213129998140227
"1arc-Iteration1-PA1:1DO:0-Seed1059","1 arc-second",1,0.63,"model",-0.225002387546557
"1arc-Iteration1-PA1:1DO:0-Seed1059","1 arc-second",1,0.64,"model",-0.239497447978013
"1arc-Iteration1-PA1:1DO:0-Seed1059","1 arc-second",1,0.65,"model",-0.244825845532559
"1arc-Iteration1-PA1:1DO:0-Seed1059","1 arc-second",1,0.66,"model",-0.249220536271046
"1arc-Iteration1-PA1:1DO:0-Seed1059","1 arc-second",1,0.67,"model",-0.246171967020024
"1arc-Iteration1-PA1:1DO:0-Seed1059","1 arc-second",1,0.68,"model",-0.230565371024735
"1arc-Iteration1-PA1:1DO:0-Seed1059","1 arc-second",1,0.69,"model",-0.231847714578821
"1arc-Iteration1-PA1:1DO:0-Seed1059","1 arc-second",1,0.7,"model",-0.236749116607774
"1arc-Iteration1-PA1:1DO:0-Seed1059","1 arc-second",1,0.71,"model",-0.232606311685147
"1arc-Iteration1-PA1:1DO:0-Seed1059","1 arc-second",1,0.72,"model",-0.257950530035336
"1arc-Iteration1-PA1:1DO:0-Seed1059","1 arc-second",1,0.73,"model",-0.258474021724905
"1arc-Iteration1-PA1:1DO:0-Seed1059","1 arc-second",1,0.74,"model",-0.285675455286763
"1arc-Iteration1-PA1:1DO:0-Seed1059","1 arc-second",1,0.75,"model",-0.296819787985866
"1arc-Iteration1-PA1:1DO:0-Seed1059","1 arc-second",1,0.76,"model",-0.297408716136631
"1arc-Iteration1-PA1:1DO:0-Seed1059","1 arc-second",1,0.77,"model",-0.28913811645414
"1arc-Iteration1-PA1:1DO:0-Seed1059","1 arc-second",1,0.78,"model",-0.312881464824928
"1arc-Iteration1-PA1:1DO:0-Seed1059","1 arc-second",1,0.79,"model",-0.329126703685008
"1arc-Iteration1-PA1:1DO:0-Seed1059","1 arc-second",1,0.8,"model",-0.360424028268551
"1arc-Iteration1-PA1:1DO:0-Seed1059","1 arc-second",1,0.81,"model",-0.379579691277664
"1arc-Iteration1-PA1:1DO:0-Seed1059","1 arc-second",1,0.82,"model",-0.351786415390656
"1arc-Iteration1-PA1:1DO:0-Seed1059","1 arc-second",1,0.83,"model",-0.370401163999169
"1arc-Iteration1-PA1:1DO:0-Seed1059","1 arc-second",1,0.84,"model",-0.371908127208481
"1arc-Iteration1-PA1:1DO:0-Seed1059","1 arc-second",1,0.85,"model",-0.392226148409894
"1arc-Iteration1-PA1:1DO:0-Seed1059","1 arc-second",1,0.86,"model",-0.414437152953054
"1arc-Iteration1-PA1:1DO:0-Seed1059","1 arc-second",1,0.87,"model",-0.435444414243001
"1arc-Iteration1-PA1:1DO:0-Seed1059","1 arc-second",1,0.88,"model",-0.411071849234393
"1arc-Iteration1-PA1:1DO:0-Seed1059","1 arc-second",1,0.89,"model",-0.44041117892708
"1arc-Iteration1-PA1:1DO:0-Seed1059","1 arc-second",1,0.9,"model",-0.441696113074205
"1arc-Iteration1-PA1:1DO:0-Seed1059","1 arc-second",1,0.91,"model",-0.436592069100903
"1arc-Iteration1-PA1:1DO:0-Seed1059","1 arc-second",1,0.92,"model",-0.471731448763251
"1arc-Iteration1-PA1:1DO:0-Seed1059","1 arc-second",1,0.93,"model",-0.513881877839475
"1arc-Iteration1-PA1:1DO:0-Seed1059","1 arc-second",1,0.94,"model",-0.396937573616019
"1arc-Iteration1-PA1:1DO:0-Seed1059","1 arc-second",1,0.95,"model",-0.431095406360425
"1arc-Iteration1-PA1:1DO:0-Seed1059","1 arc-second",1,0.96,"model",-0.219081272084806
"1arc-Iteration1-PA1:1DO:0-Seed1059","1 arc-second",1,0.97,"model",-0.307420494699646
"1arc-Iteration1-PA1:1DO:0-Seed1059","1 arc-second",1,0.98,"model",-0.141342756183745
"1arc-Iteration1-PA1:1DO:0-Seed1059","1 arc-second",1,0.99,"model",0.0141342756183746
"1arc-Iteration1-PA1:1DO:0-Seed1059","1 arc-second",1,0.01,"treat_all",0.332548095798979
"1arc-Iteration1-PA1:1DO:0-Seed1059","1 arc-second",1,0.02,"treat_all",0.325737362082642
"1arc-Iteration1-PA1:1DO:0-Seed1059","1 arc-second",1,0.03,"treat_all",0.318786200866999
"1arc-Iteration1-PA1:1DO:0-Seed1059","1 arc-second",1,0.04,"treat_all",0.311690223792697
"1arc-Iteration1-PA1:1DO:0-Seed1059","1 arc-second",1,0.05,"treat_all",0.304444857727357
"1arc-Iteration1-PA1:1DO:0-Seed1059","1 arc-second",1,0.06,"treat_all",0.297045334937223
"1arc-Iteration1-PA1:1DO:0-Seed1059","1 arc-second",1,0.07,"treat_all",0.28948668262472
"1arc-Iteration1-PA1:1DO:0-Seed1059","1 arc-second",1,0.08,"treat_all",0.281763711783684
"1arc-Iteration1-PA1:1DO:0-Seed1059","1 arc-second",1,0.09,"treat_all",0.273871005319769
"1arc-Iteration1-PA1:1DO:0-Seed1059","1 arc-second",1,0.1,"treat_all",0.265802905378877
"1arc-Iteration1-PA1:1DO:0-Seed1059","1 arc-second",1,0.11,"treat_all",0.257553499821336
"1arc-Iteration1-PA1:1DO:0-Seed1059","1 arc-second",1,0.12,"treat_all",0.249116607773852
"1arc-Iteration1-PA1:1DO:0-Seed1059","1 arc-second",1,0.13,"treat_all",0.240485764185045
"1arc-Iteration1-PA1:1DO:0-Seed1059","1 arc-second",1,0.14,"treat_all",0.231654203303476
"1arc-Iteration1-PA1:1DO:0-Seed1059","1 arc-second",1,0.15,"treat_all",0.222614840989399
"1arc-Iteration1-PA1:1DO:0-Seed1059","1 arc-second",1,0.16,"treat_all",0.213360255763083
"1arc-Iteration1-PA1:1DO:0-Seed1059","1 arc-second",1,0.17,"treat_all",0.20388266848312
"1arc-Iteration1-PA1:1DO:0-Seed1059","1 arc-second",1,0.18,"treat_all",0.194173920537792
"1arc-Iteration1-PA1:1DO:0-Seed1059","1 arc-second",1,0.19,"treat_all",0.184225450420975
"1arc-Iteration1-PA1:1DO:0-Seed1059","1 arc-second",1,0.2,"treat_all",0.174028268551237
"1arc-Iteration1-PA1:1DO:0-Seed1059","1 arc-second",1,0.21,"treat_all",0.163572930178468
"1arc-Iteration1-PA1:1DO:0-Seed1059","1 arc-second",1,0.22,"treat_all",0.152849506206397
"1arc-Iteration1-PA1:1DO:0-Seed1059","1 arc-second",1,0.23,"treat_all",0.141847551741545
"1arc-Iteration1-PA1:1DO:0-Seed1059","1 arc-second",1,0.24,"treat_all",0.130556072159197
"1arc-Iteration1-PA1:1DO:0-Seed1059","1 arc-second",1,0.25,"treat_all",0.118963486454653
"1arc-Iteration1-PA1:1DO:0-Seed1059","1 arc-second",1,0.26,"treat_all",0.107057587622959
"1arc-Iteration1-PA1:1DO:0-Seed1059","1 arc-second",1,0.27,"treat_all",0.0948254997821772
"1arc-Iteration1-PA1:1DO:0-Seed1059","1 arc-second",1,0.28,"treat_all",0.0822536317235963
"1arc-Iteration1-PA1:1DO:0-Seed1059","1 arc-second",1,0.29,"treat_all",0.0693276265366047
"1arc-Iteration1-PA1:1DO:0-Seed1059","1 arc-second",1,0.3,"treat_all",0.0560323069156991
"1arc-Iteration1-PA1:1DO:0-Seed1059","1 arc-second",1,0.31,"treat_all",0.0423516157115788
"1arc-Iteration1-PA1:1DO:0-Seed1059","1 arc-second",1,0.32,"treat_all",0.0282685512367491
"1arc-Iteration1-PA1:1DO:0-Seed1059","1 arc-second",1,0.33,"treat_all",0.0137650967775961
"1arc-Iteration1-PA1:1DO:0-Seed1059","1 arc-second",1,0.34,"treat_all",-0.00117785630153128
"1arc-Iteration1-PA1:1DO:0-Seed1059","1 arc-second",1,0.35,"treat_all",-0.016580592552324
"1arc-Iteration1-PA1:1DO:0-Seed1059","1 arc-second",1,0.36,"treat_all",-0.0324646643109541
"1arc-Iteration1-PA1:1DO:0-Seed1059","1 arc-second",1,0.37,"treat_all",-0.0488529923158899
"1arc-Iteration1-PA1:1DO:0-Seed1059","1 arc-second",1,0.38,"treat_all",-0.0657699760629203
"1arc-Iteration1-PA1:1DO:0-Seed1059","1 arc-second",1,0.39,"treat_all",-0.0832416150147715
"1arc-Iteration1-PA1:1DO:0-Seed1059","1 arc-second",1,0.4,"treat_all",-0.101295641931684
"1arc-Iteration1-PA1:1DO:0-Seed1059","1 arc-second",1,0.41,"treat_all",-0.119961669761035
"1arc-Iteration1-PA1:1DO:0-Seed1059","1 arc-second",1,0.42,"treat_all",-0.139271353722432
"1arc-Iteration1-PA1:1DO:0-Seed1059","1 arc-second",1,0.43,"treat_all",-0.159258570454405
"1arc-Iteration1-PA1:1DO:0-Seed1059","1 arc-second",1,0.44,"treat_all",-0.179959616355376
"1arc-Iteration1-PA1:1DO:0-Seed1059","1 arc-second",1,0.45,"treat_all",-0.201413427561837
"1arc-Iteration1-PA1:1DO:0-Seed1059","1 arc-second",1,0.46,"treat_all",-0.223661824368538
"1arc-Iteration1-PA1:1DO:0-Seed1059","1 arc-second",1,0.47,"treat_all",-0.246749783318888
"1arc-Iteration1-PA1:1DO:0-Seed1059","1 arc-second",1,0.48,"treat_all",-0.270725740690405
"1arc-Iteration1-PA1:1DO:0-Seed1059","1 arc-second",1,0.49,"treat_all",-0.295641931684334
"1arc-Iteration1-PA1:1DO:0-Seed1059","1 arc-second",1,0.5,"treat_all",-0.321554770318021
"1arc-Iteration1-PA1:1DO:0-Seed1059","1 arc-second",1,0.51,"treat_all",-0.348525275834716
"1arc-Iteration1-PA1:1DO:0-Seed1059","1 arc-second",1,0.52,"treat_all",-0.376619552414605
"1arc-Iteration1-PA1:1DO:0-Seed1059","1 arc-second",1,0.53,"treat_all",-0.405909330125555
"1arc-Iteration1-PA1:1DO:0-Seed1059","1 arc-second",1,0.54,"treat_all",-0.436472576432632
"1arc-Iteration1-PA1:1DO:0-Seed1059","1 arc-second",1,0.55,"treat_all",-0.468394189242246
"1arc-Iteration1-PA1:1DO:0-Seed1059","1 arc-second",1,0.56,"treat_all",-0.501766784452297
"1arc-Iteration1-PA1:1DO:0-Seed1059","1 arc-second",1,0.57,"treat_all",-0.536691593393048
"1arc-Iteration1-PA1:1DO:0-Seed1059","1 arc-second",1,0.58,"treat_all",-0.573279488473835
"1arc-Iteration1-PA1:1DO:0-Seed1059","1 arc-second",1,0.59,"treat_all",-0.611652158924416
"1arc-Iteration1-PA1:1DO:0-Seed1059","1 arc-second",1,0.6,"treat_all",-0.651943462897526
"1arc-Iteration1-PA1:1DO:0-Seed1059","1 arc-second",1,0.61,"treat_all",-0.694300987587207
"1arc-Iteration1-PA1:1DO:0-Seed1059","1 arc-second",1,0.62,"treat_all",-0.738887855681607
"1arc-Iteration1-PA1:1DO:0-Seed1059","1 arc-second",1,0.63,"treat_all",-0.785884824754083
"1arc-Iteration1-PA1:1DO:0-Seed1059","1 arc-second",1,0.64,"treat_all",-0.835492736552807
"1arc-Iteration1-PA1:1DO:0-Seed1059","1 arc-second",1,0.65,"treat_all",-0.887935386168602
"1arc-Iteration1-PA1:1DO:0-Seed1059","1 arc-second",1,0.66,"treat_all",-0.943462897526502
"1arc-Iteration1-PA1:1DO:0-Seed1059","1 arc-second",1,0.67,"treat_all",-1.00235571260306
"1arc-Iteration1-PA1:1DO:0-Seed1059","1 arc-second",1,0.68,"treat_all",-1.06492932862191
"1arc-Iteration1-PA1:1DO:0-Seed1059","1 arc-second",1,0.69,"treat_all",-1.13153995212584
"1arc-Iteration1-PA1:1DO:0-Seed1059","1 arc-second",1,0.7,"treat_all",-1.20259128386337
"1arc-Iteration1-PA1:1DO:0-Seed1059","1 arc-second",1,0.71,"treat_all",-1.27854270744486
"1arc-Iteration1-PA1:1DO:0-Seed1059","1 arc-second",1,0.72,"treat_all",-1.35991923271075
"1arc-Iteration1-PA1:1DO:0-Seed1059","1 arc-second",1,0.73,"treat_all",-1.44732364873708
"1arc-Iteration1-PA1:1DO:0-Seed1059","1 arc-second",1,0.74,"treat_all",-1.54145148138081
"1arc-Iteration1-PA1:1DO:0-Seed1059","1 arc-second",1,0.75,"treat_all",-1.64310954063604
"1arc-Iteration1-PA1:1DO:0-Seed1059","1 arc-second",1,0.76,"treat_all",-1.75323910482921
"1arc-Iteration1-PA1:1DO:0-Seed1059","1 arc-second",1,0.77,"treat_all",-1.87294515286526
"1arc-Iteration1-PA1:1DO:0-Seed1059","1 arc-second",1,0.78,"treat_all",-2.00353356890459
"1arc-Iteration1-PA1:1DO:0-Seed1059","1 arc-second",1,0.79,"treat_all",-2.14655897694767
"1arc-Iteration1-PA1:1DO:0-Seed1059","1 arc-second",1,0.8,"treat_all",-2.30388692579505
"1arc-Iteration1-PA1:1DO:0-Seed1059","1 arc-second",1,0.81,"treat_all",-2.47777571136321
"1arc-Iteration1-PA1:1DO:0-Seed1059","1 arc-second",1,0.82,"treat_all",-2.67098547310562
"1arc-Iteration1-PA1:1DO:0-Seed1059","1 arc-second",1,0.83,"treat_all",-2.886925795053
"1arc-Iteration1-PA1:1DO:0-Seed1059","1 arc-second",1,0.84,"treat_all",-3.12985865724382
"1arc-Iteration1-PA1:1DO:0-Seed1059","1 arc-second",1,0.85,"treat_all",-3.40518256772674
"1arc-Iteration1-PA1:1DO:0-Seed1059","1 arc-second",1,0.86,"treat_all",-3.7198384654215
"1arc-Iteration1-PA1:1DO:0-Seed1059","1 arc-second",1,0.87,"treat_all",-4.08290296276162
"1arc-Iteration1-PA1:1DO:0-Seed1059","1 arc-second",1,0.88,"treat_all",-4.50647820965842
"1arc-Iteration1-PA1:1DO:0-Seed1059","1 arc-second",1,0.89,"treat_all",-5.00706713780919
"1arc-Iteration1-PA1:1DO:0-Seed1059","1 arc-second",1,0.9,"treat_all",-5.60777385159011
"1arc-Iteration1-PA1:1DO:0-Seed1059","1 arc-second",1,0.91,"treat_all",-6.34197094621123
"1arc-Iteration1-PA1:1DO:0-Seed1059","1 arc-second",1,0.92,"treat_all",-7.25971731448764
"1arc-Iteration1-PA1:1DO:0-Seed1059","1 arc-second",1,0.93,"treat_all",-8.43967693084302
"1arc-Iteration1-PA1:1DO:0-Seed1059","1 arc-second",1,0.94,"treat_all",-10.0129564193169
"1arc-Iteration1-PA1:1DO:0-Seed1059","1 arc-second",1,0.95,"treat_all",-12.2155477031802
"1arc-Iteration1-PA1:1DO:0-Seed1059","1 arc-second",1,0.96,"treat_all",-15.5194346289753
"1arc-Iteration1-PA1:1DO:0-Seed1059","1 arc-second",1,0.97,"treat_all",-21.0259128386337
"1arc-Iteration1-PA1:1DO:0-Seed1059","1 arc-second",1,0.98,"treat_all",-32.0388692579505
"1arc-Iteration1-PA1:1DO:0-Seed1059","1 arc-second",1,0.99,"treat_all",-65.077738515901
"1arc-Iteration1-PA1:1DO:0-Seed1059","1 arc-second",1,0.01,"treat_none",0
"1arc-Iteration1-PA1:1DO:0-Seed1059","1 arc-second",1,0.02,"treat_none",0
"1arc-Iteration1-PA1:1DO:0-Seed1059","1 arc-second",1,0.03,"treat_none",0
"1arc-Iteration1-PA1:1DO:0-Seed1059","1 arc-second",1,0.04,"treat_none",0
"1arc-Iteration1-PA1:1DO:0-Seed1059","1 arc-second",1,0.05,"treat_none",0
"1arc-Iteration1-PA1:1DO:0-Seed1059","1 arc-second",1,0.06,"treat_none",0
"1arc-Iteration1-PA1:1DO:0-Seed1059","1 arc-second",1,0.07,"treat_none",0
"1arc-Iteration1-PA1:1DO:0-Seed1059","1 arc-second",1,0.08,"treat_none",0
"1arc-Iteration1-PA1:1DO:0-Seed1059","1 arc-second",1,0.09,"treat_none",0
"1arc-Iteration1-PA1:1DO:0-Seed1059","1 arc-second",1,0.1,"treat_none",0
"1arc-Iteration1-PA1:1DO:0-Seed1059","1 arc-second",1,0.11,"treat_none",0
"1arc-Iteration1-PA1:1DO:0-Seed1059","1 arc-second",1,0.12,"treat_none",0
"1arc-Iteration1-PA1:1DO:0-Seed1059","1 arc-second",1,0.13,"treat_none",0
"1arc-Iteration1-PA1:1DO:0-Seed1059","1 arc-second",1,0.14,"treat_none",0
"1arc-Iteration1-PA1:1DO:0-Seed1059","1 arc-second",1,0.15,"treat_none",0
"1arc-Iteration1-PA1:1DO:0-Seed1059","1 arc-second",1,0.16,"treat_none",0
"1arc-Iteration1-PA1:1DO:0-Seed1059","1 arc-second",1,0.17,"treat_none",0
"1arc-Iteration1-PA1:1DO:0-Seed1059","1 arc-second",1,0.18,"treat_none",0
"1arc-Iteration1-PA1:1DO:0-Seed1059","1 arc-second",1,0.19,"treat_none",0
"1arc-Iteration1-PA1:1DO:0-Seed1059","1 arc-second",1,0.2,"treat_none",0
"1arc-Iteration1-PA1:1DO:0-Seed1059","1 arc-second",1,0.21,"treat_none",0
"1arc-Iteration1-PA1:1DO:0-Seed1059","1 arc-second",1,0.22,"treat_none",0
"1arc-Iteration1-PA1:1DO:0-Seed1059","1 arc-second",1,0.23,"treat_none",0
"1arc-Iteration1-PA1:1DO:0-Seed1059","1 arc-second",1,0.24,"treat_none",0
"1arc-Iteration1-PA1:1DO:0-Seed1059","1 arc-second",1,0.25,"treat_none",0
"1arc-Iteration1-PA1:1DO:0-Seed1059","1 arc-second",1,0.26,"treat_none",0
"1arc-Iteration1-PA1:1DO:0-Seed1059","1 arc-second",1,0.27,"treat_none",0
"1arc-Iteration1-PA1:1DO:0-Seed1059","1 arc-second",1,0.28,"treat_none",0
"1arc-Iteration1-PA1:1DO:0-Seed1059","1 arc-second",1,0.29,"treat_none",0
"1arc-Iteration1-PA1:1DO:0-Seed1059","1 arc-second",1,0.3,"treat_none",0
"1arc-Iteration1-PA1:1DO:0-Seed1059","1 arc-second",1,0.31,"treat_none",0
"1arc-Iteration1-PA1:1DO:0-Seed1059","1 arc-second",1,0.32,"treat_none",0
"1arc-Iteration1-PA1:1DO:0-Seed1059","1 arc-second",1,0.33,"treat_none",0
"1arc-Iteration1-PA1:1DO:0-Seed1059","1 arc-second",1,0.34,"treat_none",0
"1arc-Iteration1-PA1:1DO:0-Seed1059","1 arc-second",1,0.35,"treat_none",0
"1arc-Iteration1-PA1:1DO:0-Seed1059","1 arc-second",1,0.36,"treat_none",0
"1arc-Iteration1-PA1:1DO:0-Seed1059","1 arc-second",1,0.37,"treat_none",0
"1arc-Iteration1-PA1:1DO:0-Seed1059","1 arc-second",1,0.38,"treat_none",0
"1arc-Iteration1-PA1:1DO:0-Seed1059","1 arc-second",1,0.39,"treat_none",0
"1arc-Iteration1-PA1:1DO:0-Seed1059","1 arc-second",1,0.4,"treat_none",0
"1arc-Iteration1-PA1:1DO:0-Seed1059","1 arc-second",1,0.41,"treat_none",0
"1arc-Iteration1-PA1:1DO:0-Seed1059","1 arc-second",1,0.42,"treat_none",0
"1arc-Iteration1-PA1:1DO:0-Seed1059","1 arc-second",1,0.43,"treat_none",0
"1arc-Iteration1-PA1:1DO:0-Seed1059","1 arc-second",1,0.44,"treat_none",0
"1arc-Iteration1-PA1:1DO:0-Seed1059","1 arc-second",1,0.45,"treat_none",0
"1arc-Iteration1-PA1:1DO:0-Seed1059","1 arc-second",1,0.46,"treat_none",0
"1arc-Iteration1-PA1:1DO:0-Seed1059","1 arc-second",1,0.47,"treat_none",0
"1arc-Iteration1-PA1:1DO:0-Seed1059","1 arc-second",1,0.48,"treat_none",0
"1arc-Iteration1-PA1:1DO:0-Seed1059","1 arc-second",1,0.49,"treat_none",0
"1arc-Iteration1-PA1:1DO:0-Seed1059","1 arc-second",1,0.5,"treat_none",0
"1arc-Iteration1-PA1:1DO:0-Seed1059","1 arc-second",1,0.51,"treat_none",0
"1arc-Iteration1-PA1:1DO:0-Seed1059","1 arc-second",1,0.52,"treat_none",0
"1arc-Iteration1-PA1:1DO:0-Seed1059","1 arc-second",1,0.53,"treat_none",0
"1arc-Iteration1-PA1:1DO:0-Seed1059","1 arc-second",1,0.54,"treat_none",0
"1arc-Iteration1-PA1:1DO:0-Seed1059","1 arc-second",1,0.55,"treat_none",0
"1arc-Iteration1-PA1:1DO:0-Seed1059","1 arc-second",1,0.56,"treat_none",0
"1arc-Iteration1-PA1:1DO:0-Seed1059","1 arc-second",1,0.57,"treat_none",0
"1arc-Iteration1-PA1:1DO:0-Seed1059","1 arc-second",1,0.58,"treat_none",0
"1arc-Iteration1-PA1:1DO:0-Seed1059","1 arc-second",1,0.59,"treat_none",0
"1arc-Iteration1-PA1:1DO:0-Seed1059","1 arc-second",1,0.6,"treat_none",0
"1arc-Iteration1-PA1:1DO:0-Seed1059","1 arc-second",1,0.61,"treat_none",0
"1arc-Iteration1-PA1:1DO:0-Seed1059","1 arc-second",1,0.62,"treat_none",0
"1arc-Iteration1-PA1:1DO:0-Seed1059","1 arc-second",1,0.63,"treat_none",0
"1arc-Iteration1-PA1:1DO:0-Seed1059","1 arc-second",1,0.64,"treat_none",0
"1arc-Iteration1-PA1:1DO:0-Seed1059","1 arc-second",1,0.65,"treat_none",0
"1arc-Iteration1-PA1:1DO:0-Seed1059","1 arc-second",1,0.66,"treat_none",0
"1arc-Iteration1-PA1:1DO:0-Seed1059","1 arc-second",1,0.67,"treat_none",0
"1arc-Iteration1-PA1:1DO:0-Seed1059","1 arc-second",1,0.68,"treat_none",0
"1arc-Iteration1-PA1:1DO:0-Seed1059","1 arc-second",1,0.69,"treat_none",0
"1arc-Iteration1-PA1:1DO:0-Seed1059","1 arc-second",1,0.7,"treat_none",0
"1arc-Iteration1-PA1:1DO:0-Seed1059","1 arc-second",1,0.71,"treat_none",0
"1arc-Iteration1-PA1:1DO:0-Seed1059","1 arc-second",1,0.72,"treat_none",0
"1arc-Iteration1-PA1:1DO:0-Seed1059","1 arc-second",1,0.73,"treat_none",0
"1arc-Iteration1-PA1:1DO:0-Seed1059","1 arc-second",1,0.74,"treat_none",0
"1arc-Iteration1-PA1:1DO:0-Seed1059","1 arc-second",1,0.75,"treat_none",0
"1arc-Iteration1-PA1:1DO:0-Seed1059","1 arc-second",1,0.76,"treat_none",0
"1arc-Iteration1-PA1:1DO:0-Seed1059","1 arc-second",1,0.77,"treat_none",0
"1arc-Iteration1-PA1:1DO:0-Seed1059","1 arc-second",1,0.78,"treat_none",0
"1arc-Iteration1-PA1:1DO:0-Seed1059","1 arc-second",1,0.79,"treat_none",0
"1arc-Iteration1-PA1:1DO:0-Seed1059","1 arc-second",1,0.8,"treat_none",0
"1arc-Iteration1-PA1:1DO:0-Seed1059","1 arc-second",1,0.81,"treat_none",0
"1arc-Iteration1-PA1:1DO:0-Seed1059","1 arc-second",1,0.82,"treat_none",0
"1arc-Iteration1-PA1:1DO:0-Seed1059","1 arc-second",1,0.83,"treat_none",0
"1arc-Iteration1-PA1:1DO:0-Seed1059","1 arc-second",1,0.84,"treat_none",0
"1arc-Iteration1-PA1:1DO:0-Seed1059","1 arc-second",1,0.85,"treat_none",0
"1arc-Iteration1-PA1:1DO:0-Seed1059","1 arc-second",1,0.86,"treat_none",0
"1arc-Iteration1-PA1:1DO:0-Seed1059","1 arc-second",1,0.87,"treat_none",0
"1arc-Iteration1-PA1:1DO:0-Seed1059","1 arc-second",1,0.88,"treat_none",0
"1arc-Iteration1-PA1:1DO:0-Seed1059","1 arc-second",1,0.89,"treat_none",0
"1arc-Iteration1-PA1:1DO:0-Seed1059","1 arc-second",1,0.9,"treat_none",0
"1arc-Iteration1-PA1:1DO:0-Seed1059","1 arc-second",1,0.91,"treat_none",0
"1arc-Iteration1-PA1:1DO:0-Seed1059","1 arc-second",1,0.92,"treat_none",0
"1arc-Iteration1-PA1:1DO:0-Seed1059","1 arc-second",1,0.93,"treat_none",0
"1arc-Iteration1-PA1:1DO:0-Seed1059","1 arc-second",1,0.94,"treat_none",0
"1arc-Iteration1-PA1:1DO:0-Seed1059","1 arc-second",1,0.95,"treat_none",0
"1arc-Iteration1-PA1:1DO:0-Seed1059","1 arc-second",1,0.96,"treat_none",0
"1arc-Iteration1-PA1:1DO:0-Seed1059","1 arc-second",1,0.97,"treat_none",0
"1arc-Iteration1-PA1:1DO:0-Seed1059","1 arc-second",1,0.98,"treat_none",0
"1arc-Iteration1-PA1:1DO:0-Seed1059","1 arc-second",1,0.99,"treat_none",0
"3arc-Iteration0-PA1:1DO:0-Seed1055","3 arc-second",0,0.01,"model",0.332548095798979
"3arc-Iteration0-PA1:1DO:0-Seed1055","3 arc-second",0,0.02,"model",0.325737362082642
"3arc-Iteration0-PA1:1DO:0-Seed1055","3 arc-second",0,0.03,"model",0.318786200866999
"3arc-Iteration0-PA1:1DO:0-Seed1055","3 arc-second",0,0.04,"model",0.311690223792697
"3arc-Iteration0-PA1:1DO:0-Seed1055","3 arc-second",0,0.05,"model",0.304444857727357
"3arc-Iteration0-PA1:1DO:0-Seed1055","3 arc-second",0,0.06,"model",0.297045334937223
"3arc-Iteration0-PA1:1DO:0-Seed1055","3 arc-second",0,0.07,"model",0.28948668262472
"3arc-Iteration0-PA1:1DO:0-Seed1055","3 arc-second",0,0.08,"model",0.281763711783684
"3arc-Iteration0-PA1:1DO:0-Seed1055","3 arc-second",0,0.09,"model",0.27491942686289
"3arc-Iteration0-PA1:1DO:0-Seed1055","3 arc-second",0,0.1,"model",0.267765999214763
"3arc-Iteration0-PA1:1DO:0-Seed1055","3 arc-second",0,0.11,"model",0.260173899233732
"3arc-Iteration0-PA1:1DO:0-Seed1055","3 arc-second",0,0.12,"model",0.252489559910055
"3arc-Iteration0-PA1:1DO:0-Seed1055","3 arc-second",0,0.13,"model",0.244181796027781
"3arc-Iteration0-PA1:1DO:0-Seed1055","3 arc-second",0,0.14,"model",0.235680828334292
"3arc-Iteration0-PA1:1DO:0-Seed1055","3 arc-second",0,0.15,"model",0.226979837871544
"3arc-Iteration0-PA1:1DO:0-Seed1055","3 arc-second",0,0.16,"model",0.218071680969207
"3arc-Iteration0-PA1:1DO:0-Seed1055","3 arc-second",0,0.17,"model",0.208948869683682
"3arc-Iteration0-PA1:1DO:0-Seed1055","3 arc-second",0,0.18,"model",0.199603550805826
"3arc-Iteration0-PA1:1DO:0-Seed1055","3 arc-second",0,0.19,"model",0.190027483313702
"3arc-Iteration0-PA1:1DO:0-Seed1055","3 arc-second",0,0.2,"model",0.180212014134276
"3arc-Iteration0-PA1:1DO:0-Seed1055","3 arc-second",0,0.21,"model",0.17014805206423
"3arc-Iteration0-PA1:1DO:0-Seed1055","3 arc-second",0,0.22,"model",0.159826039684697
"3arc-Iteration0-PA1:1DO:0-Seed1055","3 arc-second",0,0.23,"model",0.149235923087513
"3arc-Iteration0-PA1:1DO:0-Seed1055","3 arc-second",0,0.24,"model",0.138367119211456
"3arc-Iteration0-PA1:1DO:0-Seed1055","3 arc-second",0,0.25,"model",0.127208480565371
"3arc-Iteration0-PA1:1DO:0-Seed1055","3 arc-second",0,0.26,"model",0.115748257091013
"3arc-Iteration0-PA1:1DO:0-Seed1055","3 arc-second",0,0.27,"model",0.103974054891331
"3arc-Iteration0-PA1:1DO:0-Seed1055","3 arc-second",0,0.28,"model",0.0932469572045543
"3arc-Iteration0-PA1:1DO:0-Seed1055","3 arc-second",0,0.29,"model",0.0808739361966854
"3arc-Iteration0-PA1:1DO:0-Seed1055","3 arc-second",0,0.3,"model",0.0681474003028773
"3arc-Iteration0-PA1:1DO:0-Seed1055","3 arc-second",0,0.31,"model",0.055051979310698
"3arc-Iteration0-PA1:1DO:0-Seed1055","3 arc-second",0,0.32,"model",0.0415713988775722
"3arc-Iteration0-PA1:1DO:0-Seed1055","3 arc-second",0,0.33,"model",0.0276884130583829
"3arc-Iteration0-PA1:1DO:0-Seed1055","3 arc-second",0,0.34,"model",0.015205054074312
"3arc-Iteration0-PA1:1DO:0-Seed1055","3 arc-second",0,0.35,"model",0.00244631693394942
"3arc-Iteration0-PA1:1DO:0-Seed1055","3 arc-second",0,0.36,"model",-0.0125883392226149
"3arc-Iteration0-PA1:1DO:0-Seed1055","3 arc-second",0,0.37,"model",-0.0281002860508161
"3arc-Iteration0-PA1:1DO:0-Seed1055","3 arc-second",0,0.38,"model",-0.0441126182605722
"3arc-Iteration0-PA1:1DO:0-Seed1055","3 arc-second",0,0.39,"model",-0.0561316109598563
"3arc-Iteration0-PA1:1DO:0-Seed1055","3 arc-second",0,0.4,"model",-0.0706713780918728
"3arc-Iteration0-PA1:1DO:0-Seed1055","3 arc-second",0,0.41,"model",-0.0880397676229263
"3arc-Iteration0-PA1:1DO:0-Seed1055","3 arc-second",0,0.42,"model",-0.11149019130011
"3arc-Iteration0-PA1:1DO:0-Seed1055","3 arc-second",0,0.43,"model",-0.127208480565371
"3arc-Iteration0-PA1:1DO:0-Seed1055","3 arc-second",0,0.44,"model",-0.146138313982837
"3arc-Iteration0-PA1:1DO:0-Seed1055","3 arc-second",0,0.45,"model",-0.162865403148089
"3arc-Iteration0-PA1:1DO:0-Seed1055","3 arc-second",0,0.46,"model",-0.183091218426908
"3arc-Iteration0-PA1:1DO:0-Seed1055","3 arc-second",0,0.47,"model",-0.204480298686579
"3arc-Iteration0-PA1:1DO:0-Seed1055","3 arc-second",0,0.48,"model",-0.223702092960044
"3arc-Iteration0-PA1:1DO:0-Seed1055","3 arc-second",0,0.49,"model",-0.252892676505231
"3arc-Iteration0-PA1:1DO:0-Seed1055","3 arc-second",0,0.5,"model",-0.275618374558304
"3arc-Iteration0-PA1:1DO:0-Seed1055","3 arc-second",0,0.51,"model",-0.298838970217062
"3arc-Iteration0-PA1:1DO:0-Seed1055","3 arc-second",0,0.52,"model",-0.326560659599529
"3arc-Iteration0-PA1:1DO:0-Seed1055","3 arc-second",0,0.53,"model",-0.347793398992557
"3arc-Iteration0-PA1:1DO:0-Seed1055","3 arc-second",0,0.54,"model",-0.369795667537256
"3arc-Iteration0-PA1:1DO:0-Seed1055","3 arc-second",0,0.55,"model",-0.392618767177071
"3arc-Iteration0-PA1:1DO:0-Seed1055","3 arc-second",0,0.56,"model",-0.427883070992612
"3arc-Iteration0-PA1:1DO:0-Seed1055","3 arc-second",0,0.57,"model",-0.457391733092284
"3arc-Iteration0-PA1:1DO:0-Seed1055","3 arc-second",0,0.58,"model",-0.468786808009423
"3arc-Iteration0-PA1:1DO:0-Seed1055","3 arc-second",0,0.59,"model",-0.498836507799707
"3arc-Iteration0-PA1:1DO:0-Seed1055","3 arc-second",0,0.6,"model",-0.53356890459364
"3arc-Iteration0-PA1:1DO:0-Seed1055","3 arc-second",0,0.61,"model",-0.562471686146598
"3arc-Iteration0-PA1:1DO:0-Seed1055","3 arc-second",0,0.62,"model",-0.598474986051702
"3arc-Iteration0-PA1:1DO:0-Seed1055","3 arc-second",0,0.63,"model",-0.630407792951962
"3arc-Iteration0-PA1:1DO:0-Seed1055","3 arc-second",0,0.64,"model",-0.67020023557126
"3arc-Iteration0-PA1:1DO:0-Seed1055","3 arc-second",0,0.65,"model",-0.70570418980313
"3arc-Iteration0-PA1:1DO:0-Seed1055","3 arc-second",0,0.66,"model",-0.749948035751403
"3arc-Iteration0-PA1:1DO:0-Seed1055","3 arc-second",0,0.67,"model",-0.782524895599101
"3arc-Iteration0-PA1:1DO:0-Seed1055","3 arc-second",0,0.68,"model",-0.831713780918728
"3arc-Iteration0-PA1:1DO:0-Seed1055","3 arc-second",0,0.69,"model",-0.88407614271059
"3arc-Iteration0-PA1:1DO:0-Seed1055","3 arc-second",0,0.7,"model",-0.93168433451119
"3arc-Iteration0-PA1:1DO:0-Seed1055","3 arc-second",0,0.71,"model",-0.982332155477032
"3arc-Iteration0-PA1:1DO:0-Seed1055","3 arc-second",0,0.72,"model",-1.03634528016153
"3arc-Iteration0-PA1:1DO:0-Seed1055","3 arc-second",0,0.73,"model",-1.0940976312001
"3arc-Iteration0-PA1:1DO:0-Seed1055","3 arc-second",0,0.74,"model",-1.14596357705898
"3arc-Iteration0-PA1:1DO:0-Seed1055","3 arc-second",0,0.75,"model",-1.21201413427562
"3arc-Iteration0-PA1:1DO:0-Seed1055","3 arc-second",0,0.76,"model",-1.24970553592462
"3arc-Iteration0-PA1:1DO:0-Seed1055","3 arc-second",0,0.77,"model",-1.33676447995084
"3arc-Iteration0-PA1:1DO:0-Seed1055","3 arc-second",0,0.78,"model",-1.41920976549952
"3arc-Iteration0-PA1:1DO:0-Seed1055","3 arc-second",0,0.79,"model",-1.49587750294464
"3arc-Iteration0-PA1:1DO:0-Seed1055","3 arc-second",0,0.8,"model",-1.56537102473498
"3arc-Iteration0-PA1:1DO:0-Seed1055","3 arc-second",0,0.81,"model",-1.67119211456202
"3arc-Iteration0-PA1:1DO:0-Seed1055","3 arc-second",0,0.82,"model",-1.7722811150373
"3arc-Iteration0-PA1:1DO:0-Seed1055","3 arc-second",0,0.83,"model",-1.86717938058616
"3arc-Iteration0-PA1:1DO:0-Seed1055","3 arc-second",0,0.84,"model",-2.00971731448763
"3arc-Iteration0-PA1:1DO:0-Seed1055","3 arc-second",0,0.85,"model",-2.15076560659599
"3arc-Iteration0-PA1:1DO:0-Seed1055","3 arc-second",0,0.86,"model",-2.29278142352347
"3arc-Iteration0-PA1:1DO:0-Seed1055","3 arc-second",0,0.87,"model",-2.43789073117695
"3arc-Iteration0-PA1:1DO:0-Seed1055","3 arc-second",0,0.88,"model",-2.52885747938752
"3arc-Iteration0-PA1:1DO:0-Seed1055","3 arc-second",0,0.89,"model",-2.6113074204947
"3arc-Iteration0-PA1:1DO:0-Seed1055","3 arc-second",0,0.9,"model",-2.56537102473498
"3arc-Iteration0-PA1:1DO:0-Seed1055","3 arc-second",0,0.91,"model",-2.68865331762858
"3arc-Iteration0-PA1:1DO:0-Seed1055","3 arc-second",0,0.92,"model",-2.86925795053004
"3arc-Iteration0-PA1:1DO:0-Seed1055","3 arc-second",0,0.93,"model",-2.78344270570419
"3arc-Iteration0-PA1:1DO:0-Seed1055","3 arc-second",0,0.94,"model",-2.72084805653711
"3arc-Iteration0-PA1:1DO:0-Seed1055","3 arc-second",0,0.95,"model",-2.69611307420495
"3arc-Iteration0-PA1:1DO:0-Seed1055","3 arc-second",0,0.96,"model",-2.41342756183746
"3arc-Iteration0-PA1:1DO:0-Seed1055","3 arc-second",0,0.97,"model",-2.93168433451119
"3arc-Iteration0-PA1:1DO:0-Seed1055","3 arc-second",0,0.98,"model",-3.94699646643109
"3arc-Iteration0-PA1:1DO:0-Seed1055","3 arc-second",0,0.99,"model",-5.21554770318021
"3arc-Iteration0-PA1:1DO:0-Seed1055","3 arc-second",0,0.01,"treat_all",0.332548095798979
"3arc-Iteration0-PA1:1DO:0-Seed1055","3 arc-second",0,0.02,"treat_all",0.325737362082642
"3arc-Iteration0-PA1:1DO:0-Seed1055","3 arc-second",0,0.03,"treat_all",0.318786200866999
"3arc-Iteration0-PA1:1DO:0-Seed1055","3 arc-second",0,0.04,"treat_all",0.311690223792697
"3arc-Iteration0-PA1:1DO:0-Seed1055","3 arc-second",0,0.05,"treat_all",0.304444857727357
"3arc-Iteration0-PA1:1DO:0-Seed1055","3 arc-second",0,0.06,"treat_all",0.297045334937223
"3arc-Iteration0-PA1:1DO:0-Seed1055","3 arc-second",0,0.07,"treat_all",0.28948668262472
"3arc-Iteration0-PA1:1DO:0-Seed1055","3 arc-second",0,0.08,"treat_all",0.281763711783684
"3arc-Iteration0-PA1:1DO:0-Seed1055","3 arc-second",0,0.09,"treat_all",0.273871005319769
"3arc-Iteration0-PA1:1DO:0-Seed1055","3 arc-second",0,0.1,"treat_all",0.265802905378877
"3arc-Iteration0-PA1:1DO:0-Seed1055","3 arc-second",0,0.11,"treat_all",0.257553499821336
"3arc-Iteration0-PA1:1DO:0-Seed1055","3 arc-second",0,0.12,"treat_all",0.249116607773852
"3arc-Iteration0-PA1:1DO:0-Seed1055","3 arc-second",0,0.13,"treat_all",0.240485764185045
"3arc-Iteration0-PA1:1DO:0-Seed1055","3 arc-second",0,0.14,"treat_all",0.231654203303476
"3arc-Iteration0-PA1:1DO:0-Seed1055","3 arc-second",0,0.15,"treat_all",0.222614840989399
"3arc-Iteration0-PA1:1DO:0-Seed1055","3 arc-second",0,0.16,"treat_all",0.213360255763083
"3arc-Iteration0-PA1:1DO:0-Seed1055","3 arc-second",0,0.17,"treat_all",0.20388266848312
"3arc-Iteration0-PA1:1DO:0-Seed1055","3 arc-second",0,0.18,"treat_all",0.194173920537792
"3arc-Iteration0-PA1:1DO:0-Seed1055","3 arc-second",0,0.19,"treat_all",0.184225450420975
"3arc-Iteration0-PA1:1DO:0-Seed1055","3 arc-second",0,0.2,"treat_all",0.174028268551237
"3arc-Iteration0-PA1:1DO:0-Seed1055","3 arc-second",0,0.21,"treat_all",0.163572930178468
"3arc-Iteration0-PA1:1DO:0-Seed1055","3 arc-second",0,0.22,"treat_all",0.152849506206397
"3arc-Iteration0-PA1:1DO:0-Seed1055","3 arc-second",0,0.23,"treat_all",0.141847551741545
"3arc-Iteration0-PA1:1DO:0-Seed1055","3 arc-second",0,0.24,"treat_all",0.130556072159197
"3arc-Iteration0-PA1:1DO:0-Seed1055","3 arc-second",0,0.25,"treat_all",0.118963486454653
"3arc-Iteration0-PA1:1DO:0-Seed1055","3 arc-second",0,0.26,"treat_all",0.107057587622959
"3arc-Iteration0-PA1:1DO:0-Seed1055","3 arc-second",0,0.27,"treat_all",0.0948254997821772
"3arc-Iteration0-PA1:1DO:0-Seed1055","3 arc-second",0,0.28,"treat_all",0.0822536317235963
"3arc-Iteration0-PA1:1DO:0-Seed1055","3 arc-second",0,0.29,"treat_all",0.0693276265366047
"3arc-Iteration0-PA1:1DO:0-Seed1055","3 arc-second",0,0.3,"treat_all",0.0560323069156991
"3arc-Iteration0-PA1:1DO:0-Seed1055","3 arc-second",0,0.31,"treat_all",0.0423516157115788
"3arc-Iteration0-PA1:1DO:0-Seed1055","3 arc-second",0,0.32,"treat_all",0.0282685512367491
"3arc-Iteration0-PA1:1DO:0-Seed1055","3 arc-second",0,0.33,"treat_all",0.0137650967775961
"3arc-Iteration0-PA1:1DO:0-Seed1055","3 arc-second",0,0.34,"treat_all",-0.00117785630153128
"3arc-Iteration0-PA1:1DO:0-Seed1055","3 arc-second",0,0.35,"treat_all",-0.016580592552324
"3arc-Iteration0-PA1:1DO:0-Seed1055","3 arc-second",0,0.36,"treat_all",-0.0324646643109541
"3arc-Iteration0-PA1:1DO:0-Seed1055","3 arc-second",0,0.37,"treat_all",-0.0488529923158899
"3arc-Iteration0-PA1:1DO:0-Seed1055","3 arc-second",0,0.38,"treat_all",-0.0657699760629203
"3arc-Iteration0-PA1:1DO:0-Seed1055","3 arc-second",0,0.39,"treat_all",-0.0832416150147715
"3arc-Iteration0-PA1:1DO:0-Seed1055","3 arc-second",0,0.4,"treat_all",-0.101295641931684
"3arc-Iteration0-PA1:1DO:0-Seed1055","3 arc-second",0,0.41,"treat_all",-0.119961669761035
"3arc-Iteration0-PA1:1DO:0-Seed1055","3 arc-second",0,0.42,"treat_all",-0.139271353722432
"3arc-Iteration0-PA1:1DO:0-Seed1055","3 arc-second",0,0.43,"treat_all",-0.159258570454405
"3arc-Iteration0-PA1:1DO:0-Seed1055","3 arc-second",0,0.44,"treat_all",-0.179959616355376
"3arc-Iteration0-PA1:1DO:0-Seed1055","3 arc-second",0,0.45,"treat_all",-0.201413427561837
"3arc-Iteration0-PA1:1DO:0-Seed1055","3 arc-second",0,0.46,"treat_all",-0.223661824368538
"3arc-Iteration0-PA1:1DO:0-Seed1055","3 arc-second",0,0.47,"treat_all",-0.246749783318888
"3arc-Iteration0-PA1:1DO:0-Seed1055","3 arc-second",0,0.48,"treat_all",-0.270725740690405
"3arc-Iteration0-PA1:1DO:0-Seed1055","3 arc-second",0,0.49,"treat_all",-0.295641931684334
"3arc-Iteration0-PA1:1DO:0-Seed1055","3 arc-second",0,0.5,"treat_all",-0.321554770318021
"3arc-Iteration0-PA1:1DO:0-Seed1055","3 arc-second",0,0.51,"treat_all",-0.348525275834716
"3arc-Iteration0-PA1:1DO:0-Seed1055","3 arc-second",0,0.52,"treat_all",-0.376619552414605
"3arc-Iteration0-PA1:1DO:0-Seed1055","3 arc-second",0,0.53,"treat_all",-0.405909330125555
"3arc-Iteration0-PA1:1DO:0-Seed1055","3 arc-second",0,0.54,"treat_all",-0.436472576432632
"3arc-Iteration0-PA1:1DO:0-Seed1055","3 arc-second",0,0.55,"treat_all",-0.468394189242246
"3arc-Iteration0-PA1:1DO:0-Seed1055","3 arc-second",0,0.56,"treat_all",-0.501766784452297
"3arc-Iteration0-PA1:1DO:0-Seed1055","3 arc-second",0,0.57,"treat_all",-0.536691593393048
"3arc-Iteration0-PA1:1DO:0-Seed1055","3 arc-second",0,0.58,"treat_all",-0.573279488473835
"3arc-Iteration0-PA1:1DO:0-Seed1055","3 arc-second",0,0.59,"treat_all",-0.611652158924416
"3arc-Iteration0-PA1:1DO:0-Seed1055","3 arc-second",0,0.6,"treat_all",-0.651943462897526
"3arc-Iteration0-PA1:1DO:0-Seed1055","3 arc-second",0,0.61,"treat_all",-0.694300987587207
"3arc-Iteration0-PA1:1DO:0-Seed1055","3 arc-second",0,0.62,"treat_all",-0.738887855681607
"3arc-Iteration0-PA1:1DO:0-Seed1055","3 arc-second",0,0.63,"treat_all",-0.785884824754083
"3arc-Iteration0-PA1:1DO:0-Seed1055","3 arc-second",0,0.64,"treat_all",-0.835492736552807
"3arc-Iteration0-PA1:1DO:0-Seed1055","3 arc-second",0,0.65,"treat_all",-0.887935386168602
"3arc-Iteration0-PA1:1DO:0-Seed1055","3 arc-second",0,0.66,"treat_all",-0.943462897526502
"3arc-Iteration0-PA1:1DO:0-Seed1055","3 arc-second",0,0.67,"treat_all",-1.00235571260306
"3arc-Iteration0-PA1:1DO:0-Seed1055","3 arc-second",0,0.68,"treat_all",-1.06492932862191
"3arc-Iteration0-PA1:1DO:0-Seed1055","3 arc-second",0,0.69,"treat_all",-1.13153995212584
"3arc-Iteration0-PA1:1DO:0-Seed1055","3 arc-second",0,0.7,"treat_all",-1.20259128386337
"3arc-Iteration0-PA1:1DO:0-Seed1055","3 arc-second",0,0.71,"treat_all",-1.27854270744486
"3arc-Iteration0-PA1:1DO:0-Seed1055","3 arc-second",0,0.72,"treat_all",-1.35991923271075
"3arc-Iteration0-PA1:1DO:0-Seed1055","3 arc-second",0,0.73,"treat_all",-1.44732364873708
"3arc-Iteration0-PA1:1DO:0-Seed1055","3 arc-second",0,0.74,"treat_all",-1.54145148138081
"3arc-Iteration0-PA1:1DO:0-Seed1055","3 arc-second",0,0.75,"treat_all",-1.64310954063604
"3arc-Iteration0-PA1:1DO:0-Seed1055","3 arc-second",0,0.76,"treat_all",-1.75323910482921
"3arc-Iteration0-PA1:1DO:0-Seed1055","3 arc-second",0,0.77,"treat_all",-1.87294515286526
"3arc-Iteration0-PA1:1DO:0-Seed1055","3 arc-second",0,0.78,"treat_all",-2.00353356890459
"3arc-Iteration0-PA1:1DO:0-Seed1055","3 arc-second",0,0.79,"treat_all",-2.14655897694767
"3arc-Iteration0-PA1:1DO:0-Seed1055","3 arc-second",0,0.8,"treat_all",-2.30388692579505
"3arc-Iteration0-PA1:1DO:0-Seed1055","3 arc-second",0,0.81,"treat_all",-2.47777571136321
"3arc-Iteration0-PA1:1DO:0-Seed1055","3 arc-second",0,0.82,"treat_all",-2.67098547310562
"3arc-Iteration0-PA1:1DO:0-Seed1055","3 arc-second",0,0.83,"treat_all",-2.886925795053
"3arc-Iteration0-PA1:1DO:0-Seed1055","3 arc-second",0,0.84,"treat_all",-3.12985865724382
"3arc-Iteration0-PA1:1DO:0-Seed1055","3 arc-second",0,0.85,"treat_all",-3.40518256772674
"3arc-Iteration0-PA1:1DO:0-Seed1055","3 arc-second",0,0.86,"treat_all",-3.7198384654215
"3arc-Iteration0-PA1:1DO:0-Seed1055","3 arc-second",0,0.87,"treat_all",-4.08290296276162
"3arc-Iteration0-PA1:1DO:0-Seed1055","3 arc-second",0,0.88,"treat_all",-4.50647820965842
"3arc-Iteration0-PA1:1DO:0-Seed1055","3 arc-second",0,0.89,"treat_all",-5.00706713780919
"3arc-Iteration0-PA1:1DO:0-Seed1055","3 arc-second",0,0.9,"treat_all",-5.60777385159011
"3arc-Iteration0-PA1:1DO:0-Seed1055","3 arc-second",0,0.91,"treat_all",-6.34197094621123
"3arc-Iteration0-PA1:1DO:0-Seed1055","3 arc-second",0,0.92,"treat_all",-7.25971731448764
"3arc-Iteration0-PA1:1DO:0-Seed1055","3 arc-second",0,0.93,"treat_all",-8.43967693084302
"3arc-Iteration0-PA1:1DO:0-Seed1055","3 arc-second",0,0.94,"treat_all",-10.0129564193169
"3arc-Iteration0-PA1:1DO:0-Seed1055","3 arc-second",0,0.95,"treat_all",-12.2155477031802
"3arc-Iteration0-PA1:1DO:0-Seed1055","3 arc-second",0,0.96,"treat_all",-15.5194346289753
"3arc-Iteration0-PA1:1DO:0-Seed1055","3 arc-second",0,0.97,"treat_all",-21.0259128386337
"3arc-Iteration0-PA1:1DO:0-Seed1055","3 arc-second",0,0.98,"treat_all",-32.0388692579505
"3arc-Iteration0-PA1:1DO:0-Seed1055","3 arc-second",0,0.99,"treat_all",-65.077738515901
"3arc-Iteration0-PA1:1DO:0-Seed1055","3 arc-second",0,0.01,"treat_none",0
"3arc-Iteration0-PA1:1DO:0-Seed1055","3 arc-second",0,0.02,"treat_none",0
"3arc-Iteration0-PA1:1DO:0-Seed1055","3 arc-second",0,0.03,"treat_none",0
"3arc-Iteration0-PA1:1DO:0-Seed1055","3 arc-second",0,0.04,"treat_none",0
"3arc-Iteration0-PA1:1DO:0-Seed1055","3 arc-second",0,0.05,"treat_none",0
"3arc-Iteration0-PA1:1DO:0-Seed1055","3 arc-second",0,0.06,"treat_none",0
"3arc-Iteration0-PA1:1DO:0-Seed1055","3 arc-second",0,0.07,"treat_none",0
"3arc-Iteration0-PA1:1DO:0-Seed1055","3 arc-second",0,0.08,"treat_none",0
"3arc-Iteration0-PA1:1DO:0-Seed1055","3 arc-second",0,0.09,"treat_none",0
"3arc-Iteration0-PA1:1DO:0-Seed1055","3 arc-second",0,0.1,"treat_none",0
"3arc-Iteration0-PA1:1DO:0-Seed1055","3 arc-second",0,0.11,"treat_none",0
"3arc-Iteration0-PA1:1DO:0-Seed1055","3 arc-second",0,0.12,"treat_none",0
"3arc-Iteration0-PA1:1DO:0-Seed1055","3 arc-second",0,0.13,"treat_none",0
"3arc-Iteration0-PA1:1DO:0-Seed1055","3 arc-second",0,0.14,"treat_none",0
"3arc-Iteration0-PA1:1DO:0-Seed1055","3 arc-second",0,0.15,"treat_none",0
"3arc-Iteration0-PA1:1DO:0-Seed1055","3 arc-second",0,0.16,"treat_none",0
"3arc-Iteration0-PA1:1DO:0-Seed1055","3 arc-second",0,0.17,"treat_none",0
"3arc-Iteration0-PA1:1DO:0-Seed1055","3 arc-second",0,0.18,"treat_none",0
"3arc-Iteration0-PA1:1DO:0-Seed1055","3 arc-second",0,0.19,"treat_none",0
"3arc-Iteration0-PA1:1DO:0-Seed1055","3 arc-second",0,0.2,"treat_none",0
"3arc-Iteration0-PA1:1DO:0-Seed1055","3 arc-second",0,0.21,"treat_none",0
"3arc-Iteration0-PA1:1DO:0-Seed1055","3 arc-second",0,0.22,"treat_none",0
"3arc-Iteration0-PA1:1DO:0-Seed1055","3 arc-second",0,0.23,"treat_none",0
"3arc-Iteration0-PA1:1DO:0-Seed1055","3 arc-second",0,0.24,"treat_none",0
"3arc-Iteration0-PA1:1DO:0-Seed1055","3 arc-second",0,0.25,"treat_none",0
"3arc-Iteration0-PA1:1DO:0-Seed1055","3 arc-second",0,0.26,"treat_none",0
"3arc-Iteration0-PA1:1DO:0-Seed1055","3 arc-second",0,0.27,"treat_none",0
"3arc-Iteration0-PA1:1DO:0-Seed1055","3 arc-second",0,0.28,"treat_none",0
"3arc-Iteration0-PA1:1DO:0-Seed1055","3 arc-second",0,0.29,"treat_none",0
"3arc-Iteration0-PA1:1DO:0-Seed1055","3 arc-second",0,0.3,"treat_none",0
"3arc-Iteration0-PA1:1DO:0-Seed1055","3 arc-second",0,0.31,"treat_none",0
"3arc-Iteration0-PA1:1DO:0-Seed1055","3 arc-second",0,0.32,"treat_none",0
"3arc-Iteration0-PA1:1DO:0-Seed1055","3 arc-second",0,0.33,"treat_none",0
"3arc-Iteration0-PA1:1DO:0-Seed1055","3 arc-second",0,0.34,"treat_none",0
"3arc-Iteration0-PA1:1DO:0-Seed1055","3 arc-second",0,0.35,"treat_none",0
"3arc-Iteration0-PA1:1DO:0-Seed1055","3 arc-second",0,0.36,"treat_none",0
"3arc-Iteration0-PA1:1DO:0-Seed1055","3 arc-second",0,0.37,"treat_none",0
"3arc-Iteration0-PA1:1DO:0-Seed1055","3 arc-second",0,0.38,"treat_none",0
"3arc-Iteration0-PA1:1DO:0-Seed1055","3 arc-second",0,0.39,"treat_none",0
"3arc-Iteration0-PA1:1DO:0-Seed1055","3 arc-second",0,0.4,"treat_none",0
"3arc-Iteration0-PA1:1DO:0-Seed1055","3 arc-second",0,0.41,"treat_none",0
"3arc-Iteration0-PA1:1DO:0-Seed1055","3 arc-second",0,0.42,"treat_none",0
"3arc-Iteration0-PA1:1DO:0-Seed1055","3 arc-second",0,0.43,"treat_none",0
"3arc-Iteration0-PA1:1DO:0-Seed1055","3 arc-second",0,0.44,"treat_none",0
"3arc-Iteration0-PA1:1DO:0-Seed1055","3 arc-second",0,0.45,"treat_none",0
"3arc-Iteration0-PA1:1DO:0-Seed1055","3 arc-second",0,0.46,"treat_none",0
"3arc-Iteration0-PA1:1DO:0-Seed1055","3 arc-second",0,0.47,"treat_none",0
"3arc-Iteration0-PA1:1DO:0-Seed1055","3 arc-second",0,0.48,"treat_none",0
"3arc-Iteration0-PA1:1DO:0-Seed1055","3 arc-second",0,0.49,"treat_none",0
"3arc-Iteration0-PA1:1DO:0-Seed1055","3 arc-second",0,0.5,"treat_none",0
"3arc-Iteration0-PA1:1DO:0-Seed1055","3 arc-second",0,0.51,"treat_none",0
"3arc-Iteration0-PA1:1DO:0-Seed1055","3 arc-second",0,0.52,"treat_none",0
"3arc-Iteration0-PA1:1DO:0-Seed1055","3 arc-second",0,0.53,"treat_none",0
"3arc-Iteration0-PA1:1DO:0-Seed1055","3 arc-second",0,0.54,"treat_none",0
"3arc-Iteration0-PA1:1DO:0-Seed1055","3 arc-second",0,0.55,"treat_none",0
"3arc-Iteration0-PA1:1DO:0-Seed1055","3 arc-second",0,0.56,"treat_none",0
"3arc-Iteration0-PA1:1DO:0-Seed1055","3 arc-second",0,0.57,"treat_none",0
"3arc-Iteration0-PA1:1DO:0-Seed1055","3 arc-second",0,0.58,"treat_none",0
"3arc-Iteration0-PA1:1DO:0-Seed1055","3 arc-second",0,0.59,"treat_none",0
"3arc-Iteration0-PA1:1DO:0-Seed1055","3 arc-second",0,0.6,"treat_none",0
"3arc-Iteration0-PA1:1DO:0-Seed1055","3 arc-second",0,0.61,"treat_none",0
"3arc-Iteration0-PA1:1DO:0-Seed1055","3 arc-second",0,0.62,"treat_none",0
"3arc-Iteration0-PA1:1DO:0-Seed1055","3 arc-second",0,0.63,"treat_none",0
"3arc-Iteration0-PA1:1DO:0-Seed1055","3 arc-second",0,0.64,"treat_none",0
"3arc-Iteration0-PA1:1DO:0-Seed1055","3 arc-second",0,0.65,"treat_none",0
"3arc-Iteration0-PA1:1DO:0-Seed1055","3 arc-second",0,0.66,"treat_none",0
"3arc-Iteration0-PA1:1DO:0-Seed1055","3 arc-second",0,0.67,"treat_none",0
"3arc-Iteration0-PA1:1DO:0-Seed1055","3 arc-second",0,0.68,"treat_none",0
"3arc-Iteration0-PA1:1DO:0-Seed1055","3 arc-second",0,0.69,"treat_none",0
"3arc-Iteration0-PA1:1DO:0-Seed1055","3 arc-second",0,0.7,"treat_none",0
"3arc-Iteration0-PA1:1DO:0-Seed1055","3 arc-second",0,0.71,"treat_none",0
"3arc-Iteration0-PA1:1DO:0-Seed1055","3 arc-second",0,0.72,"treat_none",0
"3arc-Iteration0-PA1:1DO:0-Seed1055","3 arc-second",0,0.73,"treat_none",0
"3arc-Iteration0-PA1:1DO:0-Seed1055","3 arc-second",0,0.74,"treat_none",0
"3arc-Iteration0-PA1:1DO:0-Seed1055","3 arc-second",0,0.75,"treat_none",0
"3arc-Iteration0-PA1:1DO:0-Seed1055","3 arc-second",0,0.76,"treat_none",0
"3arc-Iteration0-PA1:1DO:0-Seed1055","3 arc-second",0,0.77,"treat_none",0
"3arc-Iteration0-PA1:1DO:0-Seed1055","3 arc-second",0,0.78,"treat_none",0
"3arc-Iteration0-PA1:1DO:0-Seed1055","3 arc-second",0,0.79,"treat_none",0
"3arc-Iteration0-PA1:1DO:0-Seed1055","3 arc-second",0,0.8,"treat_none",0
"3arc-Iteration0-PA1:1DO:0-Seed1055","3 arc-second",0,0.81,"treat_none",0
"3arc-Iteration0-PA1:1DO:0-Seed1055","3 arc-second",0,0.82,"treat_none",0
"3arc-Iteration0-PA1:1DO:0-Seed1055","3 arc-second",0,0.83,"treat_none",0
"3arc-Iteration0-PA1:1DO:0-Seed1055","3 arc-second",0,0.84,"treat_none",0
"3arc-Iteration0-PA1:1DO:0-Seed1055","3 arc-second",0,0.85,"treat_none",0
"3arc-Iteration0-PA1:1DO:0-Seed1055","3 arc-second",0,0.86,"treat_none",0
"3arc-Iteration0-PA1:1DO:0-Seed1055","3 arc-second",0,0.87,"treat_none",0
"3arc-Iteration0-PA1:1DO:0-Seed1055","3 arc-second",0,0.88,"treat_none",0
"3arc-Iteration0-PA1:1DO:0-Seed1055","3 arc-second",0,0.89,"treat_none",0
"3arc-Iteration0-PA1:1DO:0-Seed1055","3 arc-second",0,0.9,"treat_none",0
"3arc-Iteration0-PA1:1DO:0-Seed1055","3 arc-second",0,0.91,"treat_none",0
"3arc-Iteration0-PA1:1DO:0-Seed1055","3 arc-second",0,0.92,"treat_none",0
"3arc-Iteration0-PA1:1DO:0-Seed1055","3 arc-second",0,0.93,"treat_none",0
"3arc-Iteration0-PA1:1DO:0-Seed1055","3 arc-second",0,0.94,"treat_none",0
"3arc-Iteration0-PA1:1DO:0-Seed1055","3 arc-second",0,0.95,"treat_none",0
"3arc-Iteration0-PA1:1DO:0-Seed1055","3 arc-second",0,0.96,"treat_none",0
"3arc-Iteration0-PA1:1DO:0-Seed1055","3 arc-second",0,0.97,"treat_none",0
"3arc-Iteration0-PA1:1DO:0-Seed1055","3 arc-second",0,0.98,"treat_none",0
"3arc-Iteration0-PA1:1DO:0-Seed1055","3 arc-second",0,0.99,"treat_none",0
"3arc-Iteration1-PA1:1DO:0-Seed1017","3 arc-second",1,0.01,"model",0.332548095798979
"3arc-Iteration1-PA1:1DO:0-Seed1017","3 arc-second",1,0.02,"model",0.325737362082642
"3arc-Iteration1-PA1:1DO:0-Seed1017","3 arc-second",1,0.03,"model",0.319004772139449
"3arc-Iteration1-PA1:1DO:0-Seed1017","3 arc-second",1,0.04,"model",0.30565371024735
"3arc-Iteration1-PA1:1DO:0-Seed1017","3 arc-second",1,0.05,"model",0.268923191370653
"3arc-Iteration1-PA1:1DO:0-Seed1017","3 arc-second",1,0.06,"model",0.245695812344936
"3arc-Iteration1-PA1:1DO:0-Seed1017","3 arc-second",1,0.07,"model",0.239598768950188
"3arc-Iteration1-PA1:1DO:0-Seed1017","3 arc-second",1,0.08,"model",0.232908280841911
"3arc-Iteration1-PA1:1DO:0-Seed1017","3 arc-second",1,0.09,"model",0.226769696734361
"3arc-Iteration1-PA1:1DO:0-Seed1017","3 arc-second",1,0.1,"model",0.21986650961916
"3arc-Iteration1-PA1:1DO:0-Seed1017","3 arc-second",1,0.11,"model",0.212808194703617
"3arc-Iteration1-PA1:1DO:0-Seed1017","3 arc-second",1,0.12,"model",0.206071313845165
"3arc-Iteration1-PA1:1DO:0-Seed1017","3 arc-second",1,0.13,"model",0.198732789082491
"3arc-Iteration1-PA1:1DO:0-Seed1017","3 arc-second",1,0.14,"model",0.191223600953242
"3arc-Iteration1-PA1:1DO:0-Seed1017","3 arc-second",1,0.15,"model",0.183537726044481
"3arc-Iteration1-PA1:1DO:0-Seed1017","3 arc-second",1,0.16,"model",0.175668854114084
"3arc-Iteration1-PA1:1DO:0-Seed1017","3 arc-second",1,0.17,"model",0.167610370811869
"3arc-Iteration1-PA1:1DO:0-Seed1017","3 arc-second",1,0.18,"model",0.15935533913643
"3arc-Iteration1-PA1:1DO:0-Seed1017","3 arc-second",1,0.19,"model",0.151725341360206
"3arc-Iteration1-PA1:1DO:0-Seed1017","3 arc-second",1,0.2,"model",0.143992932862191
"3arc-Iteration1-PA1:1DO:0-Seed1017","3 arc-second",1,0.21,"model",0.130965693071521
"3arc-Iteration1-PA1:1DO:0-Seed1017","3 arc-second",1,0.22,"model",0.121591012050376
"3arc-Iteration1-PA1:1DO:0-Seed1017","3 arc-second",1,0.23,"model",0.113762562525813
"3arc-Iteration1-PA1:1DO:0-Seed1017","3 arc-second",1,0.24,"model",0.105821089827041
"3arc-Iteration1-PA1:1DO:0-Seed1017","3 arc-second",1,0.25,"model",0.0977620730270907
"3arc-Iteration1-PA1:1DO:0-Seed1017","3 arc-second",1,0.26,"model",0.089580746824563
"3arc-Iteration1-PA1:1DO:0-Seed1017","3 arc-second",1,0.27,"model",0.0825790212498185
"3arc-Iteration1-PA1:1DO:0-Seed1017","3 arc-second",1,0.28,"model",0.0783274440518257
"3arc-Iteration1-PA1:1DO:0-Seed1017","3 arc-second",1,0.29,"model",0.0693773951127258
"3arc-Iteration1-PA1:1DO:0-Seed1017","3 arc-second",1,0.3,"model",0.0610802624936901
"3arc-Iteration1-PA1:1DO:0-Seed1017","3 arc-second",1,0.31,"model",0.0542326010139806
"3arc-Iteration1-PA1:1DO:0-Seed1017","3 arc-second",1,0.32,"model",0.0490542506755352
"3arc-Iteration1-PA1:1DO:0-Seed1017","3 arc-second",1,0.33,"model",0.0440377617214282
"3arc-Iteration1-PA1:1DO:0-Seed1017","3 arc-second",1,0.34,"model",0.0355498447371239
"3arc-Iteration1-PA1:1DO:0-Seed1017","3 arc-second",1,0.35,"model",0.0307148681706985
"3arc-Iteration1-PA1:1DO:0-Seed1017","3 arc-second",1,0.36,"model",0.0220848056537102
"3arc-Iteration1-PA1:1DO:0-Seed1017","3 arc-second",1,0.37,"model",0.0132929496887094
"3arc-Iteration1-PA1:1DO:0-Seed1017","3 arc-second",1,0.38,"model",0.00649720734070447
"3arc-Iteration1-PA1:1DO:0-Seed1017","3 arc-second",1,0.39,"model",-0.00480797080461098
"3arc-Iteration1-PA1:1DO:0-Seed1017","3 arc-second",1,0.4,"model",-0.0200235571260307
"3arc-Iteration1-PA1:1DO:0-Seed1017","3 arc-second",1,0.41,"model",-0.0424028268551237
"3arc-Iteration1-PA1:1DO:0-Seed1017","3 arc-second",1,0.42,"model",-0.0590958937492385
"3arc-Iteration1-PA1:1DO:0-Seed1017","3 arc-second",1,0.43,"model",-0.0716012646457132
"3arc-Iteration1-PA1:1DO:0-Seed1017","3 arc-second",1,0.44,"model",-0.0797576981322564
"3arc-Iteration1-PA1:1DO:0-Seed1017","3 arc-second",1,0.45,"model",-0.087054288467716
"3arc-Iteration1-PA1:1DO:0-Seed1017","3 arc-second",1,0.46,"model",-0.0973694542599136
"3arc-Iteration1-PA1:1DO:0-Seed1017","3 arc-second",1,0.47,"model",-0.107940529368625
"3arc-Iteration1-PA1:1DO:0-Seed1017","3 arc-second",1,0.48,"model",-0.115520521880946
"3arc-Iteration1-PA1:1DO:0-Seed1017","3 arc-second",1,0.49,"model",-0.126515623917411
"3arc-Iteration1-PA1:1DO:0-Seed1017","3 arc-second",1,0.5,"model",-0.141342756183746
"3arc-Iteration1-PA1:1DO:0-Seed1017","3 arc-second",1,0.51,"model",-0.153097281315353
"3arc-Iteration1-PA1:1DO:0-Seed1017","3 arc-second",1,0.52,"model",-0.153415783274441
"3arc-Iteration1-PA1:1DO:0-Seed1017","3 arc-second",1,0.53,"model",-0.157281407412977
"3arc-Iteration1-PA1:1DO:0-Seed1017","3 arc-second",1,0.54,"model",-0.169150407128591
"3arc-Iteration1-PA1:1DO:0-Seed1017","3 arc-second",1,0.55,"model",-0.181389870435807
"3arc-Iteration1-PA1:1DO:0-Seed1017","3 arc-second",1,0.56,"model",-0.198522325730806
"3arc-Iteration1-PA1:1DO:0-Seed1017","3 arc-second",1,0.57,"model",-0.211767606212507
"3arc-Iteration1-PA1:1DO:0-Seed1017","3 arc-second",1,0.58,"model",-0.230355039542319
"3arc-Iteration1-PA1:1DO:0-Seed1017","3 arc-second",1,0.59,"model",-0.243212962164957
"3arc-Iteration1-PA1:1DO:0-Seed1017","3 arc-second",1,0.6,"model",-0.252650176678445
"3arc-Iteration1-PA1:1DO:0-Seed1017","3 arc-second",1,0.61,"model",-0.267735797771133
"3arc-Iteration1-PA1:1DO:0-Seed1017","3 arc-second",1,0.62,"model",-0.28473126278594
"3arc-Iteration1-PA1:1DO:0-Seed1017","3 arc-second",1,0.63,"model",-0.322032279629453
"3arc-Iteration1-PA1:1DO:0-Seed1017","3 arc-second",1,0.64,"model",-0.345111896348646
"3arc-Iteration1-PA1:1DO:0-Seed1017","3 arc-second",1,0.65,"model",-0.34982332155477
"3arc-Iteration1-PA1:1DO:0-Seed1017","3 arc-second",1,0.66,"model",-0.367906880066514
"3arc-Iteration1-PA1:1DO:0-Seed1017","3 arc-second",1,0.67,"model",-0.394046471784988
"3arc-Iteration1-PA1:1DO:0-Seed1017","3 arc-second",1,0.68,"model",-0.39178445229682
"3arc-Iteration1-PA1:1DO:0-Seed1017","3 arc-second",1,0.69,"model",-0.380599566852844
"3arc-Iteration1-PA1:1DO:0-Seed1017","3 arc-second",1,0.7,"model",-0.392226148409894
"3arc-Iteration1-PA1:1DO:0-Seed1017","3 arc-second",1,0.71,"model",-0.393932009260388
"3arc-Iteration1-PA1:1DO:0-Seed1017","3 arc-second",1,0.72,"model",-0.427057041898031
"3arc-Iteration1-PA1:1DO:0-Seed1017","3 arc-second",1,0.73,"model",-0.439733019238319
"3arc-Iteration1-PA1:1DO:0-Seed1017","3 arc-second",1,0.74,"model",-0.452840445773308
"3arc-Iteration1-PA1:1DO:0-Seed1017","3 arc-second",1,0.75,"model",-0.477031802120141
"3arc-Iteration1-PA1:1DO:0-Seed1017","3 arc-second",1,0.76,"model",-0.487632508833922
"3arc-Iteration1-PA1:1DO:0-Seed1017","3 arc-second",1,0.77,"model",-0.502381318174835
"3arc-Iteration1-PA1:1DO:0-Seed1017","3 arc-second",1,0.78,"model",-0.50530035335689
"3arc-Iteration1-PA1:1DO:0-Seed1017","3 arc-second",1,0.79,"model",-0.534073700151439
"3arc-Iteration1-PA1:1DO:0-Seed1017","3 arc-second",1,0.8,"model",-0.565371024734982
"3arc-Iteration1-PA1:1DO:0-Seed1017","3 arc-second",1,0.81,"model",-0.557931932304259
"3arc-Iteration1-PA1:1DO:0-Seed1017","3 arc-second",1,0.82,"model",-0.551236749116608
"3arc-Iteration1-PA1:1DO:0-Seed1017","3 arc-second",1,0.83,"model",-0.572230305549782
"3arc-Iteration1-PA1:1DO:0-Seed1017","3 arc-second",1,0.84,"model",-0.545936395759718
"3arc-Iteration1-PA1:1DO:0-Seed1017","3 arc-second",1,0.85,"model",-0.588928150765607
"3arc-Iteration1-PA1:1DO:0-Seed1017","3 arc-second",1,0.86,"model",-0.499242806663301
"3arc-Iteration1-PA1:1DO:0-Seed1017","3 arc-second",1,0.87,"model",-0.513726556129383
"3arc-Iteration1-PA1:1DO:0-Seed1017","3 arc-second",1,0.88,"model",-0.532391048292108
"3arc-Iteration1-PA1:1DO:0-Seed1017","3 arc-second",1,0.89,"model",-0.558946353999358
"3arc-Iteration1-PA1:1DO:0-Seed1017","3 arc-second",1,0.9,"model",-0.583038869257951
"3arc-Iteration1-PA1:1DO:0-Seed1017","3 arc-second",1,0.91,"model",-0.64075382803298
"3arc-Iteration1-PA1:1DO:0-Seed1017","3 arc-second",1,0.92,"model",-0.720848056537103
"3arc-Iteration1-PA1:1DO:0-Seed1017","3 arc-second",1,0.93,"model",-0.847046945986876
"3arc-Iteration1-PA1:1DO:0-Seed1017","3 arc-second",1,0.94,"model",-0.963486454652533
"3arc-Iteration1-PA1:1DO:0-Seed1017","3 arc-second",1,0.95,"model",-1.05300353356891
"3arc-Iteration1-PA1:1DO:0-Seed1017","3 arc-second",1,0.96,"model",-1.03180212014134
"3arc-Iteration1-PA1:1DO:0-Seed1017","3 arc-second",1,0.97,"model",-1.30388692579505
"3arc-Iteration1-PA1:1DO:0-Seed1017","3 arc-second",1,0.98,"model",-1.34275618374558
"3arc-Iteration1-PA1:1DO:0-Seed1017","3 arc-second",1,0.99,"model",-2.06360424028268
"3arc-Iteration1-PA1:1DO:0-Seed1017","3 arc-second",1,0.01,"treat_all",0.332548095798979
"3arc-Iteration1-PA1:1DO:0-Seed1017","3 arc-second",1,0.02,"treat_all",0.325737362082642
"3arc-Iteration1-PA1:1DO:0-Seed1017","3 arc-second",1,0.03,"treat_all",0.318786200866999
"3arc-Iteration1-PA1:1DO:0-Seed1017","3 arc-second",1,0.04,"treat_all",0.311690223792697
"3arc-Iteration1-PA1:1DO:0-Seed1017","3 arc-second",1,0.05,"treat_all",0.304444857727357
"3arc-Iteration1-PA1:1DO:0-Seed1017","3 arc-second",1,0.06,"treat_all",0.297045334937223
"3arc-Iteration1-PA1:1DO:0-Seed1017","3 arc-second",1,0.07,"treat_all",0.28948668262472
"3arc-Iteration1-PA1:1DO:0-Seed1017","3 arc-second",1,0.08,"treat_all",0.281763711783684
"3arc-Iteration1-PA1:1DO:0-Seed1017","3 arc-second",1,0.09,"treat_all",0.273871005319769
"3arc-Iteration1-PA1:1DO:0-Seed1017","3 arc-second",1,0.1,"treat_all",0.265802905378877
"3arc-Iteration1-PA1:1DO:0-Seed1017","3 arc-second",1,0.11,"treat_all",0.257553499821336
"3arc-Iteration1-PA1:1DO:0-Seed1017","3 arc-second",1,0.12,"treat_all",0.249116607773852
"3arc-Iteration1-PA1:1DO:0-Seed1017","3 arc-second",1,0.13,"treat_all",0.240485764185045
"3arc-Iteration1-PA1:1DO:0-Seed1017","3 arc-second",1,0.14,"treat_all",0.231654203303476
"3arc-Iteration1-PA1:1DO:0-Seed1017","3 arc-second",1,0.15,"treat_all",0.222614840989399
"3arc-Iteration1-PA1:1DO:0-Seed1017","3 arc-second",1,0.16,"treat_all",0.213360255763083
"3arc-Iteration1-PA1:1DO:0-Seed1017","3 arc-second",1,0.17,"treat_all",0.20388266848312
"3arc-Iteration1-PA1:1DO:0-Seed1017","3 arc-second",1,0.18,"treat_all",0.194173920537792
"3arc-Iteration1-PA1:1DO:0-Seed1017","3 arc-second",1,0.19,"treat_all",0.184225450420975
"3arc-Iteration1-PA1:1DO:0-Seed1017","3 arc-second",1,0.2,"treat_all",0.174028268551237
"3arc-Iteration1-PA1:1DO:0-Seed1017","3 arc-second",1,0.21,"treat_all",0.163572930178468
"3arc-Iteration1-PA1:1DO:0-Seed1017","3 arc-second",1,0.22,"treat_all",0.152849506206397
"3arc-Iteration1-PA1:1DO:0-Seed1017","3 arc-second",1,0.23,"treat_all",0.141847551741545
"3arc-Iteration1-PA1:1DO:0-Seed1017","3 arc-second",1,0.24,"treat_all",0.130556072159197
"3arc-Iteration1-PA1:1DO:0-Seed1017","3 arc-second",1,0.25,"treat_all",0.118963486454653
"3arc-Iteration1-PA1:1DO:0-Seed1017","3 arc-second",1,0.26,"treat_all",0.107057587622959
"3arc-Iteration1-PA1:1DO:0-Seed1017","3 arc-second",1,0.27,"treat_all",0.0948254997821772
"3arc-Iteration1-PA1:1DO:0-Seed1017","3 arc-second",1,0.28,"treat_all",0.0822536317235963
"3arc-Iteration1-PA1:1DO:0-Seed1017","3 arc-second",1,0.29,"treat_all",0.0693276265366047
"3arc-Iteration1-PA1:1DO:0-Seed1017","3 arc-second",1,0.3,"treat_all",0.0560323069156991
"3arc-Iteration1-PA1:1DO:0-Seed1017","3 arc-second",1,0.31,"treat_all",0.0423516157115788
"3arc-Iteration1-PA1:1DO:0-Seed1017","3 arc-second",1,0.32,"treat_all",0.0282685512367491
"3arc-Iteration1-PA1:1DO:0-Seed1017","3 arc-second",1,0.33,"treat_all",0.0137650967775961
"3arc-Iteration1-PA1:1DO:0-Seed1017","3 arc-second",1,0.34,"treat_all",-0.00117785630153128
"3arc-Iteration1-PA1:1DO:0-Seed1017","3 arc-second",1,0.35,"treat_all",-0.016580592552324
"3arc-Iteration1-PA1:1DO:0-Seed1017","3 arc-second",1,0.36,"treat_all",-0.0324646643109541
"3arc-Iteration1-PA1:1DO:0-Seed1017","3 arc-second",1,0.37,"treat_all",-0.0488529923158899
"3arc-Iteration1-PA1:1DO:0-Seed1017","3 arc-second",1,0.38,"treat_all",-0.0657699760629203
"3arc-Iteration1-PA1:1DO:0-Seed1017","3 arc-second",1,0.39,"treat_all",-0.0832416150147715
"3arc-Iteration1-PA1:1DO:0-Seed1017","3 arc-second",1,0.4,"treat_all",-0.101295641931684
"3arc-Iteration1-PA1:1DO:0-Seed1017","3 arc-second",1,0.41,"treat_all",-0.119961669761035
"3arc-Iteration1-PA1:1DO:0-Seed1017","3 arc-second",1,0.42,"treat_all",-0.139271353722432
"3arc-Iteration1-PA1:1DO:0-Seed1017","3 arc-second",1,0.43,"treat_all",-0.159258570454405
"3arc-Iteration1-PA1:1DO:0-Seed1017","3 arc-second",1,0.44,"treat_all",-0.179959616355376
"3arc-Iteration1-PA1:1DO:0-Seed1017","3 arc-second",1,0.45,"treat_all",-0.201413427561837
"3arc-Iteration1-PA1:1DO:0-Seed1017","3 arc-second",1,0.46,"treat_all",-0.223661824368538
"3arc-Iteration1-PA1:1DO:0-Seed1017","3 arc-second",1,0.47,"treat_all",-0.246749783318888
"3arc-Iteration1-PA1:1DO:0-Seed1017","3 arc-second",1,0.48,"treat_all",-0.270725740690405
"3arc-Iteration1-PA1:1DO:0-Seed1017","3 arc-second",1,0.49,"treat_all",-0.295641931684334
"3arc-Iteration1-PA1:1DO:0-Seed1017","3 arc-second",1,0.5,"treat_all",-0.321554770318021
"3arc-Iteration1-PA1:1DO:0-Seed1017","3 arc-second",1,0.51,"treat_all",-0.348525275834716
"3arc-Iteration1-PA1:1DO:0-Seed1017","3 arc-second",1,0.52,"treat_all",-0.376619552414605
"3arc-Iteration1-PA1:1DO:0-Seed1017","3 arc-second",1,0.53,"treat_all",-0.405909330125555
"3arc-Iteration1-PA1:1DO:0-Seed1017","3 arc-second",1,0.54,"treat_all",-0.436472576432632
"3arc-Iteration1-PA1:1DO:0-Seed1017","3 arc-second",1,0.55,"treat_all",-0.468394189242246
"3arc-Iteration1-PA1:1DO:0-Seed1017","3 arc-second",1,0.56,"treat_all",-0.501766784452297
"3arc-Iteration1-PA1:1DO:0-Seed1017","3 arc-second",1,0.57,"treat_all",-0.536691593393048
"3arc-Iteration1-PA1:1DO:0-Seed1017","3 arc-second",1,0.58,"treat_all",-0.573279488473835
"3arc-Iteration1-PA1:1DO:0-Seed1017","3 arc-second",1,0.59,"treat_all",-0.611652158924416
"3arc-Iteration1-PA1:1DO:0-Seed1017","3 arc-second",1,0.6,"treat_all",-0.651943462897526
"3arc-Iteration1-PA1:1DO:0-Seed1017","3 arc-second",1,0.61,"treat_all",-0.694300987587207
"3arc-Iteration1-PA1:1DO:0-Seed1017","3 arc-second",1,0.62,"treat_all",-0.738887855681607
"3arc-Iteration1-PA1:1DO:0-Seed1017","3 arc-second",1,0.63,"treat_all",-0.785884824754083
"3arc-Iteration1-PA1:1DO:0-Seed1017","3 arc-second",1,0.64,"treat_all",-0.835492736552807
"3arc-Iteration1-PA1:1DO:0-Seed1017","3 arc-second",1,0.65,"treat_all",-0.887935386168602
"3arc-Iteration1-PA1:1DO:0-Seed1017","3 arc-second",1,0.66,"treat_all",-0.943462897526502
"3arc-Iteration1-PA1:1DO:0-Seed1017","3 arc-second",1,0.67,"treat_all",-1.00235571260306
"3arc-Iteration1-PA1:1DO:0-Seed1017","3 arc-second",1,0.68,"treat_all",-1.06492932862191
"3arc-Iteration1-PA1:1DO:0-Seed1017","3 arc-second",1,0.69,"treat_all",-1.13153995212584
"3arc-Iteration1-PA1:1DO:0-Seed1017","3 arc-second",1,0.7,"treat_all",-1.20259128386337
"3arc-Iteration1-PA1:1DO:0-Seed1017","3 arc-second",1,0.71,"treat_all",-1.27854270744486
"3arc-Iteration1-PA1:1DO:0-Seed1017","3 arc-second",1,0.72,"treat_all",-1.35991923271075
"3arc-Iteration1-PA1:1DO:0-Seed1017","3 arc-second",1,0.73,"treat_all",-1.44732364873708
"3arc-Iteration1-PA1:1DO:0-Seed1017","3 arc-second",1,0.74,"treat_all",-1.54145148138081
"3arc-Iteration1-PA1:1DO:0-Seed1017","3 arc-second",1,0.75,"treat_all",-1.64310954063604
"3arc-Iteration1-PA1:1DO:0-Seed1017","3 arc-second",1,0.76,"treat_all",-1.75323910482921
"3arc-Iteration1-PA1:1DO:0-Seed1017","3 arc-second",1,0.77,"treat_all",-1.87294515286526
"3arc-Iteration1-PA1:1DO:0-Seed1017","3 arc-second",1,0.78,"treat_all",-2.00353356890459
"3arc-Iteration1-PA1:1DO:0-Seed1017","3 arc-second",1,0.79,"treat_all",-2.14655897694767
"3arc-Iteration1-PA1:1DO:0-Seed1017","3 arc-second",1,0.8,"treat_all",-2.30388692579505
"3arc-Iteration1-PA1:1DO:0-Seed1017","3 arc-second",1,0.81,"treat_all",-2.47777571136321
"3arc-Iteration1-PA1:1DO:0-Seed1017","3 arc-second",1,0.82,"treat_all",-2.67098547310562
"3arc-Iteration1-PA1:1DO:0-Seed1017","3 arc-second",1,0.83,"treat_all",-2.886925795053
"3arc-Iteration1-PA1:1DO:0-Seed1017","3 arc-second",1,0.84,"treat_all",-3.12985865724382
"3arc-Iteration1-PA1:1DO:0-Seed1017","3 arc-second",1,0.85,"treat_all",-3.40518256772674
"3arc-Iteration1-PA1:1DO:0-Seed1017","3 arc-second",1,0.86,"treat_all",-3.7198384654215
"3arc-Iteration1-PA1:1DO:0-Seed1017","3 arc-second",1,0.87,"treat_all",-4.08290296276162
"3arc-Iteration1-PA1:1DO:0-Seed1017","3 arc-second",1,0.88,"treat_all",-4.50647820965842
"3arc-Iteration1-PA1:1DO:0-Seed1017","3 arc-second",1,0.89,"treat_all",-5.00706713780919
"3arc-Iteration1-PA1:1DO:0-Seed1017","3 arc-second",1,0.9,"treat_all",-5.60777385159011
"3arc-Iteration1-PA1:1DO:0-Seed1017","3 arc-second",1,0.91,"treat_all",-6.34197094621123
"3arc-Iteration1-PA1:1DO:0-Seed1017","3 arc-second",1,0.92,"treat_all",-7.25971731448764
"3arc-Iteration1-PA1:1DO:0-Seed1017","3 arc-second",1,0.93,"treat_all",-8.43967693084302
"3arc-Iteration1-PA1:1DO:0-Seed1017","3 arc-second",1,0.94,"treat_all",-10.0129564193169
"3arc-Iteration1-PA1:1DO:0-Seed1017","3 arc-second",1,0.95,"treat_all",-12.2155477031802
"3arc-Iteration1-PA1:1DO:0-Seed1017","3 arc-second",1,0.96,"treat_all",-15.5194346289753
"3arc-Iteration1-PA1:1DO:0-Seed1017","3 arc-second",1,0.97,"treat_all",-21.0259128386337
"3arc-Iteration1-PA1:1DO:0-Seed1017","3 arc-second",1,0.98,"treat_all",-32.0388692579505
"3arc-Iteration1-PA1:1DO:0-Seed1017","3 arc-second",1,0.99,"treat_all",-65.077738515901
"3arc-Iteration1-PA1:1DO:0-Seed1017","3 arc-second",1,0.01,"treat_none",0
"3arc-Iteration1-PA1:1DO:0-Seed1017","3 arc-second",1,0.02,"treat_none",0
"3arc-Iteration1-PA1:1DO:0-Seed1017","3 arc-second",1,0.03,"treat_none",0
"3arc-Iteration1-PA1:1DO:0-Seed1017","3 arc-second",1,0.04,"treat_none",0
"3arc-Iteration1-PA1:1DO:0-Seed1017","3 arc-second",1,0.05,"treat_none",0
"3arc-Iteration1-PA1:1DO:0-Seed1017","3 arc-second",1,0.06,"treat_none",0
"3arc-Iteration1-PA1:1DO:0-Seed1017","3 arc-second",1,0.07,"treat_none",0
"3arc-Iteration1-PA1:1DO:0-Seed1017","3 arc-second",1,0.08,"treat_none",0
"3arc-Iteration1-PA1:1DO:0-Seed1017","3 arc-second",1,0.09,"treat_none",0
"3arc-Iteration1-PA1:1DO:0-Seed1017","3 arc-second",1,0.1,"treat_none",0
"3arc-Iteration1-PA1:1DO:0-Seed1017","3 arc-second",1,0.11,"treat_none",0
"3arc-Iteration1-PA1:1DO:0-Seed1017","3 arc-second",1,0.12,"treat_none",0
"3arc-Iteration1-PA1:1DO:0-Seed1017","3 arc-second",1,0.13,"treat_none",0
"3arc-Iteration1-PA1:1DO:0-Seed1017","3 arc-second",1,0.14,"treat_none",0
"3arc-Iteration1-PA1:1DO:0-Seed1017","3 arc-second",1,0.15,"treat_none",0
"3arc-Iteration1-PA1:1DO:0-Seed1017","3 arc-second",1,0.16,"treat_none",0
"3arc-Iteration1-PA1:1DO:0-Seed1017","3 arc-second",1,0.17,"treat_none",0
"3arc-Iteration1-PA1:1DO:0-Seed1017","3 arc-second",1,0.18,"treat_none",0
"3arc-Iteration1-PA1:1DO:0-Seed1017","3 arc-second",1,0.19,"treat_none",0
"3arc-Iteration1-PA1:1DO:0-Seed1017","3 arc-second",1,0.2,"treat_none",0
"3arc-Iteration1-PA1:1DO:0-Seed1017","3 arc-second",1,0.21,"treat_none",0
"3arc-Iteration1-PA1:1DO:0-Seed1017","3 arc-second",1,0.22,"treat_none",0
"3arc-Iteration1-PA1:1DO:0-Seed1017","3 arc-second",1,0.23,"treat_none",0
"3arc-Iteration1-PA1:1DO:0-Seed1017","3 arc-second",1,0.24,"treat_none",0
"3arc-Iteration1-PA1:1DO:0-Seed1017","3 arc-second",1,0.25,"treat_none",0
"3arc-Iteration1-PA1:1DO:0-Seed1017","3 arc-second",1,0.26,"treat_none",0
"3arc-Iteration1-PA1:1DO:0-Seed1017","3 arc-second",1,0.27,"treat_none",0
"3arc-Iteration1-PA1:1DO:0-Seed1017","3 arc-second",1,0.28,"treat_none",0
"3arc-Iteration1-PA1:1DO:0-Seed1017","3 arc-second",1,0.29,"treat_none",0
"3arc-Iteration1-PA1:1DO:0-Seed1017","3 arc-second",1,0.3,"treat_none",0
"3arc-Iteration1-PA1:1DO:0-Seed1017","3 arc-second",1,0.31,"treat_none",0
"3arc-Iteration1-PA1:1DO:0-Seed1017","3 arc-second",1,0.32,"treat_none",0
"3arc-Iteration1-PA1:1DO:0-Seed1017","3 arc-second",1,0.33,"treat_none",0
"3arc-Iteration1-PA1:1DO:0-Seed1017","3 arc-second",1,0.34,"treat_none",0
"3arc-Iteration1-PA1:1DO:0-Seed1017","3 arc-second",1,0.35,"treat_none",0
"3arc-Iteration1-PA1:1DO:0-Seed1017","3 arc-second",1,0.36,"treat_none",0
"3arc-Iteration1-PA1:1DO:0-Seed1017","3 arc-second",1,0.37,"treat_none",0
"3arc-Iteration1-PA1:1DO:0-Seed1017","3 arc-second",1,0.38,"treat_none",0
"3arc-Iteration1-PA1:1DO:0-Seed1017","3 arc-second",1,0.39,"treat_none",0
"3arc-Iteration1-PA1:1DO:0-Seed1017","3 arc-second",1,0.4,"treat_none",0
"3arc-Iteration1-PA1:1DO:0-Seed1017","3 arc-second",1,0.41,"treat_none",0
"3arc-Iteration1-PA1:1DO:0-Seed1017","3 arc-second",1,0.42,"treat_none",0
"3arc-Iteration1-PA1:1DO:0-Seed1017","3 arc-second",1,0.43,"treat_none",0
"3arc-Iteration1-PA1:1DO:0-Seed1017","3 arc-second",1,0.44,"treat_none",0
"3arc-Iteration1-PA1:1DO:0-Seed1017","3 arc-second",1,0.45,"treat_none",0
"3arc-Iteration1-PA1:1DO:0-Seed1017","3 arc-second",1,0.46,"treat_none",0
"3arc-Iteration1-PA1:1DO:0-Seed1017","3 arc-second",1,0.47,"treat_none",0
"3arc-Iteration1-PA1:1DO:0-Seed1017","3 arc-second",1,0.48,"treat_none",0
"3arc-Iteration1-PA1:1DO:0-Seed1017","3 arc-second",1,0.49,"treat_none",0
"3arc-Iteration1-PA1:1DO:0-Seed1017","3 arc-second",1,0.5,"treat_none",0
"3arc-Iteration1-PA1:1DO:0-Seed1017","3 arc-second",1,0.51,"treat_none",0
"3arc-Iteration1-PA1:1DO:0-Seed1017","3 arc-second",1,0.52,"treat_none",0
"3arc-Iteration1-PA1:1DO:0-Seed1017","3 arc-second",1,0.53,"treat_none",0
"3arc-Iteration1-PA1:1DO:0-Seed1017","3 arc-second",1,0.54,"treat_none",0
"3arc-Iteration1-PA1:1DO:0-Seed1017","3 arc-second",1,0.55,"treat_none",0
"3arc-Iteration1-PA1:1DO:0-Seed1017","3 arc-second",1,0.56,"treat_none",0
"3arc-Iteration1-PA1:1DO:0-Seed1017","3 arc-second",1,0.57,"treat_none",0
"3arc-Iteration1-PA1:1DO:0-Seed1017","3 arc-second",1,0.58,"treat_none",0
"3arc-Iteration1-PA1:1DO:0-Seed1017","3 arc-second",1,0.59,"treat_none",0
"3arc-Iteration1-PA1:1DO:0-Seed1017","3 arc-second",1,0.6,"treat_none",0
"3arc-Iteration1-PA1:1DO:0-Seed1017","3 arc-second",1,0.61,"treat_none",0
"3arc-Iteration1-PA1:1DO:0-Seed1017","3 arc-second",1,0.62,"treat_none",0
"3arc-Iteration1-PA1:1DO:0-Seed1017","3 arc-second",1,0.63,"treat_none",0
"3arc-Iteration1-PA1:1DO:0-Seed1017","3 arc-second",1,0.64,"treat_none",0
"3arc-Iteration1-PA1:1DO:0-Seed1017","3 arc-second",1,0.65,"treat_none",0
"3arc-Iteration1-PA1:1DO:0-Seed1017","3 arc-second",1,0.66,"treat_none",0
"3arc-Iteration1-PA1:1DO:0-Seed1017","3 arc-second",1,0.67,"treat_none",0
"3arc-Iteration1-PA1:1DO:0-Seed1017","3 arc-second",1,0.68,"treat_none",0
"3arc-Iteration1-PA1:1DO:0-Seed1017","3 arc-second",1,0.69,"treat_none",0
"3arc-Iteration1-PA1:1DO:0-Seed1017","3 arc-second",1,0.7,"treat_none",0
"3arc-Iteration1-PA1:1DO:0-Seed1017","3 arc-second",1,0.71,"treat_none",0
"3arc-Iteration1-PA1:1DO:0-Seed1017","3 arc-second",1,0.72,"treat_none",0
"3arc-Iteration1-PA1:1DO:0-Seed1017","3 arc-second",1,0.73,"treat_none",0
"3arc-Iteration1-PA1:1DO:0-Seed1017","3 arc-second",1,0.74,"treat_none",0
"3arc-Iteration1-PA1:1DO:0-Seed1017","3 arc-second",1,0.75,"treat_none",0
"3arc-Iteration1-PA1:1DO:0-Seed1017","3 arc-second",1,0.76,"treat_none",0
"3arc-Iteration1-PA1:1DO:0-Seed1017","3 arc-second",1,0.77,"treat_none",0
"3arc-Iteration1-PA1:1DO:0-Seed1017","3 arc-second",1,0.78,"treat_none",0
"3arc-Iteration1-PA1:1DO:0-Seed1017","3 arc-second",1,0.79,"treat_none",0
"3arc-Iteration1-PA1:1DO:0-Seed1017","3 arc-second",1,0.8,"treat_none",0
"3arc-Iteration1-PA1:1DO:0-Seed1017","3 arc-second",1,0.81,"treat_none",0
"3arc-Iteration1-PA1:1DO:0-Seed1017","3 arc-second",1,0.82,"treat_none",0
"3arc-Iteration1-PA1:1DO:0-Seed1017","3 arc-second",1,0.83,"treat_none",0
"3arc-Iteration1-PA1:1DO:0-Seed1017","3 arc-second",1,0.84,"treat_none",0
"3arc-Iteration1-PA1:1DO:0-Seed1017","3 arc-second",1,0.85,"treat_none",0
"3arc-Iteration1-PA1:1DO:0-Seed1017","3 arc-second",1,0.86,"treat_none",0
"3arc-Iteration1-PA1:1DO:0-Seed1017","3 arc-second",1,0.87,"treat_none",0
"3arc-Iteration1-PA1:1DO:0-Seed1017","3 arc-second",1,0.88,"treat_none",0
"3arc-Iteration1-PA1:1DO:0-Seed1017","3 arc-second",1,0.89,"treat_none",0
"3arc-Iteration1-PA1:1DO:0-Seed1017","3 arc-second",1,0.9,"treat_none",0
"3arc-Iteration1-PA1:1DO:0-Seed1017","3 arc-second",1,0.91,"treat_none",0
"3arc-Iteration1-PA1:1DO:0-Seed1017","3 arc-second",1,0.92,"treat_none",0
"3arc-Iteration1-PA1:1DO:0-Seed1017","3 arc-second",1,0.93,"treat_none",0
"3arc-Iteration1-PA1:1DO:0-Seed1017","3 arc-second",1,0.94,"treat_none",0
"3arc-Iteration1-PA1:1DO:0-Seed1017","3 arc-second",1,0.95,"treat_none",0
"3arc-Iteration1-PA1:1DO:0-Seed1017","3 arc-second",1,0.96,"treat_none",0
"3arc-Iteration1-PA1:1DO:0-Seed1017","3 arc-second",1,0.97,"treat_none",0
"3arc-Iteration1-PA1:1DO:0-Seed1017","3 arc-second",1,0.98,"treat_none",0
"3arc-Iteration1-PA1:1DO:0-Seed1017","3 arc-second",1,0.99,"treat_none",0
