"resolution","iteration","PAratio","strategy","threshold","mean_net_benefit","sd_net_benefit","n"
"1-3arc","0",1,"model",0.01,0.387963123044112,0.0582942046842266,3
"1-3arc","0",1,"model",0.02,0.363462553360252,0.0526551295828305,3
"1-3arc","0",1,"model",0.03,0.338655072644051,0.0656660276989637,3
"1-3arc","0",1,"model",0.04,0.326819017276178,0.0722936646783558,3
"1-3arc","0",1,"model",0.05,0.315003687328361,0.0795276121050989,3
"1-3arc","0",1,"model",0.06,0.297270045379095,0.097546610433352,3
"1-3arc","0",1,"model",0.07,0.278438376945101,0.0778858601154287,3
"1-3arc","0",1,"model",0.08,0.276560781842668,0.0772459992425754,3
"1-3arc","0",1,"model",0.09,0.259367094749743,0.0870506000053383,3
"1-3arc","0",1,"model",0.1,0.248288898118395,0.0769571143852369,3
"1-3arc","0",1,"model",0.11,0.238079282168193,0.068674784765312,3
"1-3arc","0",1,"model",0.12,0.221660337389238,0.05422203898768,3
"1-3arc","0",1,"model",0.13,0.217447523096169,0.0582425274799761,3
"1-3arc","0",1,"model",0.14,0.219709031625406,0.0673972915890089,3
"1-3arc","0",1,"model",0.15,0.199859135732462,0.0578033187170634,3
"1-3arc","0",1,"model",0.16,0.176097157554958,0.0370934387080922,3
"1-3arc","0",1,"model",0.17,0.174962424292224,0.0407883466136252,3
"1-3arc","0",1,"model",0.18,0.176766889152267,0.03757412908021,3
"1-3arc","0",1,"model",0.19,0.173208079218309,0.0394797112042054,3
"1-3arc","0",1,"model",0.2,0.174367991343695,0.037707628323774,3
"1-3arc","0",1,"model",0.21,0.178003786926057,0.0390765080007948,3
"1-3arc","0",1,"model",0.22,0.178598512554838,0.036859454746533,3
"1-3arc","0",1,"model",0.23,0.181387878958211,0.036297429510858,3
"1-3arc","0",1,"model",0.24,0.182811815097452,0.0325604359764097,3
"1-3arc","0",1,"model",0.25,0.182401760406876,0.0336271186689257,3
"1-3arc","0",1,"model",0.26,0.179901621078092,0.0352901375472748,3
"1-3arc","0",1,"model",0.27,0.177332984781396,0.0370155071254576,3
"1-3arc","0",1,"model",0.28,0.19017094017094,0.0287470599296447,3
"1-3arc","0",1,"model",0.29,0.191194943284205,0.0348636946548245,3
"1-3arc","0",1,"model",0.3,0.192150773352819,0.0330371699128306,3
"1-3arc","0",1,"model",0.31,0.190387316124,0.0342975764548345,3
"1-3arc","0",1,"model",0.32,0.188571992506098,0.0356064935485931,3
"1-3arc","0",1,"model",0.33,0.179456103311888,0.0248393853309366,3
"1-3arc","0",1,"model",0.34,0.17752993903889,0.0263070660185568,3
"1-3arc","0",1,"model",0.35,0.172527916920992,0.0320209823030567,3
"1-3arc","0",1,"model",0.36,0.1641016077557,0.0432959486518877,3
"1-3arc","0",1,"model",0.37,0.166407043431766,0.0509614627000329,3
"1-3arc","0",1,"model",0.38,0.168585177804714,0.0468505108704896,3
"1-3arc","0",1,"model",0.39,0.166870299118423,0.0484228507235107,3
"1-3arc","0",1,"model",0.4,0.169455556284201,0.0440623681123848,3
"1-3arc","0",1,"model",0.41,0.167808077069423,0.0455069902671931,3
"1-3arc","0",1,"model",0.42,0.170836715880371,0.0411581277255744,3
"1-3arc","0",1,"model",0.43,0.169270326996804,0.042492277474289,3
"1-3arc","0",1,"model",0.44,0.167647995653111,0.0438755349988331,3
"1-3arc","0",1,"model",0.45,0.165966670442374,0.0453105163436696,3
"1-3arc","0",1,"model",0.46,0.164223073927535,0.0468000347303386,3
"1-3arc","0",1,"model",0.47,0.162413681317798,0.0483471189408451,3
"1-3arc","0",1,"model",0.48,0.160534696684608,0.0499550338380514,3
"1-3arc","0",1,"model",0.49,0.158582026379529,0.0516273033151387,3
"1-3arc","0",1,"model",0.5,0.156551249262247,0.053367736013034,3
"1-3arc","0",1,"model",0.51,0.154437583283035,0.0551804542001268,3
"1-3arc","0",1,"model",0.52,0.159316457909808,0.0503370333821017,3
"1-3arc","0",1,"model",0.53,0.157310745641267,0.052090123997947,3
"1-3arc","0",1,"model",0.54,0.147971451679892,0.0413939797892774,3
"1-3arc","0",1,"model",0.55,0.14578551599012,0.0433140512754415,3
"1-3arc","0",1,"model",0.56,0.143500219587176,0.0453234793536108,3
"1-3arc","0",1,"model",0.57,0.149605946965133,0.0407688349402566,3
"1-3arc","0",1,"model",0.58,0.156307673571101,0.0404447022243078,3
"1-3arc","0",1,"model",0.59,0.154424493782612,0.042138908984327,3
"1-3arc","0",1,"model",0.6,0.1524471550047,0.043921232086845,3
"1-3arc","0",1,"model",0.61,0.150368414238176,0.0457982786531609,3
"1-3arc","0",1,"model",0.62,0.148180266062888,0.0477773618620516,3
"1-3arc","0",1,"model",0.63,0.145873839607855,0.0498665956176918,3
"1-3arc","0",1,"model",0.64,0.143439278349764,0.0520750050517296,3
"1-3arc","0",1,"model",0.65,0.140865599305497,0.0544126560221963,3
"1-3arc","0",1,"model",0.66,0.131730270966016,0.058173196756453,3
"1-3arc","0",1,"model",0.67,0.128840043162294,0.0608340115590583,3
"1-3arc","0",1,"model",0.68,0.125769176120839,0.0636612735267613,3
"1-3arc","0",1,"model",0.69,0.122500188625096,0.0666710839554583,3
"1-3arc","0",1,"model",0.7,0.134263813291946,0.0531733881394586,3
"1-3arc","0",1,"model",0.71,0.13128767441317,0.0557495955481526,3
"1-3arc","0",1,"model",0.72,0.161389193358503,0.0297056467073505,3
"1-3arc","0",1,"model",0.73,0.159676732495715,0.0311860004379772,3
"1-3arc","0",1,"model",0.74,0.157832543874252,0.0327805197868525,3
"1-3arc","0",1,"model",0.75,0.155840820163071,0.0345028937700632,3
"1-3arc","0",1,"model",0.76,0.153683119475958,0.0363690934312685,3
"1-3arc","0",1,"model",0.77,0.15133779264214,0.0383978679036958,3
"1-3arc","0",1,"model",0.78,0.148779254277976,0.0406113757639081,3
"1-3arc","0",1,"model",0.79,0.139441097880996,0.049438880535511,3
"1-3arc","0",1,"model",0.8,0.136358668327978,0.0520769198023315,3
"1-3arc","0",1,"model",0.81,0.132951772506221,0.0549962183113156,3
"1-3arc","0",1,"model",0.82,0.158941205616397,0.0479426225592544,3
"1-3arc","0",1,"model",0.83,0.156846350580366,0.0515027895122168,3
"1-3arc","0",1,"model",0.84,0.15448963866483,0.0555185380171619,3
"1-3arc","0",1,"model",0.85,0.15181869849389,0.0600805063074483,3
"1-3arc","0",1,"model",0.86,0.148766195441387,0.0653052518671287,3
"1-3arc","0",1,"model",0.87,0.132172181109816,0.0661679274315502,3
"1-3arc","0",1,"model",0.88,0.128063042385293,0.0726226602994107,3
"1-3arc","0",1,"model",0.89,0.123206787529038,0.080395302135074,3
"1-3arc","0",1,"model",0.9,0.117379281701532,0.0898744024627379,3
"1-3arc","0",1,"model",0.91,0.103720826866607,0.0996271537753207,3
"1-3arc","0",1,"model",0.92,0.094817692963473,0.113977014133764,3
"1-3arc","0",1,"model",0.93,0.0833708065165865,0.132780086665422,3
"1-3arc","0",1,"model",0.94,0.0681082912540712,0.158240002066404,3
"1-3arc","0",1,"model",0.95,0.161289264869828,0.0388982311658278,3
"1-3arc","0",1,"model",0.96,0.161289264869828,0.0388982311658278,3
"1-3arc","0",1,"model",0.97,0.146796511246639,0.0399290892843852,3
"1-3arc","0",1,"model",0.98,0.140260563534221,0.0478961992148439,3
"1-3arc","0",1,"model",0.99,0.133850307123964,0.0376352725298615,3
"1-3arc","0",1,"treat_all",0.01,0.438623010660521,0.0300567997351226,3
"1-3arc","0",1,"treat_all",0.02,0.432894674034608,0.0303635017732361,3
"1-3arc","0",1,"treat_all",0.03,0.427048227375171,0.0306765275647127,3
"1-3arc","0",1,"treat_all",0.04,0.421079979743663,0.0309960747268452,3
"1-3arc","0",1,"treat_all",0.05,0.414986084793596,0.031322349197654,3
"1-3arc","0",1,"treat_all",0.06,0.408762532504166,0.0316555656784802,3
"1-3arc","0",1,"treat_all",0.07,0.402405140380555,0.0319959481051305,3
"1-3arc","0",1,"treat_all",0.08,0.395909544080344,0.0323437301497515,3
"1-3arc","0",1,"treat_all",0.09,0.389271187421886,0.0326991557557927,3
"1-3arc","0",1,"treat_all",0.1,0.382485311726573,0.0330624797086348,3
"1-3arc","0",1,"treat_all",0.11,0.375546944442602,0.0334339682446869,3
"1-3arc","0",1,"treat_all",0.12,0.368450886993087,0.0338138997020129,3
"1-3arc","0",1,"treat_all",0.13,0.36119170178611,0.0342025652158292,3
"1-3arc","0",1,"treat_all",0.14,0.353763698318507,0.0346002694625248,3
"1-3arc","0",1,"treat_all",0.15,0.346160918298725,0.0350073314562016,3
"1-3arc","0",1,"treat_all",0.16,0.338377119707043,0.0354240854021087,3
"1-3arc","0",1,"treat_all",0.17,0.330405759703513,0.0358508816117727,3
"1-3arc","0",1,"treat_all",0.18,0.322239976285264,0.036288087485087,3
"1-3arc","0",1,"treat_all",0.19,0.313872568585082,0.0367360885651498,3
"1-3arc","0",1,"treat_all",0.2,0.305295975692395,0.0371952896722142,3
"1-3arc","0",1,"treat_all",0.21,0.296502253865717,0.0376661161237612,3
"1-3arc","0",1,"treat_all",0.22,0.2874830519922,0.0381490150484248,3
"1-3arc","0",1,"treat_all",0.23,0.278229585134956,0.0386444568023004,3
"1-3arc","0",1,"treat_all",0.24,0.268732605991995,0.0391529364970676,3
"1-3arc","0",1,"treat_all",0.25,0.258982374071888,0.0396749756503618,3
"1-3arc","0",1,"treat_all",0.26,0.248968622370157,0.0402111239699613,3
"1-3arc","0",1,"treat_all",0.27,0.238680521306734,0.0407619612846183,3
"1-3arc","0",1,"treat_all",0.28,0.228106639658217,0.0413280996357935,3
"1-3arc","0",1,"treat_all",0.29,0.217234902188614,0.0419101855461568,3
"1-3arc","0",1,"treat_all",0.3,0.206052543648452,0.0425089024825305,3
"1-3arc","0",1,"treat_all",0.31,0.194546058773791,0.043124973533002,3
"1-3arc","0",1,"treat_all",0.32,0.182701147873406,0.043759164320252,3
"1-3arc","0",1,"treat_all",0.33,0.170502657543158,0.0444122861757781,3
"1-3arc","0",1,"treat_all",0.34,0.157934515990782,0.0450851996026839,3
"1-3arc","0",1,"treat_all",0.35,0.14497966239064,0.0457788180581098,3
"1-3arc","0",1,"treat_all",0.36,0.131619969615494,0.0464941120902677,3
"1-3arc","0",1,"treat_all",0.37,0.117836159609391,0.0472321138694783,3
"1-3arc","0",1,"treat_all",0.38,0.103607710570832,0.0479939221576957,3
"1-3arc","0",1,"treat_all",0.39,0.0889127550064199,0.0487807077668383,3
"1-3arc","0",1,"treat_all",0.4,0.0737279675898602,0.0495937195629522,3
"1-3arc","0",1,"treat_all",0.41,0.058028441616807,0.0504342910809684,3
"1-3arc","0",1,"treat_all",0.42,0.0417875526791657,0.0513038478237437,3
"1-3arc","0",1,"treat_all",0.43,0.0249768079893266,0.0522039153294234,3
"1-3arc","0",1,"treat_all",0.44,0.00756567956056451,0.0531361281031631,3
"1-3arc","0",1,"treat_all",0.45,-0.0104785808110616,0.0541022395232206,3
"1-3arc","0",1,"treat_all",0.46,-0.0291911471223776,0.0551041328477247,3
"1-3arc","0",1,"treat_all",0.47,-0.048609848011479,0.0561438334674931,3
"1-3arc","0",1,"treat_all",0.48,-0.0687754220116998,0.0572235225726372,3
"1-3arc","0",1,"treat_all",0.49,-0.0897318028354585,0.0583455524270026,3
"1-3arc","0",1,"treat_all",0.5,-0.111526438892168,0.0595124634755427,3
"1-3arc","0",1,"treat_all",0.51,-0.134210651930783,0.0607270035464721,3
"1-3arc","0",1,"treat_all",0.52,-0.157840040512675,0.0619921494536903,3
"1-3arc","0",1,"treat_all",0.53,-0.182474934991668,0.0633111313569603,3
"1-3arc","0",1,"treat_all",0.54,-0.208180911839313,0.0646874602995029,3
"1-3arc","0",1,"treat_all",0.55,-0.235029376546853,0.0661249594172697,3
"1-3arc","0",1,"treat_all",0.56,-0.263098226013827,0.0676277994040258,3
"1-3arc","0",1,"treat_all",0.57,-0.292472603362986,0.0692005389250497,3
"1-3arc","0",1,"treat_all",0.58,-0.323245760585914,0.0708481708042175,3
"1-3arc","0",1,"treat_all",0.59,-0.355520047429473,0.072576174970174,3
"1-3arc","0",1,"treat_all",0.6,-0.38940804861521,0.0743905793444284,3
"1-3arc","0",1,"treat_all",0.61,-0.4250338960156,0.0762980300968496,3
"1-3arc","0",1,"treat_all",0.62,-0.46253478801601,0.0783058729941352,3
"1-3arc","0",1,"treat_all",0.63,-0.502062755259686,0.0804222479399226,3
"1-3arc","0",1,"treat_all",0.64,-0.543786720683566,0.082656199271587,3
"1-3arc","0",1,"treat_all",0.65,-0.587894912703097,0.0850178049650609,3
"1-3arc","0",1,"treat_all",0.66,-0.634597704253188,0.0875183286405039,3
"1-3arc","0",1,"treat_all",0.67,-0.684130968018436,0.0901703992053677,3
"1-3arc","0",1,"treat_all",0.68,-0.736760060769012,0.0929882241805354,3
"1-3arc","0",1,"treat_all",0.69,-0.792784578858335,0.0959878443153915,3
"1-3arc","0",1,"treat_all",0.7,-0.85254406482028,0.0991874391259045,3
"1-3arc","0",1,"treat_all",0.71,-0.916424894641669,0.102607695647487,3
"1-3arc","0",1,"treat_all",0.72,-0.984868640878871,0.106272256206326,3
"1-3arc","0",1,"treat_all",0.73,-1.05838229424475,0.110208265695449,3
"1-3arc","0",1,"treat_all",0.74,-1.1375508440234,0.114447045145274,3
"1-3arc","0",1,"treat_all",0.75,-1.22305287778434,0.119024926951085,3
"1-3arc","0",1,"treat_all",0.76,-1.31568008102535,0.123984298907381,3
"1-3arc","0",1,"treat_all",0.77,-1.41636182367863,0.129374920599006,3
"1-3arc","0",1,"treat_all",0.78,-1.52619645202765,0.135255598808052,3
"1-3arc","0",1,"treat_all",0.79,-1.64649152117183,0.141696341608435,3
"1-3arc","0",1,"treat_all",0.8,-1.77881609723042,0.148781158688857,3
"1-3arc","0",1,"treat_all",0.81,-1.92506957603202,0.15661174598827,3
"1-3arc","0",1,"treat_all",0.82,-2.08757344136713,0.165312398543174,3
"1-3arc","0",1,"treat_all",0.83,-2.26919540850638,0.175036657281008,3
"1-3arc","0",1,"treat_all",0.84,-2.47352012153803,0.185976448361071,3
"1-3arc","0",1,"treat_all",0.85,-2.70508812964056,0.198374878251809,3
"1-3arc","0",1,"treat_all",0.86,-2.96973728175774,0.212544512412652,3
"1-3arc","0",1,"treat_all",0.87,-3.2751016880468,0.228894090290549,3
"1-3arc","0",1,"treat_all",0.88,-3.6313601620507,0.247968597814761,3
"1-3arc","0",1,"treat_all",0.89,-4.05239290405531,0.270511197616103,3
"1-3arc","0",1,"treat_all",0.9,-4.55763219446084,0.297562317377713,3
"1-3arc","0",1,"treat_all",0.91,-5.17514688273427,0.330624797086348,3
"1-3arc","0",1,"treat_all",0.92,-5.94704024307605,0.371952896722142,3
"1-3arc","0",1,"treat_all",0.93,-6.93947456351549,0.425089024825305,3
"1-3arc","0",1,"treat_all",0.94,-8.26272032410141,0.495937195629523,3
"1-3arc","0",1,"treat_all",0.95,-10.1152643889217,0.595124634755428,3
"1-3arc","0",1,"treat_all",0.96,-12.8940804861521,0.743905793444284,3
"1-3arc","0",1,"treat_all",0.97,-17.5254406482028,0.991874391259044,3
"1-3arc","0",1,"treat_all",0.98,-26.7881609723042,1.48781158688857,3
"1-3arc","0",1,"treat_all",0.99,-54.5763219446083,2.97562317377713,3
"1-3arc","0",1,"treat_none",0.01,0,0,3
"1-3arc","0",1,"treat_none",0.02,0,0,3
"1-3arc","0",1,"treat_none",0.03,0,0,3
"1-3arc","0",1,"treat_none",0.04,0,0,3
"1-3arc","0",1,"treat_none",0.05,0,0,3
"1-3arc","0",1,"treat_none",0.06,0,0,3
"1-3arc","0",1,"treat_none",0.07,0,0,3
"1-3arc","0",1,"treat_none",0.08,0,0,3
"1-3arc","0",1,"treat_none",0.09,0,0,3
"1-3arc","0",1,"treat_none",0.1,0,0,3
"1-3arc","0",1,"treat_none",0.11,0,0,3
"1-3arc","0",1,"treat_none",0.12,0,0,3
"1-3arc","0",1,"treat_none",0.13,0,0,3
"1-3arc","0",1,"treat_none",0.14,0,0,3
"1-3arc","0",1,"treat_none",0.15,0,0,3
"1-3arc","0",1,"treat_none",0.16,0,0,3
"1-3arc","0",1,"treat_none",0.17,0,0,3
"1-3arc","0",1,"treat_none",0.18,0,0,3
"1-3arc","0",1,"treat_none",0.19,0,0,3
"1-3arc","0",1,"treat_none",0.2,0,0,3
"1-3arc","0",1,"treat_none",0.21,0,0,3
"1-3arc","0",1,"treat_none",0.22,0,0,3
"1-3arc","0",1,"treat_none",0.23,0,0,3
"1-3arc","0",1,"treat_none",0.24,0,0,3
"1-3arc","0",1,"treat_none",0.25,0,0,3
"1-3arc","0",1,"treat_none",0.26,0,0,3
"1-3arc","0",1,"treat_none",0.27,0,0,3
"1-3arc","0",1,"treat_none",0.28,0,0,3
"1-3arc","0",1,"treat_none",0.29,0,0,3
"1-3arc","0",1,"treat_none",0.3,0,0,3
"1-3arc","0",1,"treat_none",0.31,0,0,3
"1-3arc","0",1,"treat_none",0.32,0,0,3
"1-3arc","0",1,"treat_none",0.33,0,0,3
"1-3arc","0",1,"treat_none",0.34,0,0,3
"1-3arc","0",1,"treat_none",0.35,0,0,3
"1-3arc","0",1,"treat_none",0.36,0,0,3
"1-3arc","0",1,"treat_none",0.37,0,0,3
"1-3arc","0",1,"treat_none",0.38,0,0,3
"1-3arc","0",1,"treat_none",0.39,0,0,3
"1-3arc","0",1,"treat_none",0.4,0,0,3
"1-3arc","0",1,"treat_none",0.41,0,0,3
"1-3arc","0",1,"treat_none",0.42,0,0,3
"1-3arc","0",1,"treat_none",0.43,0,0,3
"1-3arc","0",1,"treat_none",0.44,0,0,3
"1-3arc","0",1,"treat_none",0.45,0,0,3
"1-3arc","0",1,"treat_none",0.46,0,0,3
"1-3arc","0",1,"treat_none",0.47,0,0,3
"1-3arc","0",1,"treat_none",0.48,0,0,3
"1-3arc","0",1,"treat_none",0.49,0,0,3
"1-3arc","0",1,"treat_none",0.5,0,0,3
"1-3arc","0",1,"treat_none",0.51,0,0,3
"1-3arc","0",1,"treat_none",0.52,0,0,3
"1-3arc","0",1,"treat_none",0.53,0,0,3
"1-3arc","0",1,"treat_none",0.54,0,0,3
"1-3arc","0",1,"treat_none",0.55,0,0,3
"1-3arc","0",1,"treat_none",0.56,0,0,3
"1-3arc","0",1,"treat_none",0.57,0,0,3
"1-3arc","0",1,"treat_none",0.58,0,0,3
"1-3arc","0",1,"treat_none",0.59,0,0,3
"1-3arc","0",1,"treat_none",0.6,0,0,3
"1-3arc","0",1,"treat_none",0.61,0,0,3
"1-3arc","0",1,"treat_none",0.62,0,0,3
"1-3arc","0",1,"treat_none",0.63,0,0,3
"1-3arc","0",1,"treat_none",0.64,0,0,3
"1-3arc","0",1,"treat_none",0.65,0,0,3
"1-3arc","0",1,"treat_none",0.66,0,0,3
"1-3arc","0",1,"treat_none",0.67,0,0,3
"1-3arc","0",1,"treat_none",0.68,0,0,3
"1-3arc","0",1,"treat_none",0.69,0,0,3
"1-3arc","0",1,"treat_none",0.7,0,0,3
"1-3arc","0",1,"treat_none",0.71,0,0,3
"1-3arc","0",1,"treat_none",0.72,0,0,3
"1-3arc","0",1,"treat_none",0.73,0,0,3
"1-3arc","0",1,"treat_none",0.74,0,0,3
"1-3arc","0",1,"treat_none",0.75,0,0,3
"1-3arc","0",1,"treat_none",0.76,0,0,3
"1-3arc","0",1,"treat_none",0.77,0,0,3
"1-3arc","0",1,"treat_none",0.78,0,0,3
"1-3arc","0",1,"treat_none",0.79,0,0,3
"1-3arc","0",1,"treat_none",0.8,0,0,3
"1-3arc","0",1,"treat_none",0.81,0,0,3
"1-3arc","0",1,"treat_none",0.82,0,0,3
"1-3arc","0",1,"treat_none",0.83,0,0,3
"1-3arc","0",1,"treat_none",0.84,0,0,3
"1-3arc","0",1,"treat_none",0.85,0,0,3
"1-3arc","0",1,"treat_none",0.86,0,0,3
"1-3arc","0",1,"treat_none",0.87,0,0,3
"1-3arc","0",1,"treat_none",0.88,0,0,3
"1-3arc","0",1,"treat_none",0.89,0,0,3
"1-3arc","0",1,"treat_none",0.9,0,0,3
"1-3arc","0",1,"treat_none",0.91,0,0,3
"1-3arc","0",1,"treat_none",0.92,0,0,3
"1-3arc","0",1,"treat_none",0.93,0,0,3
"1-3arc","0",1,"treat_none",0.94,0,0,3
"1-3arc","0",1,"treat_none",0.95,0,0,3
"1-3arc","0",1,"treat_none",0.96,0,0,3
"1-3arc","0",1,"treat_none",0.97,0,0,3
"1-3arc","0",1,"treat_none",0.98,0,0,3
"1-3arc","0",1,"treat_none",0.99,0,0,3
"1-3arc","0",1.25,"model",0.01,0.409075061412352,0.0608009768942023,15
"1-3arc","0",1.25,"model",0.02,0.372787319797721,0.0736283787061725,15
"1-3arc","0",1.25,"model",0.03,0.340203064443239,0.0899220813791966,15
"1-3arc","0",1.25,"model",0.04,0.330379338278458,0.0950903051463327,15
"1-3arc","0",1.25,"model",0.05,0.316722419099552,0.102852012199576,15
"1-3arc","0",1.25,"model",0.06,0.296433755965684,0.099038520806824,15
"1-3arc","0",1.25,"model",0.07,0.291991237561576,0.0985373776639452,15
"1-3arc","0",1.25,"model",0.08,0.280725515048833,0.0950037236199873,15
"1-3arc","0",1.25,"model",0.09,0.270950557065784,0.0925967144858473,15
"1-3arc","0",1.25,"model",0.1,0.263302167381421,0.0873290403702664,15
"1-3arc","0",1.25,"model",0.11,0.260174447571923,0.0855766506914787,15
"1-3arc","0",1.25,"model",0.12,0.253435934566269,0.0772603509888475,15
"1-3arc","0",1.25,"model",0.13,0.246639507397574,0.075599347846851,15
"1-3arc","0",1.25,"model",0.14,0.243978148272349,0.0754664597676763,15
"1-3arc","0",1.25,"model",0.15,0.238118652788,0.0715021599018073,15
"1-3arc","0",1.25,"model",0.16,0.233985891647226,0.0711726295183554,15
"1-3arc","0",1.25,"model",0.17,0.231354797056743,0.0653771828519394,15
"1-3arc","0",1.25,"model",0.18,0.228601246511566,0.0641133912985854,15
"1-3arc","0",1.25,"model",0.19,0.228388243063691,0.0649927261121085,15
"1-3arc","0",1.25,"model",0.2,0.222067866253017,0.0562494264011636,15
"1-3arc","0",1.25,"model",0.21,0.211019269257213,0.0593500536365928,15
"1-3arc","0",1.25,"model",0.22,0.204337571988114,0.0592911586098453,15
"1-3arc","0",1.25,"model",0.23,0.201232853996153,0.0555785745749785,15
"1-3arc","0",1.25,"model",0.24,0.200732003950693,0.0567805267307761,15
"1-3arc","0",1.25,"model",0.25,0.196872569385241,0.0576157607011471,15
"1-3arc","0",1.25,"model",0.26,0.193438609186429,0.0531427551630759,15
"1-3arc","0",1.25,"model",0.27,0.192684232348031,0.0533518546275539,15
"1-3arc","0",1.25,"model",0.28,0.191826010429467,0.0471169674860246,15
"1-3arc","0",1.25,"model",0.29,0.192774516816058,0.0463337105491294,15
"1-3arc","0",1.25,"model",0.3,0.191180270171188,0.0353474716691099,15
"1-3arc","0",1.25,"model",0.31,0.190659653067754,0.0350285556416785,15
"1-3arc","0",1.25,"model",0.32,0.187623156335934,0.0282318971631021,15
"1-3arc","0",1.25,"model",0.33,0.185660403122142,0.024024645188712,15
"1-3arc","0",1.25,"model",0.34,0.185955342521856,0.0238100453953927,15
"1-3arc","0",1.25,"model",0.35,0.186264908557083,0.0224905588598894,15
"1-3arc","0",1.25,"model",0.36,0.184309790575298,0.0229825873832435,15
"1-3arc","0",1.25,"model",0.37,0.184241488864202,0.0229028121342759,15
"1-3arc","0",1.25,"model",0.38,0.183396790323716,0.0233899265697946,15
"1-3arc","0",1.25,"model",0.39,0.182524396749115,0.0239033326605564,15
"1-3arc","0",1.25,"model",0.4,0.182494383083684,0.0242297844552121,15
"1-3arc","0",1.25,"model",0.41,0.18139588773202,0.0254436750829934,15
"1-3arc","0",1.25,"model",0.42,0.180141063980347,0.0279781542979035,15
"1-3arc","0",1.25,"model",0.43,0.18340140780492,0.0299057365110995,15
"1-3arc","0",1.25,"model",0.44,0.183583071684857,0.0283157138611382,15
"1-3arc","0",1.25,"model",0.45,0.18490478118382,0.0249775768659228,15
"1-3arc","0",1.25,"model",0.46,0.184236023349953,0.0254881397528004,15
"1-3arc","0",1.25,"model",0.47,0.183374464098566,0.0281135311469511,15
"1-3arc","0",1.25,"model",0.48,0.182694777445335,0.0286773108406218,15
"1-3arc","0",1.25,"model",0.49,0.183478024496842,0.0301499359076319,15
"1-3arc","0",1.25,"model",0.5,0.181497039794902,0.0314590189474779,15
"1-3arc","0",1.25,"model",0.51,0.185978700185686,0.0234795518299111,15
"1-3arc","0",1.25,"model",0.52,0.185459904590287,0.0238024126543689,15
"1-3arc","0",1.25,"model",0.53,0.184919032586574,0.0241519435542141,15
"1-3arc","0",1.25,"model",0.54,0.184439895900687,0.0231764906992622,15
"1-3arc","0",1.25,"model",0.55,0.183913573057147,0.0235131246457499,15
"1-3arc","0",1.25,"model",0.56,0.183363326447991,0.0238777389502364,15
"1-3arc","0",1.25,"model",0.57,0.182787486973293,0.024272564297073,15
"1-3arc","0",1.25,"model",0.58,0.182184226571228,0.0247000293563541,15
"1-3arc","0",1.25,"model",0.59,0.181551538832477,0.0251627828867735,15
"1-3arc","0",1.25,"model",0.6,0.180887216706789,0.02566371919027,15
"1-3arc","0",1.25,"model",0.61,0.184062765019046,0.0230636116990113,15
"1-3arc","0",1.25,"model",0.62,0.183494741896541,0.0235916584742871,15
"1-3arc","0",1.25,"model",0.63,0.182896014821468,0.0241707740633892,15
"1-3arc","0",1.25,"model",0.64,0.182264025131113,0.0248053825404964,15
"1-3arc","0",1.25,"model",0.65,0.184072112220356,0.0211122167443247,15
"1-3arc","0",1.25,"model",0.66,0.183476753452104,0.0215748749939844,15
"1-3arc","0",1.25,"model",0.67,0.182845312334262,0.0220927549320709,15
"1-3arc","0",1.25,"model",0.68,0.182174406146554,0.0226715534486753,15
"1-3arc","0",1.25,"model",0.69,0.181460215688671,0.0233176027126632,15
"1-3arc","0",1.25,"model",0.7,0.180698412533596,0.0240379677464501,15
"1-3arc","0",1.25,"model",0.71,0.179884071229895,0.0248405661215327,15
"1-3arc","0",1.25,"model",0.72,0.185209830213054,0.0247585708983635,15
"1-3arc","0",1.25,"model",0.73,0.184669472225887,0.0255509443999694,15
"1-3arc","0",1.25,"model",0.74,0.182669108523396,0.025329710956535,15
"1-3arc","0",1.25,"model",0.75,0.180910687115497,0.0272373911731536,15
"1-3arc","0",1.25,"model",0.76,0.180229836051667,0.0282670249740086,15
"1-3arc","0",1.25,"model",0.77,0.184238470032549,0.0285953340936504,15
"1-3arc","0",1.25,"model",0.78,0.188438733537161,0.025677805291291,15
"1-3arc","0",1.25,"model",0.79,0.186980542605285,0.0281717705998375,15
"1-3arc","0",1.25,"model",0.8,0.185381031005774,0.0290969696096566,15
"1-3arc","0",1.25,"model",0.81,0.182618159027915,0.0324012756386709,15
"1-3arc","0",1.25,"model",0.82,0.176803385687946,0.0348826519391242,15
"1-3arc","0",1.25,"model",0.83,0.175198065197177,0.0379185424981288,15
"1-3arc","0",1.25,"model",0.84,0.17043185226305,0.0377233926463887,15
"1-3arc","0",1.25,"model",0.85,0.165953722549626,0.0390249559578537,15
"1-3arc","0",1.25,"model",0.86,0.164188858411881,0.0415691466680021,15
"1-3arc","0",1.25,"model",0.87,0.162326314176455,0.0447252737523815,15
"1-3arc","0",1.25,"model",0.88,0.158614036182372,0.0458126152020518,15
"1-3arc","0",1.25,"model",0.89,0.167109762678098,0.0380057313224573,15
"1-3arc","0",1.25,"model",0.9,0.165776429344765,0.0371097045715467,15
"1-3arc","0",1.25,"model",0.91,0.162807602031553,0.0359604722906756,15
"1-3arc","0",1.25,"model",0.92,0.155586388528534,0.0334838360740619,15
"1-3arc","0",1.25,"model",0.93,0.150123524595082,0.0351193377641444,15
"1-3arc","0",1.25,"model",0.94,0.143170703133472,0.0320112047348917,15
"1-3arc","0",1.25,"model",0.95,0.132215243449965,0.0282495899740861,15
"1-3arc","0",1.25,"model",0.96,0.128314008882064,0.0235863649640018,15
"1-3arc","0",1.25,"model",0.97,0.123178206412928,0.0238454141860174,15
"1-3arc","0",1.25,"model",0.98,0.115426408218819,0.0276866415234186,15
"1-3arc","0",1.25,"model",0.99,0.104700778960024,0.0156829212839608,15
"1-3arc","0",1.25,"treat_all",0.01,0.436911426669655,0.0387441167319173,15
"1-3arc","0",1.25,"treat_all",0.02,0.431165624900978,0.0391394648618348,15
"1-3arc","0",1.25,"treat_all",0.03,0.42530135299274,0.0395429644995857,15
"1-3arc","0",1.25,"treat_all",0.04,0.419314908753081,0.0399548703797897,15
"1-3arc","0",1.25,"treat_all",0.05,0.413202434108377,0.0403754479627348,15
"1-3arc","0",1.25,"treat_all",0.06,0.406959906811657,0.0408049740048916,15
"1-3arc","0",1.25,"treat_all",0.07,0.400583131616084,0.0412437371662345,15
"1-3arc","0",1.25,"treat_all",0.08,0.39406773087278,0.0416920386571719,15
"1-3arc","0",1.25,"treat_all",0.09,0.387409134508745,0.0421501929281298,15
"1-3arc","0",1.25,"treat_all",0.1,0.38060256933662,0.042618528405109,15
"1-3arc","0",1.25,"treat_all",0.11,0.373643047643773,0.0430973882748293,15
"1-3arc","0",1.25,"treat_all",0.12,0.366525355003361,0.0435871313234069,15
"1-3arc","0",1.25,"treat_all",0.13,0.359244037244779,0.0440881328328714,15
"1-3arc","0",1.25,"treat_all",0.14,0.351793386515067,0.0446007855402303,15
"1-3arc","0",1.25,"treat_all",0.15,0.344167426356421,0.0451255006642331,15
"1-3arc","0",1.25,"treat_all",0.16,0.336359895717807,0.0456627090054739,15
"1-3arc","0",1.25,"treat_all",0.17,0.328364231810793,0.0462128621260218,15
"1-3arc","0",1.25,"treat_all",0.18,0.320173551710924,0.0467764336153635,15
"1-3arc","0",1.25,"treat_all",0.19,0.311780632596245,0.0473539204501211,15
"1-3arc","0",1.25,"treat_all",0.2,0.303177890503698,0.0479458444557476,15
"1-3arc","0",1.25,"treat_all",0.21,0.294357357472099,0.0485527538792381,15
"1-3arc","0",1.25,"treat_all",0.22,0.285310656926869,0.0491752250828181,15
"1-3arc","0",1.25,"treat_all",0.23,0.276028977146699,0.0498138643696079,15
"1-3arc","0",1.25,"treat_all",0.24,0.266503042635471,0.0504693099534186,15
"1-3arc","0",1.25,"treat_all",0.25,0.256723083203944,0.0511422340861308,15
"1-3arc","0",1.25,"treat_all",0.26,0.246678800544538,0.051833345357565,15
"1-3arc","0",1.25,"treat_all",0.27,0.236359332058847,0.052543391184381,15
"1-3arc","0",1.25,"treat_all",0.28,0.225753211670775,0.0532731605063863,15
"1-3arc","0",1.25,"treat_all",0.29,0.21484832732811,0.0540234867107015,15
"1-3arc","0",1.25,"treat_all",0.3,0.203631874861369,0.0547952508065687,15
"1-3arc","0",1.25,"treat_all",0.31,0.192090307830374,0.0555893848762291,15
"1-3arc","0",1.25,"treat_all",0.32,0.180209282945526,0.0564068758302913,15
"1-3arc","0",1.25,"treat_all",0.33,0.16797360060143,0.0572487694994002,15
"1-3arc","0",1.25,"treat_all",0.34,0.155367140004482,0.0581161750978759,15
"1-3arc","0",1.25,"treat_all",0.35,0.142372788312243,0.0590102700993817,15
"1-3arc","0",1.25,"treat_all",0.36,0.128972363129622,0.0599323055696845,15
"1-3arc","0",1.25,"treat_all",0.37,0.115146527623743,0.0608836120072986,15
"1-3arc","0",1.25,"treat_all",0.38,0.100874697424126,0.0618656057493518,15
"1-3arc","0",1.25,"treat_all",0.39,0.0861349383655049,0.0628797960075379,15
"1-3arc","0",1.25,"treat_all",0.4,0.07090385400493,0.0639277926076635,15
"1-3arc","0",1.25,"treat_all",0.41,0.0551564616999288,0.065011314516268,15
"1-3arc","0",1.25,"treat_all",0.42,0.0388660558671689,0.0661321992493071,15
"1-3arc","0",1.25,"treat_all",0.43,0.0220040568472948,0.0672924132712247,15
"1-3arc","0",1.25,"treat_all",0.44,0.00453984357671076,0.0684940635082109,15
"1-3arc","0",1.25,"treat_all",0.45,-0.0135594319946217,0.0697394101174511,15
"1-3arc","0",1.25,"treat_all",0.46,-0.0323290511056333,0.0710308806751817,15
"1-3arc","0",1.25,"treat_all",0.47,-0.0518069577302679,0.0723710859709398,15
"1-3arc","0",1.25,"treat_all",0.48,-0.0720340146096961,0.0737628376242271,15
"1-3arc","0",1.25,"treat_all",0.49,-0.0930542894059646,0.0752091677737218,15
"1-3arc","0",1.25,"treat_all",0.5,-0.114915375194084,0.0767133511291962,15
"1-3arc","0",1.25,"treat_all",0.51,-0.137668750198045,0.0782789297236696,15
"1-3arc","0",1.25,"treat_all",0.52,-0.161370182493838,0.0799097407595794,15
"1-3arc","0",1.25,"treat_all",0.53,-0.186080186376685,0.0816099480097832,15
"1-3arc","0",1.25,"treat_all",0.54,-0.211864538254439,0.0833840773143437,15
"1-3arc","0",1.25,"treat_all",0.55,-0.23879486132676,0.085237056810218,15
"1-3arc","0",1.25,"treat_all",0.56,-0.266949289993277,0.0871742626468139,15
"1-3arc","0",1.25,"treat_all",0.57,-0.296413226969865,0.0892015710804607,15
"1-3arc","0",1.25,"treat_all",0.58,-0.327280208564386,0.0913254180109479,15
"1-3arc","0",1.25,"treat_all",0.59,-0.359652896578151,0.0935528672307271,15
"1-3arc","0",1.25,"treat_all",0.6,-0.393644218992605,0.0958916889114952,15
"1-3arc","0",1.25,"treat_all",0.61,-0.429378686146261,0.0983504501656361,15
"1-3arc","0",1.25,"treat_all",0.62,-0.466993914729058,0.100938619906837,15
"1-3arc","0",1.25,"treat_all",0.63,-0.506642398910924,0.10366669071513,15
"1-3arc","0",1.25,"treat_all",0.64,-0.54849357665845,0.106546321012773,15
"1-3arc","0",1.25,"treat_all",0.65,-0.592736250277263,0.109590501613137,15
"1-3arc","0",1.25,"treat_all",0.66,-0.639581434108947,0.112813751660583,15
"1-3arc","0",1.25,"treat_all",0.67,-0.689265719991037,0.116232350195752,15
"1-3arc","0",1.25,"treat_all",0.68,-0.742055273740756,0.119864611139369,15
"1-3arc","0",1.25,"treat_all",0.69,-0.798250605151749,0.123731211498704,15
"1-3arc","0",1.25,"treat_all",0.7,-0.85819229199014,0.127855585215327,15
"1-3arc","0",1.25,"treat_all",0.71,-0.922267888265663,0.132264398498614,15
"1-3arc","0",1.25,"treat_all",0.72,-0.990920312846578,0.136988127016422,15
"1-3arc","0",1.25,"treat_all",0.73,-1.06465810221127,0.142061761350363,15
"1-3arc","0",1.25,"treat_all",0.74,-1.14406802921939,0.147525675248454,15
"1-3arc","0",1.25,"treat_all",0.75,-1.22983075038817,0.153426702258392,15
"1-3arc","0",1.25,"treat_all",0.76,-1.32274036498767,0.159819481519159,15
"1-3arc","0",1.25,"treat_all",0.77,-1.42372907650888,0.166768154628687,15
"1-3arc","0",1.25,"treat_all",0.78,-1.53389857998655,0.174348525293628,15
"1-3arc","0",1.25,"treat_all",0.79,-1.65456041712877,0.182650836021896,15
"1-3arc","0",1.25,"treat_all",0.8,-1.78728843798521,0.191783377822991,15
"1-3arc","0",1.25,"treat_all",0.81,-1.93398782945812,0.201877239813674,15
"1-3arc","0",1.25,"treat_all",0.82,-2.0969871533169,0.213092642025545,15
"1-3arc","0",1.25,"treat_all",0.83,-2.2791628682179,0.225627503321165,15
"1-3arc","0",1.25,"treat_all",0.84,-2.48411054748151,0.239729222278738,15
"1-3arc","0",1.25,"treat_all",0.85,-2.71638458398028,0.255711170430654,15
"1-3arc","0",1.25,"treat_all",0.86,-2.98184062569316,0.273976254032844,15
"1-3arc","0",1.25,"treat_all",0.87,-3.28813605843878,0.295051350496909,15
"1-3arc","0",1.25,"treat_all",0.88,-3.64548072997535,0.319638963038317,15
"1-3arc","0",1.25,"treat_all",0.89,-4.06779715997311,0.348697050587255,15
"1-3arc","0",1.25,"treat_all",0.9,-4.57457687597042,0.383566755645981,15
"1-3arc","0",1.25,"treat_all",0.91,-5.1939743066338,0.42618528405109,15
"1-3arc","0",1.25,"treat_all",0.92,-5.96822109496303,0.479458444557476,15
"1-3arc","0",1.25,"treat_all",0.93,-6.96368125138632,0.547952508065688,15
"1-3arc","0",1.25,"treat_all",0.94,-8.29096145995071,0.639277926076636,15
"1-3arc","0",1.25,"treat_all",0.95,-10.1491537519409,0.767133511291963,15
"1-3arc","0",1.25,"treat_all",0.96,-12.9364421899261,0.958916889114954,15
"1-3arc","0",1.25,"treat_all",0.97,-17.5819229199014,1.27855585215327,15
"1-3arc","0",1.25,"treat_all",0.98,-26.8728843798521,1.9178337782299,15
"1-3arc","0",1.25,"treat_all",0.99,-54.7457687597042,3.83566755645981,15
"1-3arc","0",1.25,"treat_none",0.01,0,0,15
"1-3arc","0",1.25,"treat_none",0.02,0,0,15
"1-3arc","0",1.25,"treat_none",0.03,0,0,15
"1-3arc","0",1.25,"treat_none",0.04,0,0,15
"1-3arc","0",1.25,"treat_none",0.05,0,0,15
"1-3arc","0",1.25,"treat_none",0.06,0,0,15
"1-3arc","0",1.25,"treat_none",0.07,0,0,15
"1-3arc","0",1.25,"treat_none",0.08,0,0,15
"1-3arc","0",1.25,"treat_none",0.09,0,0,15
"1-3arc","0",1.25,"treat_none",0.1,0,0,15
"1-3arc","0",1.25,"treat_none",0.11,0,0,15
"1-3arc","0",1.25,"treat_none",0.12,0,0,15
"1-3arc","0",1.25,"treat_none",0.13,0,0,15
"1-3arc","0",1.25,"treat_none",0.14,0,0,15
"1-3arc","0",1.25,"treat_none",0.15,0,0,15
"1-3arc","0",1.25,"treat_none",0.16,0,0,15
"1-3arc","0",1.25,"treat_none",0.17,0,0,15
"1-3arc","0",1.25,"treat_none",0.18,0,0,15
"1-3arc","0",1.25,"treat_none",0.19,0,0,15
"1-3arc","0",1.25,"treat_none",0.2,0,0,15
"1-3arc","0",1.25,"treat_none",0.21,0,0,15
"1-3arc","0",1.25,"treat_none",0.22,0,0,15
"1-3arc","0",1.25,"treat_none",0.23,0,0,15
"1-3arc","0",1.25,"treat_none",0.24,0,0,15
"1-3arc","0",1.25,"treat_none",0.25,0,0,15
"1-3arc","0",1.25,"treat_none",0.26,0,0,15
"1-3arc","0",1.25,"treat_none",0.27,0,0,15
"1-3arc","0",1.25,"treat_none",0.28,0,0,15
"1-3arc","0",1.25,"treat_none",0.29,0,0,15
"1-3arc","0",1.25,"treat_none",0.3,0,0,15
"1-3arc","0",1.25,"treat_none",0.31,0,0,15
"1-3arc","0",1.25,"treat_none",0.32,0,0,15
"1-3arc","0",1.25,"treat_none",0.33,0,0,15
"1-3arc","0",1.25,"treat_none",0.34,0,0,15
"1-3arc","0",1.25,"treat_none",0.35,0,0,15
"1-3arc","0",1.25,"treat_none",0.36,0,0,15
"1-3arc","0",1.25,"treat_none",0.37,0,0,15
"1-3arc","0",1.25,"treat_none",0.38,0,0,15
"1-3arc","0",1.25,"treat_none",0.39,0,0,15
"1-3arc","0",1.25,"treat_none",0.4,0,0,15
"1-3arc","0",1.25,"treat_none",0.41,0,0,15
"1-3arc","0",1.25,"treat_none",0.42,0,0,15
"1-3arc","0",1.25,"treat_none",0.43,0,0,15
"1-3arc","0",1.25,"treat_none",0.44,0,0,15
"1-3arc","0",1.25,"treat_none",0.45,0,0,15
"1-3arc","0",1.25,"treat_none",0.46,0,0,15
"1-3arc","0",1.25,"treat_none",0.47,0,0,15
"1-3arc","0",1.25,"treat_none",0.48,0,0,15
"1-3arc","0",1.25,"treat_none",0.49,0,0,15
"1-3arc","0",1.25,"treat_none",0.5,0,0,15
"1-3arc","0",1.25,"treat_none",0.51,0,0,15
"1-3arc","0",1.25,"treat_none",0.52,0,0,15
"1-3arc","0",1.25,"treat_none",0.53,0,0,15
"1-3arc","0",1.25,"treat_none",0.54,0,0,15
"1-3arc","0",1.25,"treat_none",0.55,0,0,15
"1-3arc","0",1.25,"treat_none",0.56,0,0,15
"1-3arc","0",1.25,"treat_none",0.57,0,0,15
"1-3arc","0",1.25,"treat_none",0.58,0,0,15
"1-3arc","0",1.25,"treat_none",0.59,0,0,15
"1-3arc","0",1.25,"treat_none",0.6,0,0,15
"1-3arc","0",1.25,"treat_none",0.61,0,0,15
"1-3arc","0",1.25,"treat_none",0.62,0,0,15
"1-3arc","0",1.25,"treat_none",0.63,0,0,15
"1-3arc","0",1.25,"treat_none",0.64,0,0,15
"1-3arc","0",1.25,"treat_none",0.65,0,0,15
"1-3arc","0",1.25,"treat_none",0.66,0,0,15
"1-3arc","0",1.25,"treat_none",0.67,0,0,15
"1-3arc","0",1.25,"treat_none",0.68,0,0,15
"1-3arc","0",1.25,"treat_none",0.69,0,0,15
"1-3arc","0",1.25,"treat_none",0.7,0,0,15
"1-3arc","0",1.25,"treat_none",0.71,0,0,15
"1-3arc","0",1.25,"treat_none",0.72,0,0,15
"1-3arc","0",1.25,"treat_none",0.73,0,0,15
"1-3arc","0",1.25,"treat_none",0.74,0,0,15
"1-3arc","0",1.25,"treat_none",0.75,0,0,15
"1-3arc","0",1.25,"treat_none",0.76,0,0,15
"1-3arc","0",1.25,"treat_none",0.77,0,0,15
"1-3arc","0",1.25,"treat_none",0.78,0,0,15
"1-3arc","0",1.25,"treat_none",0.79,0,0,15
"1-3arc","0",1.25,"treat_none",0.8,0,0,15
"1-3arc","0",1.25,"treat_none",0.81,0,0,15
"1-3arc","0",1.25,"treat_none",0.82,0,0,15
"1-3arc","0",1.25,"treat_none",0.83,0,0,15
"1-3arc","0",1.25,"treat_none",0.84,0,0,15
"1-3arc","0",1.25,"treat_none",0.85,0,0,15
"1-3arc","0",1.25,"treat_none",0.86,0,0,15
"1-3arc","0",1.25,"treat_none",0.87,0,0,15
"1-3arc","0",1.25,"treat_none",0.88,0,0,15
"1-3arc","0",1.25,"treat_none",0.89,0,0,15
"1-3arc","0",1.25,"treat_none",0.9,0,0,15
"1-3arc","0",1.25,"treat_none",0.91,0,0,15
"1-3arc","0",1.25,"treat_none",0.92,0,0,15
"1-3arc","0",1.25,"treat_none",0.93,0,0,15
"1-3arc","0",1.25,"treat_none",0.94,0,0,15
"1-3arc","0",1.25,"treat_none",0.95,0,0,15
"1-3arc","0",1.25,"treat_none",0.96,0,0,15
"1-3arc","0",1.25,"treat_none",0.97,0,0,15
"1-3arc","0",1.25,"treat_none",0.98,0,0,15
"1-3arc","0",1.25,"treat_none",0.99,0,0,15
"1-3arc","0",1.5,"model",0.01,0.277594369566253,0.129808307515324,3
"1-3arc","0",1.5,"model",0.02,0.269822026536788,0.13254535553221,3
"1-3arc","0",1.5,"model",0.03,0.266806161763655,0.129820026358215,3
"1-3arc","0",1.5,"model",0.04,0.264816791093151,0.128892110193702,3
"1-3arc","0",1.5,"model",0.05,0.263335934531682,0.128888713884243,3
"1-3arc","0",1.5,"model",0.06,0.261545444949228,0.128420640418602,3
"1-3arc","0",1.5,"model",0.07,0.260489519298728,0.129272229026582,3
"1-3arc","0",1.5,"model",0.08,0.260952135844767,0.1315171923185,3
"1-3arc","0",1.5,"model",0.09,0.252394118303791,0.119497213198463,3
"1-3arc","0",1.5,"model",0.1,0.251779546415137,0.121116814370633,3
"1-3arc","0",1.5,"model",0.11,0.238373018956391,0.100930083456178,3
"1-3arc","0",1.5,"model",0.12,0.231599957571101,0.0901748676703576,3
"1-3arc","0",1.5,"model",0.13,0.232565316135296,0.090155242794572,3
"1-3arc","0",1.5,"model",0.14,0.219040086866533,0.0693974852392249,3
"1-3arc","0",1.5,"model",0.15,0.21104052309902,0.0581401889262737,3
"1-3arc","0",1.5,"model",0.16,0.210787001464027,0.060116014378057,3
"1-3arc","0",1.5,"model",0.17,0.203056867328159,0.064950984254748,3
"1-3arc","0",1.5,"model",0.18,0.195044951559394,0.0539431688064963,3
"1-3arc","0",1.5,"model",0.19,0.193532539847334,0.0543009395158034,3
"1-3arc","0",1.5,"model",0.2,0.18031816500185,0.0476946170431876,3
"1-3arc","0",1.5,"model",0.21,0.178728696870284,0.0479302545606797,3
"1-3arc","0",1.5,"model",0.22,0.172583072403784,0.0526031707298264,3
"1-3arc","0",1.5,"model",0.23,0.164479274579164,0.0419025620862829,3
"1-3arc","0",1.5,"model",0.24,0.160306412178601,0.0268090212474667,3
"1-3arc","0",1.5,"model",0.25,0.158875070750764,0.0270585418526552,3
"1-3arc","0",1.5,"model",0.26,0.159701458480593,0.0312474782310942,3
"1-3arc","0",1.5,"model",0.27,0.158312148712465,0.0317807328218393,3
"1-3arc","0",1.5,"model",0.28,0.156884247006334,0.0323725302212193,3
"1-3arc","0",1.5,"model",0.29,0.155416122716931,0.033024729669985,3
"1-3arc","0",1.5,"model",0.3,0.156601469809017,0.0303019792839444,3
"1-3arc","0",1.5,"model",0.31,0.155177842365991,0.0307975533296677,3
"1-3arc","0",1.5,"model",0.32,0.153712343527582,0.0313492261115468,3
"1-3arc","0",1.5,"model",0.33,0.15220309845519,0.0319591129655056,3
"1-3arc","0",1.5,"model",0.34,0.150648118683635,0.0326292983687039,3
"1-3arc","0",1.5,"model",0.35,0.142509345668229,0.0235700127206816,3
"1-3arc","0",1.5,"model",0.36,0.144532902662758,0.0298218758479133,3
"1-3arc","0",1.5,"model",0.37,0.142989617499421,0.0310080772639266,3
"1-3arc","0",1.5,"model",0.38,0.141396548943719,0.0322628306435199,3
"1-3arc","0",1.5,"model",0.39,0.139751248632091,0.0335873985380028,3
"1-3arc","0",1.5,"model",0.4,0.138051104976743,0.0349832493874098,3
"1-3arc","0",1.5,"model",0.41,0.136293329333078,0.0364520771824843,3
"1-3arc","0",1.5,"model",0.42,0.139029267346463,0.0306555253046766,3
"1-3arc","0",1.5,"model",0.43,0.137337314847683,0.0318927155112149,3
"1-3arc","0",1.5,"model",0.44,0.135584935473948,0.0332010930515029,3
"1-3arc","0",1.5,"model",0.45,0.139116426796782,0.0420313482396592,3
"1-3arc","0",1.5,"model",0.46,0.137453127069603,0.0436590689783271,3
"1-3arc","0",1.5,"model",0.47,0.135727061314982,0.045367264984843,3
"1-3arc","0",1.5,"model",0.48,0.133934608415954,0.0471594655439823,3
"1-3arc","0",1.5,"model",0.49,0.132071863246375,0.0490395413933715,3
"1-3arc","0",1.5,"model",0.5,0.14784142975042,0.0320561324057138,3
"1-3arc","0",1.5,"model",0.51,0.146547830549733,0.0333755427926597,3
"1-3arc","0",1.5,"model",0.52,0.140072126254146,0.0339878136927711,3
"1-3arc","0",1.5,"model",0.53,0.138667286696663,0.0351977495253504,3
"1-3arc","0",1.5,"model",0.54,0.13720136715842,0.0365055636065958,3
"1-3arc","0",1.5,"model",0.55,0.135670295640699,0.0379157500597849,3
"1-3arc","0",1.5,"model",0.56,0.142388108869796,0.0518386907056065,3
"1-3arc","0",1.5,"model",0.57,0.141058445407618,0.0537685874609167,3
"1-3arc","0",1.5,"model",0.58,0.139665464637718,0.0558207417250513,3
"1-3arc","0",1.5,"model",0.59,0.138204533586359,0.058002827261686,3
"1-3arc","0",1.5,"model",0.6,0.136670555982432,0.060323310092806,3
"1-3arc","0",1.5,"model",0.61,0.135057912860355,0.062791554732589,3
"1-3arc","0",1.5,"model",0.62,0.133360393784484,0.0654179463107169,3
"1-3arc","0",1.5,"model",0.63,0.131571116920728,0.0682140316638354,3
"1-3arc","0",1.5,"model",0.64,0.129682435786764,0.0711926831636737,3
"1-3arc","0",1.5,"model",0.65,0.139365973772189,0.0562656920431646,3
"1-3arc","0",1.5,"model",0.66,0.137780433895861,0.058641516398133,3
"1-3arc","0",1.5,"model",0.67,0.136098800693695,0.0611952184801844,3
"1-3arc","0",1.5,"model",0.68,0.134312065416394,0.0639421610567992,3
"1-3arc","0",1.5,"model",0.69,0.132410056895396,0.0668997035285146,3
"1-3arc","0",1.5,"model",0.7,0.130381247806331,0.0700875407190859,3
"1-3arc","0",1.5,"model",0.71,0.128212520849055,0.0735281108518805,3
"1-3arc","0",1.5,"model",0.72,0.125888884823402,0.0772470900556111,3
"1-3arc","0",1.5,"model",0.73,0.123393127610664,0.0812739958931085,3
"1-3arc","0",1.5,"model",0.74,0.120705389073869,0.0856429293362532,3
"1-3arc","0",1.5,"model",0.75,0.11780263145413,0.0903934940305679,3
"1-3arc","0",1.5,"model",0.76,0.114657977366079,0.0955719446428076,3
"1-3arc","0",1.5,"model",0.77,0.11123987509646,0.101232634099385,3
"1-3arc","0",1.5,"model",0.78,0.107511036256874,0.107439854905366,3
"1-3arc","0",1.5,"model",0.79,0.127086848285516,0.0753258255568679,3
"1-3arc","0",1.5,"model",0.8,0.12409193963023,0.0801433551303539,3
"1-3arc","0",1.5,"model",0.81,0.120781777432283,0.0855183424337627,3
"1-3arc","0",1.5,"model",0.82,0.117103819434563,0.0915415701461725,3
"1-3arc","0",1.5,"model",0.83,0.112993160495935,0.0983252134241226,3
"1-3arc","0",1.5,"model",0.84,0.108368669189979,0.106009535280171,3
"1-3arc","0",1.5,"model",0.85,0.103127579043228,0.114772258325013,3
"1-3arc","0",1.5,"model",0.86,0.0971377617326563,0.124841951176413,3
"1-3arc","0",1.5,"model",0.87,0.0771545386417751,0.122468842577297,3
"1-3arc","0",1.5,"model",0.88,0.0625553753189713,0.130429748675227,3
"1-3arc","0",1.5,"model",0.89,0.0464901727942794,0.141656028875654,3
"1-3arc","0",1.5,"model",0.9,0.0916588406044566,0.0638920866622356,3
"1-3arc","0",1.5,"model",0.91,0.0846707204087892,0.0758598393205563,3
"1-3arc","0",1.5,"model",0.92,0.075935570164205,0.0908702163266029,3
"1-3arc","0",1.5,"model",0.93,0.0595764575786773,0.105318631106959,3
"1-3arc","0",1.5,"model",0.94,0.0343455040458369,0.122992295275003,3
"1-3arc","0",1.5,"model",0.95,0.0133811434588347,0.159154422126221,3
"1-3arc","0",1.5,"model",0.96,0.132877998804747,0.0499585348589471,3
"1-3arc","0",1.5,"model",0.97,0.132877998804747,0.0499585348589471,3
"1-3arc","0",1.5,"model",0.98,0.113763434740127,0.0323260690797875,3
"1-3arc","0",1.5,"model",0.99,0.0883595624994071,0.00865788091790383,3
"1-3arc","0",1.5,"treat_all",0.01,0.388864790270636,0.0501163870007672,3
"1-3arc","0",1.5,"treat_all",0.02,0.382628716701969,0.0506277787048566,3
"1-3arc","0",1.5,"treat_all",0.03,0.376264064296834,0.0511497145677933,3
"1-3arc","0",1.5,"treat_all",0.04,0.369766814966593,0.0516825240945412,3
"1-3arc","0",1.5,"treat_all",0.05,0.363132781439926,0.0522265506639574,3
"1-3arc","0",1.5,"treat_all",0.06,0.356357598263755,0.0527821522667654,3
"1-3arc","0",1.5,"treat_all",0.07,0.34943671222358,0.0533497022911393,3
"1-3arc","0",1.5,"treat_all",0.08,0.342365372139054,0.0539295903595212,3
"1-3arc","0",1.5,"treat_all",0.09,0.335138617986735,0.0545222232206148,3
"1-3arc","0",1.5,"treat_all",0.1,0.327751269297699,0.0551280257008439,3
"1-3arc","0",1.5,"treat_all",0.11,0.320197912772954,0.0557474417199545,3
"1-3arc","0",1.5,"treat_all",0.12,0.312472889054465,0.0563809353758631,3
"1-3arc","0",1.5,"treat_all",0.13,0.304570278583827,0.0570289921043213,3
"1-3arc","0",1.5,"treat_all",0.14,0.296483886474336,0.0576921199194878,3
"1-3arc","0",1.5,"treat_all",0.15,0.288207226315211,0.05837085074207,3
"1-3arc","0",1.5,"treat_all",0.16,0.279733502818963,0.0590657418223327,3
"1-3arc","0",1.5,"treat_all",0.17,0.271055593214373,0.0597773772659753,3
"1-3arc","0",1.5,"treat_all",0.18,0.262166027277963,0.0605063696716579,3
"1-3arc","0",1.5,"treat_all",0.19,0.253056965886332,0.0612533618898266,3
"1-3arc","0",1.5,"treat_all",0.2,0.243720177959912,0.0620190289134494,3
"1-3arc","0",1.5,"treat_all",0.21,0.234147015655607,0.0628040799123538,3
"1-3arc","0",1.5,"treat_all",0.22,0.224328387651191,0.0636092604240507,3
"1-3arc","0",1.5,"treat_all",0.23,0.21425473034796,0.0644353547152721,3
"1-3arc","0",1.5,"treat_all",0.24,0.203915976799907,0.0652831883299467,3
"1-3arc","0",1.5,"treat_all",0.25,0.193301523157239,0.0661536308410127,3
"1-3arc","0",1.5,"treat_all",0.26,0.182400192389094,0.0670475988253507,3
"1-3arc","0",1.5,"treat_all",0.27,0.171200195024561,0.0679660590832322,3
"1-3arc","0",1.5,"treat_all",0.28,0.159689086622124,0.0689100321260549,3
"1-3arc","0",1.5,"treat_all",0.29,0.147853721644971,0.0698805959588162,3
"1-3arc","0",1.5,"treat_all",0.3,0.135680203382756,0.0708788901867993,3
"1-3arc","0",1.5,"treat_all",0.31,0.123153829518738,0.0719061204793616,3
"1-3arc","0",1.5,"treat_all",0.32,0.110259032894014,0.0729635634275875,3
"1-3arc","0",1.5,"treat_all",0.33,0.0969793169670586,0.0740525718369545,3
"1-3arc","0",1.5,"treat_all",0.34,0.0832971854059534,0.0751745805011508,3
"1-3arc","0",1.5,"treat_all",0.35,0.0691940651814296,0.0763311125088608,3
"1-3arc","0",1.5,"treat_all",0.36,0.0546502224498895,0.0775237861418117,3
"1-3arc","0",1.5,"treat_all",0.37,0.0396446704252846,0.078754322429777,3
"1-3arc","0",1.5,"treat_all",0.38,0.0241550683353698,0.0800245534367089,3
"1-3arc","0",1.5,"treat_all",0.39,0.00815761043922832,0.0813364313619008,3
"1-3arc","0",1.5,"treat_all",0.4,-0.00837309605345123,0.0826920385512658,3
"1-3arc","0",1.5,"treat_all",0.41,-0.025464165478086,0.084093598526711,3
"1-3arc","0",1.5,"treat_all",0.42,-0.0431445821242599,0.0855434881564819,3
"1-3arc","0",1.5,"treat_all",0.43,-0.0614453642667906,0.0870442511065956,3
"1-3arc","0",1.5,"treat_all",0.44,-0.0803997457715548,0.0885986127334991,3
"1-3arc","0",1.5,"treat_all",0.45,-0.100043377512856,0.0902094966013809,3
"1-3arc","0",1.5,"treat_all",0.46,-0.120414551170501,0.0918800428347398,3
"1-3arc","0",1.5,"treat_all",0.47,-0.141554448362398,0.0936136285486029,3
"1-3arc","0",1.5,"treat_all",0.48,-0.163507418523213,0.0954138906360759,3
"1-3arc","0",1.5,"treat_all",0.49,-0.186321289474648,0.0972847512367834,3
"1-3arc","0",1.5,"treat_all",0.5,-0.210047715264141,0.099230446261519,3
"1-3arc","0",1.5,"treat_all",0.51,-0.234742566596063,0.101255557409713,3
"1-3arc","0",1.5,"treat_all",0.52,-0.260466370066814,0.103365048189082,3
"1-3arc","0",1.5,"treat_all",0.53,-0.287284803472491,0.105564304533531,3
"1-3arc","0",1.5,"treat_all",0.54,-0.315269255721893,0.107859180719042,3
"1-3arc","0",1.5,"treat_all",0.55,-0.344497461404602,0.110256051401688,3
"1-3arc","0",1.5,"treat_all",0.56,-0.37505422189107,0.112761870751726,3
"1-3arc","0",1.5,"treat_all",0.57,-0.407032227051327,0.115384239838976,3
"1-3arc","0",1.5,"treat_all",0.58,-0.440532994362073,0.118131483644666,3
"1-3arc","0",1.5,"treat_all",0.59,-0.475667945444075,0.121012739343316,3
"1-3arc","0",1.5,"treat_all",0.6,-0.512559644080177,0.124038057826899,3
"1-3arc","0",1.5,"treat_all",0.61,-0.551343224697617,0.127218520848101,3
"1-3arc","0",1.5,"treat_all",0.62,-0.592168046400186,0.130566376659893,3
"1-3arc","0",1.5,"treat_all",0.63,-0.635199615221813,0.134095197650701,3
"1-3arc","0",1.5,"treat_all",0.64,-0.680621826755752,0.13782006425211,3
"1-3arc","0",1.5,"treat_all",0.65,-0.728639593234488,0.141757780373599,3
"1-3arc","0",1.5,"treat_all",0.66,-0.779481934211973,0.145927126855175,3
"1-3arc","0",1.5,"treat_all",0.67,-0.833405629188093,0.150349161002301,3
"1-3arc","0",1.5,"treat_all",0.68,-0.890699555100221,0.155047572283623,3
"1-3arc","0",1.5,"treat_all",0.69,-0.951689863329261,0.160049106873418,3
"1-3arc","0",1.5,"treat_all",0.7,-1.0167461921069,0.165384077102532,3
"1-3arc","0",1.5,"treat_all",0.71,-1.08628916424852,0.171086976312964,3
"1-3arc","0",1.5,"treat_all",0.72,-1.16079949154311,0.177197225466998,3
"1-3arc","0",1.5,"treat_all",0.73,-1.240829102341,0.18376008566948,3
"1-3arc","0",1.5,"treat_all",0.74,-1.32701483704643,0.190827781272152,3
"1-3arc","0",1.5,"treat_all",0.75,-1.42009543052828,0.198460892523038,3
"1-3arc","0",1.5,"treat_all",0.76,-1.52093274013363,0.206730096378165,3
"1-3arc","0",1.5,"treat_all",0.77,-1.63053851144379,0.215718361438085,3
"1-3arc","0",1.5,"treat_all",0.78,-1.75010844378214,0.225523741503452,3
"1-3arc","0",1.5,"treat_all",0.79,-1.88106598872415,0.236262967289331,3
"1-3arc","0",1.5,"treat_all",0.8,-2.02511928816035,0.248076115653797,3
"1-3arc","0",1.5,"treat_all",0.81,-2.18433609280037,0.261132753319787,3
"1-3arc","0",1.5,"treat_all",0.82,-2.3612436535115,0.275640128504219,3
"1-3arc","0",1.5,"treat_all",0.83,-2.55896386842395,0.29185425371035,3
"1-3arc","0",1.5,"treat_all",0.84,-2.78139911020044,0.310095144567247,3
"1-3arc","0",1.5,"treat_all",0.85,-3.0334923842138,0.330768154205063,3
"1-3arc","0",1.5,"treat_all",0.86,-3.32159898308622,0.354394450933996,3
"1-3arc","0",1.5,"treat_all",0.87,-3.65402967409285,0.381655562544304,3
"1-3arc","0",1.5,"treat_all",0.88,-4.04186548026726,0.41346019275633,3
"1-3arc","0",1.5,"treat_all",0.89,-4.50021688756428,0.451047483006905,3
"1-3arc","0",1.5,"treat_all",0.9,-5.05023857632071,0.496152231307596,3
"1-3arc","0",1.5,"treat_all",0.91,-5.72248730702301,0.55128025700844,3
"1-3arc","0",1.5,"treat_all",0.92,-6.56279822040089,0.620190289134495,3
"1-3arc","0",1.5,"treat_all",0.93,-7.64319796617244,0.708788901867993,3
"1-3arc","0",1.5,"treat_all",0.94,-9.08373096053452,0.826920385512658,3
"1-3arc","0",1.5,"treat_all",0.95,-11.1004771526414,0.992304462615192,3
"1-3arc","0",1.5,"treat_all",0.96,-14.1255964408018,1.24038057826899,3
"1-3arc","0",1.5,"treat_all",0.97,-19.167461921069,1.65384077102531,3
"1-3arc","0",1.5,"treat_all",0.98,-29.2511928816035,2.48076115653797,3
"1-3arc","0",1.5,"treat_all",0.99,-59.502385763207,4.96152231307594,3
"1-3arc","0",1.5,"treat_none",0.01,0,0,3
"1-3arc","0",1.5,"treat_none",0.02,0,0,3
"1-3arc","0",1.5,"treat_none",0.03,0,0,3
"1-3arc","0",1.5,"treat_none",0.04,0,0,3
"1-3arc","0",1.5,"treat_none",0.05,0,0,3
"1-3arc","0",1.5,"treat_none",0.06,0,0,3
"1-3arc","0",1.5,"treat_none",0.07,0,0,3
"1-3arc","0",1.5,"treat_none",0.08,0,0,3
"1-3arc","0",1.5,"treat_none",0.09,0,0,3
"1-3arc","0",1.5,"treat_none",0.1,0,0,3
"1-3arc","0",1.5,"treat_none",0.11,0,0,3
"1-3arc","0",1.5,"treat_none",0.12,0,0,3
"1-3arc","0",1.5,"treat_none",0.13,0,0,3
"1-3arc","0",1.5,"treat_none",0.14,0,0,3
"1-3arc","0",1.5,"treat_none",0.15,0,0,3
"1-3arc","0",1.5,"treat_none",0.16,0,0,3
"1-3arc","0",1.5,"treat_none",0.17,0,0,3
"1-3arc","0",1.5,"treat_none",0.18,0,0,3
"1-3arc","0",1.5,"treat_none",0.19,0,0,3
"1-3arc","0",1.5,"treat_none",0.2,0,0,3
"1-3arc","0",1.5,"treat_none",0.21,0,0,3
"1-3arc","0",1.5,"treat_none",0.22,0,0,3
"1-3arc","0",1.5,"treat_none",0.23,0,0,3
"1-3arc","0",1.5,"treat_none",0.24,0,0,3
"1-3arc","0",1.5,"treat_none",0.25,0,0,3
"1-3arc","0",1.5,"treat_none",0.26,0,0,3
"1-3arc","0",1.5,"treat_none",0.27,0,0,3
"1-3arc","0",1.5,"treat_none",0.28,0,0,3
"1-3arc","0",1.5,"treat_none",0.29,0,0,3
"1-3arc","0",1.5,"treat_none",0.3,0,0,3
"1-3arc","0",1.5,"treat_none",0.31,0,0,3
"1-3arc","0",1.5,"treat_none",0.32,0,0,3
"1-3arc","0",1.5,"treat_none",0.33,0,0,3
"1-3arc","0",1.5,"treat_none",0.34,0,0,3
"1-3arc","0",1.5,"treat_none",0.35,0,0,3
"1-3arc","0",1.5,"treat_none",0.36,0,0,3
"1-3arc","0",1.5,"treat_none",0.37,0,0,3
"1-3arc","0",1.5,"treat_none",0.38,0,0,3
"1-3arc","0",1.5,"treat_none",0.39,0,0,3
"1-3arc","0",1.5,"treat_none",0.4,0,0,3
"1-3arc","0",1.5,"treat_none",0.41,0,0,3
"1-3arc","0",1.5,"treat_none",0.42,0,0,3
"1-3arc","0",1.5,"treat_none",0.43,0,0,3
"1-3arc","0",1.5,"treat_none",0.44,0,0,3
"1-3arc","0",1.5,"treat_none",0.45,0,0,3
"1-3arc","0",1.5,"treat_none",0.46,0,0,3
"1-3arc","0",1.5,"treat_none",0.47,0,0,3
"1-3arc","0",1.5,"treat_none",0.48,0,0,3
"1-3arc","0",1.5,"treat_none",0.49,0,0,3
"1-3arc","0",1.5,"treat_none",0.5,0,0,3
"1-3arc","0",1.5,"treat_none",0.51,0,0,3
"1-3arc","0",1.5,"treat_none",0.52,0,0,3
"1-3arc","0",1.5,"treat_none",0.53,0,0,3
"1-3arc","0",1.5,"treat_none",0.54,0,0,3
"1-3arc","0",1.5,"treat_none",0.55,0,0,3
"1-3arc","0",1.5,"treat_none",0.56,0,0,3
"1-3arc","0",1.5,"treat_none",0.57,0,0,3
"1-3arc","0",1.5,"treat_none",0.58,0,0,3
"1-3arc","0",1.5,"treat_none",0.59,0,0,3
"1-3arc","0",1.5,"treat_none",0.6,0,0,3
"1-3arc","0",1.5,"treat_none",0.61,0,0,3
"1-3arc","0",1.5,"treat_none",0.62,0,0,3
"1-3arc","0",1.5,"treat_none",0.63,0,0,3
"1-3arc","0",1.5,"treat_none",0.64,0,0,3
"1-3arc","0",1.5,"treat_none",0.65,0,0,3
"1-3arc","0",1.5,"treat_none",0.66,0,0,3
"1-3arc","0",1.5,"treat_none",0.67,0,0,3
"1-3arc","0",1.5,"treat_none",0.68,0,0,3
"1-3arc","0",1.5,"treat_none",0.69,0,0,3
"1-3arc","0",1.5,"treat_none",0.7,0,0,3
"1-3arc","0",1.5,"treat_none",0.71,0,0,3
"1-3arc","0",1.5,"treat_none",0.72,0,0,3
"1-3arc","0",1.5,"treat_none",0.73,0,0,3
"1-3arc","0",1.5,"treat_none",0.74,0,0,3
"1-3arc","0",1.5,"treat_none",0.75,0,0,3
"1-3arc","0",1.5,"treat_none",0.76,0,0,3
"1-3arc","0",1.5,"treat_none",0.77,0,0,3
"1-3arc","0",1.5,"treat_none",0.78,0,0,3
"1-3arc","0",1.5,"treat_none",0.79,0,0,3
"1-3arc","0",1.5,"treat_none",0.8,0,0,3
"1-3arc","0",1.5,"treat_none",0.81,0,0,3
"1-3arc","0",1.5,"treat_none",0.82,0,0,3
"1-3arc","0",1.5,"treat_none",0.83,0,0,3
"1-3arc","0",1.5,"treat_none",0.84,0,0,3
"1-3arc","0",1.5,"treat_none",0.85,0,0,3
"1-3arc","0",1.5,"treat_none",0.86,0,0,3
"1-3arc","0",1.5,"treat_none",0.87,0,0,3
"1-3arc","0",1.5,"treat_none",0.88,0,0,3
"1-3arc","0",1.5,"treat_none",0.89,0,0,3
"1-3arc","0",1.5,"treat_none",0.9,0,0,3
"1-3arc","0",1.5,"treat_none",0.91,0,0,3
"1-3arc","0",1.5,"treat_none",0.92,0,0,3
"1-3arc","0",1.5,"treat_none",0.93,0,0,3
"1-3arc","0",1.5,"treat_none",0.94,0,0,3
"1-3arc","0",1.5,"treat_none",0.95,0,0,3
"1-3arc","0",1.5,"treat_none",0.96,0,0,3
"1-3arc","0",1.5,"treat_none",0.97,0,0,3
"1-3arc","0",1.5,"treat_none",0.98,0,0,3
"1-3arc","0",1.5,"treat_none",0.99,0,0,3
"1-3arc","0",1.75,"model",0.01,0.313617841750176,0.0900415141049238,5
"1-3arc","0",1.75,"model",0.02,0.292133993971005,0.108266642344067,5
"1-3arc","0",1.75,"model",0.03,0.284120310718709,0.105910871037359,5
"1-3arc","0",1.75,"model",0.04,0.280390448079972,0.105563752242241,5
"1-3arc","0",1.75,"model",0.05,0.274065266892505,0.101454928232998,5
"1-3arc","0",1.75,"model",0.06,0.253815422649367,0.0928123240289548,5
"1-3arc","0",1.75,"model",0.07,0.245697508468163,0.0858658747702523,5
"1-3arc","0",1.75,"model",0.08,0.236355374194711,0.0824559079298596,5
"1-3arc","0",1.75,"model",0.09,0.231665917570795,0.0779737136832479,5
"1-3arc","0",1.75,"model",0.1,0.229862796617781,0.0763542065685528,5
"1-3arc","0",1.75,"model",0.11,0.230351974654505,0.076037700947425,5
"1-3arc","0",1.75,"model",0.12,0.221654196647903,0.079810350940375,5
"1-3arc","0",1.75,"model",0.13,0.221224729492662,0.0812472287749283,5
"1-3arc","0",1.75,"model",0.14,0.211533830726425,0.0716900700653349,5
"1-3arc","0",1.75,"model",0.15,0.187568140123192,0.0463112671601241,5
"1-3arc","0",1.75,"model",0.16,0.180315722135452,0.0335893202343781,5
"1-3arc","0",1.75,"model",0.17,0.169999848897368,0.0343808290112723,5
"1-3arc","0",1.75,"model",0.18,0.163210287404654,0.0262437675858665,5
"1-3arc","0",1.75,"model",0.19,0.158661370870436,0.0276543783095872,5
"1-3arc","0",1.75,"model",0.2,0.152582463480279,0.0213123891218839,5
"1-3arc","0",1.75,"model",0.21,0.151854080829912,0.0221970758356319,5
"1-3arc","0",1.75,"model",0.22,0.151095894930319,0.0213742806194973,5
"1-3arc","0",1.75,"model",0.23,0.150495225373376,0.0223903544214083,5
"1-3arc","0",1.75,"model",0.24,0.149858447245897,0.021366995506641,5
"1-3arc","0",1.75,"model",0.25,0.149283119740901,0.0202394551625013,5
"1-3arc","0",1.75,"model",0.26,0.147014941803028,0.0221400526869372,5
"1-3arc","0",1.75,"model",0.27,0.148825974766086,0.017607008442251,5
"1-3arc","0",1.75,"model",0.28,0.146550200024527,0.0187128067483222,5
"1-3arc","0",1.75,"model",0.29,0.145316611459113,0.0194143622146121,5
"1-3arc","0",1.75,"model",0.3,0.145551536904613,0.019115625928352,5
"1-3arc","0",1.75,"model",0.31,0.145791604512263,0.018411854976662,5
"1-3arc","0",1.75,"model",0.32,0.145962154566709,0.0184135221714127,5
"1-3arc","0",1.75,"model",0.33,0.151561320079704,0.0157386836905001,5
"1-3arc","0",1.75,"model",0.34,0.150800464057911,0.0160042698983442,5
"1-3arc","0",1.75,"model",0.35,0.150016197081601,0.0162885340155874,5
"1-3arc","0",1.75,"model",0.36,0.155142593148273,0.0178102827238923,5
"1-3arc","0",1.75,"model",0.37,0.154569834282043,0.0180634736572259,5
"1-3arc","0",1.75,"model",0.38,0.153978599323355,0.0183285137686863,5
"1-3arc","0",1.75,"model",0.39,0.155248403912791,0.015678127152984,5
"1-3arc","0",1.75,"model",0.4,0.159069374923288,0.0144903071966838,5
"1-3arc","0",1.75,"model",0.41,0.158685333003328,0.0146772453110364,5
"1-3arc","0",1.75,"model",0.42,0.158288048258541,0.0148802077051195,5
"1-3arc","0",1.75,"model",0.43,0.157876823698148,0.0151001364606908,5
"1-3arc","0",1.75,"model",0.44,0.157450912546312,0.0153380225382347,5
"1-3arc","0",1.75,"model",0.45,0.159415930828527,0.0118281907721936,5
"1-3arc","0",1.75,"model",0.46,0.159057213404419,0.0120572590991451,5
"1-3arc","0",1.75,"model",0.47,0.158684959473741,0.0123146746515521,5
"1-3arc","0",1.75,"model",0.48,0.161537254480951,0.00936966207709233,5
"1-3arc","0",1.75,"model",0.49,0.158326653592332,0.0153367786106119,5
"1-3arc","0",1.75,"model",0.5,0.158046452197579,0.0152685572250663,5
"1-3arc","0",1.75,"model",0.51,0.157754814011204,0.0152075158971754,5
"1-3arc","0",1.75,"model",0.52,0.161390418173124,0.0187951713075851,5
"1-3arc","0",1.75,"model",0.53,0.161234887502476,0.018849591179573,5
"1-3arc","0",1.75,"model",0.54,0.161072594628756,0.018913029472994,5
"1-3arc","0",1.75,"model",0.55,0.160903088738426,0.0189864678184972,5
"1-3arc","0",1.75,"model",0.56,0.1607258780349,0.0190709978401629,5
"1-3arc","0",1.75,"model",0.57,0.16054042497307,0.0191678342641277,5
"1-3arc","0",1.75,"model",0.58,0.160346140813057,0.0192783296968853,5
"1-3arc","0",1.75,"model",0.59,0.160142379376947,0.019403991310383,5
"1-3arc","0",1.75,"model",0.6,0.159928429869031,0.0195464997133307,5
"1-3arc","0",1.75,"model",0.61,0.159703508591478,0.0197077303409093,5
"1-3arc","0",1.75,"model",0.62,0.159466749351948,0.0198897777616086,5
"1-3arc","0",1.75,"model",0.63,0.165191587763767,0.0194522635732198,5
"1-3arc","0",1.75,"model",0.64,0.161912899239177,0.0210343564928486,5
"1-3arc","0",1.75,"model",0.65,0.161912899239177,0.0210343564928486,5
"1-3arc","0",1.75,"model",0.66,0.161912899239177,0.0210343564928486,5
"1-3arc","0",1.75,"model",0.67,0.161912899239177,0.0210343564928486,5
"1-3arc","0",1.75,"model",0.68,0.161912899239177,0.0210343564928486,5
"1-3arc","0",1.75,"model",0.69,0.161912899239177,0.0210343564928486,5
"1-3arc","0",1.75,"model",0.7,0.161912899239177,0.0210343564928486,5
"1-3arc","0",1.75,"model",0.71,0.161912899239177,0.0210343564928486,5
"1-3arc","0",1.75,"model",0.72,0.161912899239177,0.0210343564928486,5
"1-3arc","0",1.75,"model",0.73,0.152394182661637,0.029695832226341,5
"1-3arc","0",1.75,"model",0.74,0.145944234261224,0.0335012495290514,5
"1-3arc","0",1.75,"model",0.75,0.145944234261224,0.0335012495290514,5
"1-3arc","0",1.75,"model",0.76,0.142665545736634,0.0341027066788868,5
"1-3arc","0",1.75,"model",0.77,0.139386857212044,0.0362098532178384,5
"1-3arc","0",1.75,"model",0.78,0.13575049357568,0.0340120436630002,5
"1-3arc","0",1.75,"model",0.79,0.132114129939317,0.0336855482836326,5
"1-3arc","0",1.75,"model",0.8,0.128835441414727,0.0364795901317989,5
"1-3arc","0",1.75,"model",0.81,0.128835441414727,0.0364795901317989,5
"1-3arc","0",1.75,"model",0.82,0.121690305848538,0.0344359705288824,5
"1-3arc","0",1.75,"model",0.83,0.121690305848538,0.0344359705288824,5
"1-3arc","0",1.75,"model",0.84,0.121690305848538,0.0344359705288824,5
"1-3arc","0",1.75,"model",0.85,0.121690305848538,0.0344359705288824,5
"1-3arc","0",1.75,"model",0.86,0.111284982194576,0.0196590290498185,5
"1-3arc","0",1.75,"model",0.87,0.104327934402682,0.0121021481917104,5
"1-3arc","0",1.75,"model",0.88,0.104327934402682,0.0121021481917104,5
"1-3arc","0",1.75,"model",0.89,0.104327934402682,0.0121021481917104,5
"1-3arc","0",1.75,"model",0.9,0.101386757932094,0.017551148777211,5
"1-3arc","0",1.75,"model",0.91,0.101386757932094,0.017551148777211,5
"1-3arc","0",1.75,"model",0.92,0.101386757932094,0.017551148777211,5
"1-3arc","0",1.75,"model",0.93,0.101386757932094,0.017551148777211,5
"1-3arc","0",1.75,"model",0.94,0.101386757932094,0.017551148777211,5
"1-3arc","0",1.75,"model",0.95,0.0979384820700251,0.0141806758989108,5
"1-3arc","0",1.75,"model",0.96,0.0910234299090713,0.013649317354079,5
"1-3arc","0",1.75,"model",0.97,0.0910234299090713,0.013649317354079,5
"1-3arc","0",1.75,"model",0.98,0.0910234299090713,0.013649317354079,5
"1-3arc","0",1.75,"model",0.99,0.0807271975248321,0.0159114144631385,5
"1-3arc","0",1.75,"treat_all",0.01,0.363527354864225,0.0298293514087019,5
"1-3arc","0",1.75,"treat_all",0.02,0.357032736036309,0.0301337325455254,5
"1-3arc","0",1.75,"treat_all",0.03,0.350404207541837,0.0304443895820772,5
"1-3arc","0",1.75,"treat_all",0.04,0.343637584703732,0.0307615186402238,5
"1-3arc","0",1.75,"treat_all",0.05,0.336728506647981,0.0310853240995946,5
"1-3arc","0",1.75,"treat_all",0.06,0.329672426931471,0.0314160190368243,5
"1-3arc","0",1.75,"treat_all",0.07,0.322464603565142,0.0317538256931342,5
"1-3arc","0",1.75,"treat_all",0.08,0.315100088386503,0.0320989759724075,5
"1-3arc","0",1.75,"treat_all",0.09,0.307573715731409,0.0324517119721042,5
"1-3arc","0",1.75,"treat_all",0.1,0.299880090350647,0.0328122865495721,5
"1-3arc","0",1.75,"treat_all",0.11,0.29201357451189,0.0331809639265335,5
"1-3arc","0",1.75,"treat_all",0.12,0.283968274222253,0.0335580203347896,5
"1-3arc","0",1.75,"treat_all",0.13,0.275738024500669,0.0339437447064539,5
"1-3arc","0",1.75,"treat_all",0.14,0.26731637362277,0.0343384394123429,5
"1-3arc","0",1.75,"treat_all",0.15,0.258696566253626,0.0347424210524881,5
"1-3arc","0",1.75,"treat_all",0.16,0.249871525375693,0.0351560213031129,5
"1-3arc","0",1.75,"treat_all",0.17,0.24083383291034,0.0355795878248372,5
"1-3arc","0",1.75,"treat_all",0.18,0.231575708921442,0.0360134852373352,5
"1-3arc","0",1.75,"treat_all",0.19,0.222088989278497,0.0364580961661912,5
"1-3arc","0",1.75,"treat_all",0.2,0.212365101644478,0.0369138223682686,5
"1-3arc","0",1.75,"treat_all",0.21,0.202395039639978,0.0373810859425504,5
"1-3arc","0",1.75,"treat_all",0.22,0.192169335019977,0.0378603306341216,5
"1-3arc","0",1.75,"treat_all",0.23,0.181678027682575,0.0383520232397596,5
"1-3arc","0",1.75,"treat_all",0.24,0.170910633309977,0.0388566551244932,5
"1-3arc","0",1.75,"treat_all",0.25,0.159856108420776,0.0393747438594865,5
"1-3arc","0",1.75,"treat_all",0.26,0.148502812588625,0.0399068349927228,5
"1-3arc","0",1.75,"treat_all",0.27,0.136838467555592,0.0404535039652258,5
"1-3arc","0",1.75,"treat_all",0.28,0.124850112938309,0.0410153581869651,5
"1-3arc","0",1.75,"treat_all",0.29,0.112524058190961,0.0415930392881899,5
"1-3arc","0",1.75,"treat_all",0.3,0.0998458304508319,0.0421872255637355,5
"1-3arc","0",1.75,"treat_all",0.31,0.0868001178486701,0.0427986346298766,5
"1-3arc","0",1.75,"treat_all",0.32,0.0733707078170329,0.0434280263156101,5
"1-3arc","0",1.75,"treat_all",0.33,0.0595404198740035,0.044076205812858,5
"1-3arc","0",1.75,"treat_all",0.34,0.0452910322963369,0.0447440271130528,5
"1-3arc","0",1.75,"treat_all",0.35,0.0306032020239728,0.045432396760946,5
"1-3arc","0",1.75,"treat_all",0.36,0.0154563770555974,0.0461422779603357,5
"1-3arc","0",1.75,"treat_all",0.37,-0.000171299499075617,0.0468746950708172,5
"1-3arc","0",1.75,"treat_all",0.38,-0.0163030946522865,0.0476307385397014,5
"1-3arc","0",1.75,"treat_all",0.39,-0.0329638011219962,0.0484115703190408,5
"1-3arc","0",1.75,"treat_all",0.4,-0.0501798644740294,0.0492184298243581,5
"1-3arc","0",1.75,"treat_all",0.41,-0.0679795231939282,0.0500526404993472,5
"1-3arc","0",1.75,"treat_all",0.42,-0.086392963248996,0.0509156170596808,5
"1-3arc","0",1.75,"treat_all",0.43,-0.105452488920031,0.0518088734993243,5
"1-3arc","0",1.75,"treat_all",0.44,-0.12519271193646,0.0527340319546694,5
"1-3arc","0",1.75,"treat_all",0.45,-0.145650761244396,0.0536928325356634,5
"1-3arc","0",1.75,"treat_all",0.46,-0.166866516082255,0.0546871442492868,5
"1-3arc","0",1.75,"treat_all",0.47,-0.188882865442297,0.0557189771596507,5
"1-3arc","0",1.75,"treat_all",0.48,-0.211745997470034,0.0567904959511824,5
"1-3arc","0",1.75,"treat_all",0.49,-0.235505722910623,0.0579040350874801,5
"1-3arc","0",1.75,"treat_all",0.5,-0.260215837368835,0.0590621157892297,5
"1-3arc","0",1.75,"treat_all",0.51,-0.285934527927383,0.0602674650910507,5
"1-3arc","0",1.75,"treat_all",0.52,-0.312724830592537,0.0615230372804477,5
"1-3arc","0",1.75,"treat_all",0.53,-0.340655146137059,0.0628320380736487,5
"1-3arc","0",1.75,"treat_all",0.54,-0.369799823226995,0.0641979519448149,5
"1-3arc","0",1.75,"treat_all",0.55,-0.400239819298706,0.0656245730991441,5
"1-3arc","0",1.75,"treat_all",0.56,-0.432063451555495,0.0671160406695792,5
"1-3arc","0",1.75,"treat_all",0.57,-0.46536725275446,0.0686768788246858,5
"1-3arc","0",1.75,"treat_all",0.58,-0.500256949248614,0.0703120426062258,5
"1-3arc","0",1.75,"treat_all",0.59,-0.536848582157116,0.0720269704746704,5
"1-3arc","0",1.75,"treat_all",0.6,-0.575269796711044,0.0738276447365372,5
"1-3arc","0",1.75,"treat_all",0.61,-0.615661329960045,0.0757206612682432,5
"1-3arc","0",1.75,"treat_all",0.62,-0.658178733380046,0.0777133102489865,5
"1-3arc","0",1.75,"treat_all",0.63,-0.70299437482275,0.0798136699854456,5
"1-3arc","0",1.75,"treat_all",0.64,-0.750299774123382,0.0820307163739302,5
"1-3arc","0",1.75,"treat_all",0.65,-0.800308339098336,0.0843744511274711,5
"1-3arc","0",1.75,"treat_all",0.66,-0.853258584365934,0.0868560526312202,5
"1-3arc","0",1.75,"treat_all",0.67,-0.909417935407327,0.0894880542261056,5
"1-3arc","0",1.75,"treat_all",0.68,-0.969087245888805,0.0922845559206716,5
"1-3arc","0",1.75,"treat_all",0.69,-1.03260618930457,0.0952614770794028,5
"1-3arc","0",1.75,"treat_all",0.7,-1.10035972894806,0.0984368596487162,5
"1-3arc","0",1.75,"treat_all",0.71,-1.17278592649799,0.101831234119362,5
"1-3arc","0",1.75,"treat_all",0.72,-1.25038542387292,0.105468063909339,5
"1-3arc","0",1.75,"treat_all",0.73,-1.33373303216451,0.109374288498574,5
"1-3arc","0",1.75,"treat_all",0.74,-1.42349199494007,0.113580991902365,5
"1-3arc","0",1.75,"treat_all",0.75,-1.52043167473767,0.118124231578459,5
"1-3arc","0",1.75,"treat_all",0.76,-1.62544966118507,0.123046074560895,5
"1-3arc","0",1.75,"treat_all",0.77,-1.73959964645399,0.12839590388963,5
"1-3arc","0",1.75,"treat_all",0.78,-1.86412690311099,0.134232081339158,5
"1-3arc","0",1.75,"treat_all",0.79,-2.00051389849723,0.140624085212452,5
"1-3arc","0",1.75,"treat_all",0.8,-2.15053959342209,0.147655289473074,5
"1-3arc","0",1.75,"treat_all",0.81,-2.31635746676009,0.155426620497973,5
"1-3arc","0",1.75,"treat_all",0.82,-2.50059954824677,0.16406143274786,5
"1-3arc","0",1.75,"treat_all",0.83,-2.70651716873187,0.17371210526244,5
"1-3arc","0",1.75,"treat_all",0.84,-2.93817449177761,0.184569111841343,5
"1-3arc","0",1.75,"treat_all",0.85,-3.20071945789612,0.196873719297432,5
"1-3arc","0",1.75,"treat_all",0.86,-3.50077084774584,0.210936127818678,5
"1-3arc","0",1.75,"treat_all",0.87,-3.84698398988014,0.22716198380473,5
"1-3arc","0",1.75,"treat_all",0.88,-4.25089932237015,0.246092149121791,5
"1-3arc","0",1.75,"treat_all",0.89,-4.72825380622198,0.268464162678318,5
"1-3arc","0",1.75,"treat_all",0.9,-5.30107918684418,0.295310578946149,5
"1-3arc","0",1.75,"treat_all",0.91,-6.00119909649353,0.328122865495721,5
"1-3arc","0",1.75,"treat_all",0.92,-6.87634898355522,0.369138223682686,5
"1-3arc","0",1.75,"treat_all",0.93,-8.00154169549169,0.421872255637355,5
"1-3arc","0",1.75,"treat_all",0.94,-9.5017986447403,0.492184298243581,5
"1-3arc","0",1.75,"treat_all",0.95,-11.6021583736884,0.590621157892298,5
"1-3arc","0",1.75,"treat_all",0.96,-14.7526979671105,0.738276447365373,5
"1-3arc","0",1.75,"treat_all",0.97,-20.0035972894806,0.984368596487161,5
"1-3arc","0",1.75,"treat_all",0.98,-30.5053959342209,1.47655289473074,5
"1-3arc","0",1.75,"treat_all",0.99,-62.0107918684417,2.95310578946148,5
"1-3arc","0",1.75,"treat_none",0.01,0,0,5
"1-3arc","0",1.75,"treat_none",0.02,0,0,5
"1-3arc","0",1.75,"treat_none",0.03,0,0,5
"1-3arc","0",1.75,"treat_none",0.04,0,0,5
"1-3arc","0",1.75,"treat_none",0.05,0,0,5
"1-3arc","0",1.75,"treat_none",0.06,0,0,5
"1-3arc","0",1.75,"treat_none",0.07,0,0,5
"1-3arc","0",1.75,"treat_none",0.08,0,0,5
"1-3arc","0",1.75,"treat_none",0.09,0,0,5
"1-3arc","0",1.75,"treat_none",0.1,0,0,5
"1-3arc","0",1.75,"treat_none",0.11,0,0,5
"1-3arc","0",1.75,"treat_none",0.12,0,0,5
"1-3arc","0",1.75,"treat_none",0.13,0,0,5
"1-3arc","0",1.75,"treat_none",0.14,0,0,5
"1-3arc","0",1.75,"treat_none",0.15,0,0,5
"1-3arc","0",1.75,"treat_none",0.16,0,0,5
"1-3arc","0",1.75,"treat_none",0.17,0,0,5
"1-3arc","0",1.75,"treat_none",0.18,0,0,5
"1-3arc","0",1.75,"treat_none",0.19,0,0,5
"1-3arc","0",1.75,"treat_none",0.2,0,0,5
"1-3arc","0",1.75,"treat_none",0.21,0,0,5
"1-3arc","0",1.75,"treat_none",0.22,0,0,5
"1-3arc","0",1.75,"treat_none",0.23,0,0,5
"1-3arc","0",1.75,"treat_none",0.24,0,0,5
"1-3arc","0",1.75,"treat_none",0.25,0,0,5
"1-3arc","0",1.75,"treat_none",0.26,0,0,5
"1-3arc","0",1.75,"treat_none",0.27,0,0,5
"1-3arc","0",1.75,"treat_none",0.28,0,0,5
"1-3arc","0",1.75,"treat_none",0.29,0,0,5
"1-3arc","0",1.75,"treat_none",0.3,0,0,5
"1-3arc","0",1.75,"treat_none",0.31,0,0,5
"1-3arc","0",1.75,"treat_none",0.32,0,0,5
"1-3arc","0",1.75,"treat_none",0.33,0,0,5
"1-3arc","0",1.75,"treat_none",0.34,0,0,5
"1-3arc","0",1.75,"treat_none",0.35,0,0,5
"1-3arc","0",1.75,"treat_none",0.36,0,0,5
"1-3arc","0",1.75,"treat_none",0.37,0,0,5
"1-3arc","0",1.75,"treat_none",0.38,0,0,5
"1-3arc","0",1.75,"treat_none",0.39,0,0,5
"1-3arc","0",1.75,"treat_none",0.4,0,0,5
"1-3arc","0",1.75,"treat_none",0.41,0,0,5
"1-3arc","0",1.75,"treat_none",0.42,0,0,5
"1-3arc","0",1.75,"treat_none",0.43,0,0,5
"1-3arc","0",1.75,"treat_none",0.44,0,0,5
"1-3arc","0",1.75,"treat_none",0.45,0,0,5
"1-3arc","0",1.75,"treat_none",0.46,0,0,5
"1-3arc","0",1.75,"treat_none",0.47,0,0,5
"1-3arc","0",1.75,"treat_none",0.48,0,0,5
"1-3arc","0",1.75,"treat_none",0.49,0,0,5
"1-3arc","0",1.75,"treat_none",0.5,0,0,5
"1-3arc","0",1.75,"treat_none",0.51,0,0,5
"1-3arc","0",1.75,"treat_none",0.52,0,0,5
"1-3arc","0",1.75,"treat_none",0.53,0,0,5
"1-3arc","0",1.75,"treat_none",0.54,0,0,5
"1-3arc","0",1.75,"treat_none",0.55,0,0,5
"1-3arc","0",1.75,"treat_none",0.56,0,0,5
"1-3arc","0",1.75,"treat_none",0.57,0,0,5
"1-3arc","0",1.75,"treat_none",0.58,0,0,5
"1-3arc","0",1.75,"treat_none",0.59,0,0,5
"1-3arc","0",1.75,"treat_none",0.6,0,0,5
"1-3arc","0",1.75,"treat_none",0.61,0,0,5
"1-3arc","0",1.75,"treat_none",0.62,0,0,5
"1-3arc","0",1.75,"treat_none",0.63,0,0,5
"1-3arc","0",1.75,"treat_none",0.64,0,0,5
"1-3arc","0",1.75,"treat_none",0.65,0,0,5
"1-3arc","0",1.75,"treat_none",0.66,0,0,5
"1-3arc","0",1.75,"treat_none",0.67,0,0,5
"1-3arc","0",1.75,"treat_none",0.68,0,0,5
"1-3arc","0",1.75,"treat_none",0.69,0,0,5
"1-3arc","0",1.75,"treat_none",0.7,0,0,5
"1-3arc","0",1.75,"treat_none",0.71,0,0,5
"1-3arc","0",1.75,"treat_none",0.72,0,0,5
"1-3arc","0",1.75,"treat_none",0.73,0,0,5
"1-3arc","0",1.75,"treat_none",0.74,0,0,5
"1-3arc","0",1.75,"treat_none",0.75,0,0,5
"1-3arc","0",1.75,"treat_none",0.76,0,0,5
"1-3arc","0",1.75,"treat_none",0.77,0,0,5
"1-3arc","0",1.75,"treat_none",0.78,0,0,5
"1-3arc","0",1.75,"treat_none",0.79,0,0,5
"1-3arc","0",1.75,"treat_none",0.8,0,0,5
"1-3arc","0",1.75,"treat_none",0.81,0,0,5
"1-3arc","0",1.75,"treat_none",0.82,0,0,5
"1-3arc","0",1.75,"treat_none",0.83,0,0,5
"1-3arc","0",1.75,"treat_none",0.84,0,0,5
"1-3arc","0",1.75,"treat_none",0.85,0,0,5
"1-3arc","0",1.75,"treat_none",0.86,0,0,5
"1-3arc","0",1.75,"treat_none",0.87,0,0,5
"1-3arc","0",1.75,"treat_none",0.88,0,0,5
"1-3arc","0",1.75,"treat_none",0.89,0,0,5
"1-3arc","0",1.75,"treat_none",0.9,0,0,5
"1-3arc","0",1.75,"treat_none",0.91,0,0,5
"1-3arc","0",1.75,"treat_none",0.92,0,0,5
"1-3arc","0",1.75,"treat_none",0.93,0,0,5
"1-3arc","0",1.75,"treat_none",0.94,0,0,5
"1-3arc","0",1.75,"treat_none",0.95,0,0,5
"1-3arc","0",1.75,"treat_none",0.96,0,0,5
"1-3arc","0",1.75,"treat_none",0.97,0,0,5
"1-3arc","0",1.75,"treat_none",0.98,0,0,5
"1-3arc","0",1.75,"treat_none",0.99,0,0,5
"1-3arc","0",2,"model",0.01,0.341471212039449,0.0355983742630376,3
"1-3arc","0",2,"model",0.02,0.335011925464541,0.0358551898547598,3
"1-3arc","0",2,"model",0.03,0.328938590700809,0.0358128547502901,3
"1-3arc","0",2,"model",0.04,0.318796663306996,0.0367548739851715,3
"1-3arc","0",2,"model",0.05,0.310770443946586,0.0435239954195874,3
"1-3arc","0",2,"model",0.06,0.292864778665604,0.0373101625522104,3
"1-3arc","0",2,"model",0.07,0.27427589767036,0.0371480109388981,3
"1-3arc","0",2,"model",0.08,0.272703834361783,0.039750342518581,3
"1-3arc","0",2,"model",0.09,0.265392159006347,0.0386067725568437,3
"1-3arc","0",2,"model",0.1,0.252997737589381,0.0325868511676977,3
"1-3arc","0",2,"model",0.11,0.252150511229589,0.0340665413877531,3
"1-3arc","0",2,"model",0.12,0.251384143333727,0.0387669896576889,3
"1-3arc","0",2,"model",0.13,0.237275553473844,0.0493458692399955,3
"1-3arc","0",2,"model",0.14,0.206454721985499,0.0527623055643034,3
"1-3arc","0",2,"model",0.15,0.192160334029741,0.0550920677042772,3
"1-3arc","0",2,"model",0.16,0.192539615395997,0.0612112300581386,3
"1-3arc","0",2,"model",0.17,0.190481394785931,0.0667344571253971,3
"1-3arc","0",2,"model",0.18,0.167887599069006,0.0314701766525675,3
"1-3arc","0",2,"model",0.19,0.156992896465202,0.0392984493472886,3
"1-3arc","0",2,"model",0.2,0.14591982745565,0.0288171340804122,3
"1-3arc","0",2,"model",0.21,0.141608482791541,0.0275754710537715,3
"1-3arc","0",2,"model",0.22,0.140023363706956,0.0291838934039861,3
"1-3arc","0",2,"model",0.23,0.140002993658855,0.0312434844460647,3
"1-3arc","0",2,"model",0.24,0.139908357115352,0.0305718662226842,3
"1-3arc","0",2,"model",0.25,0.141501337775758,0.0271807457660467,3
"1-3arc","0",2,"model",0.26,0.141741610008385,0.0259821825784146,3
"1-3arc","0",2,"model",0.27,0.137674319748878,0.0356705050326409,3
"1-3arc","0",2,"model",0.28,0.14029440931006,0.0351690622679818,3
"1-3arc","0",2,"model",0.29,0.139158418947574,0.0365540661081902,3
"1-3arc","0",2,"model",0.3,0.140002044152195,0.0345328117924049,3
"1-3arc","0",2,"model",0.31,0.138896930453447,0.0358317264547913,3
"1-3arc","0",2,"model",0.32,0.144387316724619,0.0258592114633927,3
"1-3arc","0",2,"model",0.33,0.14635555712484,0.0301672581663629,3
"1-3arc","0",2,"model",0.34,0.145596955628446,0.0311721248150371,3
"1-3arc","0",2,"model",0.35,0.144815012547548,0.0322085480678551,3
"1-3arc","0",2,"model",0.36,0.144008633745372,0.0332779741234727,3
"1-3arc","0",2,"model",0.37,0.143176655616142,0.0343819432117834,3
"1-3arc","0",2,"model",0.38,0.142317839482744,0.0355220969979785,3
"1-3arc","0",2,"model",0.39,0.136736029762582,0.0445407519343069,3
"1-3arc","0",2,"model",0.4,0.135819489921857,0.0457642550916905,3
"1-3arc","0",2,"model",0.41,0.138607984451394,0.049235311964155,3
"1-3arc","0",2,"model",0.42,0.137784810457107,0.050652221182588,3
"1-3arc","0",2,"model",0.43,0.136932753164774,0.0521193560611819,3
"1-3arc","0",2,"model",0.44,0.136050265254859,0.0536393901798888,3
"1-3arc","0",2,"model",0.45,0.135135686875492,0.0552151923023213,3
"1-3arc","0",2,"model",0.46,0.134187235222815,0.0568498444092471,3
"1-3arc","0",2,"model",0.47,0.133202992941735,0.0585466617760068,3
"1-3arc","0",2,"model",0.48,0.132180895188306,0.0603092153688342,3
"1-3arc","0",2,"model",0.49,0.131118715170036,0.0621413568782008,3
"1-3arc","0",2,"model",0.5,0.130014047951036,0.0640472467582219,3
"1-3arc","0",2,"model",0.51,0.128864292274117,0.0660313857014211,3
"1-3arc","0",2,"model",0.52,0.12766663011066,0.0680986500497114,3
"1-3arc","0",2,"model",0.53,0.126418003599822,0.0702543317277119,3
"1-3arc","0",2,"model",0.54,0.125115088979817,0.0725041833864644,3
"1-3arc","0",2,"model",0.55,0.129492399542063,0.0649474025961965,3
"1-3arc","0",2,"model",0.56,0.128306834976217,0.0669935483195756,3
"1-3arc","0",2,"model",0.57,0.127066127872425,0.0691353279428176,3
"1-3arc","0",2,"model",0.58,0.132249683989489,0.0601905783974076,3
"1-3arc","0",2,"model",0.59,0.13115912982439,0.062071637891543,3
"1-3arc","0",2,"model",0.6,0.137056301472163,0.051906591027329,3
"1-3arc","0",2,"model",0.61,0.136153448456634,0.0534616381502892,3
"1-3arc","0",2,"model",0.62,0.13520307686134,0.0550990643338829,3
"1-3arc","0",2,"model",0.63,0.134201333828463,0.0568255420999364,3
"1-3arc","0",2,"model",0.64,0.127767594318848,0.0554291091031218,3
"1-3arc","0",2,"model",0.65,0.126649776299622,0.0573077885130288,3
"1-3arc","0",2,"model",0.66,0.125466204279265,0.0593010059954869,3
"1-3arc","0",2,"model",0.67,0.12421090062131,0.0614191098479049,3
"1-3arc","0",2,"model",0.68,0.132853666306329,0.0469400938195033,3
"1-3arc","0",2,"model",0.69,0.142356922402043,0.0315526620078482,3
"1-3arc","0",2,"model",0.7,0.141852101361102,0.0323435023875717,3
"1-3arc","0",2,"model",0.71,0.141312465075958,0.0331935180022888,3
"1-3arc","0",2,"model",0.72,0.135357939255854,0.0343328855355331,3
"1-3arc","0",2,"model",0.73,0.129360585159151,0.0376281978937735,3
"1-3arc","0",2,"model",0.74,0.128691805147648,0.0383481863016415,3
"1-3arc","0",2,"model",0.75,0.127969522735225,0.0391494048174346,3
"1-3arc","0",2,"model",0.76,0.127187050121766,0.0400434147731891,3
"1-3arc","0",2,"model",0.77,0.120589409974704,0.031452348779259,3
"1-3arc","0",2,"model",0.78,0.108538106313412,0.0256233882813854,3
"1-3arc","0",2,"model",0.79,0.119436306381112,0.0220621555952399,3
"1-3arc","0",2,"model",0.8,0.11368917994433,0.0237532657634827,3
"1-3arc","0",2,"model",0.81,0.11368917994433,0.0237532657634827,3
"1-3arc","0",2,"model",0.82,0.11368917994433,0.0237532657634827,3
"1-3arc","0",2,"model",0.83,0.11368917994433,0.0237532657634827,3
"1-3arc","0",2,"model",0.84,0.11368917994433,0.0237532657634827,3
"1-3arc","0",2,"model",0.85,0.11368917994433,0.0237532657634827,3
"1-3arc","0",2,"model",0.86,0.11368917994433,0.0237532657634827,3
"1-3arc","0",2,"model",0.87,0.108994344263579,0.0157437209693091,3
"1-3arc","0",2,"model",0.88,0.108994344263579,0.0157437209693091,3
"1-3arc","0",2,"model",0.89,0.108994344263579,0.0157437209693091,3
"1-3arc","0",2,"model",0.9,0.108994344263579,0.0157437209693091,3
"1-3arc","0",2,"model",0.91,0.0996046729020769,0.00345045768901539,3
"1-3arc","0",2,"model",0.92,0.0996046729020769,0.00345045768901539,3
"1-3arc","0",2,"model",0.93,0.0949098372213257,0.00960726032951569,3
"1-3arc","0",2,"model",0.94,0.0895334931353042,0.01220427854866,3
"1-3arc","0",2,"model",0.95,0.0895334931353042,0.01220427854866,3
"1-3arc","0",2,"model",0.96,0.0837863666985226,0.00285004468757223,3
"1-3arc","0",2,"model",0.97,0.078039240261741,0.00809183960735506,3
"1-3arc","0",2,"model",0.98,0.078039240261741,0.00809183960735506,3
"1-3arc","0",2,"model",0.99,0.0632732248142172,0.00640484021967712,3
"1-3arc","0",2,"treat_all",0.01,0.34141690553353,0.0355824456648729,3
"1-3arc","0",2,"treat_all",0.02,0.334696669875709,0.0359455318451267,3
"1-3arc","0",2,"treat_all",0.03,0.327837872657932,0.0363161043383754,3
"1-3arc","0",2,"treat_all",0.04,0.320836183831452,0.0366943970919002,3
"1-3arc","0",2,"treat_all",0.05,0.313687091029678,0.0370806539033939,3
"1-3arc","0",2,"treat_all",0.06,0.306385889870419,0.0374751289449193,3
"1-3arc","0",2,"treat_all",0.07,0.298927673632467,0.0378780873206712,3
"1-3arc","0",2,"treat_all",0.08,0.291307322258907,0.0382898056611132,3
"1-3arc","0",2,"treat_all",0.09,0.283519490635378,0.0387105727562903,3
"1-3arc","0",2,"treat_all",0.1,0.275558596086883,0.0391406902313602,3
"1-3arc","0",2,"treat_all",0.11,0.267418805031679,0.0395804732676676,3
"1-3arc","0",2,"treat_all",0.12,0.259094018725221,0.040030251372982,3
"1-3arc","0",2,"treat_all",0.13,0.250577858020913,0.0404903692048554,3
"1-3arc","0",2,"treat_all",0.14,0.241863647067668,0.0409611874514235,3
"1-3arc","0",2,"treat_all",0.15,0.232944395856699,0.0414430837743814,3
"1-3arc","0",2,"treat_all",0.16,0.22381278152166,0.0419364538193145,3
"1-3arc","0",2,"treat_all",0.17,0.214461128286981,0.0424417122990653,3
"1-3arc","0",2,"treat_all",0.18,0.204881385949017,0.042959294156371,3
"1-3arc","0",2,"treat_all",0.19,0.195065106763203,0.0434896558126224,3
"1-3arc","0",2,"treat_all",0.2,0.185003420597743,0.0440332765102802,3
"1-3arc","0",2,"treat_all",0.21,0.174687008200246,0.0445906597572458,3
"1-3arc","0",2,"treat_all",0.22,0.164106072407941,0.0451623348823387,3
"1-3arc","0",2,"treat_all",0.23,0.153250307114538,0.0457488587119795,3
"1-3arc","0",2,"treat_all",0.24,0.142108863787098,0.0463508173792423,3
"1-3arc","0",2,"treat_all",0.25,0.130670315304259,0.0469688282776322,3
"1-3arc","0",2,"treat_all",0.26,0.118922616862425,0.0476035421732759,3
"1-3arc","0",2,"treat_all",0.27,0.106853063668759,0.0482556454907181,3
"1-3arc","0",2,"treat_all",0.28,0.0944482451086032,0.0489258627892003,3
"1-3arc","0",2,"treat_all",0.29,0.0816939950397103,0.0496149594482031,3
"1-3arc","0",2,"treat_all",0.3,0.0685753378259919,0.0503237445831774,3
"1-3arc","0",2,"treat_all",0.31,0.0550764296785425,0.0510530742148177,3
"1-3arc","0",2,"treat_all",0.32,0.041180494820874,0.0518038547179767,3
"1-3arc","0",2,"treat_all",0.33,0.0268697559376034,0.0525770465794391,3
"1-3arc","0",2,"treat_all",0.34,0.0121253583002944,0.0533736684973094,3
"1-3arc","0",2,"treat_all",0.35,-0.0030727131104703,0.0541948018588064,3
"1-3arc","0",2,"treat_all",0.36,-0.0187457242528214,0.0550415956378503,3
"1-3arc","0",2,"treat_all",0.37,-0.0349162913044535,0.055915271759086,3
"1-3arc","0",2,"treat_all",0.38,-0.0516084895512995,0.0568171309810067,3
"1-3arc","0",2,"treat_all",0.39,-0.0688479729865667,0.0577485593577445,3
"1-3arc","0",2,"treat_all",0.4,-0.0866621058696762,0.0587110353470403,3
"1-3arc","0",2,"treat_all",0.41,-0.105080107664077,0.0597061376410579,3
"1-3arc","0",2,"treat_all",0.42,-0.124133212968631,0.0607355538072831,3
"1-3arc","0",2,"treat_all",0.43,-0.14385484828387,0.0618010898389898,3
"1-3arc","0",2,"treat_all",0.44,-0.16428082771751,0.0629046807289717,3
"1-3arc","0",2,"treat_all",0.45,-0.185449570039647,0.0640484021967712,3
"1-3arc","0",2,"treat_all",0.46,-0.207402339855196,0.0652344837189337,3
"1-3arc","0",2,"treat_all",0.47,-0.230183516078879,0.0664653230343853,3
"1-3arc","0",2,"treat_all",0.48,-0.253840891388088,0.067743502323508,3
"1-3arc","0",2,"treat_all",0.49,-0.278426006905501,0.0690718062906356,3
"1-3arc","0",2,"treat_all",0.5,-0.303994527043611,0.0704532424164483,3
"1-3arc","0",2,"treat_all",0.51,-0.330606660248583,0.0718910636902535,3
"1-3arc","0",2,"treat_all",0.52,-0.358327632337095,0.0733887941838004,3
"1-3arc","0",2,"treat_all",0.53,-0.387228220259161,0.0749502578898386,3
"1-3arc","0",2,"treat_all",0.54,-0.417385355482186,0.0765796113222264,3
"1-3arc","0",2,"treat_all",0.55,-0.448882807826235,0.0782813804627204,3
"1-3arc","0",2,"treat_all",0.56,-0.481811962549558,0.080060502745964,3
"1-3arc","0",2,"treat_all",0.57,-0.516272705864665,0.0819223749028469,3
"1-3arc","0",2,"treat_all",0.58,-0.55237443695668,0.0838729076386289,3
"1-3arc","0",2,"treat_all",0.59,-0.590237228101965,0.0859185883127419,3
"1-3arc","0",2,"treat_all",0.6,-0.629993158804514,0.0880665530205604,3
"1-3arc","0",2,"treat_all",0.61,-0.671787855184117,0.0903246697646774,3
"1-3arc","0",2,"treat_all",0.62,-0.715782272425804,0.0927016347584846,3
"1-3arc","0",2,"treat_all",0.63,-0.76215476627515,0.0952070843465518,3
"1-3arc","0",2,"treat_all",0.64,-0.811103509782794,0.0978517255784004,3
"1-3arc","0",2,"treat_all",0.65,-0.862849324348016,0.100647489166355,3
"1-3arc","0",2,"treat_all",0.66,-0.917639010358252,0.103607709435953,3
"1-3arc","0",2,"treat_all",0.67,-0.975749283399411,0.106747336994619,3
"1-3arc","0",2,"treat_all",0.68,-1.03749144850564,0.110083191275701,3
"1-3arc","0",2,"treat_all",0.69,-1.1032169791026,0.113634261962014,3
"1-3arc","0",2,"treat_all",0.7,-1.17332421173935,0.117422070694081,3
"1-3arc","0",2,"treat_all",0.71,-1.24826642593726,0.121471107614566,3
"1-3arc","0",2,"treat_all",0.72,-1.32856165543502,0.125809361457943,3
"1-3arc","0",2,"treat_all",0.73,-1.41480467971039,0.130468967437867,3
"1-3arc","0",2,"treat_all",0.74,-1.50768178277618,0.135487004647016,3
"1-3arc","0",2,"treat_all",0.75,-1.60798905408722,0.140906484832897,3
"1-3arc","0",2,"treat_all",0.76,-1.71665526467419,0.146777588367601,3
"1-3arc","0",2,"treat_all",0.77,-1.83477071096437,0.153159222644453,3
"1-3arc","0",2,"treat_all",0.78,-1.96362392509912,0.160121005491928,3
"1-3arc","0",2,"treat_all",0.79,-2.10474887391336,0.167745815277258,3
"1-3arc","0",2,"treat_all",0.8,-2.25998631760903,0.176133106041121,3
"1-3arc","0",2,"treat_all",0.81,-2.43156454485161,0.185403269516969,3
"1-3arc","0",2,"treat_all",0.82,-2.62220701956559,0.195703451156801,3
"1-3arc","0",2,"treat_all",0.83,-2.83527802071651,0.207215418871907,3
"1-3arc","0",2,"treat_all",0.84,-3.07498289701129,0.220166382551401,3
"1-3arc","0",2,"treat_all",0.85,-3.3466484234787,0.234844141388161,3
"1-3arc","0",2,"treat_all",0.86,-3.65712331087004,0.251618722915887,3
"1-3arc","0",2,"treat_all",0.87,-4.01536356555235,0.270974009294032,3
"1-3arc","0",2,"treat_all",0.88,-4.43331052934838,0.293555176735202,3
"1-3arc","0",2,"treat_all",0.89,-4.92724785019823,0.320242010983857,3
"1-3arc","0",2,"treat_all",0.9,-5.51997263521806,0.352266212082242,3
"1-3arc","0",2,"treat_all",0.91,-6.24441403913118,0.391406902313602,3
"1-3arc","0",2,"treat_all",0.92,-7.14996579402258,0.440332765102802,3
"1-3arc","0",2,"treat_all",0.93,-8.31424662174009,0.503237445831774,3
"1-3arc","0",2,"treat_all",0.94,-9.86662105869677,0.587110353470402,3
"1-3arc","0",2,"treat_all",0.95,-12.0399452704361,0.704532424164484,3
"1-3arc","0",2,"treat_all",0.96,-15.2999315880452,0.880665530205606,3
"1-3arc","0",2,"treat_all",0.97,-20.7332421173935,1.17422070694081,3
"1-3arc","0",2,"treat_all",0.98,-31.5998631760903,1.76133106041121,3
"1-3arc","0",2,"treat_all",0.99,-64.1997263521805,3.52266212082241,3
"1-3arc","0",2,"treat_none",0.01,0,0,3
"1-3arc","0",2,"treat_none",0.02,0,0,3
"1-3arc","0",2,"treat_none",0.03,0,0,3
"1-3arc","0",2,"treat_none",0.04,0,0,3
"1-3arc","0",2,"treat_none",0.05,0,0,3
"1-3arc","0",2,"treat_none",0.06,0,0,3
"1-3arc","0",2,"treat_none",0.07,0,0,3
"1-3arc","0",2,"treat_none",0.08,0,0,3
"1-3arc","0",2,"treat_none",0.09,0,0,3
"1-3arc","0",2,"treat_none",0.1,0,0,3
"1-3arc","0",2,"treat_none",0.11,0,0,3
"1-3arc","0",2,"treat_none",0.12,0,0,3
"1-3arc","0",2,"treat_none",0.13,0,0,3
"1-3arc","0",2,"treat_none",0.14,0,0,3
"1-3arc","0",2,"treat_none",0.15,0,0,3
"1-3arc","0",2,"treat_none",0.16,0,0,3
"1-3arc","0",2,"treat_none",0.17,0,0,3
"1-3arc","0",2,"treat_none",0.18,0,0,3
"1-3arc","0",2,"treat_none",0.19,0,0,3
"1-3arc","0",2,"treat_none",0.2,0,0,3
"1-3arc","0",2,"treat_none",0.21,0,0,3
"1-3arc","0",2,"treat_none",0.22,0,0,3
"1-3arc","0",2,"treat_none",0.23,0,0,3
"1-3arc","0",2,"treat_none",0.24,0,0,3
"1-3arc","0",2,"treat_none",0.25,0,0,3
"1-3arc","0",2,"treat_none",0.26,0,0,3
"1-3arc","0",2,"treat_none",0.27,0,0,3
"1-3arc","0",2,"treat_none",0.28,0,0,3
"1-3arc","0",2,"treat_none",0.29,0,0,3
"1-3arc","0",2,"treat_none",0.3,0,0,3
"1-3arc","0",2,"treat_none",0.31,0,0,3
"1-3arc","0",2,"treat_none",0.32,0,0,3
"1-3arc","0",2,"treat_none",0.33,0,0,3
"1-3arc","0",2,"treat_none",0.34,0,0,3
"1-3arc","0",2,"treat_none",0.35,0,0,3
"1-3arc","0",2,"treat_none",0.36,0,0,3
"1-3arc","0",2,"treat_none",0.37,0,0,3
"1-3arc","0",2,"treat_none",0.38,0,0,3
"1-3arc","0",2,"treat_none",0.39,0,0,3
"1-3arc","0",2,"treat_none",0.4,0,0,3
"1-3arc","0",2,"treat_none",0.41,0,0,3
"1-3arc","0",2,"treat_none",0.42,0,0,3
"1-3arc","0",2,"treat_none",0.43,0,0,3
"1-3arc","0",2,"treat_none",0.44,0,0,3
"1-3arc","0",2,"treat_none",0.45,0,0,3
"1-3arc","0",2,"treat_none",0.46,0,0,3
"1-3arc","0",2,"treat_none",0.47,0,0,3
"1-3arc","0",2,"treat_none",0.48,0,0,3
"1-3arc","0",2,"treat_none",0.49,0,0,3
"1-3arc","0",2,"treat_none",0.5,0,0,3
"1-3arc","0",2,"treat_none",0.51,0,0,3
"1-3arc","0",2,"treat_none",0.52,0,0,3
"1-3arc","0",2,"treat_none",0.53,0,0,3
"1-3arc","0",2,"treat_none",0.54,0,0,3
"1-3arc","0",2,"treat_none",0.55,0,0,3
"1-3arc","0",2,"treat_none",0.56,0,0,3
"1-3arc","0",2,"treat_none",0.57,0,0,3
"1-3arc","0",2,"treat_none",0.58,0,0,3
"1-3arc","0",2,"treat_none",0.59,0,0,3
"1-3arc","0",2,"treat_none",0.6,0,0,3
"1-3arc","0",2,"treat_none",0.61,0,0,3
"1-3arc","0",2,"treat_none",0.62,0,0,3
"1-3arc","0",2,"treat_none",0.63,0,0,3
"1-3arc","0",2,"treat_none",0.64,0,0,3
"1-3arc","0",2,"treat_none",0.65,0,0,3
"1-3arc","0",2,"treat_none",0.66,0,0,3
"1-3arc","0",2,"treat_none",0.67,0,0,3
"1-3arc","0",2,"treat_none",0.68,0,0,3
"1-3arc","0",2,"treat_none",0.69,0,0,3
"1-3arc","0",2,"treat_none",0.7,0,0,3
"1-3arc","0",2,"treat_none",0.71,0,0,3
"1-3arc","0",2,"treat_none",0.72,0,0,3
"1-3arc","0",2,"treat_none",0.73,0,0,3
"1-3arc","0",2,"treat_none",0.74,0,0,3
"1-3arc","0",2,"treat_none",0.75,0,0,3
"1-3arc","0",2,"treat_none",0.76,0,0,3
"1-3arc","0",2,"treat_none",0.77,0,0,3
"1-3arc","0",2,"treat_none",0.78,0,0,3
"1-3arc","0",2,"treat_none",0.79,0,0,3
"1-3arc","0",2,"treat_none",0.8,0,0,3
"1-3arc","0",2,"treat_none",0.81,0,0,3
"1-3arc","0",2,"treat_none",0.82,0,0,3
"1-3arc","0",2,"treat_none",0.83,0,0,3
"1-3arc","0",2,"treat_none",0.84,0,0,3
"1-3arc","0",2,"treat_none",0.85,0,0,3
"1-3arc","0",2,"treat_none",0.86,0,0,3
"1-3arc","0",2,"treat_none",0.87,0,0,3
"1-3arc","0",2,"treat_none",0.88,0,0,3
"1-3arc","0",2,"treat_none",0.89,0,0,3
"1-3arc","0",2,"treat_none",0.9,0,0,3
"1-3arc","0",2,"treat_none",0.91,0,0,3
"1-3arc","0",2,"treat_none",0.92,0,0,3
"1-3arc","0",2,"treat_none",0.93,0,0,3
"1-3arc","0",2,"treat_none",0.94,0,0,3
"1-3arc","0",2,"treat_none",0.95,0,0,3
"1-3arc","0",2,"treat_none",0.96,0,0,3
"1-3arc","0",2,"treat_none",0.97,0,0,3
"1-3arc","0",2,"treat_none",0.98,0,0,3
"1-3arc","0",2,"treat_none",0.99,0,0,3
"1-3arc","0",3,"model",0.01,0.21275861988574,0.0702549858437102,3
"1-3arc","0",3,"model",0.02,0.2004361080976,0.0714849512039452,3
"1-3arc","0",3,"model",0.03,0.197852144448652,0.0696503145193829,3
"1-3arc","0",3,"model",0.04,0.187797640904052,0.0706201607052858,3
"1-3arc","0",3,"model",0.05,0.174607536687058,0.0606312125218065,3
"1-3arc","0",3,"model",0.06,0.171132767394949,0.0577439137353783,3
"1-3arc","0",3,"model",0.07,0.170885544826444,0.0580471242656008,3
"1-3arc","0",3,"model",0.08,0.148068932832863,0.0385705566151445,3
"1-3arc","0",3,"model",0.09,0.141149943123317,0.0335965148665573,3
"1-3arc","0",3,"model",0.1,0.127918882908969,0.0240706875843101,3
"1-3arc","0",3,"model",0.11,0.124535872506643,0.0231206258501036,3
"1-3arc","0",3,"model",0.12,0.121153538023994,0.0164055619729376,3
"1-3arc","0",3,"model",0.13,0.109020948772983,0.0111829760358307,3
"1-3arc","0",3,"model",0.14,0.104351874013258,0.00437958506306182,3
"1-3arc","0",3,"model",0.15,0.105767506385678,0.00325291851935192,3
"1-3arc","0",3,"model",0.16,0.106119101823001,0.0030385527176598,3
"1-3arc","0",3,"model",0.17,0.106659723588908,0.00538443105990682,3
"1-3arc","0",3,"model",0.18,0.103454817571497,0.00392927064010553,3
"1-3arc","0",3,"model",0.19,0.105329900027704,0.00264115013489895,3
"1-3arc","0",3,"model",0.2,0.10559686421385,0.00131097809281088,3
"1-3arc","0",3,"model",0.21,0.108021492387786,0.00249903534728508,3
"1-3arc","0",3,"model",0.22,0.107512950440908,0.00272050726089786,3
"1-3arc","0",3,"model",0.23,0.108176522226187,0.00423357402128673,3
"1-3arc","0",3,"model",0.24,0.107708851330794,0.00447428405061927,3
"1-3arc","0",3,"model",0.25,0.107228709211525,0.00472989171215063,3
"1-3arc","0",3,"model",0.26,0.106735590278221,0.00499997709704922,3
"1-3arc","0",3,"model",0.27,0.106228961237155,0.00528422484090371,3
"1-3arc","0",3,"model",0.28,0.107233313633402,0.00300570366050111,3
"1-3arc","0",3,"model",0.29,0.106774656900794,0.00316540636327524,3
"1-3arc","0",3,"model",0.3,0.107908032126708,0.00498553964572554,3
"1-3arc","0",3,"model",0.31,0.107500139501059,0.00533571065928891,3
"1-3arc","0",3,"model",0.32,0.110771138153433,0.00253877338136253,3
"1-3arc","0",3,"model",0.33,0.110510864304356,0.00277450908063914,3
"1-3arc","0",3,"model",0.34,0.110242703368943,0.00302179029786501,3
"1-3arc","0",3,"model",0.35,0.109966291327825,0.00328029811276405,3
"1-3arc","0",3,"model",0.36,0.109681241410422,0.00354989016900621,3
"1-3arc","0",3,"model",0.37,0.111690285768906,0.00631804709320832,3
"1-3arc","0",3,"model",0.38,0.116351409477649,0.0035272645829835,3
"1-3arc","0",3,"model",0.39,0.116351409477649,0.0035272645829835,3
"1-3arc","0",3,"model",0.4,0.116351409477649,0.0035272645829835,3
"1-3arc","0",3,"model",0.41,0.116351409477649,0.0035272645829835,3
"1-3arc","0",3,"model",0.42,0.116351409477649,0.0035272645829835,3
"1-3arc","0",3,"model",0.43,0.116351409477649,0.0035272645829835,3
"1-3arc","0",3,"model",0.44,0.116351409477649,0.0035272645829835,3
"1-3arc","0",3,"model",0.45,0.116351409477649,0.0035272645829835,3
"1-3arc","0",3,"model",0.46,0.116351409477649,0.0035272645829835,3
"1-3arc","0",3,"model",0.47,0.116351409477649,0.0035272645829835,3
"1-3arc","0",3,"model",0.48,0.112383155509395,0.00525214062380501,3
"1-3arc","0",3,"model",0.49,0.112383155509395,0.00525214062380501,3
"1-3arc","0",3,"model",0.5,0.112383155509395,0.00525214062380501,3
"1-3arc","0",3,"model",0.51,0.112383155509395,0.00525214062380501,3
"1-3arc","0",3,"model",0.52,0.112383155509395,0.00525214062380501,3
"1-3arc","0",3,"model",0.53,0.112383155509395,0.00525214062380501,3
"1-3arc","0",3,"model",0.54,0.112383155509395,0.00525214062380501,3
"1-3arc","0",3,"model",0.55,0.112383155509395,0.00525214062380501,3
"1-3arc","0",3,"model",0.56,0.112383155509395,0.00525214062380501,3
"1-3arc","0",3,"model",0.57,0.112383155509395,0.00525214062380501,3
"1-3arc","0",3,"model",0.58,0.112383155509395,0.00525214062380501,3
"1-3arc","0",3,"model",0.59,0.112383155509395,0.00525214062380501,3
"1-3arc","0",3,"model",0.6,0.112383155509395,0.00525214062380501,3
"1-3arc","0",3,"model",0.61,0.108461586881944,0.00343406586245942,3
"1-3arc","0",3,"model",0.62,0.108461586881944,0.00343406586245942,3
"1-3arc","0",3,"model",0.63,0.108461586881944,0.00343406586245942,3
"1-3arc","0",3,"model",0.64,0.108461586881944,0.00343406586245942,3
"1-3arc","0",3,"model",0.65,0.108461586881944,0.00343406586245942,3
"1-3arc","0",3,"model",0.66,0.108461586881944,0.00343406586245942,3
"1-3arc","0",3,"model",0.67,0.108461586881944,0.00343406586245942,3
"1-3arc","0",3,"model",0.68,0.108461586881944,0.00343406586245942,3
"1-3arc","0",3,"model",0.69,0.108461586881944,0.00343406586245942,3
"1-3arc","0",3,"model",0.7,0.104540018254493,0.0093953626093963,3
"1-3arc","0",3,"model",0.71,0.100618449627042,0.0160320014899956,3
"1-3arc","0",3,"model",0.72,0.100618449627042,0.0160320014899956,3
"1-3arc","0",3,"model",0.73,0.100618449627042,0.0160320014899956,3
"1-3arc","0",3,"model",0.74,0.100618449627042,0.0160320014899956,3
"1-3arc","0",3,"model",0.75,0.100618449627042,0.0160320014899956,3
"1-3arc","0",3,"model",0.76,0.100618449627042,0.0160320014899956,3
"1-3arc","0",3,"model",0.77,0.0966501956587879,0.0150530618944948,3
"1-3arc","0",3,"model",0.78,0.0966501956587879,0.0150530618944948,3
"1-3arc","0",3,"model",0.79,0.0887603730630829,0.0214079486399139,3
"1-3arc","0",3,"model",0.8,0.0887603730630829,0.0214079486399139,3
"1-3arc","0",3,"model",0.81,0.0887603730630829,0.0214079486399139,3
"1-3arc","0",3,"model",0.82,0.0847921190948289,0.0238777930192309,3
"1-3arc","0",3,"model",0.83,0.0847921190948289,0.0238777930192309,3
"1-3arc","0",3,"model",0.84,0.0847921190948289,0.0238777930192309,3
"1-3arc","0",3,"model",0.85,0.0847921190948289,0.0238777930192309,3
"1-3arc","0",3,"model",0.86,0.0847921190948289,0.0238777930192309,3
"1-3arc","0",3,"model",0.87,0.0847921190948289,0.0238777930192309,3
"1-3arc","0",3,"model",0.88,0.0847921190948289,0.0238777930192309,3
"1-3arc","0",3,"model",0.89,0.0847921190948289,0.0238777930192309,3
"1-3arc","0",3,"model",0.9,0.0847921190948289,0.0238777930192309,3
"1-3arc","0",3,"model",0.91,0.0847921190948289,0.0238777930192309,3
"1-3arc","0",3,"model",0.92,0.0733332284224551,0.0153669059207118,3
"1-3arc","0",3,"model",0.93,0.0695879100703952,0.00960309308161558,3
"1-3arc","0",3,"model",0.94,0.0619210230908843,0.00477142052746003,3
"1-3arc","0",3,"model",0.95,0.0619210230908843,0.00477142052746003,3
"1-3arc","0",3,"model",0.96,0.0579994544634333,0.0102637058344722,3
"1-3arc","0",3,"model",0.97,0.0579994544634333,0.0102637058344722,3
"1-3arc","0",3,"model",0.98,0.0540778858359823,0.016738968428853,3
"1-3arc","0",3,"model",0.99,0.0463643135156684,0.0104992114919232,3
"1-3arc","0",3,"treat_all",0.01,0.248457677627098,0.00783836573996335,3
"1-3arc","0",3,"treat_all",0.02,0.240788878419211,0.00791834906384052,3
"1-3arc","0",3,"treat_all",0.03,0.232961959640028,0.00799998152841619,3
"1-3arc","0",3,"treat_all",0.04,0.224971980052945,0.00808331466933719,3
"1-3arc","0",3,"treat_all",0.05,0.216813790369292,0.00816840219217233,3
"1-3arc","0",3,"treat_all",0.06,0.208482022181731,0.00825530008783373,3
"1-3arc","0",3,"treat_all",0.07,0.199971076183685,0.00834406675544485,3
"1-3arc","0",3,"treat_all",0.08,0.191275109620464,0.00843476313322142,3
"1-3arc","0",3,"treat_all",0.09,0.182388022912997,0.00852745283798209,3
"1-3arc","0",3,"treat_all",0.1,0.173303445389808,0.00862220231395967,3
"1-3arc","0",3,"treat_all",0.11,0.164014720057109,0.00871908099164461,3
"1-3arc","0",3,"treat_all",0.12,0.154514887330485,0.00881816145745877,3
"1-3arc","0",3,"treat_all",0.13,0.144796667644629,0.00891951963513072,3
"1-3arc","0",3,"treat_all",0.14,0.134852442849799,0.00902323497972524,3
"1-3arc","0",3,"treat_all",0.15,0.124674236295091,0.00912939068536907,3
"1-3arc","0",3,"treat_all",0.16,0.11425369148908,0.00923807390781394,3
"1-3arc","0",3,"treat_all",0.17,0.103582049217864,0.0093493760030888,3
"1-3arc","0",3,"treat_all",0.18,0.0926501229888137,0.00946339278361428,3
"1-3arc","0",3,"treat_all",0.19,0.0814482726553423,0.00958022479328853,3
"1-3arc","0",3,"treat_all",0.2,0.069966376063534,0.00969997760320464,3
"1-3arc","0",3,"treat_all",0.21,0.0581937985453509,0.00982276212982748,3
"1-3arc","0",3,"treat_all",0.22,0.0461193600651631,0.00994869497764578,3
"1-3arc","0",3,"treat_all",0.23,0.0337312998062691,0.0100778988085243,3
"1-3arc","0",3,"treat_all",0.24,0.0210172379616147,0.0102105027402154,3
"1-3arc","0",3,"treat_all",0.25,0.00796413446776963,0.0103466427767516,3
"1-3arc","0",3,"treat_all",0.26,-0.00544175560699027,0.0104864622737347,3
"1-3arc","0",3,"treat_all",0.27,-0.0192149303413326,0.0106301124418681,3
"1-3arc","0",3,"treat_all",0.28,-0.03337069326274,0.0107777528924496,3
"1-3arc","0",3,"treat_all",0.29,-0.0479252100692575,0.010929552228963,3
"1-3arc","0",3,"treat_all",0.3,-0.062895570213104,0.0110856886893767,3
"1-3arc","0",3,"treat_all",0.31,-0.0782998538393809,0.0112463508442952,3
"1-3arc","0",3,"treat_all",0.32,-0.0941572046311365,0.0114117383567113,3
"1-3arc","0",3,"treat_all",0.33,-0.11048790917787,0.0115820628097966,3
"1-3arc","0",3,"treat_all",0.34,-0.127313483559353,0.011757548609945,3
"1-3arc","0",3,"treat_all",0.35,-0.144656767921804,0.0119384339731749,3
"1-3arc","0",3,"treat_all",0.36,-0.162542029920583,0.0121249720040058,3
"1-3arc","0",3,"treat_all",0.37,-0.18099507801456,0.0123174318770853,3
"1-3arc","0",3,"treat_all",0.38,-0.200043385724472,0.0125161001331673,3
"1-3arc","0",3,"treat_all",0.39,-0.219716228113398,0.0127212821025635,3
"1-3arc","0",3,"treat_all",0.4,-0.240044831915288,0.0129333034709395,3
"1-3arc","0",3,"treat_all",0.41,-0.261062540930801,0.0131525120043453,3
"1-3arc","0",3,"treat_all",0.42,-0.282804998533057,0.013379279452696,3
"1-3arc","0",3,"treat_all",0.43,-0.305310349384514,0.0136140036536205,3
"1-3arc","0",3,"treat_all",0.44,-0.32861946276638,0.0138571108617209,3
"1-3arc","0",3,"treat_all",0.45,-0.352776180271223,0.014109058331934,3
"1-3arc","0",3,"treat_all",0.46,-0.377827591016987,0.0143703371899328,3
"1-3arc","0",3,"treat_all",0.47,-0.403824338017307,0.0146414756274787,3
"1-3arc","0",3,"treat_all",0.48,-0.430820959902255,0.0149230424664687,3
"1-3arc","0",3,"treat_all",0.49,-0.458876272841515,0.0152156511422818,3
"1-3arc","0",3,"treat_all",0.5,-0.488053798298346,0.0155199641651275,3
"1-3arc","0",3,"treat_all",0.51,-0.518422243161577,0.0158366981276811,3
"1-3arc","0",3,"treat_all",0.52,-0.55005603989411,0.0161666293386744,3
"1-3arc","0",3,"treat_all",0.53,-0.583035955636538,0.0165106001756674,3
"1-3arc","0",3,"treat_all",0.54,-0.617449780759071,0.0168695262664428,3
"1-3arc","0",3,"treat_all",0.55,-0.653393109220384,0.0172444046279194,3
"1-3arc","0",3,"treat_all",0.56,-0.690970225339029,0.0176363229149175,3
"1-3arc","0",3,"treat_all",0.57,-0.730295114300402,0.0180464699594505,3
"1-3arc","0",3,"treat_all",0.58,-0.77149261702184,0.0184761478156279,3
"1-3arc","0",3,"treat_all",0.59,-0.814699754022372,0.0189267855672286,3
"1-3arc","0",3,"treat_all",0.6,-0.860067247872932,0.0193999552064093,3
"1-3arc","0",3,"treat_all",0.61,-0.907761279869674,0.0198973899552915,3
"1-3arc","0",3,"treat_all",0.62,-0.957965524076771,0.0204210054804308,3
"1-3arc","0",3,"treat_all",0.63,-1.01088351121398,0.0209729245474694,3
"1-3arc","0",3,"treat_all",0.64,-1.06674138652548,0.0215555057848992,3
"1-3arc","0",3,"treat_all",0.65,-1.12579114042621,0.0221713773787535,3
"1-3arc","0",3,"treat_all",0.66,-1.18831440926227,0.0228234767134227,3
"1-3arc","0",3,"treat_all",0.67,-1.25462696711871,0.0235150972198901,3
"1-3arc","0",3,"treat_all",0.68,-1.32508405984117,0.0242499440080116,3
"1-3arc","0",3,"treat_all",0.69,-1.40008677144895,0.0250322002663345,3
"1-3arc","0",3,"treat_all",0.7,-1.48008966383058,0.025866606941879,3
"1-3arc","0",3,"treat_all",0.71,-1.56560999706611,0.0267585589053921,3
"1-3arc","0",3,"treat_all",0.72,-1.65723892553276,0.0277142217234419,3
"1-3arc","0",3,"treat_all",0.73,-1.75565518203397,0.0287406743798657,3
"1-3arc","0",3,"treat_all",0.74,-1.86164191980451,0.0298460849329373,3
"1-3arc","0",3,"treat_all",0.75,-1.97610759659669,0.0310399283302548,3
"1-3arc","0",3,"treat_all",0.76,-2.10011207978822,0.0323332586773488,3
"1-3arc","0",3,"treat_all",0.77,-2.23489956151814,0.0337390525328854,3
"1-3arc","0",3,"treat_all",0.78,-2.38194045067806,0.0352726458298348,3
"1-3arc","0",3,"treat_all",0.79,-2.54298523404368,0.0369522956312556,3
"1-3arc","0",3,"treat_all",0.8,-2.72013449574586,0.0387999104128187,3
"1-3arc","0",3,"treat_all",0.81,-2.91593104815354,0.0408420109608616,3
"1-3arc","0",3,"treat_all",0.82,-3.13348277305096,0.0431110115697983,3
"1-3arc","0",3,"treat_all",0.83,-3.37662881852455,0.0456469534268451,3
"1-3arc","0",3,"treat_all",0.84,-3.65016811968233,0.0484998880160233,3
"1-3arc","0",3,"treat_all",0.85,-3.96017932766115,0.0517332138837577,3
"1-3arc","0",3,"treat_all",0.86,-4.31447785106552,0.0554284434468833,3
"1-3arc","0",3,"treat_all",0.87,-4.72328383960902,0.0596921698658744,3
"1-3arc","0",3,"treat_all",0.88,-5.20022415957644,0.0646665173546975,3
"1-3arc","0",3,"treat_all",0.89,-5.76388090135612,0.0705452916596696,3
"1-3arc","0",3,"treat_all",0.9,-6.44026899149173,0.0775998208256374,3
"1-3arc","0",3,"treat_all",0.91,-7.26696554610192,0.0862220231395967,3
"1-3arc","0",3,"treat_all",0.92,-8.30033623936466,0.0969997760320462,3
"1-3arc","0",3,"treat_all",0.93,-9.62895570213105,0.110856886893768,3
"1-3arc","0",3,"treat_all",0.94,-11.4004483191529,0.129333034709395,3
"1-3arc","0",3,"treat_all",0.95,-13.8805379829835,0.155199641651275,3
"1-3arc","0",3,"treat_all",0.96,-17.6006724787294,0.193999552064092,3
"1-3arc","0",3,"treat_all",0.97,-23.8008966383057,0.258666069418791,3
"1-3arc","0",3,"treat_all",0.98,-36.2013449574586,0.387999104128185,3
"1-3arc","0",3,"treat_all",0.99,-73.4026899149172,0.77599820825637,3
"1-3arc","0",3,"treat_none",0.01,0,0,3
"1-3arc","0",3,"treat_none",0.02,0,0,3
"1-3arc","0",3,"treat_none",0.03,0,0,3
"1-3arc","0",3,"treat_none",0.04,0,0,3
"1-3arc","0",3,"treat_none",0.05,0,0,3
"1-3arc","0",3,"treat_none",0.06,0,0,3
"1-3arc","0",3,"treat_none",0.07,0,0,3
"1-3arc","0",3,"treat_none",0.08,0,0,3
"1-3arc","0",3,"treat_none",0.09,0,0,3
"1-3arc","0",3,"treat_none",0.1,0,0,3
"1-3arc","0",3,"treat_none",0.11,0,0,3
"1-3arc","0",3,"treat_none",0.12,0,0,3
"1-3arc","0",3,"treat_none",0.13,0,0,3
"1-3arc","0",3,"treat_none",0.14,0,0,3
"1-3arc","0",3,"treat_none",0.15,0,0,3
"1-3arc","0",3,"treat_none",0.16,0,0,3
"1-3arc","0",3,"treat_none",0.17,0,0,3
"1-3arc","0",3,"treat_none",0.18,0,0,3
"1-3arc","0",3,"treat_none",0.19,0,0,3
"1-3arc","0",3,"treat_none",0.2,0,0,3
"1-3arc","0",3,"treat_none",0.21,0,0,3
"1-3arc","0",3,"treat_none",0.22,0,0,3
"1-3arc","0",3,"treat_none",0.23,0,0,3
"1-3arc","0",3,"treat_none",0.24,0,0,3
"1-3arc","0",3,"treat_none",0.25,0,0,3
"1-3arc","0",3,"treat_none",0.26,0,0,3
"1-3arc","0",3,"treat_none",0.27,0,0,3
"1-3arc","0",3,"treat_none",0.28,0,0,3
"1-3arc","0",3,"treat_none",0.29,0,0,3
"1-3arc","0",3,"treat_none",0.3,0,0,3
"1-3arc","0",3,"treat_none",0.31,0,0,3
"1-3arc","0",3,"treat_none",0.32,0,0,3
"1-3arc","0",3,"treat_none",0.33,0,0,3
"1-3arc","0",3,"treat_none",0.34,0,0,3
"1-3arc","0",3,"treat_none",0.35,0,0,3
"1-3arc","0",3,"treat_none",0.36,0,0,3
"1-3arc","0",3,"treat_none",0.37,0,0,3
"1-3arc","0",3,"treat_none",0.38,0,0,3
"1-3arc","0",3,"treat_none",0.39,0,0,3
"1-3arc","0",3,"treat_none",0.4,0,0,3
"1-3arc","0",3,"treat_none",0.41,0,0,3
"1-3arc","0",3,"treat_none",0.42,0,0,3
"1-3arc","0",3,"treat_none",0.43,0,0,3
"1-3arc","0",3,"treat_none",0.44,0,0,3
"1-3arc","0",3,"treat_none",0.45,0,0,3
"1-3arc","0",3,"treat_none",0.46,0,0,3
"1-3arc","0",3,"treat_none",0.47,0,0,3
"1-3arc","0",3,"treat_none",0.48,0,0,3
"1-3arc","0",3,"treat_none",0.49,0,0,3
"1-3arc","0",3,"treat_none",0.5,0,0,3
"1-3arc","0",3,"treat_none",0.51,0,0,3
"1-3arc","0",3,"treat_none",0.52,0,0,3
"1-3arc","0",3,"treat_none",0.53,0,0,3
"1-3arc","0",3,"treat_none",0.54,0,0,3
"1-3arc","0",3,"treat_none",0.55,0,0,3
"1-3arc","0",3,"treat_none",0.56,0,0,3
"1-3arc","0",3,"treat_none",0.57,0,0,3
"1-3arc","0",3,"treat_none",0.58,0,0,3
"1-3arc","0",3,"treat_none",0.59,0,0,3
"1-3arc","0",3,"treat_none",0.6,0,0,3
"1-3arc","0",3,"treat_none",0.61,0,0,3
"1-3arc","0",3,"treat_none",0.62,0,0,3
"1-3arc","0",3,"treat_none",0.63,0,0,3
"1-3arc","0",3,"treat_none",0.64,0,0,3
"1-3arc","0",3,"treat_none",0.65,0,0,3
"1-3arc","0",3,"treat_none",0.66,0,0,3
"1-3arc","0",3,"treat_none",0.67,0,0,3
"1-3arc","0",3,"treat_none",0.68,0,0,3
"1-3arc","0",3,"treat_none",0.69,0,0,3
"1-3arc","0",3,"treat_none",0.7,0,0,3
"1-3arc","0",3,"treat_none",0.71,0,0,3
"1-3arc","0",3,"treat_none",0.72,0,0,3
"1-3arc","0",3,"treat_none",0.73,0,0,3
"1-3arc","0",3,"treat_none",0.74,0,0,3
"1-3arc","0",3,"treat_none",0.75,0,0,3
"1-3arc","0",3,"treat_none",0.76,0,0,3
"1-3arc","0",3,"treat_none",0.77,0,0,3
"1-3arc","0",3,"treat_none",0.78,0,0,3
"1-3arc","0",3,"treat_none",0.79,0,0,3
"1-3arc","0",3,"treat_none",0.8,0,0,3
"1-3arc","0",3,"treat_none",0.81,0,0,3
"1-3arc","0",3,"treat_none",0.82,0,0,3
"1-3arc","0",3,"treat_none",0.83,0,0,3
"1-3arc","0",3,"treat_none",0.84,0,0,3
"1-3arc","0",3,"treat_none",0.85,0,0,3
"1-3arc","0",3,"treat_none",0.86,0,0,3
"1-3arc","0",3,"treat_none",0.87,0,0,3
"1-3arc","0",3,"treat_none",0.88,0,0,3
"1-3arc","0",3,"treat_none",0.89,0,0,3
"1-3arc","0",3,"treat_none",0.9,0,0,3
"1-3arc","0",3,"treat_none",0.91,0,0,3
"1-3arc","0",3,"treat_none",0.92,0,0,3
"1-3arc","0",3,"treat_none",0.93,0,0,3
"1-3arc","0",3,"treat_none",0.94,0,0,3
"1-3arc","0",3,"treat_none",0.95,0,0,3
"1-3arc","0",3,"treat_none",0.96,0,0,3
"1-3arc","0",3,"treat_none",0.97,0,0,3
"1-3arc","0",3,"treat_none",0.98,0,0,3
"1-3arc","0",3,"treat_none",0.99,0,0,3
"1-3arc","0",4,"model",0.01,0.161261230734052,0.0428194531574547,3
"1-3arc","0",4,"model",0.02,0.148668910937833,0.0401263526177163,3
"1-3arc","0",4,"model",0.03,0.140612496439244,0.0329370421387329,3
"1-3arc","0",4,"model",0.04,0.127286810330724,0.0301757854987373,3
"1-3arc","0",4,"model",0.05,0.126904907801464,0.0296234829618405,3
"1-3arc","0",4,"model",0.06,0.121322682816627,0.0272347986970894,3
"1-3arc","0",4,"model",0.07,0.117559296420542,0.0263618728344804,3
"1-3arc","0",4,"model",0.08,0.0970934856195515,0.0102371463404394,3
"1-3arc","0",4,"model",0.09,0.0915400956810207,0.00872269324426255,3
"1-3arc","0",4,"model",0.1,0.0911116508211182,0.00824202497642072,3
"1-3arc","0",4,"model",0.11,0.0919779611844277,0.00843619918298565,3
"1-3arc","0",4,"model",0.12,0.0857501838770528,0.00430552514032932,3
"1-3arc","0",4,"model",0.13,0.0817086055655617,0.00983004153386687,3
"1-3arc","0",4,"model",0.14,0.0815519078846808,0.0093148123503732,3
"1-3arc","0",4,"model",0.15,0.0804892153737586,0.0102675011571891,3
"1-3arc","0",4,"model",0.16,0.079978421237396,0.0115074447573504,3
"1-3arc","0",4,"model",0.17,0.0771826723094811,0.0169645871994262,3
"1-3arc","0",4,"model",0.18,0.0774687320940818,0.0157670313419304,3
"1-3arc","0",4,"model",0.19,0.0786451617215425,0.0150833914037089,3
"1-3arc","0",4,"model",0.2,0.0793110601759792,0.0151258306697046,3
"1-3arc","0",4,"model",0.21,0.0801238275798176,0.0132224759152042,3
"1-3arc","0",4,"model",0.22,0.0794446902979212,0.0138726873351891,3
"1-3arc","0",4,"model",0.23,0.0813912874114152,0.0100029842840986,3
"1-3arc","0",4,"model",0.24,0.0808273967451758,0.0104250987980507,3
"1-3arc","0",4,"model",0.25,0.0802484689945034,0.0108589848266422,3
"1-3arc","0",4,"model",0.26,0.0806903292126201,0.00953123585788353,3
"1-3arc","0",4,"model",0.27,0.0801340717287076,0.00989469947839527,3
"1-3arc","0",4,"model",0.28,0.0818879786904499,0.00918164279840722,3
"1-3arc","0",4,"model",0.29,0.0814171478269273,0.00952577257837514,3
"1-3arc","0",4,"model",0.3,0.0809328646530183,0.00988053522927538,3
"1-3arc","0",4,"model",0.31,0.0817959847775379,0.0116896443002646,3
"1-3arc","0",4,"model",0.32,0.0813475923923509,0.0121517731118095,3
"1-3arc","0",4,"model",0.33,0.0808858151598449,0.0126285556921262,3
"1-3arc","0",4,"model",0.34,0.080410044677869,0.0131205983369709,3
"1-3arc","0",4,"model",0.35,0.0815080172234956,0.0109835676060459,3
"1-3arc","0",4,"model",0.36,0.0845013522265568,0.00952012884400057,3
"1-3arc","0",4,"model",0.37,0.08593632980008,0.00686724501633315,3
"1-3arc","0",4,"model",0.38,0.085704779387822,0.00707598068501135,3
"1-3arc","0",4,"model",0.39,0.0874761537068663,0.00908042518240631,3
"1-3arc","0",4,"model",0.4,0.0873149595807803,0.00935474386070034,3
"1-3arc","0",4,"model",0.41,0.0871483012470303,0.00963865599748578,3
"1-3arc","0",4,"model",0.42,0.0869758960741855,0.00993264626712813,3
"1-3arc","0",4,"model",0.43,0.0867974415970303,0.010237233926996,3
"1-3arc","0",4,"model",0.44,0.0889303550014854,0.0066241289470105,3
"1-3arc","0",4,"model",0.45,0.0888345805694278,0.00678449320609668,3
"1-3arc","0",4,"model",0.46,0.0887352589361829,0.00695107063684895,3
"1-3arc","0",4,"model",0.47,0.0886321893167777,0.00712420802913834,3
"1-3arc","0",4,"model",0.48,0.085575302973867,0.0123292179589089,3
"1-3arc","0",4,"model",0.49,0.0854640717330158,0.012520031256034,3
"1-3arc","0",4,"model",0.5,0.0882982437499051,0.00768686533752612,3
"1-3arc","0",4,"model",0.51,0.0882982437499051,0.00768686533752612,3
"1-3arc","0",4,"model",0.52,0.0882982437499051,0.00768686533752612,3
"1-3arc","0",4,"model",0.53,0.0882982437499051,0.00768686533752612,3
"1-3arc","0",4,"model",0.54,0.0882982437499051,0.00768686533752612,3
"1-3arc","0",4,"model",0.55,0.0882982437499051,0.00768686533752612,3
"1-3arc","0",4,"model",0.56,0.0882982437499051,0.00768686533752612,3
"1-3arc","0",4,"model",0.57,0.0882982437499051,0.00768686533752612,3
"1-3arc","0",4,"model",0.58,0.0882982437499051,0.00768686533752612,3
"1-3arc","0",4,"model",0.59,0.0882982437499051,0.00768686533752612,3
"1-3arc","0",4,"model",0.6,0.0882982437499051,0.00768686533752612,3
"1-3arc","0",4,"model",0.61,0.0882982437499051,0.00768686533752612,3
"1-3arc","0",4,"model",0.62,0.0882982437499051,0.00768686533752612,3
"1-3arc","0",4,"model",0.63,0.0882982437499051,0.00768686533752612,3
"1-3arc","0",4,"model",0.64,0.0882982437499051,0.00768686533752612,3
"1-3arc","0",4,"model",0.65,0.0852679407196021,0.00793102350956266,3
"1-3arc","0",4,"model",0.66,0.0823180882122275,0.0117795396561063,3
"1-3arc","0",4,"model",0.67,0.0823180882122275,0.0117795396561063,3
"1-3arc","0",4,"model",0.68,0.0793682357048528,0.0163347407081323,3
"1-3arc","0",4,"model",0.69,0.0793682357048528,0.0163347407081323,3
"1-3arc","0",4,"model",0.7,0.0793682357048528,0.0163347407081323,3
"1-3arc","0",4,"model",0.71,0.0793682357048528,0.0163347407081323,3
"1-3arc","0",4,"model",0.72,0.0793682357048528,0.0163347407081323,3
"1-3arc","0",4,"model",0.73,0.0793682357048528,0.0163347407081323,3
"1-3arc","0",4,"model",0.74,0.0763379326745498,0.0164954456130899,3
"1-3arc","0",4,"model",0.75,0.0763379326745498,0.0164954456130899,3
"1-3arc","0",4,"model",0.76,0.0733076296442468,0.018233817940291,3
"1-3arc","0",4,"model",0.77,0.0733076296442468,0.018233817940291,3
"1-3arc","0",4,"model",0.78,0.0703577771368721,0.0214269552926012,3
"1-3arc","0",4,"model",0.79,0.0703577771368721,0.0214269552926012,3
"1-3arc","0",4,"model",0.8,0.0703577771368721,0.0214269552926012,3
"1-3arc","0",4,"model",0.81,0.0703577771368721,0.0214269552926012,3
"1-3arc","0",4,"model",0.82,0.0703577771368721,0.0214269552926012,3
"1-3arc","0",4,"model",0.83,0.0673274741065691,0.0234044094472186,3
"1-3arc","0",4,"model",0.84,0.0673274741065691,0.0234044094472186,3
"1-3arc","0",4,"model",0.85,0.0673274741065691,0.0234044094472186,3
"1-3arc","0",4,"model",0.86,0.0673274741065691,0.0234044094472186,3
"1-3arc","0",4,"model",0.87,0.0673274741065691,0.0234044094472186,3
"1-3arc","0",4,"model",0.88,0.0673274741065691,0.0234044094472186,3
"1-3arc","0",4,"model",0.89,0.0673274741065691,0.0234044094472186,3
"1-3arc","0",4,"model",0.9,0.0673274741065691,0.0234044094472186,3
"1-3arc","0",4,"model",0.91,0.0641828200185188,0.0179611063028217,3
"1-3arc","0",4,"model",0.92,0.0578935118424182,0.00709017233362667,3
"1-3arc","0",4,"model",0.93,0.0548632088121151,0.0104045969458104,3
"1-3arc","0",4,"model",0.94,0.0519133563047405,0.0122469440783156,3
"1-3arc","0",4,"model",0.95,0.0519133563047405,0.0122469440783156,3
"1-3arc","0",4,"model",0.96,0.0519133563047405,0.0122469440783156,3
"1-3arc","0",4,"model",0.97,0.0519133563047405,0.0122469440783156,3
"1-3arc","0",4,"model",0.98,0.0460136512899912,0.0197504678232541,3
"1-3arc","0",4,"model",0.99,0.0366940400835876,0.0103145390515281,3
"1-3arc","0",4,"treat_all",0.01,0.192672537137389,0.00652607912921916,3
"1-3arc","0",4,"treat_all",0.02,0.184434501802057,0.00659267177339487,3
"1-3arc","0",4,"treat_all",0.03,0.176026610068057,0.00666063746178037,3
"1-3arc","0",4,"treat_all",0.04,0.167443553922933,0.00673001910200727,3
"1-3arc","0",4,"treat_all",0.05,0.158679801858964,0.00680086140834418,3
"1-3arc","0",4,"treat_all",0.06,0.149729586985123,0.00687321099779464,3
"1-3arc","0",4,"treat_all",0.07,0.14058689437206,0.00694711649239459,3
"1-3arc","0",4,"treat_all",0.08,0.131245447571756,0.00702262862818148,3
"1-3arc","0",4,"treat_all",0.09,0.121698694248369,0.00709980037134832,3
"1-3arc","0",4,"treat_all",0.1,0.111939790851128,0.00717868704214108,3
"1-3arc","0",4,"treat_all",0.11,0.10196158625395,0.00725934644710896,3
"1-3arc","0",4,"treat_all",0.12,0.091756604279563,0.00734183902037155,3
"1-3arc","0",4,"treat_all",0.13,0.0813170250184086,0.0074262279746287,3
"1-3arc","0",4,"treat_all",0.14,0.070634664844204,0.00751257946270577,3
"1-3arc","0",4,"treat_all",0.15,0.0597009550188417,0.00760096275050232,3
"1-3arc","0",4,"treat_all",0.16,0.048506918769066,0.00769145040229401,3
"1-3arc","0",4,"treat_all",0.17,0.0370431467060427,0.00778411847943008,3
"1-3arc","0",4,"treat_all",0.18,0.0252997704463603,0.00787904675356947,3
"1-3arc","0",4,"treat_all",0.19,0.0132664342790314,0.0079763189357123,3
"1-3arc","0",4,"treat_all",0.2,0.000932264707519337,0.00807602292240871,3
"1-3arc","0",4,"treat_all",0.21,-0.0117141623214994,0.00817825106066704,3
"1-3arc","0",4,"treat_all",0.22,-0.0246848567102366,0.0082831004332397,3
"1-3arc","0",4,"treat_all",0.23,-0.037992452251928,0.00839067316613891,3
"1-3arc","0",4,"treat_all",0.24,-0.0516502476762955,0.00850107676043021,3
"1-3arc","0",4,"treat_all",0.25,-0.065672250978646,0.0086144244505693,3
"1-3arc","0",4,"treat_all",0.26,-0.0800732273432224,0.00873083559179321,3
"1-3arc","0",4,"treat_all",0.27,-0.0948687510054583,0.00885043607935199,3
"1-3arc","0",4,"treat_all",0.28,-0.11007526143609,0.00897335880267636,3
"1-3arc","0",4,"treat_all",0.29,-0.125710124273218,0.0090997441379253,3
"1-3arc","0",4,"treat_all",0.3,-0.141791697477121,0.00922974048275281,3
"1-3arc","0",4,"treat_all",0.31,-0.158339403237659,0.00936350483757531,3
"1-3arc","0",4,"treat_all",0.32,-0.175373806226448,0.00950120343812787,3
"1-3arc","0",4,"treat_all",0.33,-0.192916698856693,0.00964301244466712,3
"1-3arc","0",4,"treat_all",0.34,-0.210991194293916,0.00978911869382871,3
"1-3arc","0",4,"treat_all",0.35,-0.229621828052284,0.00993972051988764,3
"1-3arc","0",4,"treat_all",0.36,-0.248834669115601,0.0100950286530109,3
"1-3arc","0",4,"treat_all",0.37,-0.268657441641245,0.0102552672030586,3
"1-3arc","0",4,"treat_all",0.38,-0.289119658441911,0.0104206747385919,3
"1-3arc","0",4,"treat_all",0.39,-0.310252767596696,0.0105915054720114,3
"1-3arc","0",4,"treat_all",0.4,-0.332090313723308,0.0107680305632116,3
"1-3arc","0",4,"treat_all",0.41,-0.354668115650821,0.0109505395558084,3
"1-3arc","0",4,"treat_all",0.42,-0.378024462472387,0.0111393419619431,3
"1-3arc","0",4,"treat_all",0.43,-0.402200330235061,0.011334769013907,3
"1-3arc","0",4,"treat_all",0.44,-0.427239621846401,0.011537175603441,3
"1-3arc","0",4,"treat_all",0.45,-0.453189433152699,0.0117469424325945,3
"1-3arc","0",4,"treat_all",0.46,-0.480100348581453,0.0119644784035685,3
"1-3arc","0",4,"treat_all",0.47,-0.508026770252801,0.0121902232791075,3
"1-3arc","0",4,"treat_all",0.48,-0.537027285065355,0.0124246506498596,3
"1-3arc","0",4,"treat_all",0.49,-0.567165074968597,0.0126682712508372,3
"1-3arc","0",4,"treat_all",0.5,-0.598508376467969,0.0129216366758539,3
"1-3arc","0",4,"treat_all",0.51,-0.631130996395887,0.0131853435467898,3
"1-3arc","0",4,"treat_all",0.52,-0.665112892154135,0.0134600382040145,3
"1-3arc","0",4,"treat_all",0.53,-0.700540826029755,0.0137464219955893,3
"1-3arc","0",4,"treat_all",0.54,-0.737509104856488,0.014045257256363,3
"1-3arc","0",4,"treat_all",0.55,-0.776120418297744,0.0143573740842822,3
"1-3arc","0",4,"treat_all",0.56,-0.816486791440874,0.0146836780407431,3
"1-3arc","0",4,"treat_all",0.57,-0.858730670311592,0.0150251589254115,3
"1-3arc","0",4,"treat_all",0.58,-0.902986162461868,0.015382900804588,3
"1-3arc","0",4,"treat_all",0.59,-0.949400459107279,0.0157580935071388,3
"1-3arc","0",4,"treat_all",0.6,-0.998135470584961,0.0161520458448173,3
"1-3arc","0",4,"treat_all",0.61,-1.04936971342047,0.0165662008664793,3
"1-3arc","0",4,"treat_all",0.62,-1.10330049535259,0.0170021535208603,3
"1-3arc","0",4,"treat_all",0.63,-1.16014645468644,0.0174616711835863,3
"1-3arc","0",4,"treat_all",0.64,-1.22015052287218,0.0179467176053526,3
"1-3arc","0",4,"treat_all",0.65,-1.28358339495424,0.0184594809655055,3
"1-3arc","0",4,"treat_all",0.66,-1.3507476124529,0.0190024068762557,3
"1-3arc","0",4,"treat_all",0.67,-1.42198238858783,0.0195782373876573,3
"1-3arc","0",4,"treat_all",0.68,-1.4976693382312,0.0201900573060218,3
"1-3arc","0",4,"treat_all",0.69,-1.57823931688382,0.0208413494771836,3
"1-3arc","0",4,"treat_all",0.7,-1.66418062744662,0.0215360611264232,3
"1-3arc","0",4,"treat_all",0.71,-1.75604892494478,0.022278683923886,3
"1-3arc","0",4,"treat_all",0.72,-1.8544792436928,0.0230743512068818,3
"1-3arc","0",4,"treat_all",0.73,-1.96020069716291,0.0239289568071368,3
"1-3arc","0",4,"treat_all",0.74,-2.07405457013071,0.0248493012997193,3
"1-3arc","0",4,"treat_all",0.75,-2.19701675293594,0.0258432733517081,3
"1-3arc","0",4,"treat_all",0.76,-2.33022578430827,0.026920076408029,3
"1-3arc","0",4,"treat_all",0.77,-2.47501820971298,0.0280905145127262,3
"1-3arc","0",4,"treat_all",0.78,-2.63297358288175,0.0293673560814863,3
"1-3arc","0",4,"treat_all",0.79,-2.80597232492374,0.0307658016091762,3
"1-3arc","0",4,"treat_all",0.8,-2.99627094116992,0.0323040916896349,3
"1-3arc","0",4,"treat_all",0.81,-3.20660099070518,0.0340043070417209,3
"1-3arc","0",4,"treat_all",0.82,-3.44030104574436,0.0358934352107056,3
"1-3arc","0",4,"treat_all",0.83,-3.70149522490579,0.0380048137525116,3
"1-3arc","0",4,"treat_all",0.84,-3.99533867646241,0.0403801146120435,3
"1-3arc","0",4,"treat_all",0.85,-4.32836125489323,0.0430721222528464,3
"1-3arc","0",4,"treat_all",0.86,-4.7089584873856,0.0461487024137636,3
"1-3arc","0",4,"treat_all",0.87,-5.14810914026142,0.0496986025994381,3
"1-3arc","0",4,"treat_all",0.88,-5.66045156861654,0.0538401528160579,3
"1-3arc","0",4,"treat_all",0.89,-6.2659471657635,0.0587347121629721,3
"1-3arc","0",4,"treat_all",0.9,-6.99254188233985,0.0646081833792694,3
"1-3arc","0",4,"treat_all",0.91,-7.88060209148872,0.0717868704214103,3
"1-3arc","0",4,"treat_all",0.92,-8.99067735292481,0.0807602292240867,3
"1-3arc","0",4,"treat_all",0.93,-10.4179169747712,0.0922974048275281,3
"1-3arc","0",4,"treat_all",0.94,-12.3209031372331,0.107680305632116,3
"1-3arc","0",4,"treat_all",0.95,-14.9850837646797,0.12921636675854,3
"1-3arc","0",4,"treat_all",0.96,-18.9813547058497,0.161520458448173,3
"1-3arc","0",4,"treat_all",0.97,-25.6418062744661,0.21536061126423,3
"1-3arc","0",4,"treat_all",0.98,-38.9627094116992,0.323040916896347,3
"1-3arc","0",4,"treat_all",0.99,-78.9254188233984,0.646081833792693,3
"1-3arc","0",4,"treat_none",0.01,0,0,3
"1-3arc","0",4,"treat_none",0.02,0,0,3
"1-3arc","0",4,"treat_none",0.03,0,0,3
"1-3arc","0",4,"treat_none",0.04,0,0,3
"1-3arc","0",4,"treat_none",0.05,0,0,3
"1-3arc","0",4,"treat_none",0.06,0,0,3
"1-3arc","0",4,"treat_none",0.07,0,0,3
"1-3arc","0",4,"treat_none",0.08,0,0,3
"1-3arc","0",4,"treat_none",0.09,0,0,3
"1-3arc","0",4,"treat_none",0.1,0,0,3
"1-3arc","0",4,"treat_none",0.11,0,0,3
"1-3arc","0",4,"treat_none",0.12,0,0,3
"1-3arc","0",4,"treat_none",0.13,0,0,3
"1-3arc","0",4,"treat_none",0.14,0,0,3
"1-3arc","0",4,"treat_none",0.15,0,0,3
"1-3arc","0",4,"treat_none",0.16,0,0,3
"1-3arc","0",4,"treat_none",0.17,0,0,3
"1-3arc","0",4,"treat_none",0.18,0,0,3
"1-3arc","0",4,"treat_none",0.19,0,0,3
"1-3arc","0",4,"treat_none",0.2,0,0,3
"1-3arc","0",4,"treat_none",0.21,0,0,3
"1-3arc","0",4,"treat_none",0.22,0,0,3
"1-3arc","0",4,"treat_none",0.23,0,0,3
"1-3arc","0",4,"treat_none",0.24,0,0,3
"1-3arc","0",4,"treat_none",0.25,0,0,3
"1-3arc","0",4,"treat_none",0.26,0,0,3
"1-3arc","0",4,"treat_none",0.27,0,0,3
"1-3arc","0",4,"treat_none",0.28,0,0,3
"1-3arc","0",4,"treat_none",0.29,0,0,3
"1-3arc","0",4,"treat_none",0.3,0,0,3
"1-3arc","0",4,"treat_none",0.31,0,0,3
"1-3arc","0",4,"treat_none",0.32,0,0,3
"1-3arc","0",4,"treat_none",0.33,0,0,3
"1-3arc","0",4,"treat_none",0.34,0,0,3
"1-3arc","0",4,"treat_none",0.35,0,0,3
"1-3arc","0",4,"treat_none",0.36,0,0,3
"1-3arc","0",4,"treat_none",0.37,0,0,3
"1-3arc","0",4,"treat_none",0.38,0,0,3
"1-3arc","0",4,"treat_none",0.39,0,0,3
"1-3arc","0",4,"treat_none",0.4,0,0,3
"1-3arc","0",4,"treat_none",0.41,0,0,3
"1-3arc","0",4,"treat_none",0.42,0,0,3
"1-3arc","0",4,"treat_none",0.43,0,0,3
"1-3arc","0",4,"treat_none",0.44,0,0,3
"1-3arc","0",4,"treat_none",0.45,0,0,3
"1-3arc","0",4,"treat_none",0.46,0,0,3
"1-3arc","0",4,"treat_none",0.47,0,0,3
"1-3arc","0",4,"treat_none",0.48,0,0,3
"1-3arc","0",4,"treat_none",0.49,0,0,3
"1-3arc","0",4,"treat_none",0.5,0,0,3
"1-3arc","0",4,"treat_none",0.51,0,0,3
"1-3arc","0",4,"treat_none",0.52,0,0,3
"1-3arc","0",4,"treat_none",0.53,0,0,3
"1-3arc","0",4,"treat_none",0.54,0,0,3
"1-3arc","0",4,"treat_none",0.55,0,0,3
"1-3arc","0",4,"treat_none",0.56,0,0,3
"1-3arc","0",4,"treat_none",0.57,0,0,3
"1-3arc","0",4,"treat_none",0.58,0,0,3
"1-3arc","0",4,"treat_none",0.59,0,0,3
"1-3arc","0",4,"treat_none",0.6,0,0,3
"1-3arc","0",4,"treat_none",0.61,0,0,3
"1-3arc","0",4,"treat_none",0.62,0,0,3
"1-3arc","0",4,"treat_none",0.63,0,0,3
"1-3arc","0",4,"treat_none",0.64,0,0,3
"1-3arc","0",4,"treat_none",0.65,0,0,3
"1-3arc","0",4,"treat_none",0.66,0,0,3
"1-3arc","0",4,"treat_none",0.67,0,0,3
"1-3arc","0",4,"treat_none",0.68,0,0,3
"1-3arc","0",4,"treat_none",0.69,0,0,3
"1-3arc","0",4,"treat_none",0.7,0,0,3
"1-3arc","0",4,"treat_none",0.71,0,0,3
"1-3arc","0",4,"treat_none",0.72,0,0,3
"1-3arc","0",4,"treat_none",0.73,0,0,3
"1-3arc","0",4,"treat_none",0.74,0,0,3
"1-3arc","0",4,"treat_none",0.75,0,0,3
"1-3arc","0",4,"treat_none",0.76,0,0,3
"1-3arc","0",4,"treat_none",0.77,0,0,3
"1-3arc","0",4,"treat_none",0.78,0,0,3
"1-3arc","0",4,"treat_none",0.79,0,0,3
"1-3arc","0",4,"treat_none",0.8,0,0,3
"1-3arc","0",4,"treat_none",0.81,0,0,3
"1-3arc","0",4,"treat_none",0.82,0,0,3
"1-3arc","0",4,"treat_none",0.83,0,0,3
"1-3arc","0",4,"treat_none",0.84,0,0,3
"1-3arc","0",4,"treat_none",0.85,0,0,3
"1-3arc","0",4,"treat_none",0.86,0,0,3
"1-3arc","0",4,"treat_none",0.87,0,0,3
"1-3arc","0",4,"treat_none",0.88,0,0,3
"1-3arc","0",4,"treat_none",0.89,0,0,3
"1-3arc","0",4,"treat_none",0.9,0,0,3
"1-3arc","0",4,"treat_none",0.91,0,0,3
"1-3arc","0",4,"treat_none",0.92,0,0,3
"1-3arc","0",4,"treat_none",0.93,0,0,3
"1-3arc","0",4,"treat_none",0.94,0,0,3
"1-3arc","0",4,"treat_none",0.95,0,0,3
"1-3arc","0",4,"treat_none",0.96,0,0,3
"1-3arc","0",4,"treat_none",0.97,0,0,3
"1-3arc","0",4,"treat_none",0.98,0,0,3
"1-3arc","0",4,"treat_none",0.99,0,0,3
"1arc","0",1,"model",0.01,0.493025068044115,0.0584110289267027,13
"1arc","0",1,"model",0.02,0.488444824769101,0.0591332247336225,13
"1arc","0",1,"model",0.03,0.482610316991515,0.0607591802843251,13
"1arc","0",1,"model",0.04,0.475548490353213,0.0607338454388196,13
"1arc","0",1,"model",0.05,0.46371525233318,0.0559156365315778,13
"1arc","0",1,"model",0.06,0.458819680870276,0.0532469509060806,13
"1arc","0",1,"model",0.07,0.451134914717773,0.0504022838958648,13
"1arc","0",1,"model",0.08,0.448210070065451,0.0543062318406001,13
"1arc","0",1,"model",0.09,0.441694021849899,0.0634247862681481,13
"1arc","0",1,"model",0.1,0.431158795321058,0.060772801908766,13
"1arc","0",1,"model",0.11,0.421095966472911,0.0595227782893529,13
"1arc","0",1,"model",0.12,0.417495111307547,0.0613638064723353,13
"1arc","0",1,"model",0.13,0.413802734511453,0.059915662735368,13
"1arc","0",1,"model",0.14,0.406574949033312,0.064064677124256,13
"1arc","0",1,"model",0.15,0.400055667628471,0.0602197053288031,13
"1arc","0",1,"model",0.16,0.393518075977178,0.0659151798409795,13
"1arc","0",1,"model",0.17,0.391738596694063,0.0658298840375164,13
"1arc","0",1,"model",0.18,0.389250624413712,0.0683869997094608,13
"1arc","0",1,"model",0.19,0.378320820699198,0.0631877102144779,13
"1arc","0",1,"model",0.2,0.372774381393033,0.064668766266403,13
"1arc","0",1,"model",0.21,0.365938385641265,0.0612196921655372,13
"1arc","0",1,"model",0.22,0.362505100878522,0.0611616052867185,13
"1arc","0",1,"model",0.23,0.356620614784553,0.0600068972890448,13
"1arc","0",1,"model",0.24,0.348051450894935,0.0615270227769484,13
"1arc","0",1,"model",0.25,0.346433982315806,0.0545726110831567,13
"1arc","0",1,"model",0.26,0.345316312550616,0.0572635001595162,13
"1arc","0",1,"model",0.27,0.33645699694236,0.0574590656671055,13
"1arc","0",1,"model",0.28,0.332780903618235,0.0566285532942151,13
"1arc","0",1,"model",0.29,0.329388536096609,0.054553587678765,13
"1arc","0",1,"model",0.3,0.327915314779195,0.054452198643844,13
"1arc","0",1,"model",0.31,0.327014225793986,0.0565290313813192,13
"1arc","0",1,"model",0.32,0.319954986334066,0.0594087757949888,13
"1arc","0",1,"model",0.33,0.31922846889268,0.0600158463447959,13
"1arc","0",1,"model",0.34,0.316564146191742,0.0619317176962782,13
"1arc","0",1,"model",0.35,0.311936484078374,0.0644471446595496,13
"1arc","0",1,"model",0.36,0.30662535312778,0.0670020556988128,13
"1arc","0",1,"model",0.37,0.311857036048358,0.0640485360927727,13
"1arc","0",1,"model",0.38,0.3117922974046,0.0647960159585753,13
"1arc","0",1,"model",0.39,0.310353134424327,0.0656416647441091,13
"1arc","0",1,"model",0.4,0.309946944543305,0.0689084228128552,13
"1arc","0",1,"model",0.41,0.305864491615736,0.0707029807589593,13
"1arc","0",1,"model",0.42,0.302594683807959,0.0681377750792697,13
"1arc","0",1,"model",0.43,0.301902528994526,0.0645261716395104,13
"1arc","0",1,"model",0.44,0.297127456243003,0.0613235332511557,13
"1arc","0",1,"model",0.45,0.295950421268716,0.0622407440483395,13
"1arc","0",1,"model",0.46,0.288328732920786,0.0604643386376329,13
"1arc","0",1,"model",0.47,0.286463374862024,0.0562866771586123,13
"1arc","0",1,"model",0.48,0.285216041603674,0.0572227126382615,13
"1arc","0",1,"model",0.49,0.283919793315584,0.0582052350113724,13
"1arc","0",1,"model",0.5,0.28407826733425,0.053422679260444,13
"1arc","0",1,"model",0.51,0.282821494669644,0.0542125941689423,13
"1arc","0",1,"model",0.52,0.277616892966497,0.057159463412581,13
"1arc","0",1,"model",0.53,0.2788033127716,0.0593734004698878,13
"1arc","0",1,"model",0.54,0.280139683152529,0.06161321307772,13
"1arc","0",1,"model",0.55,0.278870792166779,0.0626722003645916,13
"1arc","0",1,"model",0.56,0.285439073371425,0.0606276265088801,13
"1arc","0",1,"model",0.57,0.281965423199665,0.0567213801062437,13
"1arc","0",1,"model",0.58,0.280949169267725,0.0577400329800076,13
"1arc","0",1,"model",0.59,0.282721654380045,0.0578897518900641,13
"1arc","0",1,"model",0.6,0.281722803195712,0.0590350150308723,13
"1arc","0",1,"model",0.61,0.277131825332818,0.0629339321233524,13
"1arc","0",1,"model",0.62,0.279087607669895,0.0582682512948514,13
"1arc","0",1,"model",0.63,0.273531071658697,0.0551683057574733,13
"1arc","0",1,"model",0.64,0.276138112380589,0.0526062125865578,13
"1arc","0",1,"model",0.65,0.272748076961967,0.0491489379607173,13
"1arc","0",1,"model",0.66,0.271703876563969,0.0501290228246992,13
"1arc","0",1,"model",0.67,0.268398589095563,0.0497545405246649,13
"1arc","0",1,"model",0.68,0.265443364685775,0.0511421013331161,13
"1arc","0",1,"model",0.69,0.264433068457718,0.0525024197161138,13
"1arc","0",1,"model",0.7,0.267344023136395,0.0500840430022826,13
"1arc","0",1,"model",0.71,0.264416149551735,0.0514259212660513,13
"1arc","0",1,"model",0.72,0.263392413483641,0.0530251861132715,13
"1arc","0",1,"model",0.73,0.262292845114206,0.0547745012370023,13
"1arc","0",1,"model",0.74,0.261108694562508,0.0566915669189182,13
"1arc","0",1,"model",0.75,0.257953639358793,0.0637441228926445,13
"1arc","0",1,"model",0.76,0.256568183213305,0.0660954347732829,13
"1arc","0",1,"model",0.77,0.261343352220678,0.0534420651033502,13
"1arc","0",1,"model",0.78,0.260071303946953,0.0553524496846738,13
"1arc","0",1,"model",0.79,0.265750416049909,0.0566975697135074,13
"1arc","0",1,"model",0.8,0.264808707791128,0.0586008796726413,13
"1arc","0",1,"model",0.81,0.263767872347212,0.060736684890353,13
"1arc","0",1,"model",0.82,0.271158397067647,0.05032819751995,13
"1arc","0",1,"model",0.83,0.270478984623528,0.0521678092248603,13
"1arc","0",1,"model",0.84,0.269714645623895,0.0542950088101576,13
"1arc","0",1,"model",0.85,0.268848394757644,0.0567712412307053,13
"1arc","0",1,"model",0.86,0.280629406538656,0.0339742892793573,13
"1arc","0",1,"model",0.87,0.280629406538656,0.0339742892793573,13
"1arc","0",1,"model",0.88,0.278706329615579,0.0364685039775253,13
"1arc","0",1,"model",0.89,0.278706329615579,0.0364685039775253,13
"1arc","0",1,"model",0.9,0.278706329615579,0.0364685039775253,13
"1arc","0",1,"model",0.91,0.276996927906177,0.0386630877972305,13
"1arc","0",1,"model",0.92,0.276996927906177,0.0386630877972305,13
"1arc","0",1,"model",0.93,0.276996927906177,0.0386630877972305,13
"1arc","0",1,"model",0.94,0.268668152609076,0.0381056202616268,13
"1arc","0",1,"model",0.95,0.26432670709116,0.0378498300964589,13
"1arc","0",1,"model",0.96,0.259969144905117,0.0363064744357368,13
"1arc","0",1,"model",0.97,0.255573540509512,0.0363888123295769,13
"1arc","0",1,"model",0.98,0.246671902931404,0.0326353763208909,13
"1arc","0",1,"model",0.99,0.242486382569413,0.0342367938444107,13
"1arc","0",1,"treat_all",0.01,0.492912737881427,0.0583506354341166,13
"1arc","0",1,"treat_all",0.02,0.48773837806389,0.0589460500814035,13
"1arc","0",1,"treat_all",0.03,0.482457330415065,0.0595537413193561,13
"1arc","0",1,"treat_all",0.04,0.477066260940221,0.0601740927914328,13
"1arc","0",1,"treat_all",0.05,0.471561695265908,0.0608075042945005,13
"1arc","0",1,"treat_all",0.06,0.465940011172992,0.061454392638059,13
"1arc","0",1,"treat_all",0.07,0.46019743064797,0.0621151925588983,13
"1arc","0",1,"treat_all",0.08,0.454330011415883,0.0627903576954081,13
"1arc","0",1,"treat_all",0.09,0.448333637914959,0.0634803616261269,13
"1arc","0",1,"treat_all",0.1,0.442204011669569,0.0641856989775283,13
"1arc","0",1,"treat_all",0.11,0.435936641014171,0.0649068866064892,13
"1arc","0",1,"treat_all",0.12,0.429526830116605,0.0656444648633812,13
"1arc","0",1,"treat_all",0.13,0.422969667244382,0.0663989989422706,13
"1arc","0",1,"treat_all",0.14,0.41626001221234,0.0671710803253203,13
"1arc","0",1,"treat_all",0.15,0.40939248294425,0.0679613283291476,13
"1arc","0",1,"treat_all",0.16,0.402361441074539,0.0687703917616374,13
"1arc","0",1,"treat_all",0.17,0.395160976509172,0.0695989506985246,13
"1arc","0",1,"treat_all",0.18,0.387784890856845,0.07044771838997,13
"1arc","0",1,"treat_all",0.19,0.380226679632855,0.0713174433083647,13
"1arc","0",1,"treat_all",0.2,0.372479513128266,0.0722089113497193,13
"1arc","0",1,"treat_all",0.21,0.364536215826092,0.0731229482022474,13
"1arc","0",1,"treat_all",0.22,0.356389244234119,0.074060421897148,13
"1arc","0",1,"treat_all",0.23,0.348030662990406,0.0750222455581499,13
"1arc","0",1,"treat_all",0.24,0.339452119082385,0.0760093803681256,13
"1arc","0",1,"treat_all",0.25,0.330644814003483,0.0770228387730339,13
"1arc","0",1,"treat_all",0.26,0.321599473652179,0.0780636879456425,13
"1arc","0",1,"treat_all",0.27,0.312306315757003,0.079133053533939,13
"1arc","0",1,"treat_all",0.28,0.302755014586962,0.0802321237219103,13
"1arc","0",1,"treat_all",0.29,0.292934662679736,0.0813621536334865,13
"1arc","0",1,"treat_all",0.3,0.282833729289446,0.0825244701139649,13
"1arc","0",1,"treat_all",0.31,0.272440015221178,0.0837204769272108,13
"1arc","0",1,"treat_all",0.32,0.261740603680313,0.0849516604114345,13
"1arc","0",1,"treat_all",0.33,0.250721806720317,0.0862195956414559,13
"1arc","0",1,"treat_all",0.34,0.23936910682214,0.0875259531511749,13
"1arc","0",1,"treat_all",0.35,0.227667093080942,0.0888725062765776,13
"1arc","0",1,"treat_all",0.36,0.215599391410332,0.0902611391871491,13
"1arc","0",1,"treat_all",0.37,0.203148588099385,0.0916938556821832,13
"1arc","0",1,"treat_all",0.38,0.190296145971956,0.0931727888383475,13
"1arc","0",1,"treat_all",0.39,0.177022312299365,0.0947002116061892,13
"1arc","0",1,"treat_all",0.4,0.163306017504354,0.0962785484662924,13
"1arc","0",1,"treat_all",0.41,0.14912476356375,0.0979103882708058,13
"1arc","0",1,"treat_all",0.42,0.134454500866573,0.0995984984134059,13
"1arc","0",1,"treat_all",0.43,0.119269492109847,0.101345840490834,13
"1arc","0",1,"treat_all",0.44,0.103542161611808,0.103155587642456,13
"1arc","0",1,"treat_all",0.45,0.0872429281865683,0.10503114378141,13
"1arc","0",1,"treat_all",0.46,0.0703400194492825,0.106976164962547,13
"1arc","0",1,"treat_all",0.47,0.0527992650992689,0.108994583169388,13
"1arc","0",1,"treat_all",0.48,0.0345838663511779,0.111090632845722,13
"1arc","0",1,"treat_all",0.49,0.0156541382404168,0.113268880548579,13
"1arc","0",1,"treat_all",0.5,-0.00403277899477492,0.115534258159551,13
"1arc","0",1,"treat_all",0.51,-0.0245232438722193,0.117892100162807,13
"1arc","0",1,"treat_all",0.52,-0.0458674781195573,0.120348185582866,13
"1arc","0",1,"treat_all",0.53,-0.068119977654016,0.122908785276118,13
"1arc","0",1,"treat_all",0.54,-0.0913399771682337,0.125580715390816,13
"1arc","0",1,"treat_all",0.55,-0.115591976660861,0.128371397955057,13
"1arc","0",1,"treat_all",0.56,-0.14094633976679,0.131288929726762,13
"1arc","0",1,"treat_all",0.57,-0.16747997557532,0.134342160650641,13
"1arc","0",1,"treat_all",0.58,-0.195277117850923,0.137540783523275,13
"1arc","0",1,"treat_all",0.59,-0.224430218286311,0.14089543677994,13
"1arc","0",1,"treat_all",0.6,-0.255040973743469,0.144417822699439,13
"1arc","0",1,"treat_all",0.61,-0.287221511531763,0.148120843794296,13
"1arc","0",1,"treat_all",0.62,-0.32109576183523,0.152018760736251,13
"1arc","0",1,"treat_all",0.63,-0.356801052695642,0.156127375891285,13
"1arc","0",1,"treat_all",0.64,-0.394489970826076,0.160464247443821,13
"1arc","0",1,"treat_all",0.65,-0.434332541421107,0.16504894022793,13
"1arc","0",1,"treat_all",0.66,-0.476518792639375,0.169903320822869,13
"1arc","0",1,"treat_all",0.67,-0.52126178635572,0.17505190630235,13
"1arc","0",1,"treat_all",0.68,-0.568801217179336,0.180522278374298,13
"1arc","0",1,"treat_all",0.69,-0.619407708056089,0.186345577676695,13
"1arc","0",1,"treat_all",0.7,-0.673387964991292,0.192557096932585,13
"1arc","0",1,"treat_all",0.71,-0.731090998266854,0.199196996826812,13
"1arc","0",1,"treat_all",0.72,-0.792915676776384,0.206311175284912,13
"1arc","0",1,"treat_all",0.73,-0.859319961101435,0.213952329925094,13
"1arc","0",1,"treat_all",0.74,-0.930832267297644,0.222181265691444,13
"1arc","0",1,"treat_all",0.75,-1.00806555798955,0.231068516319102,13
"1arc","0",1,"treat_all",0.76,-1.09173495623911,0.240696371165731,13
"1arc","0",1,"treat_all",0.77,-1.18267995433647,0.251161430781632,13
"1arc","0",1,"treat_all",0.78,-1.28189267953358,0.262577859453525,13
"1arc","0",1,"treat_all",0.79,-1.39055423570185,0.27508156704655,13
"1arc","0",1,"treat_all",0.8,-1.51008194748694,0.288835645398877,13
"1arc","0",1,"treat_all",0.81,-1.64219152367046,0.304037521472502,13
"1arc","0",1,"treat_all",0.82,-1.78897994165215,0.320928494887641,13
"1arc","0",1,"treat_all",0.83,-1.95303758527875,0.339806641645738,13
"1arc","0",1,"treat_all",0.84,-2.13760243435867,0.361044556748597,13
"1arc","0",1,"treat_all",0.85,-2.34677592998258,0.385114193865169,13
"1arc","0",1,"treat_all",0.86,-2.58583135355277,0.412622350569824,13
"1arc","0",1,"treat_all",0.87,-2.86166453459529,0.444362531382888,13
"1arc","0",1,"treat_all",0.88,-3.18346991247823,0.481392742331462,13
"1arc","0",1,"treat_all",0.89,-3.56378535906716,0.525155718907049,13
"1arc","0",1,"treat_all",0.9,-4.02016389497388,0.577671290797754,13
"1arc","0",1,"treat_all",0.91,-4.57795988330431,0.641856989775283,13
"1arc","0",1,"treat_all",0.92,-5.27520486871735,0.722089113497193,13
"1arc","0",1,"treat_all",0.93,-6.17166270710554,0.82524470113965,13
"1arc","0",1,"treat_all",0.94,-7.36693982495647,0.962785484662925,13
"1arc","0",1,"treat_all",0.95,-9.04032778994776,1.15534258159551,13
"1arc","0",1,"treat_all",0.96,-11.5504097374347,1.44417822699439,13
"1arc","0",1,"treat_all",0.97,-15.7338796499129,1.92557096932585,13
"1arc","0",1,"treat_all",0.98,-24.1008194748694,2.88835645398877,13
"1arc","0",1,"treat_all",0.99,-49.2016389497387,5.77671290797754,13
"1arc","0",1,"treat_none",0.01,0,0,13
"1arc","0",1,"treat_none",0.02,0,0,13
"1arc","0",1,"treat_none",0.03,0,0,13
"1arc","0",1,"treat_none",0.04,0,0,13
"1arc","0",1,"treat_none",0.05,0,0,13
"1arc","0",1,"treat_none",0.06,0,0,13
"1arc","0",1,"treat_none",0.07,0,0,13
"1arc","0",1,"treat_none",0.08,0,0,13
"1arc","0",1,"treat_none",0.09,0,0,13
"1arc","0",1,"treat_none",0.1,0,0,13
"1arc","0",1,"treat_none",0.11,0,0,13
"1arc","0",1,"treat_none",0.12,0,0,13
"1arc","0",1,"treat_none",0.13,0,0,13
"1arc","0",1,"treat_none",0.14,0,0,13
"1arc","0",1,"treat_none",0.15,0,0,13
"1arc","0",1,"treat_none",0.16,0,0,13
"1arc","0",1,"treat_none",0.17,0,0,13
"1arc","0",1,"treat_none",0.18,0,0,13
"1arc","0",1,"treat_none",0.19,0,0,13
"1arc","0",1,"treat_none",0.2,0,0,13
"1arc","0",1,"treat_none",0.21,0,0,13
"1arc","0",1,"treat_none",0.22,0,0,13
"1arc","0",1,"treat_none",0.23,0,0,13
"1arc","0",1,"treat_none",0.24,0,0,13
"1arc","0",1,"treat_none",0.25,0,0,13
"1arc","0",1,"treat_none",0.26,0,0,13
"1arc","0",1,"treat_none",0.27,0,0,13
"1arc","0",1,"treat_none",0.28,0,0,13
"1arc","0",1,"treat_none",0.29,0,0,13
"1arc","0",1,"treat_none",0.3,0,0,13
"1arc","0",1,"treat_none",0.31,0,0,13
"1arc","0",1,"treat_none",0.32,0,0,13
"1arc","0",1,"treat_none",0.33,0,0,13
"1arc","0",1,"treat_none",0.34,0,0,13
"1arc","0",1,"treat_none",0.35,0,0,13
"1arc","0",1,"treat_none",0.36,0,0,13
"1arc","0",1,"treat_none",0.37,0,0,13
"1arc","0",1,"treat_none",0.38,0,0,13
"1arc","0",1,"treat_none",0.39,0,0,13
"1arc","0",1,"treat_none",0.4,0,0,13
"1arc","0",1,"treat_none",0.41,0,0,13
"1arc","0",1,"treat_none",0.42,0,0,13
"1arc","0",1,"treat_none",0.43,0,0,13
"1arc","0",1,"treat_none",0.44,0,0,13
"1arc","0",1,"treat_none",0.45,0,0,13
"1arc","0",1,"treat_none",0.46,0,0,13
"1arc","0",1,"treat_none",0.47,0,0,13
"1arc","0",1,"treat_none",0.48,0,0,13
"1arc","0",1,"treat_none",0.49,0,0,13
"1arc","0",1,"treat_none",0.5,0,0,13
"1arc","0",1,"treat_none",0.51,0,0,13
"1arc","0",1,"treat_none",0.52,0,0,13
"1arc","0",1,"treat_none",0.53,0,0,13
"1arc","0",1,"treat_none",0.54,0,0,13
"1arc","0",1,"treat_none",0.55,0,0,13
"1arc","0",1,"treat_none",0.56,0,0,13
"1arc","0",1,"treat_none",0.57,0,0,13
"1arc","0",1,"treat_none",0.58,0,0,13
"1arc","0",1,"treat_none",0.59,0,0,13
"1arc","0",1,"treat_none",0.6,0,0,13
"1arc","0",1,"treat_none",0.61,0,0,13
"1arc","0",1,"treat_none",0.62,0,0,13
"1arc","0",1,"treat_none",0.63,0,0,13
"1arc","0",1,"treat_none",0.64,0,0,13
"1arc","0",1,"treat_none",0.65,0,0,13
"1arc","0",1,"treat_none",0.66,0,0,13
"1arc","0",1,"treat_none",0.67,0,0,13
"1arc","0",1,"treat_none",0.68,0,0,13
"1arc","0",1,"treat_none",0.69,0,0,13
"1arc","0",1,"treat_none",0.7,0,0,13
"1arc","0",1,"treat_none",0.71,0,0,13
"1arc","0",1,"treat_none",0.72,0,0,13
"1arc","0",1,"treat_none",0.73,0,0,13
"1arc","0",1,"treat_none",0.74,0,0,13
"1arc","0",1,"treat_none",0.75,0,0,13
"1arc","0",1,"treat_none",0.76,0,0,13
"1arc","0",1,"treat_none",0.77,0,0,13
"1arc","0",1,"treat_none",0.78,0,0,13
"1arc","0",1,"treat_none",0.79,0,0,13
"1arc","0",1,"treat_none",0.8,0,0,13
"1arc","0",1,"treat_none",0.81,0,0,13
"1arc","0",1,"treat_none",0.82,0,0,13
"1arc","0",1,"treat_none",0.83,0,0,13
"1arc","0",1,"treat_none",0.84,0,0,13
"1arc","0",1,"treat_none",0.85,0,0,13
"1arc","0",1,"treat_none",0.86,0,0,13
"1arc","0",1,"treat_none",0.87,0,0,13
"1arc","0",1,"treat_none",0.88,0,0,13
"1arc","0",1,"treat_none",0.89,0,0,13
"1arc","0",1,"treat_none",0.9,0,0,13
"1arc","0",1,"treat_none",0.91,0,0,13
"1arc","0",1,"treat_none",0.92,0,0,13
"1arc","0",1,"treat_none",0.93,0,0,13
"1arc","0",1,"treat_none",0.94,0,0,13
"1arc","0",1,"treat_none",0.95,0,0,13
"1arc","0",1,"treat_none",0.96,0,0,13
"1arc","0",1,"treat_none",0.97,0,0,13
"1arc","0",1,"treat_none",0.98,0,0,13
"1arc","0",1,"treat_none",0.99,0,0,13
"1arc","0",1.25,"model",0.01,0.461303824940189,0.0545198861047066,5
"1arc","0",1.25,"model",0.02,0.44622052887359,0.0430967991831673,5
"1arc","0",1.25,"model",0.03,0.438701885093638,0.0482844854417903,5
"1arc","0",1.25,"model",0.04,0.420507926757927,0.0597564439812305,5
"1arc","0",1.25,"model",0.05,0.412744581165634,0.050270557676759,5
"1arc","0",1.25,"model",0.06,0.40609008587732,0.04953946846044,5
"1arc","0",1.25,"model",0.07,0.403318879125331,0.0516954647111906,5
"1arc","0",1.25,"model",0.08,0.399123790428138,0.0588946886655264,5
"1arc","0",1.25,"model",0.09,0.391213652202663,0.0498695072960984,5
"1arc","0",1.25,"model",0.1,0.379078079078079,0.0547813745487003,5
"1arc","0",1.25,"model",0.11,0.378258233314413,0.0568039291263259,5
"1arc","0",1.25,"model",0.12,0.372954052499507,0.0616913779309427,5
"1arc","0",1.25,"model",0.13,0.360686419307109,0.059480790652742,5
"1arc","0",1.25,"model",0.14,0.345738851552805,0.0493955115088276,5
"1arc","0",1.25,"model",0.15,0.339896007543066,0.0497242843900311,5
"1arc","0",1.25,"model",0.16,0.327147541433256,0.0438817909333957,5
"1arc","0",1.25,"model",0.17,0.326934863681852,0.044429038733152,5
"1arc","0",1.25,"model",0.18,0.312944526359161,0.0627437173151265,5
"1arc","0",1.25,"model",0.19,0.312053939831718,0.0619376549582576,5
"1arc","0",1.25,"model",0.2,0.304941454941455,0.0600965822494516,5
"1arc","0",1.25,"model",0.21,0.300505122657021,0.0605463152272455,5
"1arc","0",1.25,"model",0.22,0.301148989610528,0.0596549749160613,5
"1arc","0",1.25,"model",0.23,0.288796631004423,0.0597975317923514,5
"1arc","0",1.25,"model",0.24,0.290140750667066,0.0589286799391164,5
"1arc","0",1.25,"model",0.25,0.283857283857284,0.0628482634668969,5
"1arc","0",1.25,"model",0.26,0.279357895574112,0.0478588346000858,5
"1arc","0",1.25,"model",0.27,0.271639701776688,0.0375120748579521,5
"1arc","0",1.25,"model",0.28,0.264530664530665,0.0359939364570705,5
"1arc","0",1.25,"model",0.29,0.262779043060733,0.0367042692472322,5
"1arc","0",1.25,"model",0.3,0.26301819158962,0.0351610388424279,5
"1arc","0",1.25,"model",0.31,0.261262891697674,0.0357891775663031,5
"1arc","0",1.25,"model",0.32,0.264138722962252,0.0347789452600833,5
"1arc","0",1.25,"model",0.33,0.25643566464462,0.0243258675267669,5
"1arc","0",1.25,"model",0.34,0.25719654356018,0.021650952620069,5
"1arc","0",1.25,"model",0.35,0.255563251717098,0.0221815313432719,5
"1arc","0",1.25,"model",0.36,0.253878919503919,0.0227378177580647,5
"1arc","0",1.25,"model",0.37,0.255152919438634,0.0235359066434683,5
"1arc","0",1.25,"model",0.38,0.253490348651639,0.0240574328000013,5
"1arc","0",1.25,"model",0.39,0.254817763834157,0.0211293039034105,5
"1arc","0",1.25,"model",0.4,0.257213957213957,0.0290609997252773,5
"1arc","0",1.25,"model",0.41,0.259441512831343,0.0316197337322887,5
"1arc","0",1.25,"model",0.42,0.253256110152662,0.0381689346368113,5
"1arc","0",1.25,"model",0.43,0.255211692053797,0.0363888857185534,5
"1arc","0",1.25,"model",0.44,0.253828025256597,0.0372477317375969,5
"1arc","0",1.25,"model",0.45,0.252394043303134,0.038144977715116,5
"1arc","0",1.25,"model",0.46,0.250906950906951,0.039082631380226,5
"1arc","0",1.25,"model",0.47,0.249363741816572,0.0400628509489533,5
"1arc","0",1.25,"model",0.48,0.247761178530409,0.0410879598614795,5
"1arc","0",1.25,"model",0.49,0.246095769625181,0.0421604632413968,5
"1arc","0",1.25,"model",0.5,0.244363744363744,0.0432830663175079,5
"1arc","0",1.25,"model",0.51,0.247517292415252,0.0376551208066159,5
"1arc","0",1.25,"model",0.52,0.245841920841921,0.0386834373886637,5
"1arc","0",1.25,"model",0.53,0.234787897553855,0.0492774518528994,5
"1arc","0",1.25,"model",0.54,0.243637228419837,0.0461332528284372,5
"1arc","0",1.25,"model",0.55,0.242172792172792,0.0472854958652387,5
"1arc","0",1.25,"model",0.56,0.240641790641791,0.0485164153168312,5
"1arc","0",1.25,"model",0.57,0.239039579737254,0.049831241182366,5
"1arc","0",1.25,"model",0.58,0.239391582248725,0.0425053541053501,5
"1arc","0",1.25,"model",0.59,0.232779525462452,0.0505785990919114,5
"1arc","0",1.25,"model",0.6,0.226093276093276,0.0605386717256654,5
"1arc","0",1.25,"model",0.61,0.219049926742234,0.0600271029622084,5
"1arc","0",1.25,"model",0.62,0.217325775220512,0.0618829217863894,5
"1arc","0",1.25,"model",0.63,0.232972043782855,0.0408655235786678,5
"1arc","0",1.25,"model",0.64,0.231823731823732,0.0416060274854656,5
"1arc","0",1.25,"model",0.65,0.230609802038373,0.0424031531575602,5
"1arc","0",1.25,"model",0.66,0.229324464618582,0.0432623083614978,5
"1arc","0",1.25,"model",0.67,0.238373038373038,0.0433611354723243,5
"1arc","0",1.25,"model",0.68,0.237410224910225,0.0443412828661454,5
"1arc","0",1.25,"model",0.69,0.236385294449811,0.0454037662781207,5
"1arc","0",1.25,"model",0.7,0.235292035292035,0.046557302783642,5
"1arc","0",1.25,"model",0.71,0.234123378950965,0.0478118003695365,5
"1arc","0",1.25,"model",0.72,0.232871247156961,0.0491785678768589,5
"1arc","0",1.25,"model",0.73,0.246140979474313,0.048797261512032,5
"1arc","0",1.25,"model",0.74,0.245462645462645,0.050062812316058,5
"1arc","0",1.25,"model",0.75,0.244730044730045,0.0514448722199026,5
"1arc","0",1.25,"model",0.76,0.243936393936394,0.0529585870328984,5
"1arc","0",1.25,"model",0.77,0.243073730030252,0.0546217499824981,5
"1arc","0",1.25,"model",0.78,0.242132642132642,0.0564554021449381,5
"1arc","0",1.25,"model",0.79,0.241101926816213,0.0584846041845241,5
"1arc","0",1.25,"model",0.8,0.23996813996814,0.0607394393442621,5
"1arc","0",1.25,"model",0.81,0.23871500713606,0.0632563328720459,5
"1arc","0",1.25,"model",0.82,0.237322637322637,0.0660798109296891,5
"1arc","0",1.25,"model",0.83,0.235766459295871,0.0692648799412732,5
"1arc","0",1.25,"model",0.84,0.234015759015759,0.0728802978214427,5
"1arc","0",1.25,"model",0.85,0.232031632031632,0.0770131533000736,5
"1arc","0",1.25,"model",0.86,0.229764058335487,0.0817754074068537,5
"1arc","0",1.25,"model",0.87,0.227147627147627,0.0873134536909734,5
"1arc","0",1.25,"model",0.88,0.224095124095124,0.0938224581475486,5
"1arc","0",1.25,"model",0.89,0.22048762048762,0.101568520543983,5
"1arc","0",1.25,"model",0.9,0.216158616158616,0.11092413221089,5
"1arc","0",1.25,"model",0.91,0.205462205462205,0.119715455779283,5
"1arc","0",1.25,"model",0.92,0.198848448848449,0.134132149622487,5
"1arc","0",1.25,"model",0.93,0.184284441427299,0.147701482046668,5
"1arc","0",1.25,"model",0.94,0.168184668184668,0.183515260302564,5
"1arc","0",1.25,"model",0.95,0.152311652311652,0.218884500411293,5
"1arc","0",1.25,"model",0.96,0.118828468828469,0.267203441643885,5
"1arc","0",1.25,"model",0.97,0.0791459291459293,0.355655137149935,5
"1arc","0",1.25,"model",0.98,0.221648171648172,0.0149252611945862,5
"1arc","0",1.25,"model",0.99,0.216886266886267,0.0205861703205791,5
"1arc","0",1.25,"treat_all",0.01,0.460836733564006,0.0539054959098608,5
"1arc","0",1.25,"treat_all",0.02,0.455335067579966,0.0544555519905737,5
"1arc","0",1.25,"treat_all",0.03,0.449719965183883,0.0550169494337755,5
"1arc","0",1.25,"treat_all",0.04,0.443987881487881,0.055590042657044,5
"1arc","0",1.25,"treat_all",0.05,0.438135122345649,0.0561752010008023,5
"1arc","0",1.25,"treat_all",0.06,0.432157836413156,0.0567728095220875,5
"1arc","0",1.25,"treat_all",0.07,0.426052006697168,0.0573832698395293,5
"1arc","0",1.25,"treat_all",0.08,0.419813441552572,0.0580070010334372,5
"1arc","0",1.25,"treat_all",0.09,0.413437765086117,0.0586444406052332,5
"1arc","0",1.25,"treat_all",0.1,0.406920406920407,0.0592960455008469,5
"1arc","0",1.25,"treat_all",0.11,0.400256591267827,0.0599622932031036,5
"1arc","0",1.25,"treat_all",0.12,0.393441325259507,0.0606436828985934,5
"1arc","0",1.25,"treat_all",0.13,0.386469386469386,0.061340736725014,5
"1arc","0",1.25,"treat_all",0.14,0.379335309567868,0.0620540011055375,5
"1arc","0",1.25,"treat_all",0.15,0.372033372033372,0.0627840481773673,5
"1arc","0",1.25,"treat_all",0.16,0.364557578843293,0.063531477322336,5
"1arc","0",1.25,"treat_all",0.17,0.356901646058273,0.0642969168081473,5
"1arc","0",1.25,"treat_all",0.18,0.349058983205325,0.06508102554971,5
"1arc","0",1.25,"treat_all",0.19,0.341022674356008,0.065884495000941,5
"1arc","0",1.25,"treat_all",0.2,0.332785457785458,0.0667080511884528,5
"1arc","0",1.25,"treat_all",0.21,0.32433970408654,0.067552456899699,5
"1arc","0",1.25,"treat_all",0.22,0.31567739260047,0.0684185140394387,5
"1arc","0",1.25,"treat_all",0.23,0.306790086010865,0.069307066169821,5
"1arc","0",1.25,"treat_all",0.24,0.297668902932061,0.0702190012510029,5
"1arc","0",1.25,"treat_all",0.25,0.288304488304488,0.0711552546010163,5
"1arc","0",1.25,"treat_all",0.26,0.278686981389684,0.0721168120956246,5
"1arc","0",1.25,"treat_all",0.27,0.268805981134748,0.0731047136311811,5
"1arc","0",1.25,"treat_all",0.28,0.258650508650509,0.0741200568760586,5
"1arc","0",1.25,"treat_all",0.29,0.248208966518826,0.0751640013391017,5
"1arc","0",1.25,"treat_all",0.3,0.237469094611952,0.0762377727868031,5
"1arc","0",1.25,"treat_all",0.31,0.226417922070096,0.0773426680445829,5
"1arc","0",1.25,"treat_all",0.32,0.215041715041715,0.0784800602217091,5
"1arc","0",1.25,"treat_all",0.33,0.20332591974383,0.0796514044041227,5
"1arc","0",1.25,"treat_all",0.34,0.191255100346009,0.0808582438647912,5
"1arc","0",1.25,"treat_all",0.35,0.178812871120563,0.0821022168473265,5
"1arc","0",1.25,"treat_all",0.36,0.165981822231822,0.083385063985566,5
"1arc","0",1.25,"treat_all",0.37,0.152743438457724,0.0847086364297813,5
"1arc","0",1.25,"treat_all",0.38,0.139078010045752,0.0860749047592939,5
"1arc","0",1.25,"treat_all",0.39,0.1249645348006,0.0874859687717413,5
"1arc","0",1.25,"treat_all",0.4,0.11038061038061,0.0889440682512703,5
"1arc","0",1.25,"treat_all",0.41,0.0953023156412987,0.0904515948318003,5
"1arc","0",1.25,"treat_all",0.42,0.0797040797040797,0.092011105087521,5
"1arc","0",1.25,"treat_all",0.43,0.0635585372427478,0.0936253350013372,5
"1arc","0",1.25,"treat_all",0.44,0.0468363682649397,0.0952972159835039,5
"1arc","0",1.25,"treat_all",0.45,0.0295061204152114,0.0970298926377495,5
"1arc","0",1.25,"treat_all",0.46,0.0115340115340116,0.0988267425014115,5
"1arc","0",1.25,"treat_all",0.47,-0.00711629013515804,0.100691398020306,5
"1arc","0",1.25,"treat_all",0.48,-0.0264839110992957,0.102627771059158,5
"1arc","0",1.25,"treat_all",0.49,-0.0466110466110465,0.104640080295612,5
"1arc","0",1.25,"treat_all",0.5,-0.0675432675432675,0.106732881901524,5
"1arc","0",1.25,"treat_all",0.51,-0.0893298648400689,0.108911103981147,5
"1arc","0",1.25,"treat_all",0.52,-0.112024237024237,0.111180085314088,5
"1arc","0",1.25,"treat_all",0.53,-0.135684327173689,0.113545619044175,5
"1arc","0",1.25,"treat_all",0.54,-0.160373116894856,0.116014002066874,5
"1arc","0",1.25,"treat_all",0.55,-0.186159186159186,0.118592091001694,5
"1arc","0",1.25,"treat_all",0.56,-0.213117349480986,0.121287365797187,5
"1arc","0",1.25,"treat_all",0.57,-0.241329380864265,0.124108002211075,5
"1arc","0",1.25,"treat_all",0.58,-0.270884842313414,0.127062954644672,5
"1arc","0",1.25,"treat_all",0.59,-0.301882033589351,0.13016205109942,5
"1arc","0",1.25,"treat_all",0.6,-0.334429084429084,0.133416102376905,5
"1arc","0",1.25,"treat_all",0.61,-0.368645214799061,0.136837028078877,5
"1arc","0",1.25,"treat_all",0.62,-0.404662194135878,0.140438002502006,5
"1arc","0",1.25,"treat_all",0.63,-0.442626037220632,0.144233624191249,5
"1arc","0",1.25,"treat_all",0.64,-0.482698982698983,0.148240113752117,5
"1arc","0",1.25,"treat_all",0.65,-0.525061810776096,0.152475545573606,5
"1arc","0",1.25,"treat_all",0.66,-0.56991656991657,0.156960120443418,5
"1arc","0",1.25,"treat_all",0.67,-0.617489799307981,0.161716487729582,5
"1arc","0",1.25,"treat_all",0.68,-0.668036355536356,0.166770127971132,5
"1arc","0",1.25,"treat_all",0.69,-0.721843979908496,0.172149809518588,5
"1arc","0",1.25,"treat_all",0.7,-0.779238779238779,0.177888136502541,5
"1arc","0",1.25,"treat_all",0.71,-0.840591840591841,0.184022210175042,5
"1arc","0",1.25,"treat_all",0.72,-0.90632726347012,0.190594431967008,5
"1arc","0",1.25,"treat_all",0.73,-0.976931976931977,0.197653485002823,5
"1arc","0",1.25,"treat_all",0.74,-1.05296782219859,0.205255542118316,5
"1arc","0",1.25,"treat_all",0.75,-1.13508653508653,0.213465763803049,5
"1arc","0",1.25,"treat_all",0.76,-1.22404847404847,0.222360170628176,5
"1arc","0",1.25,"treat_all",0.77,-1.32074623378971,0.232028004133749,5
"1arc","0",1.25,"treat_all",0.78,-1.42623469896197,0.242574731594374,5
"1arc","0",1.25,"treat_all",0.79,-1.54176968462683,0.254125909289344,5
"1arc","0",1.25,"treat_all",0.8,-1.66885816885817,0.266832204753811,5
"1arc","0",1.25,"treat_all",0.81,-1.80932438827176,0.280876005004012,5
"1arc","0",1.25,"treat_all",0.82,-1.96539796539797,0.296480227504234,5
"1arc","0",1.25,"treat_all",0.83,-2.13983313983314,0.313920240886837,5
"1arc","0",1.25,"treat_all",0.84,-2.33607271107271,0.333540255942264,5
"1arc","0",1.25,"treat_all",0.85,-2.55847755847756,0.355776273005081,5
"1arc","0",1.25,"treat_all",0.86,-2.81265452694024,0.381188863934016,5
"1arc","0",1.25,"treat_all",0.87,-3.10593564439718,0.410511084236632,5
"1arc","0",1.25,"treat_all",0.88,-3.44809694809695,0.444720341256352,5
"1arc","0",1.25,"treat_all",0.89,-3.85246939792394,0.485149463188747,5
"1arc","0",1.25,"treat_all",0.9,-4.33771633771634,0.533664409507622,5
"1arc","0",1.25,"treat_all",0.91,-4.93079593079593,0.592960455008469,5
"1arc","0",1.25,"treat_all",0.92,-5.67214542214543,0.667080511884528,5
"1arc","0",1.25,"treat_all",0.93,-6.62530905388049,0.762377727868032,5
"1arc","0",1.25,"treat_all",0.94,-7.8961938961939,0.889440682512704,5
"1arc","0",1.25,"treat_all",0.95,-9.67543267543269,1.06732881901525,5
"1arc","0",1.25,"treat_all",0.96,-12.3442908442909,1.33416102376906,5
"1arc","0",1.25,"treat_all",0.97,-16.7923877923878,1.7788813650254,5
"1arc","0",1.25,"treat_all",0.98,-25.6885816885817,2.66832204753811,5
"1arc","0",1.25,"treat_all",0.99,-52.3771633771633,5.33664409507622,5
"1arc","0",1.25,"treat_none",0.01,0,0,5
"1arc","0",1.25,"treat_none",0.02,0,0,5
"1arc","0",1.25,"treat_none",0.03,0,0,5
"1arc","0",1.25,"treat_none",0.04,0,0,5
"1arc","0",1.25,"treat_none",0.05,0,0,5
"1arc","0",1.25,"treat_none",0.06,0,0,5
"1arc","0",1.25,"treat_none",0.07,0,0,5
"1arc","0",1.25,"treat_none",0.08,0,0,5
"1arc","0",1.25,"treat_none",0.09,0,0,5
"1arc","0",1.25,"treat_none",0.1,0,0,5
"1arc","0",1.25,"treat_none",0.11,0,0,5
"1arc","0",1.25,"treat_none",0.12,0,0,5
"1arc","0",1.25,"treat_none",0.13,0,0,5
"1arc","0",1.25,"treat_none",0.14,0,0,5
"1arc","0",1.25,"treat_none",0.15,0,0,5
"1arc","0",1.25,"treat_none",0.16,0,0,5
"1arc","0",1.25,"treat_none",0.17,0,0,5
"1arc","0",1.25,"treat_none",0.18,0,0,5
"1arc","0",1.25,"treat_none",0.19,0,0,5
"1arc","0",1.25,"treat_none",0.2,0,0,5
"1arc","0",1.25,"treat_none",0.21,0,0,5
"1arc","0",1.25,"treat_none",0.22,0,0,5
"1arc","0",1.25,"treat_none",0.23,0,0,5
"1arc","0",1.25,"treat_none",0.24,0,0,5
"1arc","0",1.25,"treat_none",0.25,0,0,5
"1arc","0",1.25,"treat_none",0.26,0,0,5
"1arc","0",1.25,"treat_none",0.27,0,0,5
"1arc","0",1.25,"treat_none",0.28,0,0,5
"1arc","0",1.25,"treat_none",0.29,0,0,5
"1arc","0",1.25,"treat_none",0.3,0,0,5
"1arc","0",1.25,"treat_none",0.31,0,0,5
"1arc","0",1.25,"treat_none",0.32,0,0,5
"1arc","0",1.25,"treat_none",0.33,0,0,5
"1arc","0",1.25,"treat_none",0.34,0,0,5
"1arc","0",1.25,"treat_none",0.35,0,0,5
"1arc","0",1.25,"treat_none",0.36,0,0,5
"1arc","0",1.25,"treat_none",0.37,0,0,5
"1arc","0",1.25,"treat_none",0.38,0,0,5
"1arc","0",1.25,"treat_none",0.39,0,0,5
"1arc","0",1.25,"treat_none",0.4,0,0,5
"1arc","0",1.25,"treat_none",0.41,0,0,5
"1arc","0",1.25,"treat_none",0.42,0,0,5
"1arc","0",1.25,"treat_none",0.43,0,0,5
"1arc","0",1.25,"treat_none",0.44,0,0,5
"1arc","0",1.25,"treat_none",0.45,0,0,5
"1arc","0",1.25,"treat_none",0.46,0,0,5
"1arc","0",1.25,"treat_none",0.47,0,0,5
"1arc","0",1.25,"treat_none",0.48,0,0,5
"1arc","0",1.25,"treat_none",0.49,0,0,5
"1arc","0",1.25,"treat_none",0.5,0,0,5
"1arc","0",1.25,"treat_none",0.51,0,0,5
"1arc","0",1.25,"treat_none",0.52,0,0,5
"1arc","0",1.25,"treat_none",0.53,0,0,5
"1arc","0",1.25,"treat_none",0.54,0,0,5
"1arc","0",1.25,"treat_none",0.55,0,0,5
"1arc","0",1.25,"treat_none",0.56,0,0,5
"1arc","0",1.25,"treat_none",0.57,0,0,5
"1arc","0",1.25,"treat_none",0.58,0,0,5
"1arc","0",1.25,"treat_none",0.59,0,0,5
"1arc","0",1.25,"treat_none",0.6,0,0,5
"1arc","0",1.25,"treat_none",0.61,0,0,5
"1arc","0",1.25,"treat_none",0.62,0,0,5
"1arc","0",1.25,"treat_none",0.63,0,0,5
"1arc","0",1.25,"treat_none",0.64,0,0,5
"1arc","0",1.25,"treat_none",0.65,0,0,5
"1arc","0",1.25,"treat_none",0.66,0,0,5
"1arc","0",1.25,"treat_none",0.67,0,0,5
"1arc","0",1.25,"treat_none",0.68,0,0,5
"1arc","0",1.25,"treat_none",0.69,0,0,5
"1arc","0",1.25,"treat_none",0.7,0,0,5
"1arc","0",1.25,"treat_none",0.71,0,0,5
"1arc","0",1.25,"treat_none",0.72,0,0,5
"1arc","0",1.25,"treat_none",0.73,0,0,5
"1arc","0",1.25,"treat_none",0.74,0,0,5
"1arc","0",1.25,"treat_none",0.75,0,0,5
"1arc","0",1.25,"treat_none",0.76,0,0,5
"1arc","0",1.25,"treat_none",0.77,0,0,5
"1arc","0",1.25,"treat_none",0.78,0,0,5
"1arc","0",1.25,"treat_none",0.79,0,0,5
"1arc","0",1.25,"treat_none",0.8,0,0,5
"1arc","0",1.25,"treat_none",0.81,0,0,5
"1arc","0",1.25,"treat_none",0.82,0,0,5
"1arc","0",1.25,"treat_none",0.83,0,0,5
"1arc","0",1.25,"treat_none",0.84,0,0,5
"1arc","0",1.25,"treat_none",0.85,0,0,5
"1arc","0",1.25,"treat_none",0.86,0,0,5
"1arc","0",1.25,"treat_none",0.87,0,0,5
"1arc","0",1.25,"treat_none",0.88,0,0,5
"1arc","0",1.25,"treat_none",0.89,0,0,5
"1arc","0",1.25,"treat_none",0.9,0,0,5
"1arc","0",1.25,"treat_none",0.91,0,0,5
"1arc","0",1.25,"treat_none",0.92,0,0,5
"1arc","0",1.25,"treat_none",0.93,0,0,5
"1arc","0",1.25,"treat_none",0.94,0,0,5
"1arc","0",1.25,"treat_none",0.95,0,0,5
"1arc","0",1.25,"treat_none",0.96,0,0,5
"1arc","0",1.25,"treat_none",0.97,0,0,5
"1arc","0",1.25,"treat_none",0.98,0,0,5
"1arc","0",1.25,"treat_none",0.99,0,0,5
"1arc","0",1.5,"model",0.01,0.398555903751352,0.0543804935509781,3
"1arc","0",1.5,"model",0.02,0.380115925637944,0.0755743519084233,3
"1arc","0",1.5,"model",0.03,0.376743505902797,0.0717799019180484,3
"1arc","0",1.5,"model",0.04,0.373565754027159,0.0698151457857834,3
"1arc","0",1.5,"model",0.05,0.362896386190613,0.0795460660501466,3
"1arc","0",1.5,"model",0.06,0.353728404939623,0.0881883010510357,3
"1arc","0",1.5,"model",0.07,0.351818539741318,0.0870616281135103,3
"1arc","0",1.5,"model",0.08,0.341182439458153,0.0963894620571935,3
"1arc","0",1.5,"model",0.09,0.340742351825974,0.096376408612866,3
"1arc","0",1.5,"model",0.1,0.33245872047208,0.0946400024475983,3
"1arc","0",1.5,"model",0.11,0.330416951596254,0.094268745908836,3
"1arc","0",1.5,"model",0.12,0.3129085886075,0.0724947101485196,3
"1arc","0",1.5,"model",0.13,0.313575654857711,0.0732224553576259,3
"1arc","0",1.5,"model",0.14,0.312194055441124,0.0721407863832324,3
"1arc","0",1.5,"model",0.15,0.31233033539987,0.0719523883237601,3
"1arc","0",1.5,"model",0.16,0.309885880791373,0.0702369961659039,3
"1arc","0",1.5,"model",0.17,0.30738252366219,0.0684958014557109,3
"1arc","0",1.5,"model",0.18,0.306519753965476,0.0677119631607785,3
"1arc","0",1.5,"model",0.19,0.304008731365925,0.0659428047891993,3
"1arc","0",1.5,"model",0.2,0.301434933201385,0.0641427462347336,3
"1arc","0",1.5,"model",0.21,0.30101116546306,0.0649368822224025,3
"1arc","0",1.5,"model",0.22,0.302812667842356,0.0655904035528509,3
"1arc","0",1.5,"model",0.23,0.302921810170697,0.066783033352311,3
"1arc","0",1.5,"model",0.24,0.286984253062146,0.0527877864447882,3
"1arc","0",1.5,"model",0.25,0.284758645335093,0.0513310936196426,3
"1arc","0",1.5,"model",0.26,0.285400813975777,0.0534842095450323,3
"1arc","0",1.5,"model",0.27,0.283206694999311,0.0522504229118829,3
"1arc","0",1.5,"model",0.28,0.265447752304506,0.0535739651759931,3
"1arc","0",1.5,"model",0.29,0.263129162572333,0.0531800381519737,3
"1arc","0",1.5,"model",0.3,0.260744327419241,0.0528388465486688,3
"1arc","0",1.5,"model",0.31,0.261773121356195,0.0501915002643896,3
"1arc","0",1.5,"model",0.32,0.263060172114368,0.0476608465174293,3
"1arc","0",1.5,"model",0.33,0.252465591389908,0.0330068948578991,3
"1arc","0",1.5,"model",0.34,0.250135821350567,0.0321005263730219,3
"1arc","0",1.5,"model",0.35,0.239982428094749,0.037199053486625,3
"1arc","0",1.5,"model",0.36,0.237505927346198,0.036966089683638,3
"1arc","0",1.5,"model",0.37,0.234950807526265,0.0368126174171979,3
"1arc","0",1.5,"model",0.38,0.242171979165004,0.0403574469212883,3
"1arc","0",1.5,"model",0.39,0.239873270549936,0.040171004142859,3
"1arc","0",1.5,"model",0.4,0.237497938314366,0.0400439629222047,3
"1arc","0",1.5,"model",0.41,0.235042086341997,0.0399833996151948,3
"1arc","0",1.5,"model",0.42,0.232501549818856,0.0399968144474818,3
"1arc","0",1.5,"model",0.43,0.229871871663325,0.0400920848398768,3
"1arc","0",1.5,"model",0.44,0.233695895478429,0.0511925265720846,3
"1arc","0",1.5,"model",0.45,0.223391885205344,0.0621419222037479,3
"1arc","0",1.5,"model",0.46,0.22784405715298,0.0743214842882437,3
"1arc","0",1.5,"model",0.47,0.21705543055776,0.0626857110420183,3
"1arc","0",1.5,"model",0.48,0.222198010631954,0.0761273025218858,3
"1arc","0",1.5,"model",0.49,0.219862521950888,0.0781751143150262,3
"1arc","0",1.5,"model",0.5,0.232937489691572,0.0595946089245355,3
"1arc","0",1.5,"model",0.51,0.231042253615944,0.0606742173761811,3
"1arc","0",1.5,"model",0.52,0.229068049370499,0.0618255152980777,3
"1arc","0",1.5,"model",0.53,0.235751383522657,0.0530968857762406,3
"1arc","0",1.5,"model",0.54,0.242287861512094,0.0497567054603203,3
"1arc","0",1.5,"model",0.55,0.250236406619385,0.0387387791794236,3
"1arc","0",1.5,"model",0.56,0.259638567765733,0.0570463023669185,3
"1arc","0",1.5,"model",0.57,0.269094948774304,0.0489330074489726,3
"1arc","0",1.5,"model",0.58,0.252580445009935,0.0413909295382878,3
"1arc","0",1.5,"model",0.59,0.252130274395272,0.0418667175328779,3
"1arc","0",1.5,"model",0.6,0.243324261916543,0.0282045656844202,3
"1arc","0",1.5,"model",0.61,0.242827342814973,0.0288031660425592,3
"1arc","0",1.5,"model",0.62,0.242304270076478,0.0294473064497151,3
"1arc","0",1.5,"model",0.63,0.241752923135902,0.0301408470765909,3
"1arc","0",1.5,"model",0.64,0.241170945809738,0.0308880577012435,3
"1arc","0",1.5,"model",0.65,0.240555712636366,0.0316936751163147,3
"1arc","0",1.5,"model",0.66,0.239904289276324,0.0325629707974611,3
"1arc","0",1.5,"model",0.67,0.223128114394814,0.0336825587064527,3
"1arc","0",1.5,"model",0.68,0.222394029358403,0.034919142737312,3
"1arc","0",1.5,"model",0.69,0.221612583997063,0.03623815983082,3
"1arc","0",1.5,"model",0.7,0.2207790422783,0.0376478098108413,3
"1arc","0",1.5,"model",0.71,0.21988801492376,0.0391574238667869,3
"1arc","0",1.5,"model",0.72,0.238866897575458,0.00967007487936322,3
"1arc","0",1.5,"model",0.73,0.238866897575458,0.00967007487936322,3
"1arc","0",1.5,"model",0.74,0.230533564242124,0.00484934231543488,3
"1arc","0",1.5,"model",0.75,0.230533564242124,0.00484934231543488,3
"1arc","0",1.5,"model",0.76,0.230533564242124,0.00484934231543488,3
"1arc","0",1.5,"model",0.77,0.230533564242124,0.00484934231543488,3
"1arc","0",1.5,"model",0.78,0.230533564242124,0.00484934231543488,3
"1arc","0",1.5,"model",0.79,0.230533564242124,0.00484934231543488,3
"1arc","0",1.5,"model",0.8,0.230533564242124,0.00484934231543488,3
"1arc","0",1.5,"model",0.81,0.230533564242124,0.00484934231543488,3
"1arc","0",1.5,"model",0.82,0.230533564242124,0.00484934231543488,3
"1arc","0",1.5,"model",0.83,0.230533564242124,0.00484934231543488,3
"1arc","0",1.5,"model",0.84,0.230533564242124,0.00484934231543488,3
"1arc","0",1.5,"model",0.85,0.230533564242124,0.00484934231543488,3
"1arc","0",1.5,"model",0.86,0.222781626257628,0.0125184105259193,3
"1arc","0",1.5,"model",0.87,0.215689427676068,0.00824707549220652,3
"1arc","0",1.5,"model",0.88,0.215689427676068,0.00824707549220652,3
"1arc","0",1.5,"model",0.89,0.215689427676068,0.00824707549220652,3
"1arc","0",1.5,"model",0.9,0.207356094342735,0.0066017633560425,3
"1arc","0",1.5,"model",0.91,0.207356094342735,0.0066017633560425,3
"1arc","0",1.5,"model",0.92,0.207356094342735,0.0066017633560425,3
"1arc","0",1.5,"model",0.93,0.199604156358238,0.0133641204483814,3
"1arc","0",1.5,"model",0.94,0.199604156358238,0.0133641204483814,3
"1arc","0",1.5,"model",0.95,0.192511957776678,0.00703272610630462,3
"1arc","0",1.5,"model",0.96,0.192511957776678,0.00703272610630462,3
"1arc","0",1.5,"model",0.97,0.169334487877288,0.00615185298173864,3
"1arc","0",1.5,"model",0.98,0.169334487877288,0.00615185298173864,3
"1arc","0",1.5,"model",0.99,0.153830611908296,0.0326085593105831,3
"1arc","0",1.5,"treat_all",0.01,0.411307533524258,0.0338716007973605,3
"1arc","0",1.5,"treat_all",0.02,0.405300467539812,0.0342172293769254,3
"1arc","0",1.5,"treat_all",0.03,0.399169544524758,0.0345699843189555,3
"1arc","0",1.5,"treat_all",0.04,0.392910893946891,0.034930088322278,3
"1arc","0",1.5,"treat_all",0.05,0.386520482304227,0.0352977734625125,3
"1arc","0",1.5,"treat_all",0.06,0.379994104456399,0.0356732816908371,3
"1arc","0",1.5,"treat_all",0.07,0.373327374396791,0.0360568653649321,3
"1arc","0",1.5,"treat_all",0.08,0.366515715422843,0.0364487878145509,3
"1arc","0",1.5,"treat_all",0.09,0.359554349658259,0.0368493239443812,3
"1arc","0",1.5,"treat_all",0.1,0.352438286876684,0.0372587608770965,3
"1arc","0",1.5,"treat_all",0.11,0.345162312571927,0.0376773986397605,3
"1arc","0",1.5,"treat_all",0.12,0.33772097521479,0.0381055508970305,3
"1arc","0",1.5,"treat_all",0.13,0.330108572631052,0.0385435457349274,3
"1arc","0",1.5,"treat_all",0.14,0.322319137429088,0.038991726499287,3
"1arc","0",1.5,"treat_all",0.15,0.314346421398842,0.0394504526933963,3
"1arc","0",1.5,"treat_all",0.16,0.306183878796447,0.0399201009397462,3
"1arc","0",1.5,"treat_all",0.17,0.2978246484205,0.0404010660113095,3
"1arc","0",1.5,"treat_all",0.18,0.289261534376848,0.0408937619382767,3
"1arc","0",1.5,"treat_all",0.19,0.280486985418537,0.0413986231967739,3
"1arc","0",1.5,"treat_all",0.2,0.271493072736269,0.0419161059867336,3
"1arc","0",1.5,"treat_all",0.21,0.262271466062045,0.0424466896068188,3
"1arc","0",1.5,"treat_all",0.22,0.252813407934635,0.0429908779351114,3
"1arc","0",1.5,"treat_all",0.23,0.24310968595976,0.0435492010251777,3
"1arc","0",1.5,"treat_all",0.24,0.233150602880283,0.0441222168281406,3
"1arc","0",1.5,"treat_all",0.25,0.22292594425202,0.0447105130525158,3
"1arc","0",1.5,"treat_all",0.26,0.212424943498669,0.0453147091748471,3
"1arc","0",1.5,"treat_all",0.27,0.201636244094542,0.0459354586155984,3
"1arc","0",1.5,"treat_all",0.28,0.190547858595855,0.0465734510963706,3
"1arc","0",1.5,"treat_all",0.29,0.179147124209881,0.0472294151963195,3
"1arc","0",1.5,"treat_all",0.3,0.167420654555736,0.0479041211276955,3
"1arc","0",1.5,"treat_all",0.31,0.155354287230457,0.0485983837527346,3
"1arc","0",1.5,"treat_all",0.32,0.142933026748552,0.0493130658667454,3
"1arc","0",1.5,"treat_all",0.33,0.130140982371665,0.0500490817752043,3
"1arc","0",1.5,"treat_all",0.34,0.116961300286387,0.0508074011960407,3
"1arc","0",1.5,"treat_all",0.35,0.103376089521562,0.0515890535221336,3
"1arc","0",1.5,"treat_all",0.36,0.0893663409203364,0.052395132483417,3
"1arc","0",1.5,"treat_all",0.37,0.0749118383952625,0.053226801252995,3
"1arc","0",1.5,"treat_all",0.38,0.059991061595186,0.0540852980473981,3
"1arc","0",1.5,"treat_all",0.39,0.0445810789983858,0.0549719422776834,3
"1arc","0",1.5,"treat_all",0.4,0.0286574303150255,0.0558881413156447,3
"1arc","0",1.5,"treat_all",0.41,0.0121939969305345,0.0568353979481133,3
"1arc","0",1.5,"treat_all",0.42,-0.00483714105342189,0.0578153186023911,3
"1arc","0",1.5,"treat_all",0.43,-0.0224658628262888,0.0588296224375208,3
"1arc","0",1.5,"treat_all",0.44,-0.0407241818053297,0.0598801514096194,3
"1arc","0",1.5,"treat_all",0.45,-0.0596464396563357,0.0609688814352488,3
"1arc","0",1.5,"treat_all",0.46,-0.0792695218721938,0.0620979347951608,3
"1arc","0",1.5,"treat_all",0.47,-0.0996330977565748,0.0632695939422393,3
"1arc","0",1.5,"treat_all",0.48,-0.120779888098047,0.064486316902667,3
"1arc","0",1.5,"treat_all",0.49,-0.142755964335264,0.0657507544889938,3
"1arc","0",1.5,"treat_all",0.5,-0.165611083621969,0.0670657695787737,3
"1arc","0",1.5,"treat_all",0.51,-0.189399064920377,0.0684344587538507,3
"1arc","0",1.5,"treat_all",0.52,-0.214178212106218,0.0698601766445559,3
"1arc","0",1.5,"treat_all",0.53,-0.240011791087201,0.0713465633816741,3
"1arc","0",1.5,"treat_all",0.54,-0.266968569154315,0.0728975756291018,3
"1arc","0",1.5,"treat_all",0.55,-0.295123426246633,0.074517521754193,3
"1arc","0",1.5,"treat_all",0.56,-0.32455804957042,0.076211101794061,3
"1arc","0",1.5,"treat_all",0.57,-0.355361725141825,0.0779834529985741,3
"1arc","0",1.5,"treat_all",0.58,-0.387632242407107,0.0798402018794925,3
"1arc","0",1.5,"treat_all",0.59,-0.421476931246304,0.0817875238765533,3
"1arc","0",1.5,"treat_all",0.6,-0.457013854527462,0.0838322119734671,3
"1arc","0",1.5,"treat_all",0.61,-0.49437318413073,0.0859817558702227,3
"1arc","0",1.5,"treat_all",0.62,-0.533698794239433,0.0882444336562812,3
"1arc","0",1.5,"treat_all",0.63,-0.575150113002661,0.0906294183496942,3
"1arc","0",1.5,"treat_all",0.64,-0.618904282808291,0.0931469021927412,3
"1arc","0",1.5,"treat_all",0.65,-0.665158690888528,0.0958082422553911,3
"1arc","0",1.5,"treat_all",0.66,-0.714133946502896,0.0986261317334907,3
"1arc","0",1.5,"treat_all",0.67,-0.766077399427226,0.101614802392081,3
"1arc","0",1.5,"treat_all",0.68,-0.821267318159327,0.104790264966834,3
"1arc","0",1.5,"treat_all",0.69,-0.880017876809628,0.108170596094796,3
"1arc","0",1.5,"treat_all",0.7,-0.942685139369949,0.11177628263129,3
"1arc","0",1.5,"treat_all",0.71,-1.00967428210684,0.115630637204782,3
"1arc","0",1.5,"treat_all",0.72,-1.08144836361066,0.119760302819239,3
"1arc","0",1.5,"treat_all",0.73,-1.15853904374439,0.124195869590322,3
"1arc","0",1.5,"treat_all",0.74,-1.24155977619609,0.128972633805334,3
"1arc","0",1.5,"treat_all",0.75,-1.33122216724394,0.134131539157547,3
"1arc","0",1.5,"treat_all",0.76,-1.42835642421244,0.139720353289112,3
"1arc","0",1.5,"treat_all",0.77,-1.53393713830863,0.145795151258204,3
"1arc","0",1.5,"treat_all",0.78,-1.64911609914084,0.152422203588122,3
"1arc","0",1.5,"treat_all",0.79,-1.77526448481421,0.159680403758985,3
"1arc","0",1.5,"treat_all",0.8,-1.91402770905492,0.167664423946934,3
"1arc","0",1.5,"treat_all",0.81,-2.06739758847887,0.176488867312562,3
"1arc","0",1.5,"treat_all",0.82,-2.23780856561658,0.186293804385483,3
"1arc","0",1.5,"treat_all",0.83,-2.42826789300579,0.197252263466982,3
"1arc","0",1.5,"treat_all",0.84,-2.64253463631866,0.209580529933668,3
"1arc","0",1.5,"treat_all",0.85,-2.8853702787399,0.223552565262579,3
"1arc","0",1.5,"treat_all",0.86,-3.16289672722132,0.239520605638477,3
"1arc","0",1.5,"treat_all",0.87,-3.48311955239219,0.257945267610668,3
"1arc","0",1.5,"treat_all",0.88,-3.85671284842487,0.279440706578224,3
"1arc","0",1.5,"treat_all",0.89,-4.29823219828168,0.304844407176244,3
"1arc","0",1.5,"treat_all",0.9,-4.82805541810985,0.335328847893869,3
"1arc","0",1.5,"treat_all",0.91,-5.47561713123316,0.372587608770965,3
"1arc","0",1.5,"treat_all",0.92,-6.28506927263731,0.419161059867336,3
"1arc","0",1.5,"treat_all",0.93,-7.32579345444264,0.479041211276955,3
"1arc","0",1.5,"treat_all",0.94,-8.71342569684975,0.558881413156448,3
"1arc","0",1.5,"treat_all",0.95,-10.6561108362197,0.670657695787737,3
"1arc","0",1.5,"treat_all",0.96,-13.5701385452746,0.838322119734673,3
"1arc","0",1.5,"treat_all",0.97,-18.4268513936995,1.11776282631289,3
"1arc","0",1.5,"treat_all",0.98,-28.1402770905492,1.67664423946934,3
"1arc","0",1.5,"treat_all",0.99,-57.2805541810984,3.35328847893868,3
"1arc","0",1.5,"treat_none",0.01,0,0,3
"1arc","0",1.5,"treat_none",0.02,0,0,3
"1arc","0",1.5,"treat_none",0.03,0,0,3
"1arc","0",1.5,"treat_none",0.04,0,0,3
"1arc","0",1.5,"treat_none",0.05,0,0,3
"1arc","0",1.5,"treat_none",0.06,0,0,3
"1arc","0",1.5,"treat_none",0.07,0,0,3
"1arc","0",1.5,"treat_none",0.08,0,0,3
"1arc","0",1.5,"treat_none",0.09,0,0,3
"1arc","0",1.5,"treat_none",0.1,0,0,3
"1arc","0",1.5,"treat_none",0.11,0,0,3
"1arc","0",1.5,"treat_none",0.12,0,0,3
"1arc","0",1.5,"treat_none",0.13,0,0,3
"1arc","0",1.5,"treat_none",0.14,0,0,3
"1arc","0",1.5,"treat_none",0.15,0,0,3
"1arc","0",1.5,"treat_none",0.16,0,0,3
"1arc","0",1.5,"treat_none",0.17,0,0,3
"1arc","0",1.5,"treat_none",0.18,0,0,3
"1arc","0",1.5,"treat_none",0.19,0,0,3
"1arc","0",1.5,"treat_none",0.2,0,0,3
"1arc","0",1.5,"treat_none",0.21,0,0,3
"1arc","0",1.5,"treat_none",0.22,0,0,3
"1arc","0",1.5,"treat_none",0.23,0,0,3
"1arc","0",1.5,"treat_none",0.24,0,0,3
"1arc","0",1.5,"treat_none",0.25,0,0,3
"1arc","0",1.5,"treat_none",0.26,0,0,3
"1arc","0",1.5,"treat_none",0.27,0,0,3
"1arc","0",1.5,"treat_none",0.28,0,0,3
"1arc","0",1.5,"treat_none",0.29,0,0,3
"1arc","0",1.5,"treat_none",0.3,0,0,3
"1arc","0",1.5,"treat_none",0.31,0,0,3
"1arc","0",1.5,"treat_none",0.32,0,0,3
"1arc","0",1.5,"treat_none",0.33,0,0,3
"1arc","0",1.5,"treat_none",0.34,0,0,3
"1arc","0",1.5,"treat_none",0.35,0,0,3
"1arc","0",1.5,"treat_none",0.36,0,0,3
"1arc","0",1.5,"treat_none",0.37,0,0,3
"1arc","0",1.5,"treat_none",0.38,0,0,3
"1arc","0",1.5,"treat_none",0.39,0,0,3
"1arc","0",1.5,"treat_none",0.4,0,0,3
"1arc","0",1.5,"treat_none",0.41,0,0,3
"1arc","0",1.5,"treat_none",0.42,0,0,3
"1arc","0",1.5,"treat_none",0.43,0,0,3
"1arc","0",1.5,"treat_none",0.44,0,0,3
"1arc","0",1.5,"treat_none",0.45,0,0,3
"1arc","0",1.5,"treat_none",0.46,0,0,3
"1arc","0",1.5,"treat_none",0.47,0,0,3
"1arc","0",1.5,"treat_none",0.48,0,0,3
"1arc","0",1.5,"treat_none",0.49,0,0,3
"1arc","0",1.5,"treat_none",0.5,0,0,3
"1arc","0",1.5,"treat_none",0.51,0,0,3
"1arc","0",1.5,"treat_none",0.52,0,0,3
"1arc","0",1.5,"treat_none",0.53,0,0,3
"1arc","0",1.5,"treat_none",0.54,0,0,3
"1arc","0",1.5,"treat_none",0.55,0,0,3
"1arc","0",1.5,"treat_none",0.56,0,0,3
"1arc","0",1.5,"treat_none",0.57,0,0,3
"1arc","0",1.5,"treat_none",0.58,0,0,3
"1arc","0",1.5,"treat_none",0.59,0,0,3
"1arc","0",1.5,"treat_none",0.6,0,0,3
"1arc","0",1.5,"treat_none",0.61,0,0,3
"1arc","0",1.5,"treat_none",0.62,0,0,3
"1arc","0",1.5,"treat_none",0.63,0,0,3
"1arc","0",1.5,"treat_none",0.64,0,0,3
"1arc","0",1.5,"treat_none",0.65,0,0,3
"1arc","0",1.5,"treat_none",0.66,0,0,3
"1arc","0",1.5,"treat_none",0.67,0,0,3
"1arc","0",1.5,"treat_none",0.68,0,0,3
"1arc","0",1.5,"treat_none",0.69,0,0,3
"1arc","0",1.5,"treat_none",0.7,0,0,3
"1arc","0",1.5,"treat_none",0.71,0,0,3
"1arc","0",1.5,"treat_none",0.72,0,0,3
"1arc","0",1.5,"treat_none",0.73,0,0,3
"1arc","0",1.5,"treat_none",0.74,0,0,3
"1arc","0",1.5,"treat_none",0.75,0,0,3
"1arc","0",1.5,"treat_none",0.76,0,0,3
"1arc","0",1.5,"treat_none",0.77,0,0,3
"1arc","0",1.5,"treat_none",0.78,0,0,3
"1arc","0",1.5,"treat_none",0.79,0,0,3
"1arc","0",1.5,"treat_none",0.8,0,0,3
"1arc","0",1.5,"treat_none",0.81,0,0,3
"1arc","0",1.5,"treat_none",0.82,0,0,3
"1arc","0",1.5,"treat_none",0.83,0,0,3
"1arc","0",1.5,"treat_none",0.84,0,0,3
"1arc","0",1.5,"treat_none",0.85,0,0,3
"1arc","0",1.5,"treat_none",0.86,0,0,3
"1arc","0",1.5,"treat_none",0.87,0,0,3
"1arc","0",1.5,"treat_none",0.88,0,0,3
"1arc","0",1.5,"treat_none",0.89,0,0,3
"1arc","0",1.5,"treat_none",0.9,0,0,3
"1arc","0",1.5,"treat_none",0.91,0,0,3
"1arc","0",1.5,"treat_none",0.92,0,0,3
"1arc","0",1.5,"treat_none",0.93,0,0,3
"1arc","0",1.5,"treat_none",0.94,0,0,3
"1arc","0",1.5,"treat_none",0.95,0,0,3
"1arc","0",1.5,"treat_none",0.96,0,0,3
"1arc","0",1.5,"treat_none",0.97,0,0,3
"1arc","0",1.5,"treat_none",0.98,0,0,3
"1arc","0",1.5,"treat_none",0.99,0,0,3
"1arc","0",1.75,"model",0.01,0.359670045178796,0.0201630201572458,5
"1arc","0",1.75,"model",0.02,0.352411951545726,0.0237931189245576,5
"1arc","0",1.75,"model",0.03,0.334550239760493,0.018352231508166,5
"1arc","0",1.75,"model",0.04,0.315767681083462,0.0188967366598131,5
"1arc","0",1.75,"model",0.05,0.310458193610907,0.0171263831628184,5
"1arc","0",1.75,"model",0.06,0.299736064324321,0.019365780113108,5
"1arc","0",1.75,"model",0.07,0.297606906967832,0.0182480515474944,5
"1arc","0",1.75,"model",0.08,0.288396188766432,0.0159189230040397,5
"1arc","0",1.75,"model",0.09,0.288094450804869,0.0159974846654001,5
"1arc","0",1.75,"model",0.1,0.28785251015303,0.0155449141518052,5
"1arc","0",1.75,"model",0.11,0.287937326086444,0.0161555100674864,5
"1arc","0",1.75,"model",0.12,0.278765505754841,0.0183698682591859,5
"1arc","0",1.75,"model",0.13,0.270534291554432,0.0105527242156929,5
"1arc","0",1.75,"model",0.14,0.26226015520834,0.0120875067660018,5
"1arc","0",1.75,"model",0.15,0.261408724605511,0.0114957253695038,5
"1arc","0",1.75,"model",0.16,0.256096770273144,0.0142724924704685,5
"1arc","0",1.75,"model",0.17,0.256184753232234,0.0142704891000651,5
"1arc","0",1.75,"model",0.18,0.246523549890954,0.0183978035819507,5
"1arc","0",1.75,"model",0.19,0.242762434859129,0.0281133378987348,5
"1arc","0",1.75,"model",0.2,0.237864734299517,0.024706630102164,5
"1arc","0",1.75,"model",0.21,0.233334602502109,0.0224031243573969,5
"1arc","0",1.75,"model",0.22,0.233111390402203,0.0227521231661708,5
"1arc","0",1.75,"model",0.23,0.231746016949052,0.0233383928905962,5
"1arc","0",1.75,"model",0.24,0.231607870510293,0.0212830212264502,5
"1arc","0",1.75,"model",0.25,0.230239373499833,0.0217723615192333,5
"1arc","0",1.75,"model",0.26,0.23310866485846,0.016336765503259,5
"1arc","0",1.75,"model",0.27,0.231889900272574,0.0165738719296685,5
"1arc","0",1.75,"model",0.28,0.224710481673908,0.0201991107442496,5
"1arc","0",1.75,"model",0.29,0.220878741778902,0.0164308797924219,5
"1arc","0",1.75,"model",0.3,0.221428089638918,0.0138615404391528,5
"1arc","0",1.75,"model",0.31,0.223804681380028,0.00973583010158908,5
"1arc","0",1.75,"model",0.32,0.222821650125733,0.00950531314813606,5
"1arc","0",1.75,"model",0.33,0.225920890488765,0.0100962427990918,5
"1arc","0",1.75,"model",0.34,0.220718790309438,0.0069907849750394,5
"1arc","0",1.75,"model",0.35,0.21983823086038,0.00727361796626171,5
"1arc","0",1.75,"model",0.36,0.218930153928539,0.00761629382278639,5
"1arc","0",1.75,"model",0.37,0.217993249157591,0.00801715249193805,5
"1arc","0",1.75,"model",0.38,0.219477734555323,0.00961306808710477,5
"1arc","0",1.75,"model",0.39,0.218584662097243,0.0101586838401659,5
"1arc","0",1.75,"model",0.4,0.217661820557227,0.0107539149772144,5
"1arc","0",1.75,"model",0.41,0.208934111347482,0.0134738745665791,5
"1arc","0",1.75,"model",0.42,0.207947086205325,0.0137712639452589,5
"1arc","0",1.75,"model",0.43,0.20692542860204,0.01412894057594,5
"1arc","0",1.75,"model",0.44,0.205867283227209,0.0145488979741521,5
"1arc","0",1.75,"model",0.45,0.204770659838748,0.0150328162101069,5
"1arc","0",1.75,"model",0.46,0.207040828176641,0.0171797303997977,5
"1arc","0",1.75,"model",0.47,0.206000436829171,0.0179891910392908,5
"1arc","0",1.75,"model",0.48,0.204920030429875,0.0188686109054018,5
"1arc","0",1.75,"model",0.49,0.200023670246514,0.024487318029725,5
"1arc","0",1.75,"model",0.5,0.194855983957707,0.0224880676963535,5
"1arc","0",1.75,"model",0.51,0.198266487344186,0.0310363907265222,5
"1arc","0",1.75,"model",0.52,0.197189465408805,0.032012533058178,5
"1arc","0",1.75,"model",0.53,0.19606661275277,0.0330743912247183,5
"1arc","0",1.75,"model",0.54,0.190547114329081,0.0407232280670703,5
"1arc","0",1.75,"model",0.55,0.189323367666272,0.0421611634318294,5
"1arc","0",1.75,"model",0.56,0.188043996155153,0.043687300196223,5
"1arc","0",1.75,"model",0.57,0.186705118992354,0.0453068926056527,5
"1arc","0",1.75,"model",0.58,0.185302485774184,0.0470257090207442,5
"1arc","0",1.75,"model",0.59,0.18383143142342,0.0488500981001776,5
"1arc","0",1.75,"model",0.6,0.182286824355118,0.0507870643342207,5
"1arc","0",1.75,"model",0.61,0.176315180580972,0.0610727931600294,5
"1arc","0",1.75,"model",0.62,0.174605898804983,0.0633318302725933,5
"1arc","0",1.75,"model",0.63,0.172804223419482,0.0657253461598275,5
"1arc","0",1.75,"model",0.64,0.178631923556042,0.053570695491794,5
"1arc","0",1.75,"model",0.65,0.185041082333945,0.0421611761724806,5
"1arc","0",1.75,"model",0.66,0.192083004927429,0.0342905368855293,5
"1arc","0",1.75,"model",0.67,0.199447406799745,0.0387388169263957,5
"1arc","0",1.75,"model",0.68,0.19867833378908,0.0396562462236178,5
"1arc","0",1.75,"model",0.69,0.197859643164825,0.0406403434258952,5
"1arc","0",1.75,"model",0.7,0.196986373165618,0.0416979448941692,5
"1arc","0",1.75,"model",0.71,0.196052877649226,0.042836830361071,5
"1arc","0",1.75,"model",0.72,0.195052703881662,0.0440658910525615,5
"1arc","0",1.75,"model",0.73,0.189811776501686,0.0422018721606381,5
"1arc","0",1.75,"model",0.74,0.184210435904447,0.0371589955816878,5
"1arc","0",1.75,"model",0.75,0.196004466320299,0.0367411525743364,5
"1arc","0",1.75,"model",0.76,0.195375535502689,0.0381104624676632,5
"1arc","0",1.75,"model",0.77,0.194691915048765,0.0396017860031692,5
"1arc","0",1.75,"model",0.78,0.193946147280848,0.0412318001770604,5
"1arc","0",1.75,"model",0.79,0.193129354011224,0.0430203584922552,5
"1arc","0",1.75,"model",0.8,0.192230881414639,0.0449912850510254,5
"1arc","0",1.75,"model",0.81,0.191237832755254,0.0471734194125453,5
"1arc","0",1.75,"model",0.82,0.190134445355938,0.0496020097350667,5
"1arc","0",1.75,"model",0.83,0.18890124767435,0.0523205976140769,5
"1arc","0",1.75,"model",0.84,0.187513900282563,0.0553836097334831,5
"1arc","0",1.75,"model",0.85,0.185941573238538,0.0588599861759605,5
"1arc","0",1.75,"model",0.86,0.184144628045366,0.0628383637221232,5
"1arc","0",1.75,"model",0.87,0.182071229745553,0.0674346514402745,5
"1arc","0",1.75,"model",0.88,0.179652265062437,0.0728033940696831,5
"1arc","0",1.75,"model",0.89,0.176793488618755,0.0791553336115705,5
"1arc","0",1.75,"model",0.9,0.20332522103728,0.0182934625241176,5
"1arc","0",1.75,"model",0.91,0.20332522103728,0.0182934625241176,5
"1arc","0",1.75,"model",0.92,0.20332522103728,0.0182934625241176,5
"1arc","0",1.75,"model",0.93,0.20332522103728,0.0182934625241176,5
"1arc","0",1.75,"model",0.94,0.20332522103728,0.0182934625241176,5
"1arc","0",1.75,"model",0.95,0.19955163613162,0.023324237799118,5
"1arc","0",1.75,"model",0.96,0.19955163613162,0.023324237799118,5
"1arc","0",1.75,"model",0.97,0.19955163613162,0.023324237799118,5
"1arc","0",1.75,"model",0.98,0.190940525020509,0.0184370102441607,5
"1arc","0",1.75,"model",0.99,0.182148254489108,0.00983505233619149,5
"1arc","0",1.75,"treat_all",0.01,0.366853937239499,0.0244880514461929,5
"1arc","0",1.75,"treat_all",0.02,0.360393263129698,0.0247379295221745,5
"1arc","0",1.75,"treat_all",0.03,0.353799379244437,0.024992959723434,5
"1arc","0",1.75,"treat_all",0.04,0.347068122778234,0.0252533030538864,5
"1arc","0",1.75,"treat_all",0.05,0.340195155649583,0.0255191272965589,5
"1arc","0",1.75,"treat_all",0.06,0.33317595517777,0.0257906073741819,5
"1arc","0",1.75,"treat_all",0.07,0.326005804158177,0.0260679257330441,5
"1arc","0",1.75,"treat_all",0.08,0.318679780290331,0.0263512727518815,5
"1arc","0",1.75,"treat_all",0.09,0.311192744908906,0.0266408471777263,5
"1arc","0",1.75,"treat_all",0.1,0.303539330963449,0.0269368565908122,5
"1arc","0",1.75,"treat_all",0.11,0.295713930187758,0.0272395179008213,5
"1arc","0",1.75,"treat_all",0.12,0.287710679394437,0.027549057876967,5
"1arc","0",1.75,"treat_all",0.13,0.279523445824258,0.0278657137146333,5
"1arc","0",1.75,"treat_all",0.14,0.271145811473377,0.0281897336415477,5
"1arc","0",1.75,"treat_all",0.15,0.26257105631424,0.0285213775667423,5
"1arc","0",1.75,"treat_all",0.16,0.253792140317981,0.0288609177758702,5
"1arc","0",1.75,"treat_all",0.17,0.244801684177234,0.0292086396767843,5
"1arc","0",1.75,"treat_all",0.18,0.23559194861842,0.0295648425996719,5
"1arc","0",1.75,"treat_all",0.19,0.22615481218161,0.029929840656458,5
"1arc","0",1.75,"treat_all",0.2,0.21648174733388,0.0303039636646637,5
"1arc","0",1.75,"treat_all",0.21,0.206563794768486,0.0306875581414316,5
"1arc","0",1.75,"treat_all",0.22,0.196391535727057,0.0310809883740141,5
"1arc","0",1.75,"treat_all",0.23,0.18595506216507,0.0314846375736766,5
"1arc","0",1.75,"treat_all",0.24,0.175243944561979,0.0318989091206987,5
"1arc","0",1.75,"treat_all",0.25,0.164247197156139,0.0323242279089746,5
"1arc","0",1.75,"treat_all",0.26,0.152953240360952,0.0327610417996365,5
"1arc","0",1.75,"treat_all",0.27,0.141349860091924,0.033209823194152,5
"1arc","0",1.75,"treat_all",0.28,0.129424163704311,0.0336710707385153,5
"1arc","0",1.75,"treat_all",0.29,0.117162532207189,0.0341453111714521,5
"1arc","0",1.75,"treat_all",0.3,0.104550568381577,0.0346331013310443,5
"1arc","0",1.75,"treat_all",0.31,0.0915730403871075,0.035135030335842,5
"1arc","0",1.75,"treat_all",0.32,0.0782138203928002,0.0356517219584279,5
"1arc","0",1.75,"treat_all",0.33,0.0644558177120957,0.0361838372115388,5
"1arc","0",1.75,"treat_all",0.34,0.0502809058592487,0.0367320771692894,5
"1arc","0",1.75,"treat_all",0.35,0.0356698428724679,0.0372971860488169,5
"1arc","0",1.75,"treat_all",0.36,0.0206021841673502,0.0378799545808297,5
"1arc","0",1.75,"treat_all",0.37,0.00505618709064153,0.0384812237011603,5
"1arc","0",1.75,"treat_all",0.38,-0.0109912937627352,0.0391018885995661,5
"1arc","0",1.75,"treat_all",0.39,-0.0275649215293374,0.0397429031667721,5
"1arc","0",1.75,"treat_all",0.4,-0.0446910035548264,0.0404052848862183,5
"1arc","0",1.75,"treat_all",0.41,-0.0623976307337218,0.0410901202232729,5
"1arc","0",1.75,"treat_all",0.42,-0.0807148312636136,0.04179857057195,5
"1arc","0",1.75,"treat_all",0.43,-0.0996747405840277,0.0425318788275982,5
"1arc","0",1.75,"treat_all",0.44,-0.119311789523028,0.0432913766638053,5
"1arc","0",1.75,"treat_all",0.45,-0.139662912968901,0.0440784926031472,5
"1arc","0",1.75,"treat_all",0.46,-0.160767781727585,0.044894760984687,5
"1arc","0",1.75,"treat_all",0.47,-0.182669060628105,0.0457418319466623,5
"1arc","0",1.75,"treat_all",0.48,-0.205412696409415,0.0466214825610211,5
"1arc","0",1.75,"treat_all",0.49,-0.229048239476266,0.0475356292779039,5
"1arc","0",1.75,"treat_all",0.5,-0.253629204265792,0.048486341863462,5
"1arc","0",1.75,"treat_all",0.51,-0.279213473740604,0.0494758590443489,5
"1arc","0",1.75,"treat_all",0.52,-0.305863754443533,0.0505066061077729,5
"1arc","0",1.75,"treat_all",0.53,-0.333648089644459,0.0515812147483638,5
"1arc","0",1.75,"treat_all",0.54,-0.362640439419339,0.052702545503763,5
"1arc","0",1.75,"treat_all",0.55,-0.392921338073102,0.0538737131816244,5
"1arc","0",1.75,"treat_all",0.56,-0.424578641211127,0.0550981157539341,5
"1arc","0",1.75,"treat_all",0.57,-0.457708377053246,0.0563794672830954,5
"1arc","0",1.75,"treat_all",0.58,-0.492415719364038,0.0577218355517404,5
"1arc","0",1.75,"treat_all",0.59,-0.52881610276316,0.0591296851993438,5
"1arc","0",1.75,"treat_all",0.6,-0.567036505332239,0.0606079273293275,5
"1arc","0",1.75,"treat_all",0.61,-0.607216928545887,0.0621619767480282,5
"1arc","0",1.75,"treat_all",0.62,-0.649512110876042,0.0637978182413973,5
"1arc","0",1.75,"treat_all",0.63,-0.694093519278097,0.0655220835992729,5
"1arc","0",1.75,"treat_all",0.64,-0.741151672591377,0.0673421414770305,5
"1arc","0",1.75,"treat_all",0.65,-0.790898863236845,0.0692662026620886,5
"1arc","0",1.75,"treat_all",0.66,-0.8435723592144,0.0713034439168559,5
"1arc","0",1.75,"treat_all",0.67,-0.899438188281503,0.0734641543385787,5
"1arc","0",1.75,"treat_all",0.68,-0.9587956316653,0.0757599091616594,5
"1arc","0",1.75,"treat_all",0.69,-1.02198258752547,0.0782037771991322,5
"1arc","0",1.75,"treat_all",0.7,-1.08938200710965,0.0808105697724366,5
"1arc","0",1.75,"treat_all",0.71,-1.16142966252723,0.0835971411439,5
"1arc","0",1.75,"treat_all",0.72,-1.23862357904606,0.0865827533276107,5
"1arc","0",1.75,"treat_all",0.73,-1.32153556345517,0.0897895219693741,5
"1arc","0",1.75,"treat_all",0.74,-1.41082539281883,0.0932429651220422,5
"1arc","0",1.75,"treat_all",0.75,-1.50725840853158,0.096972683726924,5
"1arc","0",1.75,"treat_all",0.76,-1.61172750888707,0.101013212215546,5
"1arc","0",1.75,"treat_all",0.77,-1.72528087883868,0.105405091007526,5
"1arc","0",1.75,"treat_all",0.78,-1.84915728242225,0.110196231507868,5
"1arc","0",1.75,"treat_all",0.79,-1.98483143872808,0.115443671103481,5
"1arc","0",1.75,"treat_all",0.8,-2.13407301066448,0.121215854658655,5
"1arc","0",1.75,"treat_all",0.81,-2.29902422175208,0.127595636482795,5
"1arc","0",1.75,"treat_all",0.82,-2.48230334518276,0.134684282954061,5
"1arc","0",1.75,"treat_all",0.83,-2.6871447184288,0.142606887833712,5
"1arc","0",1.75,"treat_all",0.84,-2.9175912633306,0.151519818323319,5
"1arc","0",1.75,"treat_all",0.85,-3.1787640142193,0.161621139544873,5
"1arc","0",1.75,"treat_all",0.86,-3.47724715809211,0.173165506655221,5
"1arc","0",1.75,"treat_all",0.87,-3.82165078563766,0.186485930244085,5
"1arc","0",1.75,"treat_all",0.88,-4.22345501777413,0.202026424431092,5
"1arc","0",1.75,"treat_all",0.89,-4.69831456484451,0.220392463015736,5
"1arc","0",1.75,"treat_all",0.9,-5.26814602132896,0.24243170931731,5
"1arc","0",1.75,"treat_all",0.91,-5.96460669036551,0.269368565908122,5
"1arc","0",1.75,"treat_all",0.92,-6.8351825266612,0.303039636646638,5
"1arc","0",1.75,"treat_all",0.93,-7.95449431618423,0.346331013310443,5
"1arc","0",1.75,"treat_all",0.94,-9.44691003554827,0.404052848862183,5
"1arc","0",1.75,"treat_all",0.95,-11.5362920426579,0.484863418634621,5
"1arc","0",1.75,"treat_all",0.96,-14.6703650533224,0.606079273293276,5
"1arc","0",1.75,"treat_all",0.97,-19.8938200710965,0.808105697724365,5
"1arc","0",1.75,"treat_all",0.98,-30.3407301066448,1.21215854658655,5
"1arc","0",1.75,"treat_all",0.99,-61.6814602132895,2.4243170931731,5
"1arc","0",1.75,"treat_none",0.01,0,0,5
"1arc","0",1.75,"treat_none",0.02,0,0,5
"1arc","0",1.75,"treat_none",0.03,0,0,5
"1arc","0",1.75,"treat_none",0.04,0,0,5
"1arc","0",1.75,"treat_none",0.05,0,0,5
"1arc","0",1.75,"treat_none",0.06,0,0,5
"1arc","0",1.75,"treat_none",0.07,0,0,5
"1arc","0",1.75,"treat_none",0.08,0,0,5
"1arc","0",1.75,"treat_none",0.09,0,0,5
"1arc","0",1.75,"treat_none",0.1,0,0,5
"1arc","0",1.75,"treat_none",0.11,0,0,5
"1arc","0",1.75,"treat_none",0.12,0,0,5
"1arc","0",1.75,"treat_none",0.13,0,0,5
"1arc","0",1.75,"treat_none",0.14,0,0,5
"1arc","0",1.75,"treat_none",0.15,0,0,5
"1arc","0",1.75,"treat_none",0.16,0,0,5
"1arc","0",1.75,"treat_none",0.17,0,0,5
"1arc","0",1.75,"treat_none",0.18,0,0,5
"1arc","0",1.75,"treat_none",0.19,0,0,5
"1arc","0",1.75,"treat_none",0.2,0,0,5
"1arc","0",1.75,"treat_none",0.21,0,0,5
"1arc","0",1.75,"treat_none",0.22,0,0,5
"1arc","0",1.75,"treat_none",0.23,0,0,5
"1arc","0",1.75,"treat_none",0.24,0,0,5
"1arc","0",1.75,"treat_none",0.25,0,0,5
"1arc","0",1.75,"treat_none",0.26,0,0,5
"1arc","0",1.75,"treat_none",0.27,0,0,5
"1arc","0",1.75,"treat_none",0.28,0,0,5
"1arc","0",1.75,"treat_none",0.29,0,0,5
"1arc","0",1.75,"treat_none",0.3,0,0,5
"1arc","0",1.75,"treat_none",0.31,0,0,5
"1arc","0",1.75,"treat_none",0.32,0,0,5
"1arc","0",1.75,"treat_none",0.33,0,0,5
"1arc","0",1.75,"treat_none",0.34,0,0,5
"1arc","0",1.75,"treat_none",0.35,0,0,5
"1arc","0",1.75,"treat_none",0.36,0,0,5
"1arc","0",1.75,"treat_none",0.37,0,0,5
"1arc","0",1.75,"treat_none",0.38,0,0,5
"1arc","0",1.75,"treat_none",0.39,0,0,5
"1arc","0",1.75,"treat_none",0.4,0,0,5
"1arc","0",1.75,"treat_none",0.41,0,0,5
"1arc","0",1.75,"treat_none",0.42,0,0,5
"1arc","0",1.75,"treat_none",0.43,0,0,5
"1arc","0",1.75,"treat_none",0.44,0,0,5
"1arc","0",1.75,"treat_none",0.45,0,0,5
"1arc","0",1.75,"treat_none",0.46,0,0,5
"1arc","0",1.75,"treat_none",0.47,0,0,5
"1arc","0",1.75,"treat_none",0.48,0,0,5
"1arc","0",1.75,"treat_none",0.49,0,0,5
"1arc","0",1.75,"treat_none",0.5,0,0,5
"1arc","0",1.75,"treat_none",0.51,0,0,5
"1arc","0",1.75,"treat_none",0.52,0,0,5
"1arc","0",1.75,"treat_none",0.53,0,0,5
"1arc","0",1.75,"treat_none",0.54,0,0,5
"1arc","0",1.75,"treat_none",0.55,0,0,5
"1arc","0",1.75,"treat_none",0.56,0,0,5
"1arc","0",1.75,"treat_none",0.57,0,0,5
"1arc","0",1.75,"treat_none",0.58,0,0,5
"1arc","0",1.75,"treat_none",0.59,0,0,5
"1arc","0",1.75,"treat_none",0.6,0,0,5
"1arc","0",1.75,"treat_none",0.61,0,0,5
"1arc","0",1.75,"treat_none",0.62,0,0,5
"1arc","0",1.75,"treat_none",0.63,0,0,5
"1arc","0",1.75,"treat_none",0.64,0,0,5
"1arc","0",1.75,"treat_none",0.65,0,0,5
"1arc","0",1.75,"treat_none",0.66,0,0,5
"1arc","0",1.75,"treat_none",0.67,0,0,5
"1arc","0",1.75,"treat_none",0.68,0,0,5
"1arc","0",1.75,"treat_none",0.69,0,0,5
"1arc","0",1.75,"treat_none",0.7,0,0,5
"1arc","0",1.75,"treat_none",0.71,0,0,5
"1arc","0",1.75,"treat_none",0.72,0,0,5
"1arc","0",1.75,"treat_none",0.73,0,0,5
"1arc","0",1.75,"treat_none",0.74,0,0,5
"1arc","0",1.75,"treat_none",0.75,0,0,5
"1arc","0",1.75,"treat_none",0.76,0,0,5
"1arc","0",1.75,"treat_none",0.77,0,0,5
"1arc","0",1.75,"treat_none",0.78,0,0,5
"1arc","0",1.75,"treat_none",0.79,0,0,5
"1arc","0",1.75,"treat_none",0.8,0,0,5
"1arc","0",1.75,"treat_none",0.81,0,0,5
"1arc","0",1.75,"treat_none",0.82,0,0,5
"1arc","0",1.75,"treat_none",0.83,0,0,5
"1arc","0",1.75,"treat_none",0.84,0,0,5
"1arc","0",1.75,"treat_none",0.85,0,0,5
"1arc","0",1.75,"treat_none",0.86,0,0,5
"1arc","0",1.75,"treat_none",0.87,0,0,5
"1arc","0",1.75,"treat_none",0.88,0,0,5
"1arc","0",1.75,"treat_none",0.89,0,0,5
"1arc","0",1.75,"treat_none",0.9,0,0,5
"1arc","0",1.75,"treat_none",0.91,0,0,5
"1arc","0",1.75,"treat_none",0.92,0,0,5
"1arc","0",1.75,"treat_none",0.93,0,0,5
"1arc","0",1.75,"treat_none",0.94,0,0,5
"1arc","0",1.75,"treat_none",0.95,0,0,5
"1arc","0",1.75,"treat_none",0.96,0,0,5
"1arc","0",1.75,"treat_none",0.97,0,0,5
"1arc","0",1.75,"treat_none",0.98,0,0,5
"1arc","0",1.75,"treat_none",0.99,0,0,5
"1arc","0",2,"model",0.01,0.328609661942995,0.0160634988784377,3
"1arc","0",2,"model",0.02,0.324135698235338,0.0159877062737232,3
"1arc","0",2,"model",0.03,0.308945703578815,0.0257167655325346,3
"1arc","0",2,"model",0.04,0.304868742368742,0.024889104301393,3
"1arc","0",2,"model",0.05,0.295590975931533,0.0327920233947288,3
"1arc","0",2,"model",0.06,0.29378641800419,0.0333509022277274,3
"1arc","0",2,"model",0.07,0.291862540439391,0.0354560690550184,3
"1arc","0",2,"model",0.08,0.289803546836795,0.0351279867081386,3
"1arc","0",2,"model",0.09,0.275769676706975,0.0190060019575735,3
"1arc","0",2,"model",0.1,0.276670497258733,0.0196656405192455,3
"1arc","0",2,"model",0.11,0.274517773113279,0.0189921902611052,3
"1arc","0",2,"model",0.12,0.26604114839409,0.0150430859696865,3
"1arc","0",2,"model",0.13,0.259156786793704,0.0260779832450907,3
"1arc","0",2,"model",0.14,0.252842251987259,0.0176152286124959,3
"1arc","0",2,"model",0.15,0.244782226616137,0.0173309424905039,3
"1arc","0",2,"model",0.16,0.237040542712812,0.00896904073704175,3
"1arc","0",2,"model",0.17,0.234562685129659,0.00801379788706813,3
"1arc","0",2,"model",0.18,0.233876915369024,0.00991846127283464,3
"1arc","0",2,"model",0.19,0.231802470909225,0.0097938736657893,3
"1arc","0",2,"model",0.2,0.223723784385549,0.0153495366514636,3
"1arc","0",2,"model",0.21,0.221543648293462,0.0154921937426867,3
"1arc","0",2,"model",0.22,0.219307611275937,0.015645701596567,3
"1arc","0",2,"model",0.23,0.218928247289592,0.0158895018329506,3
"1arc","0",2,"model",0.24,0.216683299500637,0.0161625290803166,3
"1arc","0",2,"model",0.25,0.210104982163806,0.0167295238168176,3
"1arc","0",2,"model",0.26,0.203739534621888,0.0258873066567393,3
"1arc","0",2,"model",0.27,0.203964638191068,0.029924908417966,3
"1arc","0",2,"model",0.28,0.201835791296576,0.0300630534960826,3
"1arc","0",2,"model",0.29,0.202316589329845,0.0348421951590474,3
"1arc","0",2,"model",0.3,0.205495018520229,0.0306741558131709,3
"1arc","0",2,"model",0.31,0.203569685027486,0.0309197228142702,3
"1arc","0",2,"model",0.32,0.20768005543092,0.0343201022644716,3
"1arc","0",2,"model",0.33,0.202902477485445,0.0385290485880702,3
"1arc","0",2,"model",0.34,0.204293255763844,0.035346934782557,3
"1arc","0",2,"model",0.35,0.202704849198062,0.0357059677401498,3
"1arc","0",2,"model",0.36,0.204415019212813,0.0322962908126349,3
"1arc","0",2,"model",0.37,0.202872602032266,0.0324518114760461,3
"1arc","0",2,"model",0.38,0.201280429458798,0.0326245129345073,3
"1arc","0",2,"model",0.39,0.199636054505871,0.0328156430451499,3
"1arc","0",2,"model",0.4,0.191400919342096,0.0220547671838586,3
"1arc","0",2,"model",0.41,0.183108184603698,0.0122490373088043,3
"1arc","0",2,"model",0.42,0.185932728529077,0.0161618051816322,3
"1arc","0",2,"model",0.43,0.184245493069022,0.0171264862894659,3
"1arc","0",2,"model",0.44,0.164182980884662,0.0333616988456994,3
"1arc","0",2,"model",0.45,0.162371941783707,0.0341837038173742,3
"1arc","0",2,"model",0.46,0.159525538610506,0.0340578915887413,3
"1arc","0",2,"model",0.47,0.157804921678396,0.0352346867949855,3
"1arc","0",2,"model",0.48,0.150065746219592,0.0467541263858594,3
"1arc","0",2,"model",0.49,0.148208881340369,0.0480420835558283,3
"1arc","0",2,"model",0.5,0.146277741865977,0.0493857028560278,3
"1arc","0",2,"model",0.51,0.144267780372222,0.0507882946157672,3
"1arc","0",2,"model",0.52,0.142174070482894,0.0522534470597816,3
"1arc","0",2,"model",0.53,0.147219853571543,0.0609412743654443,3
"1arc","0",2,"model",0.54,0.145238641722018,0.0629322997825695,3
"1arc","0",2,"model",0.55,0.143169376012513,0.0650170797314775,3
"1arc","0",2,"model",0.56,0.141006052770759,0.0672018378640831,3
"1arc","0",2,"model",0.57,0.138742109843341,0.0694933827095007,3
"1arc","0",2,"model",0.58,0.129834412397438,0.0693130301843226,3
"1arc","0",2,"model",0.59,0.120811019842584,0.0711134411940894,3
"1arc","0",2,"model",0.6,0.118199202758026,0.0738339659862437,3
"1arc","0",2,"model",0.61,0.115453446335799,0.0766946405511549,3
"1arc","0",2,"model",0.62,0.123227091106348,0.0818037306530278,3
"1arc","0",2,"model",0.63,0.120645451527804,0.0851292679401311,3
"1arc","0",2,"model",0.64,0.117920387528231,0.0886405280823879,3
"1arc","0",2,"model",0.65,0.126094027354532,0.0741866672323354,3
"1arc","0",2,"model",0.66,0.123543987730839,0.0772756136632229,3
"1arc","0",2,"model",0.67,0.145009674421439,0.0437254924519049,3
"1arc","0",2,"model",0.68,0.14326339510163,0.0454094356575007,3
"1arc","0",2,"model",0.69,0.141404452599899,0.0472027894385611,3
"1arc","0",2,"model",0.7,0.139421580598051,0.0491164783738631,3
"1arc","0",2,"model",0.71,0.16644810001808,0.0336035406197034,3
"1arc","0",2,"model",0.72,0.165643180349063,0.0349694327866555,3
"1arc","0",2,"model",0.73,0.182449903038138,0.00860147600657483,3
"1arc","0",2,"model",0.74,0.182449903038138,0.00860147600657483,3
"1arc","0",2,"model",0.75,0.182449903038138,0.00860147600657483,3
"1arc","0",2,"model",0.76,0.182449903038138,0.00860147600657483,3
"1arc","0",2,"model",0.77,0.182449903038138,0.00860147600657483,3
"1arc","0",2,"model",0.78,0.182449903038138,0.00860147600657483,3
"1arc","0",2,"model",0.79,0.182449903038138,0.00860147600657483,3
"1arc","0",2,"model",0.8,0.182449903038138,0.00860147600657483,3
"1arc","0",2,"model",0.81,0.182449903038138,0.00860147600657483,3
"1arc","0",2,"model",0.82,0.182449903038138,0.00860147600657483,3
"1arc","0",2,"model",0.83,0.182449903038138,0.00860147600657483,3
"1arc","0",2,"model",0.84,0.182449903038138,0.00860147600657483,3
"1arc","0",2,"model",0.85,0.182449903038138,0.00860147600657483,3
"1arc","0",2,"model",0.86,0.176497522085757,0.0157967205178259,3
"1arc","0",2,"model",0.87,0.176497522085757,0.0157967205178259,3
"1arc","0",2,"model",0.88,0.176497522085757,0.0157967205178259,3
"1arc","0",2,"model",0.89,0.176497522085757,0.0157967205178259,3
"1arc","0",2,"model",0.9,0.176497522085757,0.0157967205178259,3
"1arc","0",2,"model",0.91,0.169961574373339,0.0194478875801889,3
"1arc","0",2,"model",0.92,0.169961574373339,0.0194478875801889,3
"1arc","0",2,"model",0.93,0.169961574373339,0.0194478875801889,3
"1arc","0",2,"model",0.94,0.169961574373339,0.0194478875801889,3
"1arc","0",2,"model",0.95,0.169961574373339,0.0194478875801889,3
"1arc","0",2,"model",0.96,0.169961574373339,0.0194478875801889,3
"1arc","0",2,"model",0.97,0.163425626660921,0.0276263634693715,3
"1arc","0",2,"model",0.98,0.157015370250664,0.0181952131319349,3
"1arc","0",2,"model",0.99,0.157015370250664,0.0181952131319349,3
"1arc","0",2,"treat_all",0.01,0.333509627627275,0.0167529210742825,3
"1arc","0",2,"treat_all",0.02,0.326708705460206,0.0169238692485099,3
"1arc","0",2,"treat_all",0.03,0.319767558093816,0.0170983421273605,3
"1arc","0",2,"treat_all",0.04,0.312681803490627,0.0172764498578539,3
"1arc","0",2,"treat_all",0.05,0.305446875106318,0.0174583072247786,3
"1arc","0",2,"treat_all",0.06,0.298058012075534,0.0176440338973827,3
"1arc","0",2,"treat_all",0.07,0.290510248764518,0.0178337546919782,3
"1arc","0",2,"treat_all",0.08,0.282798403642393,0.0180275998516736,3
"1arc","0",2,"treat_all",0.09,0.274917067418683,0.0182257053445492,3
"1arc","0",2,"treat_all",0.1,0.266860590390002,0.0184282131817108,3
"1arc","0",2,"treat_all",0.11,0.25862306893371,0.0186352717567862,3
"1arc","0",2,"treat_all",0.12,0.250198331080684,0.0188470362085679,3
"1arc","0",2,"treat_all",0.13,0.241579921093106,0.0190636688086664,3
"1arc","0",2,"treat_all",0.14,0.232761082966281,0.019285339376209,3
"1arc","0",2,"treat_all",0.15,0.223734742765885,0.0195122257218114,3
"1arc","0",2,"treat_all",0.16,0.214493489703574,0.0197445141232616,3
"1arc","0",2,"treat_all",0.17,0.205029555844581,0.01998239983559,3
"1arc","0",2,"treat_all",0.18,0.19533479433049,0.0202260876384631,3
"1arc","0",2,"treat_all",0.19,0.185400655988891,0.0204757924241231,3
"1arc","0",2,"treat_all",0.2,0.175218164188752,0.0207317398294247,3
"1arc","0",2,"treat_all",0.21,0.164777887786078,0.0209941669158731,3
"1arc","0",2,"treat_all",0.22,0.154069911988464,0.021263322901974,3
"1arc","0",2,"treat_all",0.23,0.143083806949353,0.021539469952649,3
"1arc","0",2,"treat_all",0.24,0.131808593882897,0.0218228840309733,3
"1arc","0",2,"treat_all",0.25,0.120232708468003,0.022113855818053,3
"1arc","0",2,"treat_all",0.26,0.108343961285138,0.0224126917074861,3
"1arc","0",2,"treat_all",0.27,0.0961294950013725,0.0227197148815613,3
"1arc","0",2,"treat_all",0.28,0.0835757379875027,0.0230352664771385,3
"1arc","0",2,"treat_all",0.29,0.0706683540154957,0.023359706850056,3
"1arc","0",2,"treat_all",0.3,0.0573921876442885,0.0236934169479139,3
"1arc","0",2,"treat_all",0.31,0.0437312048565245,0.0240367998022315,3
"1arc","0",2,"treat_all",0.32,0.0296684284573558,0.0243902821522643,3
"1arc","0",2,"treat_all",0.33,0.0151858676880626,0.0247543162142384,3
"1arc","0",2,"treat_all",0.34,0.000264441440911978,0.0251293816114238,3
"1arc","0",2,"treat_all",0.35,-0.0151161056138432,0.0255159874823688,3
"1arc","0",2,"treat_all",0.36,-0.0309772947640595,0.0259146747867808,3
"1arc","0",2,"treat_all",0.37,-0.0473420137285684,0.0263260188310155,3
"1arc","0",2,"treat_all",0.38,-0.0642346268532227,0.0267506320379673,3
"1arc","0",2,"treat_all",0.39,-0.0816810961458985,0.0271891669894094,3
"1arc","0",2,"treat_all",0.4,-0.0997091144149968,0.0276423197725662,3
"1arc","0",2,"treat_all",0.41,-0.118348251947454,0.0281108336670165,3
"1arc","0",2,"treat_all",0.42,-0.137630118360342,0.0285955032129995,3
"1arc","0",2,"treat_all",0.43,-0.15758854148947,0.0290971787079645,3
"1arc","0",2,"treat_all",0.44,-0.178259765444639,0.0296167711848924,3
"1arc","0",2,"treat_all",0.45,-0.199682670270905,0.0301552579337086,3
"1arc","0",2,"treat_all",0.46,-0.221899016016663,0.0307136886361847,3
"1arc","0",2,"treat_all",0.47,-0.244953714432072,0.031293192195358,3
"1arc","0",2,"treat_all",0.48,-0.268895132017304,0.0318949843529611,3
"1arc","0",2,"treat_all",0.49,-0.293775428723526,0.0325203762030191,3
"1arc","0",2,"treat_all",0.5,-0.319650937297996,0.0331707837270795,3
"1arc","0",2,"treat_all",0.51,-0.346582589079588,0.0338477384970199,3
"1arc","0",2,"treat_all",0.52,-0.374636393018746,0.0345528997157078,3
"1arc","0",2,"treat_all",0.53,-0.403883975848932,0.0352880677947654,3
"1arc","0",2,"treat_all",0.54,-0.434403192715213,0.0360551997033473,3
"1arc","0",2,"treat_all",0.55,-0.466278819219996,0.0368564263634217,3
"1arc","0",2,"treat_all",0.56,-0.499603337838632,0.0376940724171358,3
"1arc","0",2,"treat_all",0.57,-0.534477834067438,0.038570678752418,3
"1arc","0",2,"treat_all",0.58,-0.571013020592853,0.0394890282465233,3
"1arc","0",2,"treat_all",0.59,-0.609330411339019,0.0404521752769261,3
"1arc","0",2,"treat_all",0.6,-0.649563671622495,0.0414634796588494,3
"1arc","0",2,"treat_all",0.61,-0.691860176023072,0.0425266458039481,3
"1arc","0",2,"treat_all",0.62,-0.736382812234205,0.0436457680619468,3
"1arc","0",2,"treat_all",0.63,-0.783312077429724,0.0448253834149724,3
"1arc","0",2,"treat_all",0.64,-0.832848524024995,0.0460705329542772,3
"1arc","0",2,"treat_all",0.65,-0.885215624711423,0.047386833895828,3
"1arc","0",2,"treat_all",0.66,-0.940663143085289,0.0487805643045288,3
"1arc","0",2,"treat_all",0.67,-0.999471117118176,0.0502587632228478,3
"1arc","0",2,"treat_all",0.68,-1.06195458952812,0.0518293495735617,3
"1arc","0",2,"treat_all",0.69,-1.12846925370645,0.0535012640759348,3
"1arc","0",2,"treat_all",0.7,-1.19941822882999,0.0552846395451326,3
"1arc","0",2,"treat_all",0.71,-1.27526023672068,0.0571910064259993,3
"1arc","0",2,"treat_all",0.72,-1.35651953088928,0.0592335423697849,3
"1arc","0",2,"treat_all",0.73,-1.44379803203333,0.0614273772723696,3
"1arc","0",2,"treat_all",0.74,-1.53779026403461,0.0637899687059222,3
"1arc","0",2,"treat_all",0.75,-1.63930187459599,0.066341567454159,3
"1arc","0",2,"treat_all",0.76,-1.74927278603749,0.0691057994314158,3
"1arc","0",2,"treat_all",0.77,-1.86880638543043,0.0721103994066946,3
"1arc","0",2,"treat_all",0.78,-1.99920667567726,0.0753881448342717,3
"1arc","0",2,"treat_all",0.79,-2.14202604118571,0.0789780564930466,3
"1arc","0",2,"treat_all",0.8,-2.29912734324499,0.0829269593176988,3
"1arc","0",2,"treat_all",0.81,-2.47276562446841,0.0872915361238934,3
"1arc","0",2,"treat_all",0.82,-2.66569704804999,0.0921410659085541,3
"1arc","0",2,"treat_all",0.83,-2.88132628617058,0.0975611286090573,3
"1arc","0",2,"treat_all",0.84,-3.12390917905624,0.103658699147124,3
"1arc","0",2,"treat_all",0.85,-3.39883645765999,0.110569279090265,3
"1arc","0",2,"treat_all",0.86,-3.71303906177856,0.11846708473957,3
"1arc","0",2,"treat_all",0.87,-4.07558052806922,0.127579937411845,3
"1arc","0",2,"treat_all",0.88,-4.49854557207498,0.138211598862831,3
"1arc","0",2,"treat_all",0.89,-4.99841335135453,0.150776289668543,3
"1arc","0",2,"treat_all",0.9,-5.59825468648998,0.165853918635398,3
"1arc","0",2,"treat_all",0.91,-6.33139409609998,0.184282131817108,3
"1arc","0",2,"treat_all",0.92,-7.24781835811248,0.207317398294247,3
"1arc","0",2,"treat_all",0.93,-8.42607812355712,0.23693416947914,3
"1arc","0",2,"treat_all",0.94,-9.99709114414998,0.276423197725664,3
"1arc","0",2,"treat_all",0.95,-12.19650937298,0.331707837270796,3
"1arc","0",2,"treat_all",0.96,-15.495636716225,0.414634796588495,3
"1arc","0",2,"treat_all",0.97,-20.9941822882999,0.552846395451326,3
"1arc","0",2,"treat_all",0.98,-31.9912734324499,0.829269593176988,3
"1arc","0",2,"treat_all",0.99,-64.9825468648997,1.65853918635398,3
"1arc","0",2,"treat_none",0.01,0,0,3
"1arc","0",2,"treat_none",0.02,0,0,3
"1arc","0",2,"treat_none",0.03,0,0,3
"1arc","0",2,"treat_none",0.04,0,0,3
"1arc","0",2,"treat_none",0.05,0,0,3
"1arc","0",2,"treat_none",0.06,0,0,3
"1arc","0",2,"treat_none",0.07,0,0,3
"1arc","0",2,"treat_none",0.08,0,0,3
"1arc","0",2,"treat_none",0.09,0,0,3
"1arc","0",2,"treat_none",0.1,0,0,3
"1arc","0",2,"treat_none",0.11,0,0,3
"1arc","0",2,"treat_none",0.12,0,0,3
"1arc","0",2,"treat_none",0.13,0,0,3
"1arc","0",2,"treat_none",0.14,0,0,3
"1arc","0",2,"treat_none",0.15,0,0,3
"1arc","0",2,"treat_none",0.16,0,0,3
"1arc","0",2,"treat_none",0.17,0,0,3
"1arc","0",2,"treat_none",0.18,0,0,3
"1arc","0",2,"treat_none",0.19,0,0,3
"1arc","0",2,"treat_none",0.2,0,0,3
"1arc","0",2,"treat_none",0.21,0,0,3
"1arc","0",2,"treat_none",0.22,0,0,3
"1arc","0",2,"treat_none",0.23,0,0,3
"1arc","0",2,"treat_none",0.24,0,0,3
"1arc","0",2,"treat_none",0.25,0,0,3
"1arc","0",2,"treat_none",0.26,0,0,3
"1arc","0",2,"treat_none",0.27,0,0,3
"1arc","0",2,"treat_none",0.28,0,0,3
"1arc","0",2,"treat_none",0.29,0,0,3
"1arc","0",2,"treat_none",0.3,0,0,3
"1arc","0",2,"treat_none",0.31,0,0,3
"1arc","0",2,"treat_none",0.32,0,0,3
"1arc","0",2,"treat_none",0.33,0,0,3
"1arc","0",2,"treat_none",0.34,0,0,3
"1arc","0",2,"treat_none",0.35,0,0,3
"1arc","0",2,"treat_none",0.36,0,0,3
"1arc","0",2,"treat_none",0.37,0,0,3
"1arc","0",2,"treat_none",0.38,0,0,3
"1arc","0",2,"treat_none",0.39,0,0,3
"1arc","0",2,"treat_none",0.4,0,0,3
"1arc","0",2,"treat_none",0.41,0,0,3
"1arc","0",2,"treat_none",0.42,0,0,3
"1arc","0",2,"treat_none",0.43,0,0,3
"1arc","0",2,"treat_none",0.44,0,0,3
"1arc","0",2,"treat_none",0.45,0,0,3
"1arc","0",2,"treat_none",0.46,0,0,3
"1arc","0",2,"treat_none",0.47,0,0,3
"1arc","0",2,"treat_none",0.48,0,0,3
"1arc","0",2,"treat_none",0.49,0,0,3
"1arc","0",2,"treat_none",0.5,0,0,3
"1arc","0",2,"treat_none",0.51,0,0,3
"1arc","0",2,"treat_none",0.52,0,0,3
"1arc","0",2,"treat_none",0.53,0,0,3
"1arc","0",2,"treat_none",0.54,0,0,3
"1arc","0",2,"treat_none",0.55,0,0,3
"1arc","0",2,"treat_none",0.56,0,0,3
"1arc","0",2,"treat_none",0.57,0,0,3
"1arc","0",2,"treat_none",0.58,0,0,3
"1arc","0",2,"treat_none",0.59,0,0,3
"1arc","0",2,"treat_none",0.6,0,0,3
"1arc","0",2,"treat_none",0.61,0,0,3
"1arc","0",2,"treat_none",0.62,0,0,3
"1arc","0",2,"treat_none",0.63,0,0,3
"1arc","0",2,"treat_none",0.64,0,0,3
"1arc","0",2,"treat_none",0.65,0,0,3
"1arc","0",2,"treat_none",0.66,0,0,3
"1arc","0",2,"treat_none",0.67,0,0,3
"1arc","0",2,"treat_none",0.68,0,0,3
"1arc","0",2,"treat_none",0.69,0,0,3
"1arc","0",2,"treat_none",0.7,0,0,3
"1arc","0",2,"treat_none",0.71,0,0,3
"1arc","0",2,"treat_none",0.72,0,0,3
"1arc","0",2,"treat_none",0.73,0,0,3
"1arc","0",2,"treat_none",0.74,0,0,3
"1arc","0",2,"treat_none",0.75,0,0,3
"1arc","0",2,"treat_none",0.76,0,0,3
"1arc","0",2,"treat_none",0.77,0,0,3
"1arc","0",2,"treat_none",0.78,0,0,3
"1arc","0",2,"treat_none",0.79,0,0,3
"1arc","0",2,"treat_none",0.8,0,0,3
"1arc","0",2,"treat_none",0.81,0,0,3
"1arc","0",2,"treat_none",0.82,0,0,3
"1arc","0",2,"treat_none",0.83,0,0,3
"1arc","0",2,"treat_none",0.84,0,0,3
"1arc","0",2,"treat_none",0.85,0,0,3
"1arc","0",2,"treat_none",0.86,0,0,3
"1arc","0",2,"treat_none",0.87,0,0,3
"1arc","0",2,"treat_none",0.88,0,0,3
"1arc","0",2,"treat_none",0.89,0,0,3
"1arc","0",2,"treat_none",0.9,0,0,3
"1arc","0",2,"treat_none",0.91,0,0,3
"1arc","0",2,"treat_none",0.92,0,0,3
"1arc","0",2,"treat_none",0.93,0,0,3
"1arc","0",2,"treat_none",0.94,0,0,3
"1arc","0",2,"treat_none",0.95,0,0,3
"1arc","0",2,"treat_none",0.96,0,0,3
"1arc","0",2,"treat_none",0.97,0,0,3
"1arc","0",2,"treat_none",0.98,0,0,3
"1arc","0",2,"treat_none",0.99,0,0,3
"1arc","0",2.25,"model",0.01,0.272863627983042,0.0292021683469948,5
"1arc","0",2.25,"model",0.02,0.263486100763643,0.0265534029754845,5
"1arc","0",2.25,"model",0.03,0.251689146298398,0.033381670954514,5
"1arc","0",2.25,"model",0.04,0.242699329713366,0.0303885066578475,5
"1arc","0",2.25,"model",0.05,0.240926249820652,0.0296366528082371,5
"1arc","0",2.25,"model",0.06,0.239000768209432,0.0294704421934956,5
"1arc","0",2.25,"model",0.07,0.233216030484005,0.0231729228067504,5
"1arc","0",2.25,"model",0.08,0.225481229805567,0.0270569256959205,5
"1arc","0",2.25,"model",0.09,0.215033784663837,0.0169116369469048,5
"1arc","0",2.25,"model",0.1,0.211312604532944,0.0140573600287329,5
"1arc","0",2.25,"model",0.11,0.196177903343086,0.0157183649601989,5
"1arc","0",2.25,"model",0.12,0.196615684969884,0.0154722901894241,5
"1arc","0",2.25,"model",0.13,0.198204061304953,0.0154307859381353,5
"1arc","0",2.25,"model",0.14,0.19919167130662,0.0176849422299555,5
"1arc","0",2.25,"model",0.15,0.202236764357278,0.0197508366607419,5
"1arc","0",2.25,"model",0.16,0.202816688960757,0.0203566682111881,5
"1arc","0",2.25,"model",0.17,0.196850114991196,0.0264580284967641,5
"1arc","0",2.25,"model",0.18,0.19583182345765,0.0263185192946817,5
"1arc","0",2.25,"model",0.19,0.19551013631169,0.0272909867131727,5
"1arc","0",2.25,"model",0.2,0.192180406987081,0.024117986244225,5
"1arc","0",2.25,"model",0.21,0.191181181107029,0.0242880448608156,5
"1arc","0",2.25,"model",0.22,0.191024184149184,0.0254901074927656,5
"1arc","0",2.25,"model",0.23,0.186947025432195,0.0229200193436491,5
"1arc","0",2.25,"model",0.24,0.183255764084265,0.0189360166049865,5
"1arc","0",2.25,"model",0.25,0.183281453715776,0.0205576623516658,5
"1arc","0",2.25,"model",0.26,0.18230991666373,0.0209500579918558,5
"1arc","0",2.25,"model",0.27,0.179372879123431,0.0193352240555417,5
"1arc","0",2.25,"model",0.28,0.178405539258293,0.0199410230640099,5
"1arc","0",2.25,"model",0.29,0.178667721780487,0.0217169789410746,5
"1arc","0",2.25,"model",0.3,0.179159410504749,0.0217593012608138,5
"1arc","0",2.25,"model",0.31,0.178240639702965,0.0224036745277055,5
"1arc","0",2.25,"model",0.32,0.177294846230539,0.0230755893896193,5
"1arc","0",2.25,"model",0.33,0.177836319543093,0.02087935798287,5
"1arc","0",2.25,"model",0.34,0.176902359646004,0.0214823637648027,5
"1arc","0",2.25,"model",0.35,0.179253271988767,0.0165116230209942,5
"1arc","0",2.25,"model",0.36,0.175331496496089,0.0220684637108907,5
"1arc","0",2.25,"model",0.37,0.174459823368722,0.0224848779390571,5
"1arc","0",2.25,"model",0.38,0.170483108676452,0.0216534722803915,5
"1arc","0",2.25,"model",0.39,0.169553815696668,0.0222007078591302,5
"1arc","0",2.25,"model",0.4,0.168593546284224,0.0227759525171609,5
"1arc","0",2.25,"model",0.41,0.169738926148543,0.0239007320505641,5
"1arc","0",2.25,"model",0.42,0.168801785955132,0.0245270640584192,5
"1arc","0",2.25,"model",0.43,0.170152951234017,0.0216155594073924,5
"1arc","0",2.25,"model",0.44,0.171908118364686,0.0200518743196703,5
"1arc","0",2.25,"model",0.45,0.173850376318597,0.0198523709539686,5
"1arc","0",2.25,"model",0.46,0.166900562557342,0.0215956030793221,5
"1arc","0",2.25,"model",0.47,0.169130525694325,0.0241063844475367,5
"1arc","0",2.25,"model",0.48,0.16765143347526,0.0189444208554243,5
"1arc","0",2.25,"model",0.49,0.167057707994896,0.0192458543157235,5
"1arc","0",2.25,"model",0.5,0.166440233495318,0.0195635783908692,5
"1arc","0",2.25,"model",0.51,0.165797555954941,0.019898635118073,5
"1arc","0",2.25,"model",0.52,0.165128100183715,0.02025215104066,5
"1arc","0",2.25,"model",0.53,0.16174603254661,0.0206241762777263,5
"1arc","0",2.25,"model",0.54,0.161160062303209,0.0207805884350504,5
"1arc","0",2.25,"model",0.55,0.157423048937879,0.0234171158545813,5
"1arc","0",2.25,"model",0.56,0.160699300699301,0.0237474115841401,5
"1arc","0",2.25,"model",0.57,0.160944948331133,0.0179679512140916,5
"1arc","0",2.25,"model",0.58,0.160586877811454,0.0182586268756885,5
"1arc","0",2.25,"model",0.59,0.160211340437157,0.0185725571851899,5
"1arc","0",2.25,"model",0.6,0.159817026194145,0.0189116849908737,5
"1arc","0",2.25,"model",0.61,0.159402490707901,0.019278143265125,5
"1arc","0",2.25,"model",0.62,0.158966137564487,0.0196742787810841,5
"1arc","0",2.25,"model",0.63,0.155116367256198,0.0216658836425143,5
"1arc","0",2.25,"model",0.64,0.154630875245282,0.0222470421452064,5
"1arc","0",2.25,"model",0.65,0.154117640833743,0.0228664470472633,5
"1arc","0",2.25,"model",0.66,0.153574216162701,0.0235274840744854,5
"1arc","0",2.25,"model",0.67,0.159244942910197,0.0175452826978302,5
"1arc","0",2.25,"model",0.68,0.158923936233258,0.0181037359319202,5
"1arc","0",2.25,"model",0.69,0.15858221944813,0.0187101654234652,5
"1arc","0",2.25,"model",0.7,0.152063875390147,0.0198768292183632,5
"1arc","0",2.25,"model",0.71,0.151674239699517,0.0204302382814461,5
"1arc","0",2.25,"model",0.72,0.151256772888129,0.0210470646914793,5
"1arc","0",2.25,"model",0.73,0.15080838260923,0.0217347548998809,5
"1arc","0",2.25,"model",0.74,0.150325500770416,0.0225018178595595,5
"1arc","0",2.25,"model",0.75,0.149803988384497,0.0233580316479912,5
"1arc","0",2.25,"model",0.76,0.149239016633084,0.0243147032706356,5
"1arc","0",2.25,"model",0.77,0.148624916903288,0.0253849980217117,5
"1arc","0",2.25,"model",0.78,0.147954989925329,0.0265843606630963,5
"1arc","0",2.25,"model",0.79,0.14722126037804,0.027931059077638,5
"1arc","0",2.25,"model",0.8,0.146414157876022,0.0294468932228112,5
"1arc","0",2.25,"model",0.81,0.145522097215897,0.0311581301479412,5
"1arc","0",2.25,"model",0.82,0.144530918704648,0.0330967527547271,5
"1arc","0",2.25,"model",0.83,0.14342313095678,0.0353021511647451,5
"1arc","0",2.25,"model",0.84,0.142176869740429,0.0378234499309734,5
"1arc","0",2.25,"model",0.85,0.140764440361898,0.0407227673552441,5
"1arc","0",2.25,"model",0.86,0.139150235357862,0.0440798724579981,5
"1arc","0",2.25,"model",0.87,0.137287691122437,0.0479989916569113,5
"1arc","0",2.25,"model",0.88,0.132037799770851,0.0516914931967224,5
"1arc","0",2.25,"model",0.89,0.122756459642053,0.0529426878174304,5
"1arc","0",2.25,"model",0.9,0.11967479554344,0.0595555181352564,5
"1arc","0",2.25,"model",0.91,0.11590831720069,0.0677131915501862,5
"1arc","0",2.25,"model",0.92,0.111200219272253,0.0779893755378748,5
"1arc","0",2.25,"model",0.93,0.10514695050712,0.0912858516107229,5
"1arc","0",2.25,"model",0.94,0.0939990024100193,0.108404071085807,5
"1arc","0",2.25,"model",0.95,0.0795745673817707,0.131272709990175,5
"1arc","0",2.25,"model",0.96,0.0626254148393977,0.168832333449962,5
"1arc","0",2.25,"model",0.97,0.0279100736833789,0.237596064962325,5
"1arc","0",2.25,"model",0.98,-0.028587101457864,0.363610277446161,5
"1arc","0",2.25,"model",0.99,-0.204791913594879,0.738549248109061,5
"1arc","0",2.25,"treat_all",0.01,0.286354268056887,0.0224418341971509,5
"1arc","0",2.25,"treat_all",0.02,0.279072168751345,0.0226708325052852,5
"1arc","0",2.25,"treat_all",0.03,0.27163992306837,0.02290455242802,5
"1arc","0",2.25,"treat_all",0.04,0.264052838933665,0.0231431415158119,5
"1arc","0",2.25,"treat_all",0.05,0.256306026711914,0.0233867535317678,5
"1arc","0",2.25,"treat_all",0.06,0.248394388698211,0.0236355487821058,5
"1arc","0",2.25,"treat_all",0.07,0.240312607931525,0.0238896944679349,5
"1arc","0",2.25,"treat_all",0.08,0.232055136278607,0.0241493650599776,5
"1arc","0",2.25,"treat_all",0.09,0.223616181732218,0.0244147426979994,5
"1arc","0",2.25,"treat_all",0.1,0.214989694862576,0.024686017616866,5
"1arc","0",2.25,"treat_all",0.11,0.206169354355414,0.0249633886013252,5
"1arc","0",2.25,"treat_all",0.12,0.197148551563998,0.0252470634717948,5
"1arc","0",2.25,"treat_all",0.13,0.187920373995768,0.0255372596036545,5
"1arc","0",2.25,"treat_all",0.14,0.178477587646882,0.0258342044827668,5
"1arc","0",2.25,"treat_all",0.15,0.168812618089787,0.0261381363002111,5
"1arc","0",2.25,"treat_all",0.16,0.158917530209903,0.0264493045894993,5
"1arc","0",2.25,"treat_all",0.17,0.148784006477492,0.0267679709098547,5
"1arc","0",2.25,"treat_all",0.18,0.138403323629657,0.0270944095794871,5
"1arc","0",2.25,"treat_all",0.19,0.127766327625085,0.0274289084631845,5
"1arc","0",2.25,"treat_all",0.2,0.116863406720398,0.0277717698189743,5
"1arc","0",2.25,"treat_all",0.21,0.105684462501669,0.0281233112090879,5
"1arc","0",2.25,"treat_all",0.22,0.094218878687588,0.0284838664809993,5
"1arc","0",2.25,"treat_all",0.23,0.0824554875017125,0.0288537868249084,5
"1arc","0",2.25,"treat_all",0.24,0.0703825333898929,0.0292334419147098,5
"1arc","0",2.25,"treat_all",0.25,0.0579876338350915,0.0296232211402392,5
"1arc","0",2.25,"treat_all",0.26,0.0452577369950251,0.0300235349394317,5
"1arc","0",2.25,"treat_all",0.27,0.0321790758579707,0.0304348162399718,5
"1arc","0",2.25,"treat_all",0.28,0.0187371185782202,0.0308575220210826,5
"1arc","0",2.25,"treat_all",0.29,0.00491651461453322,0.031292135007295,5
"1arc","0",2.25,"treat_all",0.3,-0.00929896374811629,0.0317391655073992,5
"1arc","0",2.25,"treat_all",0.31,-0.0239264849618571,0.0321991534133035,5
"1arc","0",2.25,"treat_all",0.32,-0.0389842273877668,0.0326726703752639,5
"1arc","0",2.25,"treat_all",0.33,-0.0544914546622111,0.0331603221719096,5
"1arc","0",2.25,"treat_all",0.34,-0.0704685979146688,0.0336627512957264,5
"1arc","0",2.25,"treat_all",0.35,-0.0869373455748945,0.0341806397771991,5
"1arc","0",2.25,"treat_all",0.36,-0.103920741599502,0.0347147122737179,5
"1arc","0",2.25,"treat_all",0.37,-0.121443293053463,0.0352657394526658,5
"1arc","0",2.25,"treat_all",0.38,-0.139531088102712,0.0358345417019023,5
"1arc","0",2.25,"treat_all",0.39,-0.158211925612592,0.0364219932052122,5
"1arc","0",2.25,"treat_all",0.4,-0.177515457706136,0.0370290264252991,5
"1arc","0",2.25,"treat_all",0.41,-0.197473346819799,0.037656637042677,5
"1arc","0",2.25,"treat_all",0.42,-0.218119439006347,0.0383058894054818,5
"1arc","0",2.25,"treat_all",0.43,-0.239489955480143,0.0389779225529464,5
"1arc","0",2.25,"treat_all",0.44,-0.261623704685145,0.039673956884249,5
"1arc","0",2.25,"treat_all",0.45,-0.284562317497602,0.0403953015548717,5
"1arc","0",2.25,"treat_all",0.46,-0.308350508562373,0.0411433626947767,5
"1arc","0",2.25,"treat_all",0.47,-0.333036367214493,0.0419196525569423,5
"1arc","0",2.25,"treat_all",0.48,-0.358671681968618,0.0427257997214989,5
"1arc","0",2.25,"treat_all",0.49,-0.385312303183689,0.0435635605003519,5
"1arc","0",2.25,"treat_all",0.5,-0.413018549247363,0.0444348317103589,5
"1arc","0",2.25,"treat_all",0.51,-0.441855662497309,0.0453416650105703,5
"1arc","0",2.25,"treat_all",0.52,-0.47189432213267,0.0462862830316238,5
"1arc","0",2.25,"treat_all",0.53,-0.503211222603578,0.0472710975642116,5
"1arc","0",2.25,"treat_all",0.54,-0.535889727442786,0.0482987301199553,5
"1arc","0",2.25,"treat_all",0.55,-0.570020610274848,0.0493720352337321,5
"1arc","0",2.25,"treat_all",0.56,-0.605702896872003,0.0504941269435896,5
"1arc","0",2.25,"treat_all",0.57,-0.643044824706236,0.0516684089655336,5
"1arc","0",2.25,"treat_all",0.58,-0.682164939580194,0.0528986091789987,5
"1arc","0",2.25,"treat_all",0.59,-0.723193352740686,0.0541888191589742,5
"1arc","0",2.25,"treat_all",0.6,-0.766273186559203,0.0555435396379486,5
"1arc","0",2.25,"treat_all",0.61,-0.811562242624824,0.0569677329619985,5
"1arc","0",2.25,"treat_all",0.62,-0.859234933220214,0.0584668838294196,5
"1arc","0",2.25,"treat_all",0.63,-0.90948452600995,0.0600470698788633,5
"1arc","0",2.25,"treat_all",0.64,-0.96252576284356,0.0617150440421651,5
"1arc","0",2.25,"treat_all",0.65,-1.01859792749623,0.0634783310147984,5
"1arc","0",2.25,"treat_all",0.66,-1.07796845477553,0.0653453407505277,5
"1arc","0",2.25,"treat_all",0.67,-1.14093719582934,0.067325502591453,5
"1arc","0",2.25,"treat_all",0.68,-1.207841483199,0.0694294245474358,5
"1arc","0",2.25,"treat_all",0.69,-1.27906217620542,0.0716690834038047,5
"1arc","0",2.25,"treat_all",0.7,-1.35503091541227,0.0740580528505982,5
"1arc","0",2.25,"treat_all",0.71,-1.4362388780127,0.0766117788109637,5
"1arc","0",2.25,"treat_all",0.72,-1.52324740937029,0.0793479137684979,5
"1arc","0",2.25,"treat_all",0.73,-1.61670101712475,0.0822867253895535,5
"1arc","0",2.25,"treat_all",0.74,-1.71734336393724,0.085451599442998,5
"1arc","0",2.25,"treat_all",0.75,-1.82603709849473,0.0888696634207178,5
"1arc","0",2.25,"treat_all",0.76,-1.94378864426534,0.0925725660632478,5
"1arc","0",2.25,"treat_all",0.77,-2.07177945488557,0.0965974602399105,5
"1arc","0",2.25,"treat_all",0.78,-2.21140579374401,0.100988253887179,5
"1arc","0",2.25,"treat_all",0.79,-2.36432987916039,0.105797218357997,5
"1arc","0",2.25,"treat_all",0.8,-2.53254637311841,0.111087079275897,5
"1arc","0",2.25,"treat_all",0.81,-2.71846986644043,0.116933767658839,5
"1arc","0",2.25,"treat_all",0.82,-2.92505152568712,0.12343008808433,5
"1arc","0",2.25,"treat_all",0.83,-3.15593690955107,0.130690681501056,5
"1arc","0",2.25,"treat_all",0.84,-3.41568296639801,0.138858849094872,5
"1arc","0",2.25,"treat_all",0.85,-3.71006183082454,0.148116105701196,5
"1arc","0",2.25,"treat_all",0.86,-4.04649481874058,0.158695827536996,5
"1arc","0",2.25,"treat_all",0.87,-4.43468672787447,0.170903198885996,5
"1arc","0",2.25,"treat_all",0.88,-4.88757728853068,0.185145132126496,5
"1arc","0",2.25,"treat_all",0.89,-5.42281158748801,0.201976507774359,5
"1arc","0",2.25,"treat_all",0.9,-6.06509274623681,0.222174158551794,5
"1arc","0",2.25,"treat_all",0.91,-6.85010305137424,0.246860176168661,5
"1arc","0",2.25,"treat_all",0.92,-7.83136593279602,0.277717698189743,5
"1arc","0",2.25,"treat_all",0.93,-9.09298963748117,0.317391655073992,5
"1arc","0",2.25,"treat_all",0.94,-10.7751545770614,0.370290264252991,5
"1arc","0",2.25,"treat_all",0.95,-13.1301854924736,0.44434831710359,5
"1arc","0",2.25,"treat_all",0.96,-16.6627318655921,0.555435396379488,5
"1arc","0",2.25,"treat_all",0.97,-22.5503091541227,0.740580528505982,5
"1arc","0",2.25,"treat_all",0.98,-34.325463731184,1.11087079275897,5
"1arc","0",2.25,"treat_all",0.99,-69.6509274623681,2.22174158551794,5
"1arc","0",2.25,"treat_none",0.01,0,0,5
"1arc","0",2.25,"treat_none",0.02,0,0,5
"1arc","0",2.25,"treat_none",0.03,0,0,5
"1arc","0",2.25,"treat_none",0.04,0,0,5
"1arc","0",2.25,"treat_none",0.05,0,0,5
"1arc","0",2.25,"treat_none",0.06,0,0,5
"1arc","0",2.25,"treat_none",0.07,0,0,5
"1arc","0",2.25,"treat_none",0.08,0,0,5
"1arc","0",2.25,"treat_none",0.09,0,0,5
"1arc","0",2.25,"treat_none",0.1,0,0,5
"1arc","0",2.25,"treat_none",0.11,0,0,5
"1arc","0",2.25,"treat_none",0.12,0,0,5
"1arc","0",2.25,"treat_none",0.13,0,0,5
"1arc","0",2.25,"treat_none",0.14,0,0,5
"1arc","0",2.25,"treat_none",0.15,0,0,5
"1arc","0",2.25,"treat_none",0.16,0,0,5
"1arc","0",2.25,"treat_none",0.17,0,0,5
"1arc","0",2.25,"treat_none",0.18,0,0,5
"1arc","0",2.25,"treat_none",0.19,0,0,5
"1arc","0",2.25,"treat_none",0.2,0,0,5
"1arc","0",2.25,"treat_none",0.21,0,0,5
"1arc","0",2.25,"treat_none",0.22,0,0,5
"1arc","0",2.25,"treat_none",0.23,0,0,5
"1arc","0",2.25,"treat_none",0.24,0,0,5
"1arc","0",2.25,"treat_none",0.25,0,0,5
"1arc","0",2.25,"treat_none",0.26,0,0,5
"1arc","0",2.25,"treat_none",0.27,0,0,5
"1arc","0",2.25,"treat_none",0.28,0,0,5
"1arc","0",2.25,"treat_none",0.29,0,0,5
"1arc","0",2.25,"treat_none",0.3,0,0,5
"1arc","0",2.25,"treat_none",0.31,0,0,5
"1arc","0",2.25,"treat_none",0.32,0,0,5
"1arc","0",2.25,"treat_none",0.33,0,0,5
"1arc","0",2.25,"treat_none",0.34,0,0,5
"1arc","0",2.25,"treat_none",0.35,0,0,5
"1arc","0",2.25,"treat_none",0.36,0,0,5
"1arc","0",2.25,"treat_none",0.37,0,0,5
"1arc","0",2.25,"treat_none",0.38,0,0,5
"1arc","0",2.25,"treat_none",0.39,0,0,5
"1arc","0",2.25,"treat_none",0.4,0,0,5
"1arc","0",2.25,"treat_none",0.41,0,0,5
"1arc","0",2.25,"treat_none",0.42,0,0,5
"1arc","0",2.25,"treat_none",0.43,0,0,5
"1arc","0",2.25,"treat_none",0.44,0,0,5
"1arc","0",2.25,"treat_none",0.45,0,0,5
"1arc","0",2.25,"treat_none",0.46,0,0,5
"1arc","0",2.25,"treat_none",0.47,0,0,5
"1arc","0",2.25,"treat_none",0.48,0,0,5
"1arc","0",2.25,"treat_none",0.49,0,0,5
"1arc","0",2.25,"treat_none",0.5,0,0,5
"1arc","0",2.25,"treat_none",0.51,0,0,5
"1arc","0",2.25,"treat_none",0.52,0,0,5
"1arc","0",2.25,"treat_none",0.53,0,0,5
"1arc","0",2.25,"treat_none",0.54,0,0,5
"1arc","0",2.25,"treat_none",0.55,0,0,5
"1arc","0",2.25,"treat_none",0.56,0,0,5
"1arc","0",2.25,"treat_none",0.57,0,0,5
"1arc","0",2.25,"treat_none",0.58,0,0,5
"1arc","0",2.25,"treat_none",0.59,0,0,5
"1arc","0",2.25,"treat_none",0.6,0,0,5
"1arc","0",2.25,"treat_none",0.61,0,0,5
"1arc","0",2.25,"treat_none",0.62,0,0,5
"1arc","0",2.25,"treat_none",0.63,0,0,5
"1arc","0",2.25,"treat_none",0.64,0,0,5
"1arc","0",2.25,"treat_none",0.65,0,0,5
"1arc","0",2.25,"treat_none",0.66,0,0,5
"1arc","0",2.25,"treat_none",0.67,0,0,5
"1arc","0",2.25,"treat_none",0.68,0,0,5
"1arc","0",2.25,"treat_none",0.69,0,0,5
"1arc","0",2.25,"treat_none",0.7,0,0,5
"1arc","0",2.25,"treat_none",0.71,0,0,5
"1arc","0",2.25,"treat_none",0.72,0,0,5
"1arc","0",2.25,"treat_none",0.73,0,0,5
"1arc","0",2.25,"treat_none",0.74,0,0,5
"1arc","0",2.25,"treat_none",0.75,0,0,5
"1arc","0",2.25,"treat_none",0.76,0,0,5
"1arc","0",2.25,"treat_none",0.77,0,0,5
"1arc","0",2.25,"treat_none",0.78,0,0,5
"1arc","0",2.25,"treat_none",0.79,0,0,5
"1arc","0",2.25,"treat_none",0.8,0,0,5
"1arc","0",2.25,"treat_none",0.81,0,0,5
"1arc","0",2.25,"treat_none",0.82,0,0,5
"1arc","0",2.25,"treat_none",0.83,0,0,5
"1arc","0",2.25,"treat_none",0.84,0,0,5
"1arc","0",2.25,"treat_none",0.85,0,0,5
"1arc","0",2.25,"treat_none",0.86,0,0,5
"1arc","0",2.25,"treat_none",0.87,0,0,5
"1arc","0",2.25,"treat_none",0.88,0,0,5
"1arc","0",2.25,"treat_none",0.89,0,0,5
"1arc","0",2.25,"treat_none",0.9,0,0,5
"1arc","0",2.25,"treat_none",0.91,0,0,5
"1arc","0",2.25,"treat_none",0.92,0,0,5
"1arc","0",2.25,"treat_none",0.93,0,0,5
"1arc","0",2.25,"treat_none",0.94,0,0,5
"1arc","0",2.25,"treat_none",0.95,0,0,5
"1arc","0",2.25,"treat_none",0.96,0,0,5
"1arc","0",2.25,"treat_none",0.97,0,0,5
"1arc","0",2.25,"treat_none",0.98,0,0,5
"1arc","0",2.25,"treat_none",0.99,0,0,5
"1arc","0",2.5,"model",0.01,0.267119524695282,0.00426435996896524,3
"1arc","0",2.5,"model",0.02,0.257647114789972,0.0124700764687666,3
"1arc","0",2.5,"model",0.03,0.2494200530283,0.0216899865891064,3
"1arc","0",2.5,"model",0.04,0.237053224553225,0.0212387360923685,3
"1arc","0",2.5,"model",0.05,0.230466609413978,0.0108757452866297,3
"1arc","0",2.5,"model",0.06,0.219368810858173,0.00926727818476844,3
"1arc","0",2.5,"model",0.07,0.212860616086423,0.00686698857356761,3
"1arc","0",2.5,"model",0.08,0.194832944832945,0.00646896829259309,3
"1arc","0",2.5,"model",0.09,0.182965325273018,0.0109421955610309,3
"1arc","0",2.5,"model",0.1,0.182167832167832,0.0113174000392961,3
"1arc","0",2.5,"model",0.11,0.182288747457287,0.0110548619065713,3
"1arc","0",2.5,"model",0.12,0.181429681429681,0.0112724711616213,3
"1arc","0",2.5,"model",0.13,0.180094043887147,0.0126249654025601,3
"1arc","0",2.5,"model",0.14,0.169508140438373,0.0151662706419552,3
"1arc","0",2.5,"model",0.15,0.171047579871109,0.0128237442134592,3
"1arc","0",2.5,"model",0.16,0.166133866133866,0.0206555459582344,3
"1arc","0",2.5,"model",0.17,0.165470740771946,0.0212292086065137,3
"1arc","0",2.5,"model",0.18,0.159360964239013,0.0171811335290322,3
"1arc","0",2.5,"model",0.19,0.153791476013698,0.0136540084237172,3
"1arc","0",2.5,"model",0.2,0.156099456099456,0.0114470569821503,3
"1arc","0",2.5,"model",0.21,0.154700362928211,0.0116091354347465,3
"1arc","0",2.5,"model",0.22,0.154689896997589,0.00962325314765724,3
"1arc","0",2.5,"model",0.23,0.154833550288096,0.009878151585342,3
"1arc","0",2.5,"model",0.24,0.161704085388296,0.0123402282178394,3
"1arc","0",2.5,"model",0.25,0.162470862470862,0.00957415047921346,3
"1arc","0",2.5,"model",0.26,0.161620361620362,0.00955183179264009,3
"1arc","0",2.5,"model",0.27,0.160746559376696,0.00952905975138814,3
"1arc","0",2.5,"model",0.28,0.162008978675645,0.0114259215024027,3
"1arc","0",2.5,"model",0.29,0.163257165369841,0.00801408076121368,3
"1arc","0",2.5,"model",0.3,0.162520812520813,0.00794108052244508,3
"1arc","0",2.5,"model",0.31,0.164032183597401,0.00425106614730647,3
"1arc","0",2.5,"model",0.32,0.163359842771607,0.00407511155650239,3
"1arc","0",2.5,"model",0.33,0.165193264446996,0.00534067974162646,3
"1arc","0",2.5,"model",0.34,0.170099597372325,0.00978095795764097,3
"1arc","0",2.5,"model",0.35,0.169732831271293,0.00977074900877572,3
"1arc","0",2.5,"model",0.36,0.169354603729604,0.0097602486562392,3
"1arc","0",2.5,"model",0.37,0.168964368964369,0.00974944445510817,3
"1arc","0",2.5,"model",0.38,0.168561545980901,0.00973832325790406,3
"1arc","0",2.5,"model",0.39,0.168145515686499,0.00972687116592903,3
"1arc","0",2.5,"model",0.4,0.162587412587413,0.00843045843045843,3
"1arc","0",2.5,"model",0.41,0.162142941803959,0.0084074117972423,3
"1arc","0",2.5,"model",0.42,0.161683144441765,0.00838357045253597,3
"1arc","0",2.5,"model",0.43,0.161207213838793,0.00835889256941887,3
"1arc","0",2.5,"model",0.44,0.160714285714286,0.00833333333333332,3
"1arc","0",2.5,"model",0.45,0.160203432930706,0.00830684467048102,3
"1arc","0",2.5,"model",0.46,0.15967365967366,0.00827937494604161,3
"1arc","0",2.5,"model",0.47,0.159123894972952,0.00825086862822712,3
"1arc","0",2.5,"model",0.48,0.158552985476062,0.0082212659135736,3
"1arc","0",2.5,"model",0.49,0.157959687371452,0.00819050230814937,3
"1arc","0",2.5,"model",0.5,0.157342657342657,0.00815850815850816,3
"1arc","0",2.5,"model",0.51,0.151144886859173,0.00196105344622665,3
"1arc","0",2.5,"model",0.52,0.150475912975913,0.00198594106485469,3
"1arc","0",2.5,"model",0.53,0.149778472118898,0.00201219668381534,3
"1arc","0",2.5,"model",0.54,0.14905070774636,0.00203991710908281,3
"1arc","0",2.5,"model",0.55,0.148290598290598,0.00206920784135811,3
"1arc","0",2.5,"model",0.56,0.137317228226319,0.00712015257469802,3
"1arc","0",2.5,"model",0.57,0.13648560741584,0.00707703149563613,3
"1arc","0",2.5,"model",0.58,0.135614385614386,0.00703185703185703,3
"1arc","0",2.5,"model",0.59,0.13470066518847,0.00698447893569843,3
"1arc","0",2.5,"model",0.6,0.133741258741259,0.00693473193473193,3
"1arc","0",2.5,"model",0.61,0.132732651963421,0.00688243380551073,3
"1arc","0",2.5,"model",0.62,0.131670960618329,0.00682738314317261,3
"1arc","0",2.5,"model",0.63,0.139283689283689,0.0140911569984055,3
"1arc","0",2.5,"model",0.64,0.138487438487438,0.0146873244263474,3
"1arc","0",2.5,"model",0.65,0.132595182595183,0.0229699054001117,3
"1arc","0",2.5,"model",0.66,0.131703916998035,0.0235558220142206,3
"1arc","0",2.5,"model",0.67,0.13075863530409,0.0241888399658787,3
"1arc","0",2.5,"model",0.68,0.124198717948718,0.0261983697504356,3
"1arc","0",2.5,"model",0.69,0.12312955861343,0.0270918618744268,3
"1arc","0",2.5,"model",0.7,0.121989121989122,0.0280474679841182,3
"1arc","0",2.5,"model",0.71,0.120770034563138,0.0290715988801298,3
"1arc","0",2.5,"model",0.72,0.119463869463869,0.0301715805761007,3
"1arc","0",2.5,"model",0.73,0.118060951394285,0.0313558238035962,3
"1arc","0",2.5,"model",0.74,0.116550116550117,0.0326340326340326,3
"1arc","0",2.5,"model",0.75,0.114918414918415,0.0340174631703254,3
"1arc","0",2.5,"model",0.76,0.113150738150738,0.0355192469118599,3
"1arc","0",2.5,"model",0.77,0.111229350359785,0.0371547984759058,3
"1arc","0",2.5,"model",0.78,0.109133290951473,0.0389423345160898,3
"1arc","0",2.5,"model",0.79,0.106837606837607,0.0409035409035409,3
"1arc","0",2.5,"model",0.8,0.104312354312354,0.0430644400625695,3
"1arc","0",2.5,"model",0.81,0.101521285731812,0.0454565322019479,3
"1arc","0",2.5,"model",0.82,0.0984200984200984,0.0481183169566698,3
"1arc","0",2.5,"model",0.83,0.0949540655423008,0.0510973520797184,3
"1arc","0",2.5,"model",0.84,0.0859265734265734,0.0455852243372956,3
"1arc","0",2.5,"model",0.85,0.0815073815073815,0.0493883477764275,3
"1arc","0",2.5,"model",0.86,0.0764568764568765,0.0537412193046866,3
"1arc","0",2.5,"model",0.87,0.0706293706293706,0.0587703890474089,3
"1arc","0",2.5,"model",0.88,0.0638306138306138,0.0646446085031779,3
"1arc","0",2.5,"model",0.89,0.0557957194320831,0.0715940119127121,3
"1arc","0",2.5,"model",0.9,0.0461538461538461,0.079940806503179,3
"1arc","0",2.5,"model",0.91,0.0905421738755072,0.0931701660261043,3
"1arc","0",2.5,"model",0.92,0.141608391608392,0.00734265734265734,3
"1arc","0",2.5,"model",0.93,0.141608391608392,0.00734265734265734,3
"1arc","0",2.5,"model",0.94,0.141608391608392,0.00734265734265734,3
"1arc","0",2.5,"model",0.95,0.136480186480186,0.0134619168656893,3
"1arc","0",2.5,"model",0.96,0.136480186480186,0.0134619168656893,3
"1arc","0",2.5,"model",0.97,0.136480186480186,0.0134619168656893,3
"1arc","0",2.5,"model",0.98,0.136480186480186,0.0134619168656893,3
"1arc","0",2.5,"model",0.99,0.131429681429681,0.0161093736796649,3
"1arc","0",2.5,"treat_all",0.01,0.275976548703821,0.0148336511972876,3
"1arc","0",2.5,"treat_all",0.02,0.26858855430284,0.014985014985015,3
"1arc","0",2.5,"treat_all",0.03,0.261048230120395,0.0151394996755822,3
"1arc","0",2.5,"treat_all",0.04,0.253350815850816,0.0152972027972028,3
"1arc","0",2.5,"treat_all",0.05,0.245491350754509,0.0154582259845418,3
"1arc","0",2.5,"treat_all",0.06,0.237464662996578,0.0156226751971433,3
"1arc","0",2.5,"treat_all",0.07,0.229265358297616,0.0157906609519513,3
"1arc","0",2.5,"treat_all",0.08,0.22088780784433,0.0159622985709942,3
"1arc","0",2.5,"treat_all",0.09,0.212326135403058,0.0161377084454008,3
"1arc","0",2.5,"treat_all",0.1,0.203574203574204,0.0163170163170163,3
"1arc","0",2.5,"treat_all",0.11,0.194625599119981,0.0165003535790053,3
"1arc","0",2.5,"treat_all",0.12,0.185473617291799,0.0166878575969485,3
"1arc","0",2.5,"treat_all",0.13,0.176111245076762,0.0168796720520858,3
"1arc","0",2.5,"treat_all",0.14,0.166531143275329,0.0170759473085055,3
"1arc","0",2.5,"treat_all",0.15,0.156725627313863,0.0172768408062526,3
"1arc","0",2.5,"treat_all",0.16,0.146686646686647,0.0174825174825175,3
"1arc","0",2.5,"treat_all",0.17,0.136405762911787,0.0176931502232707,3
"1arc","0",2.5,"treat_all",0.18,0.125874125874126,0.0179089203479447,3
"1arc","0",2.5,"treat_all",0.19,0.115082448415782,0.0181300181300181,3
"1arc","0",2.5,"treat_all",0.2,0.104020979020979,0.0183566433566434,3
"1arc","0",2.5,"treat_all",0.21,0.0926794724263078,0.0185890059307781,3
"1arc","0",2.5,"treat_all",0.22,0.0810471579702349,0.0188273265196342,3
"1arc","0",2.5,"treat_all",0.23,0.0691127054763418,0.0190718372536554,3
"1arc","0",2.5,"treat_all",0.24,0.0568641884431358,0.0193227824806772,3
"1arc","0",2.5,"treat_all",0.25,0.0442890442890443,0.0195804195804196,3
"1arc","0",2.5,"treat_all",0.26,0.0313740313740314,0.0198450198450199,3
"1arc","0",2.5,"treat_all",0.27,0.0181051824887441,0.0201168694319379,3
"1arc","0",2.5,"treat_all",0.28,0.00446775446775442,0.0203962703962704,3
"1arc","0",2.5,"treat_all",0.29,-0.00955382645523495,0.0206835418103024,3
"1arc","0",2.5,"treat_all",0.3,-0.023976023976024,0.020979020979021,3
"1arc","0",2.5,"treat_all",0.31,-0.0388162562075606,0.0212830647613257,3
"1arc","0",2.5,"treat_all",0.32,-0.0540929658576718,0.0215960510078157,3
"1arc","0",2.5,"treat_all",0.33,-0.0698256966913684,0.0219183801273354,3
"1arc","0",2.5,"treat_all",0.34,-0.0860351769442679,0.0222504767959313,3
"1arc","0",2.5,"treat_all",0.35,-0.102743410435718,0.0225927918235611,3
"1arc","0",2.5,"treat_all",0.36,-0.119973776223776,0.0229458041958042,3
"1arc","0",2.5,"treat_all",0.37,-0.137751137751138,0.0233100233100233,3
"1arc","0",2.5,"treat_all",0.38,-0.156101962553575,0.0236859914279269,3
"1arc","0",2.5,"treat_all",0.39,-0.175054453742978,0.0240742863693684,3
"1arc","0",2.5,"treat_all",0.4,-0.194638694638695,0.0244755244755245,3
"1arc","0",2.5,"treat_all",0.41,-0.214886808107147,0.0248903638734147,3
"1arc","0",2.5,"treat_all",0.42,-0.235833132384857,0.0253195080781288,3
"1arc","0",2.5,"treat_all",0.43,-0.257514415409152,0.0257637099742363,3
"1arc","0",2.5,"treat_all",0.44,-0.27997002997003,0.0262237762237762,3
"1arc","0",2.5,"treat_all",0.45,-0.303242212333121,0.0267005721551176,3
"1arc","0",2.5,"treat_all",0.46,-0.327376327376327,0.0271950271950273,3
"1arc","0",2.5,"treat_all",0.47,-0.352421163741918,0.0277081409156881,3
"1arc","0",2.5,"treat_all",0.48,-0.378429263044648,0.0282409897794513,3
"1arc","0",2.5,"treat_all",0.49,-0.405457287810229,0.0287947346770876,3
"1arc","0",2.5,"treat_all",0.5,-0.433566433566434,0.0293706293706294,3
"1arc","0",2.5,"treat_all",0.51,-0.46282289139432,0.02997002997003,3
"1arc","0",2.5,"treat_all",0.52,-0.493298368298368,0.0305944055944056,3
"1arc","0",2.5,"treat_all",0.53,-0.525070674006844,0.0312453503942866,3
"1arc","0",2.5,"treat_all",0.54,-0.558224384311341,0.0319245971419884,3
"1arc","0",2.5,"treat_all",0.55,-0.592851592851593,0.0326340326340326,3
"1arc","0",2.5,"treat_all",0.56,-0.629052765416402,0.033375715193897,3
"1arc","0",2.5,"treat_all",0.57,-0.666937713449342,0.0341518946170109,3
"1arc","0",2.5,"treat_all",0.58,-0.706626706626707,0.034965034965035,3
"1arc","0",2.5,"treat_all",0.59,-0.748251748251748,0.0358178406958895,3
"1arc","0",2.5,"treat_all",0.6,-0.791958041958042,0.0367132867132868,3
"1arc","0",2.5,"treat_all",0.61,-0.83790568405953,0.0376546530392686,3
"1arc","0",2.5,"treat_all",0.62,-0.886271623113728,0.0386455649613544,3
"1arc","0",2.5,"treat_all",0.63,-0.937251937251937,0.0396900396900398,3
"1arc","0",2.5,"treat_all",0.64,-0.991064491064491,0.0407925407925408,3
"1arc","0",2.5,"treat_all",0.65,-1.04795204795205,0.0419580419580421,3
"1arc","0",2.5,"treat_all",0.66,-1.10818593171534,0.0431921020156315,3
"1arc","0",2.5,"treat_all",0.67,-1.17207035388854,0.0445009535918628,3
"1arc","0",2.5,"treat_all",0.68,-1.23994755244755,0.0458916083916085,3
"1arc","0",2.5,"treat_all",0.69,-1.31220392510715,0.0473719828558538,3
"1arc","0",2.5,"treat_all",0.7,-1.38927738927739,0.048951048951049,3
"1arc","0",2.5,"treat_all",0.71,-1.47166626476971,0.0506390161562577,3
"1arc","0",2.5,"treat_all",0.72,-1.55994005994006,0.0524475524475526,3
"1arc","0",2.5,"treat_all",0.73,-1.65475265475265,0.0543900543900545,3
"1arc","0",2.5,"treat_all",0.74,-1.7568585260893,0.0564819795589028,3
"1arc","0",2.5,"treat_all",0.75,-1.86713286713287,0.0587412587412589,3
"1arc","0",2.5,"treat_all",0.76,-1.98659673659674,0.0611888111888112,3
"1arc","0",2.5,"treat_all",0.77,-2.11644876862268,0.063849194283977,3
"1arc","0",2.5,"treat_all",0.78,-2.2581055308328,0.0667514303877941,3
"1arc","0",2.5,"treat_all",0.79,-2.41325341325341,0.06993006993007,3
"1arc","0",2.5,"treat_all",0.8,-2.58391608391608,0.0734265734265734,3
"1arc","0",2.5,"treat_all",0.81,-2.77254324622746,0.0772911299227091,3
"1arc","0",2.5,"treat_all",0.82,-2.98212898212898,0.0815850815850815,3
"1arc","0",2.5,"treat_all",0.83,-3.21637186343069,0.0863842040312632,3
"1arc","0",2.5,"treat_all",0.84,-3.47989510489511,0.0917832167832172,3
"1arc","0",2.5,"treat_all",0.85,-3.77855477855478,0.0979020979020982,3
"1arc","0",2.5,"treat_all",0.86,-4.11988011988012,0.104895104895105,3
"1arc","0",2.5,"treat_all",0.87,-4.51371705217859,0.112963959117805,3
"1arc","0",2.5,"treat_all",0.88,-4.97319347319347,0.122377622377623,3
"1arc","0",2.5,"treat_all",0.89,-5.51621106166561,0.133502860775588,3
"1arc","0",2.5,"treat_all",0.9,-6.16783216783217,0.146853146853147,3
"1arc","0",2.5,"treat_all",0.91,-6.96425796425797,0.163170163170164,3
"1arc","0",2.5,"treat_all",0.92,-7.95979020979021,0.183566433566433,3
"1arc","0",2.5,"treat_all",0.93,-9.23976023976025,0.209790209790211,3
"1arc","0",2.5,"treat_all",0.94,-10.946386946387,0.244755244755245,3
"1arc","0",2.5,"treat_all",0.95,-13.3356643356644,0.293706293706295,3
"1arc","0",2.5,"treat_all",0.96,-16.9195804195805,0.367132867132868,3
"1arc","0",2.5,"treat_all",0.97,-22.8927738927739,0.48951048951049,3
"1arc","0",2.5,"treat_all",0.98,-34.8391608391608,0.734265734265733,3
"1arc","0",2.5,"treat_all",0.99,-70.6783216783216,1.46853146853147,3
"1arc","0",2.5,"treat_none",0.01,0,0,3
"1arc","0",2.5,"treat_none",0.02,0,0,3
"1arc","0",2.5,"treat_none",0.03,0,0,3
"1arc","0",2.5,"treat_none",0.04,0,0,3
"1arc","0",2.5,"treat_none",0.05,0,0,3
"1arc","0",2.5,"treat_none",0.06,0,0,3
"1arc","0",2.5,"treat_none",0.07,0,0,3
"1arc","0",2.5,"treat_none",0.08,0,0,3
"1arc","0",2.5,"treat_none",0.09,0,0,3
"1arc","0",2.5,"treat_none",0.1,0,0,3
"1arc","0",2.5,"treat_none",0.11,0,0,3
"1arc","0",2.5,"treat_none",0.12,0,0,3
"1arc","0",2.5,"treat_none",0.13,0,0,3
"1arc","0",2.5,"treat_none",0.14,0,0,3
"1arc","0",2.5,"treat_none",0.15,0,0,3
"1arc","0",2.5,"treat_none",0.16,0,0,3
"1arc","0",2.5,"treat_none",0.17,0,0,3
"1arc","0",2.5,"treat_none",0.18,0,0,3
"1arc","0",2.5,"treat_none",0.19,0,0,3
"1arc","0",2.5,"treat_none",0.2,0,0,3
"1arc","0",2.5,"treat_none",0.21,0,0,3
"1arc","0",2.5,"treat_none",0.22,0,0,3
"1arc","0",2.5,"treat_none",0.23,0,0,3
"1arc","0",2.5,"treat_none",0.24,0,0,3
"1arc","0",2.5,"treat_none",0.25,0,0,3
"1arc","0",2.5,"treat_none",0.26,0,0,3
"1arc","0",2.5,"treat_none",0.27,0,0,3
"1arc","0",2.5,"treat_none",0.28,0,0,3
"1arc","0",2.5,"treat_none",0.29,0,0,3
"1arc","0",2.5,"treat_none",0.3,0,0,3
"1arc","0",2.5,"treat_none",0.31,0,0,3
"1arc","0",2.5,"treat_none",0.32,0,0,3
"1arc","0",2.5,"treat_none",0.33,0,0,3
"1arc","0",2.5,"treat_none",0.34,0,0,3
"1arc","0",2.5,"treat_none",0.35,0,0,3
"1arc","0",2.5,"treat_none",0.36,0,0,3
"1arc","0",2.5,"treat_none",0.37,0,0,3
"1arc","0",2.5,"treat_none",0.38,0,0,3
"1arc","0",2.5,"treat_none",0.39,0,0,3
"1arc","0",2.5,"treat_none",0.4,0,0,3
"1arc","0",2.5,"treat_none",0.41,0,0,3
"1arc","0",2.5,"treat_none",0.42,0,0,3
"1arc","0",2.5,"treat_none",0.43,0,0,3
"1arc","0",2.5,"treat_none",0.44,0,0,3
"1arc","0",2.5,"treat_none",0.45,0,0,3
"1arc","0",2.5,"treat_none",0.46,0,0,3
"1arc","0",2.5,"treat_none",0.47,0,0,3
"1arc","0",2.5,"treat_none",0.48,0,0,3
"1arc","0",2.5,"treat_none",0.49,0,0,3
"1arc","0",2.5,"treat_none",0.5,0,0,3
"1arc","0",2.5,"treat_none",0.51,0,0,3
"1arc","0",2.5,"treat_none",0.52,0,0,3
"1arc","0",2.5,"treat_none",0.53,0,0,3
"1arc","0",2.5,"treat_none",0.54,0,0,3
"1arc","0",2.5,"treat_none",0.55,0,0,3
"1arc","0",2.5,"treat_none",0.56,0,0,3
"1arc","0",2.5,"treat_none",0.57,0,0,3
"1arc","0",2.5,"treat_none",0.58,0,0,3
"1arc","0",2.5,"treat_none",0.59,0,0,3
"1arc","0",2.5,"treat_none",0.6,0,0,3
"1arc","0",2.5,"treat_none",0.61,0,0,3
"1arc","0",2.5,"treat_none",0.62,0,0,3
"1arc","0",2.5,"treat_none",0.63,0,0,3
"1arc","0",2.5,"treat_none",0.64,0,0,3
"1arc","0",2.5,"treat_none",0.65,0,0,3
"1arc","0",2.5,"treat_none",0.66,0,0,3
"1arc","0",2.5,"treat_none",0.67,0,0,3
"1arc","0",2.5,"treat_none",0.68,0,0,3
"1arc","0",2.5,"treat_none",0.69,0,0,3
"1arc","0",2.5,"treat_none",0.7,0,0,3
"1arc","0",2.5,"treat_none",0.71,0,0,3
"1arc","0",2.5,"treat_none",0.72,0,0,3
"1arc","0",2.5,"treat_none",0.73,0,0,3
"1arc","0",2.5,"treat_none",0.74,0,0,3
"1arc","0",2.5,"treat_none",0.75,0,0,3
"1arc","0",2.5,"treat_none",0.76,0,0,3
"1arc","0",2.5,"treat_none",0.77,0,0,3
"1arc","0",2.5,"treat_none",0.78,0,0,3
"1arc","0",2.5,"treat_none",0.79,0,0,3
"1arc","0",2.5,"treat_none",0.8,0,0,3
"1arc","0",2.5,"treat_none",0.81,0,0,3
"1arc","0",2.5,"treat_none",0.82,0,0,3
"1arc","0",2.5,"treat_none",0.83,0,0,3
"1arc","0",2.5,"treat_none",0.84,0,0,3
"1arc","0",2.5,"treat_none",0.85,0,0,3
"1arc","0",2.5,"treat_none",0.86,0,0,3
"1arc","0",2.5,"treat_none",0.87,0,0,3
"1arc","0",2.5,"treat_none",0.88,0,0,3
"1arc","0",2.5,"treat_none",0.89,0,0,3
"1arc","0",2.5,"treat_none",0.9,0,0,3
"1arc","0",2.5,"treat_none",0.91,0,0,3
"1arc","0",2.5,"treat_none",0.92,0,0,3
"1arc","0",2.5,"treat_none",0.93,0,0,3
"1arc","0",2.5,"treat_none",0.94,0,0,3
"1arc","0",2.5,"treat_none",0.95,0,0,3
"1arc","0",2.5,"treat_none",0.96,0,0,3
"1arc","0",2.5,"treat_none",0.97,0,0,3
"1arc","0",2.5,"treat_none",0.98,0,0,3
"1arc","0",2.5,"treat_none",0.99,0,0,3
"1arc","0",2.75,"model",0.01,0.243205781319157,0.00952381344696458,5
"1arc","0",2.75,"model",0.02,0.233230600628828,0.0142166328041236,5
"1arc","0",2.75,"model",0.03,0.224449822120442,0.017351176333959,5
"1arc","0",2.75,"model",0.04,0.221735141512725,0.0158243338491542,5
"1arc","0",2.75,"model",0.05,0.217100744317187,0.0179117664637988,5
"1arc","0",2.75,"model",0.06,0.213494053903152,0.0202299735995105,5
"1arc","0",2.75,"model",0.07,0.206008562541757,0.0211410642761708,5
"1arc","0",2.75,"model",0.08,0.201079168039558,0.0151533615740253,5
"1arc","0",2.75,"model",0.09,0.198689284477486,0.0187832657355323,5
"1arc","0",2.75,"model",0.1,0.187008183556138,0.0269929687390424,5
"1arc","0",2.75,"model",0.11,0.181608290324044,0.0253678639209748,5
"1arc","0",2.75,"model",0.12,0.179308461697615,0.0258608618168389,5
"1arc","0",2.75,"model",0.13,0.175957151728819,0.0250642239543631,5
"1arc","0",2.75,"model",0.14,0.169631615651546,0.0285752719807745,5
"1arc","0",2.75,"model",0.15,0.165393755749813,0.0250044153164431,5
"1arc","0",2.75,"model",0.16,0.162313085115095,0.0273407672617602,5
"1arc","0",2.75,"model",0.17,0.161038625002337,0.0283436777346084,5
"1arc","0",2.75,"model",0.18,0.159829065300676,0.0293813454256647,5
"1arc","0",2.75,"model",0.19,0.152831562048329,0.0218184196884555,5
"1arc","0",2.75,"model",0.2,0.153174928130472,0.0249107704502312,5
"1arc","0",2.75,"model",0.21,0.151404872356168,0.0254990968511514,5
"1arc","0",2.75,"model",0.22,0.149191113029519,0.0260719257839219,5
"1arc","0",2.75,"model",0.23,0.150790834087623,0.0260658546787824,5
"1arc","0",2.75,"model",0.24,0.15100362096682,0.0260592135713394,5
"1arc","0",2.75,"model",0.25,0.151446556003368,0.0295548947787249,5
"1arc","0",2.75,"model",0.26,0.15102705844154,0.0320252250597697,5
"1arc","0",2.75,"model",0.27,0.149588815579871,0.0330491877404456,5
"1arc","0",2.75,"model",0.28,0.150432863555725,0.0359544925030816,5
"1arc","0",2.75,"model",0.29,0.150267572620401,0.0374777192181959,5
"1arc","0",2.75,"model",0.3,0.14857448122582,0.038437258492263,5
"1arc","0",2.75,"model",0.31,0.147273344736847,0.039861610719253,5
"1arc","0",2.75,"model",0.32,0.14593393952761,0.0413424707391797,5
"1arc","0",2.75,"model",0.33,0.144312210196885,0.0343918527888271,5
"1arc","0",2.75,"model",0.34,0.144426310570958,0.0334169176590325,5
"1arc","0",2.75,"model",0.35,0.146103458079829,0.0301661023819449,5
"1arc","0",2.75,"model",0.36,0.144922057544242,0.0312842281387241,5
"1arc","0",2.75,"model",0.37,0.142572471647012,0.0341560331624645,5
"1arc","0",2.75,"model",0.38,0.143110876241618,0.0366186567066721,5
"1arc","0",2.75,"model",0.39,0.143709949232043,0.0352024639296763,5
"1arc","0",2.75,"model",0.4,0.142593831504798,0.0363531073722652,5
"1arc","0",2.75,"model",0.41,0.145247634096063,0.0326552857918319,5
"1arc","0",2.75,"model",0.42,0.140439876327969,0.02710919075873,5
"1arc","0",2.75,"model",0.43,0.133694783000201,0.0251810663330394,5
"1arc","0",2.75,"model",0.44,0.132672516999732,0.026180350246454,5
"1arc","0",2.75,"model",0.45,0.128873351662758,0.0293465131510793,5
"1arc","0",2.75,"model",0.46,0.127774673860233,0.0304419804313538,5
"1arc","0",2.75,"model",0.47,0.126634536517991,0.0315839303504871,5
"1arc","0",2.75,"model",0.48,0.125450547739509,0.0327747669677253,5
"1arc","0",2.75,"model",0.49,0.124220128028537,0.034017100350525,5
"1arc","0",2.75,"model",0.5,0.128513246947082,0.0329449784823305,5
"1arc","0",2.75,"model",0.51,0.127408839791286,0.0341582769772573,5
"1arc","0",2.75,"model",0.52,0.123317239200076,0.0339758479994204,5
"1arc","0",2.75,"model",0.53,0.122117860861556,0.0352998399250475,5
"1arc","0",2.75,"model",0.54,0.115875521186823,0.0383620927117945,5
"1arc","0",2.75,"model",0.55,0.11469550203853,0.0395740572109159,5
"1arc","0",2.75,"model",0.56,0.110431542625922,0.0362139756447541,5
"1arc","0",2.75,"model",0.57,0.109140506876997,0.0375904618188797,5
"1arc","0",2.75,"model",0.58,0.107787993235267,0.0390381091236846,5
"1arc","0",2.75,"model",0.59,0.10636950331833,0.0405618836704986,5
"1arc","0",2.75,"model",0.6,0.104880088905547,0.0421672595629913,5
"1arc","0",2.75,"model",0.61,0.103314294266466,0.0438602835373265,5
"1arc","0",2.75,"model",0.62,0.105959718192088,0.0396888968095619,5
"1arc","0",2.75,"model",0.63,0.109074527841705,0.0356539804355382,5
"1arc","0",2.75,"model",0.64,0.107643965424671,0.037099630595171,5
"1arc","0",2.75,"model",0.65,0.10339193055641,0.0418059275473224,5
"1arc","0",2.75,"model",0.66,0.106899021505093,0.0377024693062994,5
"1arc","0",2.75,"model",0.67,0.105435250342213,0.0392212365903389,5
"1arc","0",2.75,"model",0.68,0.100938817011064,0.0402915938105392,5
"1arc","0",2.75,"model",0.69,0.105140606397191,0.0394076244309556,5
"1arc","0",2.75,"model",0.7,0.116660698770257,0.0432888005627216,5
"1arc","0",2.75,"model",0.71,0.115715965657361,0.0453525555950125,5
"1arc","0",2.75,"model",0.72,0.11470375160783,0.0475684696872501,5
"1arc","0",2.75,"model",0.73,0.113616558739815,0.0499532665781898,5
"1arc","0",2.75,"model",0.74,0.112445735651184,0.0525262508225211,5
"1arc","0",2.75,"model",0.75,0.119400424797654,0.0373347501282912,5
"1arc","0",2.75,"model",0.76,0.118487182788522,0.0393135560141183,5
"1arc","0",2.75,"model",0.77,0.117494528430769,0.0414713897454689,5
"1arc","0",2.75,"model",0.78,0.116411632767766,0.0438324307493279,5
"1arc","0",2.75,"model",0.79,0.115225604184477,0.0464254709711113,5
"1arc","0",2.75,"model",0.8,0.113920972742859,0.0492850680047032,5
"1arc","0",2.75,"model",0.81,0.112479011675808,0.0524530623387695,5
"1arc","0",2.75,"model",0.82,0.110876832712418,0.055980600323909,5
"1arc","0",2.75,"model",0.83,0.109086162106276,0.0599308711023748,5
"1arc","0",2.75,"model",0.84,0.107071657674366,0.0643828698626696,5
"1arc","0",2.75,"model",0.85,0.104788552651535,0.069436666374239,5
"1arc","0",2.75,"model",0.86,0.1021792897683,0.0752209314458589,5
"1arc","0",2.75,"model",0.87,0.096138298795802,0.0797345836325152,5
"1arc","0",2.75,"model",0.88,0.0926258295299081,0.0875821534880583,5
"1arc","0",2.75,"model",0.89,0.088474729488397,0.0968579232393964,5
"1arc","0",2.75,"model",0.9,0.0778596066216824,0.105882979693859,5
"1arc","0",2.75,"model",0.91,0.0688301500902114,0.117675147617098,5
"1arc","0",2.75,"model",0.92,0.0582786235435196,0.133188322815301,5
"1arc","0",2.75,"model",0.93,0.0457541617039893,0.161009844686364,5
"1arc","0",2.75,"model",0.94,0.0300762683404434,0.188420896961382,5
"1arc","0",2.75,"model",0.95,0.0118114281577949,0.229158210923987,5
"1arc","0",2.75,"model",0.96,-0.0155858321161778,0.290319039543465,5
"1arc","0",2.75,"model",0.97,0.0273365423130463,0.194528710730336,5
"1arc","0",2.75,"model",0.98,0.109949537698,0.0156287430211821,5
"1arc","0",2.75,"model",0.99,0.107132636289549,0.0190766378055802,5
"1arc","0",2.75,"treat_all",0.01,0.247347824155493,0.0143850980089793,5
"1arc","0",2.75,"treat_all",0.02,0.239667699912181,0.0145318847233567,5
"1arc","0",2.75,"treat_all",0.03,0.231829222591688,0.0146816979679273,5
"1arc","0",2.75,"treat_all",0.04,0.223827443660352,0.0148346323217599,5
"1arc","0",2.75,"treat_all",0.05,0.215657206225198,0.0149907863461995,5
"1arc","0",2.75,"treat_all",0.06,0.207313133950998,0.015150262796691,5
"1arc","0",2.75,"treat_all",0.07,0.198789619262299,0.0153131688482683,5
"1arc","0",2.75,"treat_all",0.08,0.190080810776019,0.0154796163357495,5
"1arc","0",2.75,"treat_all",0.09,0.181180599905426,0.0156497220097687,5
"1arc","0",2.75,"treat_all",0.1,0.172082606571042,0.0158236078098773,5
"1arc","0",2.75,"treat_all",0.11,0.162780163948245,0.0160014011560556,5
"1arc","0",2.75,"treat_all",0.12,0.153266302174929,0.0161832352601017,5
"1arc","0",2.75,"treat_all",0.13,0.143533730935561,0.0163692494584937,5
"1arc","0",2.75,"treat_all",0.14,0.13357482083016,0.0165595895684762,5
"1arc","0",2.75,"treat_all",0.15,0.123381583428162,0.0167544082692818,5
"1arc","0",2.75,"treat_all",0.16,0.112945649897545,0.0169538655105828,5
"1arc","0",2.75,"treat_all",0.17,0.102258248089082,0.0171581289504693,5
"1arc","0",2.75,"treat_all",0.18,0.0913101779438265,0.017367374425475,5
"1arc","0",2.75,"treat_all",0.19,0.0800917850789355,0.0175817864554192,5
"1arc","0",2.75,"treat_all",0.2,0.0685929323924221,0.0178015587861119,5
"1arc","0",2.75,"treat_all",0.21,0.0568029695113135,0.0180268949732779,5
"1arc","0",2.75,"treat_all",0.22,0.0447106998896637,0.0182580090113968,5
"1arc","0",2.75,"treat_all",0.23,0.0323043453427763,0.0184951260115448,5
"1arc","0",2.75,"treat_all",0.24,0.019571507781497,0.0187384829327494,5
"1arc","0",2.75,"treat_all",0.25,0.00649912788525028,0.0189883293718527,5
"1arc","0",2.75,"treat_all",0.26,-0.00692655957575987,0.0192449284174183,5
"1arc","0",2.75,"treat_all",0.27,-0.0207200740904963,0.0195085575738213,5
"1arc","0",2.75,"treat_all",0.28,-0.0348967417861977,0.0197795097623466,5
"1arc","0",2.75,"treat_all",0.29,-0.0494727522338906,0.0200580944068867,5
"1arc","0",2.75,"treat_all",0.3,-0.0644652201229462,0.0203446386126993,5
"1arc","0",2.75,"treat_all",0.31,-0.0798922522986411,0.020639488447666,5
"1arc","0",2.75,"treat_all",0.32,-0.0957730207147975,0.0209430103366022,5
"1arc","0",2.75,"treat_all",0.33,-0.112127841919496,0.0212555925804321,5
"1arc","0",2.75,"treat_all",0.34,-0.128978263766761,0.021577647013469,5
"1arc","0",2.75,"treat_all",0.35,-0.146347160132404,0.0219096108136762,5
"1arc","0",2.75,"treat_all",0.36,-0.164258834509472,0.0222519484826399,5
"1arc","0",2.75,"treat_all",0.37,-0.18273913346994,0.0226051540141104,5
"1arc","0",2.75,"treat_all",0.38,-0.201815571106552,0.0229697532724025,5
"1arc","0",2.75,"treat_all",0.39,-0.221517465714856,0.0233463066047369,5
"1arc","0",2.75,"treat_all",0.4,-0.241876090143437,0.0237354117148159,5
"1arc","0",2.75,"treat_all",0.41,-0.262924837434004,0.0241377068286264,5
"1arc","0",2.75,"treat_all",0.42,-0.284699403596659,0.0245538741877406,5
"1arc","0",2.75,"treat_all",0.43,-0.307237989624671,0.0249846439103325,5
"1arc","0",2.75,"treat_all",0.44,-0.330581525153683,0.0254307982658742,5
"1arc","0",2.75,"treat_all",0.45,-0.354773916520113,0.0258931764161628,5
"1arc","0",2.75,"treat_all",0.46,-0.379862322381597,0.0263726796831288,5
"1arc","0",2.75,"treat_all",0.47,-0.40589746053974,0.0268702774129991,5
"1arc","0",2.75,"treat_all",0.48,-0.432933950165504,0.0273870135170953,5
"1arc","0",2.75,"treat_all",0.49,-0.461030694286397,0.0279240137821363,5
"1arc","0",2.75,"treat_all",0.5,-0.490251308172125,0.0284824940577791,5
"1arc","0",2.75,"treat_all",0.51,-0.520664600175637,0.0290637694467133,5
"1arc","0",2.75,"treat_all",0.52,-0.552345112679297,0.0296692646435199,5
"1arc","0",2.75,"treat_all",0.53,-0.585373732098005,0.030300525593382,5
"1arc","0",2.75,"treat_all",0.54,-0.619838378447962,0.030959232671499,5
"1arc","0",2.75,"treat_all",0.55,-0.655834786857916,0.0316472156197545,5
"1arc","0",2.75,"treat_all",0.56,-0.693467395650142,0.0323664705202035,5
"1arc","0",2.75,"treat_all",0.57,-0.73285035833968,0.0331191791369524,5
"1arc","0",2.75,"treat_all",0.58,-0.774108700204911,0.0339077310211655,5
"1arc","0",2.75,"treat_all",0.59,-0.817379644112347,0.0347347488509501,5
"1arc","0",2.75,"treat_all",0.6,-0.862814135215156,0.0356031175722238,5
"1arc","0",2.75,"treat_all",0.61,-0.910578600220673,0.0365160180227936,5
"1arc","0",2.75,"treat_all",0.62,-0.960856984437006,0.0374769658654987,5
"1arc","0",2.75,"treat_all",0.63,-1.01385311915152,0.0384898568348365,5
"1arc","0",2.75,"treat_all",0.64,-1.0697934835724,0.0395590195246931,5
"1arc","0",2.75,"treat_all",0.65,-1.12893044024589,0.0406892772253986,5
"1arc","0",2.75,"treat_all",0.66,-1.1915460414296,0.0418860206732045,5
"1arc","0",2.75,"treat_all",0.67,-1.25795652753352,0.0431552940269379,5
"1arc","0",2.75,"treat_all",0.68,-1.32851766901895,0.0445038969652797,5
"1arc","0",2.75,"treat_all",0.69,-1.4036311422131,0.0459395065448049,5
"1arc","0",2.75,"treat_all",0.7,-1.48375218028687,0.0474708234296317,5
"1arc","0",2.75,"treat_all",0.71,-1.56939880719332,0.0491077483754811,5
"1arc","0",2.75,"treat_all",0.72,-1.66116305030737,0.0508615965317483,5
"1arc","0",2.75,"treat_all",0.73,-1.75972464476319,0.0527453593662574,5
"1arc","0",2.75,"treat_all",0.74,-1.86586790033101,0.0547740270341905,5
"1arc","0",2.75,"treat_all",0.75,-1.98050261634425,0.0569649881155582,5
"1arc","0",2.75,"treat_all",0.76,-2.10469022535859,0.0593385292870398,5
"1arc","0",2.75,"treat_all",0.77,-2.23967675689592,0.0619184653429979,5
"1arc","0",2.75,"treat_all",0.78,-2.38693479130028,0.0647329410404069,5
"1arc","0",2.75,"treat_all",0.79,-2.54821740040982,0.0678154620423309,5
"1arc","0",2.75,"treat_all",0.8,-2.72562827043031,0.0712062351444479,5
"1arc","0",2.75,"treat_all",0.81,-2.92171396887401,0.0749539317309974,5
"1arc","0",2.75,"treat_all",0.82,-3.13958696714479,0.0791180390493863,5
"1arc","0",2.75,"treat_all",0.83,-3.38309208285919,0.0837720413464089,5
"1arc","0",2.75,"treat_all",0.84,-3.65703533803789,0.0890077939305594,5
"1arc","0",2.75,"treat_all",0.85,-3.96750436057375,0.0949416468592633,5
"1arc","0",2.75,"treat_all",0.86,-4.32232610061473,0.101723193063497,5
"1arc","0",2.75,"treat_all",0.87,-4.73173580066202,0.109548054068381,5
"1arc","0",2.75,"treat_all",0.88,-5.20938045071719,0.11867705857408,5
"1arc","0",2.75,"treat_all",0.89,-5.77386958260057,0.129465882080814,5
"1arc","0",2.75,"treat_all",0.9,-6.45125654086062,0.142412470288895,5
"1arc","0",2.75,"treat_all",0.91,-7.27917393428958,0.158236078098772,5
"1arc","0",2.75,"treat_all",0.92,-8.31407067607578,0.17801558786112,5
"1arc","0",2.75,"treat_all",0.93,-9.64465220122947,0.203446386126994,5
"1arc","0",2.75,"treat_all",0.94,-11.4187609014344,0.23735411714816,5
"1arc","0",2.75,"treat_all",0.95,-13.9025130817213,0.284824940577792,5
"1arc","0",2.75,"treat_all",0.96,-17.6281413521516,0.35603117572224,5
"1arc","0",2.75,"treat_all",0.97,-23.8375218028687,0.474708234296317,5
"1arc","0",2.75,"treat_all",0.98,-36.2562827043031,0.712062351444476,5
"1arc","0",2.75,"treat_all",0.99,-73.5125654086062,1.42412470288895,5
"1arc","0",2.75,"treat_none",0.01,0,0,5
"1arc","0",2.75,"treat_none",0.02,0,0,5
"1arc","0",2.75,"treat_none",0.03,0,0,5
"1arc","0",2.75,"treat_none",0.04,0,0,5
"1arc","0",2.75,"treat_none",0.05,0,0,5
"1arc","0",2.75,"treat_none",0.06,0,0,5
"1arc","0",2.75,"treat_none",0.07,0,0,5
"1arc","0",2.75,"treat_none",0.08,0,0,5
"1arc","0",2.75,"treat_none",0.09,0,0,5
"1arc","0",2.75,"treat_none",0.1,0,0,5
"1arc","0",2.75,"treat_none",0.11,0,0,5
"1arc","0",2.75,"treat_none",0.12,0,0,5
"1arc","0",2.75,"treat_none",0.13,0,0,5
"1arc","0",2.75,"treat_none",0.14,0,0,5
"1arc","0",2.75,"treat_none",0.15,0,0,5
"1arc","0",2.75,"treat_none",0.16,0,0,5
"1arc","0",2.75,"treat_none",0.17,0,0,5
"1arc","0",2.75,"treat_none",0.18,0,0,5
"1arc","0",2.75,"treat_none",0.19,0,0,5
"1arc","0",2.75,"treat_none",0.2,0,0,5
"1arc","0",2.75,"treat_none",0.21,0,0,5
"1arc","0",2.75,"treat_none",0.22,0,0,5
"1arc","0",2.75,"treat_none",0.23,0,0,5
"1arc","0",2.75,"treat_none",0.24,0,0,5
"1arc","0",2.75,"treat_none",0.25,0,0,5
"1arc","0",2.75,"treat_none",0.26,0,0,5
"1arc","0",2.75,"treat_none",0.27,0,0,5
"1arc","0",2.75,"treat_none",0.28,0,0,5
"1arc","0",2.75,"treat_none",0.29,0,0,5
"1arc","0",2.75,"treat_none",0.3,0,0,5
"1arc","0",2.75,"treat_none",0.31,0,0,5
"1arc","0",2.75,"treat_none",0.32,0,0,5
"1arc","0",2.75,"treat_none",0.33,0,0,5
"1arc","0",2.75,"treat_none",0.34,0,0,5
"1arc","0",2.75,"treat_none",0.35,0,0,5
"1arc","0",2.75,"treat_none",0.36,0,0,5
"1arc","0",2.75,"treat_none",0.37,0,0,5
"1arc","0",2.75,"treat_none",0.38,0,0,5
"1arc","0",2.75,"treat_none",0.39,0,0,5
"1arc","0",2.75,"treat_none",0.4,0,0,5
"1arc","0",2.75,"treat_none",0.41,0,0,5
"1arc","0",2.75,"treat_none",0.42,0,0,5
"1arc","0",2.75,"treat_none",0.43,0,0,5
"1arc","0",2.75,"treat_none",0.44,0,0,5
"1arc","0",2.75,"treat_none",0.45,0,0,5
"1arc","0",2.75,"treat_none",0.46,0,0,5
"1arc","0",2.75,"treat_none",0.47,0,0,5
"1arc","0",2.75,"treat_none",0.48,0,0,5
"1arc","0",2.75,"treat_none",0.49,0,0,5
"1arc","0",2.75,"treat_none",0.5,0,0,5
"1arc","0",2.75,"treat_none",0.51,0,0,5
"1arc","0",2.75,"treat_none",0.52,0,0,5
"1arc","0",2.75,"treat_none",0.53,0,0,5
"1arc","0",2.75,"treat_none",0.54,0,0,5
"1arc","0",2.75,"treat_none",0.55,0,0,5
"1arc","0",2.75,"treat_none",0.56,0,0,5
"1arc","0",2.75,"treat_none",0.57,0,0,5
"1arc","0",2.75,"treat_none",0.58,0,0,5
"1arc","0",2.75,"treat_none",0.59,0,0,5
"1arc","0",2.75,"treat_none",0.6,0,0,5
"1arc","0",2.75,"treat_none",0.61,0,0,5
"1arc","0",2.75,"treat_none",0.62,0,0,5
"1arc","0",2.75,"treat_none",0.63,0,0,5
"1arc","0",2.75,"treat_none",0.64,0,0,5
"1arc","0",2.75,"treat_none",0.65,0,0,5
"1arc","0",2.75,"treat_none",0.66,0,0,5
"1arc","0",2.75,"treat_none",0.67,0,0,5
"1arc","0",2.75,"treat_none",0.68,0,0,5
"1arc","0",2.75,"treat_none",0.69,0,0,5
"1arc","0",2.75,"treat_none",0.7,0,0,5
"1arc","0",2.75,"treat_none",0.71,0,0,5
"1arc","0",2.75,"treat_none",0.72,0,0,5
"1arc","0",2.75,"treat_none",0.73,0,0,5
"1arc","0",2.75,"treat_none",0.74,0,0,5
"1arc","0",2.75,"treat_none",0.75,0,0,5
"1arc","0",2.75,"treat_none",0.76,0,0,5
"1arc","0",2.75,"treat_none",0.77,0,0,5
"1arc","0",2.75,"treat_none",0.78,0,0,5
"1arc","0",2.75,"treat_none",0.79,0,0,5
"1arc","0",2.75,"treat_none",0.8,0,0,5
"1arc","0",2.75,"treat_none",0.81,0,0,5
"1arc","0",2.75,"treat_none",0.82,0,0,5
"1arc","0",2.75,"treat_none",0.83,0,0,5
"1arc","0",2.75,"treat_none",0.84,0,0,5
"1arc","0",2.75,"treat_none",0.85,0,0,5
"1arc","0",2.75,"treat_none",0.86,0,0,5
"1arc","0",2.75,"treat_none",0.87,0,0,5
"1arc","0",2.75,"treat_none",0.88,0,0,5
"1arc","0",2.75,"treat_none",0.89,0,0,5
"1arc","0",2.75,"treat_none",0.9,0,0,5
"1arc","0",2.75,"treat_none",0.91,0,0,5
"1arc","0",2.75,"treat_none",0.92,0,0,5
"1arc","0",2.75,"treat_none",0.93,0,0,5
"1arc","0",2.75,"treat_none",0.94,0,0,5
"1arc","0",2.75,"treat_none",0.95,0,0,5
"1arc","0",2.75,"treat_none",0.96,0,0,5
"1arc","0",2.75,"treat_none",0.97,0,0,5
"1arc","0",2.75,"treat_none",0.98,0,0,5
"1arc","0",2.75,"treat_none",0.99,0,0,5
"1arc","0",3,"model",0.01,0.237909979271664,0.0111736972099151,3
"1arc","0",3,"model",0.02,0.229841562800058,0.00373155719133653,3
"1arc","0",3,"model",0.03,0.22291067401801,0.0113733209907915,3
"1arc","0",3,"model",0.04,0.21289029522264,0.0147482648698612,3
"1arc","0",3,"model",0.05,0.206327139803234,0.0214177854045699,3
"1arc","0",3,"model",0.06,0.193088258283993,0.0253545698051833,3
"1arc","0",3,"model",0.07,0.186635286858871,0.0278918155922823,3
"1arc","0",3,"model",0.08,0.180822021918801,0.0189497263503674,3
"1arc","0",3,"model",0.09,0.17689354287187,0.026987413100734,3
"1arc","0",3,"model",0.1,0.171168919891063,0.0312154480595798,3
"1arc","0",3,"model",0.11,0.164987050735697,0.0226779336302453,3
"1arc","0",3,"model",0.12,0.161240890897403,0.0153745796005918,3
"1arc","0",3,"model",0.13,0.161209743644758,0.0132123474934685,3
"1arc","0",3,"model",0.14,0.162075997152764,0.0123322014223109,3
"1arc","0",3,"model",0.15,0.159572642265944,0.00710463154508322,3
"1arc","0",3,"model",0.16,0.159487641393182,0.00609942768653841,3
"1arc","0",3,"model",0.17,0.159424082799449,0.00704203261115161,3
"1arc","0",3,"model",0.18,0.154916175032765,0.0121264623535396,3
"1arc","0",3,"model",0.19,0.155074188661958,0.0131047485504208,3
"1arc","0",3,"model",0.2,0.154222639118366,0.0127490457605026,3
"1arc","0",3,"model",0.21,0.153349531358481,0.0123976171134179,3
"1arc","0",3,"model",0.22,0.15499503876114,0.0155330646821621,3
"1arc","0",3,"model",0.23,0.155571785504315,0.0173188880710512,3
"1arc","0",3,"model",0.24,0.157704724492272,0.0216251914653711,3
"1arc","0",3,"model",0.25,0.157131779090479,0.0217427692517577,3
"1arc","0",3,"model",0.26,0.153172568369814,0.0229961502533528,3
"1arc","0",3,"model",0.27,0.152652544714565,0.0230143397033702,3
"1arc","0",3,"model",0.28,0.152118075957782,0.0230330559582507,3
"1arc","0",3,"model",0.29,0.148903915275607,0.0184450774404566,3
"1arc","0",3,"model",0.3,0.148429324262487,0.0186218619655044,3
"1arc","0",3,"model",0.31,0.147940976988118,0.0188037800453648,3
"1arc","0",3,"model",0.32,0.14743826655862,0.0189910582943947,3
"1arc","0",3,"model",0.33,0.14013017738563,0.00749434325555736,3
"1arc","0",3,"model",0.34,0.139698638062981,0.00786720606576169,3
"1arc","0",3,"model",0.35,0.141712549093453,0.00785676159422668,3
"1arc","0",3,"model",0.36,0.141363595756869,0.00821307407780255,3
"1arc","0",3,"model",0.37,0.141003564536584,0.00858094926780668,3
"1arc","0",3,"model",0.38,0.140631919405968,0.00896092602648211,3
"1arc","0",3,"model",0.39,0.140248089189102,0.00935358073294563,3
"1arc","0",3,"model",0.4,0.139851464631673,0.00975953013051405,3
"1arc","0",3,"model",0.41,0.139441395173993,0.0101794345050739,3
"1arc","0",3,"model",0.42,0.139017185390186,0.010614001227475,3
"1arc","0",3,"model",0.43,0.138578091052561,0.0110639886988579,3
"1arc","0",3,"model",0.44,0.138123314774306,0.0115302107444385,3
"1arc","0",3,"model",0.45,0.137652001176843,0.0120135415087643,3
"1arc","0",3,"model",0.46,0.137163231520214,0.0125149209140229,3
"1arc","0",3,"model",0.47,0.136656017725599,0.0130353607528639,3
"1arc","0",3,"model",0.48,0.136129295708114,0.0135759514986859,3
"1arc","0",3,"model",0.49,0.131077413420733,0.00917461750895865,3
"1arc","0",3,"model",0.5,0.130508140526542,0.00966178359908481,3
"1arc","0",3,"model",0.51,0.129915632004016,0.0101799017091485,3
"1arc","0",3,"model",0.52,0.129298435626385,0.0107298714490635,3
"1arc","0",3,"model",0.53,0.124088765527448,0.0100178539495305,3
"1arc","0",3,"model",0.54,0.123417328950118,0.0106855888022141,3
"1arc","0",3,"model",0.55,0.128796758320373,0.00768889708093487,3
"1arc","0",3,"model",0.56,0.12381036823891,0.005678751090564,3
"1arc","0",3,"model",0.57,0.123306069379303,0.0055169960416011,3
"1arc","0",3,"model",0.58,0.122777756288286,0.00538065529860396,3
"1arc","0",3,"model",0.59,0.122223671826975,0.00527688005131467,3
"1arc","0",3,"model",0.6,0.121641883142599,0.00521368726653887,3
"1arc","0",3,"model",0.61,0.121030259141075,0.00519962179603736,3
"1arc","0",3,"model",0.62,0.120386444402629,0.00524322731300233,3
"1arc","0",3,"model",0.63,0.11970782886751,0.00535240019875852,3
"1arc","0",3,"model",0.64,0.118991512469329,0.00553378226548411,3
"1arc","0",3,"model",0.65,0.118234263705537,0.00579237769214477,3
"1arc","0",3,"model",0.66,0.117432470896817,0.00613151755300681,3
"1arc","0",3,"model",0.67,0.116582084584538,0.00655316776968545,3
"1arc","0",3,"model",0.68,0.125381745474773,0.0102552270324425,3
"1arc","0",3,"model",0.69,0.124880220839883,0.0108501976992312,3
"1arc","0",3,"model",0.7,0.124345261229334,0.011523214435987,3
"1arc","0",3,"model",0.71,0.12377340785254,0.012279227041737,3
"1arc","0",3,"model",0.72,0.123160707805975,0.0131239111408161,3
"1arc","0",3,"model",0.73,0.122502622570775,0.0140638892010117,3
"1arc","0",3,"model",0.74,0.121793915394406,0.0151069759804565,3
"1arc","0",3,"model",0.75,0.121028511643928,0.0162624585069786,3
"1arc","0",3,"model",0.76,0.120199324247576,0.0175414253754816,3
"1arc","0",3,"model",0.77,0.119298033599368,0.018957165535592,3
"1arc","0",3,"model",0.78,0.118314807437686,0.0205256636111133,3
"1arc","0",3,"model",0.79,0.117237940689178,0.0222662282449197,3
"1arc","0",3,"model",0.8,0.111078262887709,0.0324891768931459,3
"1arc","0",3,"model",0.81,0.109769019630312,0.0346966887036613,3
"1arc","0",3,"model",0.82,0.10831430489987,0.0371579789275388,3
"1arc","0",3,"model",0.83,0.106688447259965,0.0399174497981449,3
"1arc","0",3,"model",0.84,0.104859357415072,0.0430306210961878,3
"1arc","0",3,"model",0.85,0.102786388924193,0.0465678355864179,3
"1arc","0",3,"model",0.86,0.100417282077474,0.0506195524415505,3
"1arc","0",3,"model",0.87,0.0976836972543372,0.0553040837373729,3
"1arc","0",3,"model",0.88,0.0944945149606773,0.0607791991570649,3
"1arc","0",3,"model",0.89,0.0907254813408974,0.0672600605048404,3
"1arc","0",3,"model",0.9,0.0862026409971615,0.075047916907171,3
"1arc","0",3,"model",0.91,0.0806747250214844,0.0845779301363506,3
"1arc","0",3,"model",0.92,0.0647558210428789,0.0909002950564295,3
"1arc","0",3,"model",0.93,0.0558716703676834,0.105924708794946,3
"1arc","0",3,"model",0.94,0.117403541345476,0.0205100031969605,3
"1arc","0",3,"model",0.95,0.117403541345476,0.0205100031969605,3
"1arc","0",3,"model",0.96,0.117403541345476,0.0205100031969605,3
"1arc","0",3,"model",0.97,0.112837331299813,0.0200650575547928,3
"1arc","0",3,"model",0.98,0.108271121254151,0.0225755284168854,3
"1arc","0",3,"model",0.99,0.0987914923715374,0.0193249653672311,3
"1arc","0",3,"treat_all",0.01,0.245277879504009,0.0139509454140201,3
"1arc","0",3,"treat_all",0.02,0.237576633376499,0.0140933019998774,3
"1arc","0",3,"treat_all",0.03,0.22971659866904,0.0142385937730721,3
"1arc","0",3,"treat_all",0.04,0.221692813238509,0.0143869124582082,3
"1arc","0",3,"treat_all",0.05,0.213500106009441,0.0145383536419788,3
"1arc","0",3,"treat_all",0.06,0.205133085860605,0.0146930169785956,3
"1arc","0",3,"treat_all",0.07,0.19658612979459,0.014851006408473,3
"1arc","0",3,"treat_all",0.08,0.187853370335836,0.0150124303911738,3
"1arc","0",3,"treat_all",0.09,0.178928682097768,0.0151774021537142,3
"1arc","0",3,"treat_all",0.1,0.16980566745441,0.0153460399554221,3
"1arc","0",3,"treat_all",0.11,0.160477641246033,0.0155184673706516,3
"1arc","0",3,"treat_all",0.12,0.15093761444201,0.0156948135907726,3
"1arc","0",3,"treat_all",0.13,0.141178276676976,0.0158752137469884,3
"1arc","0",3,"treat_all",0.14,0.131191977568569,0.0160598092556743,3
"1arc","0",3,"treat_all",0.15,0.120970706716434,0.016248748188094,3
"1arc","0",3,"treat_all",0.16,0.110506072272582,0.0164421856665237,3
"1arc","0",3,"treat_all",0.17,0.0997892779626133,0.0166402842890119,3
"1arc","0",3,"treat_all",0.18,0.088811098425572,0.0168432145852194,3
"1arc","0",3,"treat_all",0.19,0.0775618527271223,0.0170511555060246,3
"1arc","0",3,"treat_all",0.2,0.0660313758862113,0.0172642949498499,3
"1arc","0",3,"treat_all",0.21,0.0542089882392013,0.0174828303289619,3
"1arc","0",3,"treat_all",0.22,0.0420834624473962,0.0177069691793332,3
"1arc","0",3,"treat_all",0.23,0.029642987933726,0.0179369298180258,3
"1arc","0",3,"treat_all",0.24,0.0168751325118013,0.0181729420524736,3
"1arc","0",3,"treat_all",0.25,0.00376680094529206,0.0184152479465065,3
"1arc","0",3,"treat_all",0.26,-0.00969580985274456,0.0186641026484864,3
"1arc","0",3,"treat_all",0.27,-0.0235272593027822,0.0189197752875067,3
"1arc","0",3,"treat_all",0.28,-0.0377429156819875,0.0191825499442777,3
"1arc","0",3,"treat_all",0.29,-0.0523590130859592,0.0194527267040562,3
"1arc","0",3,"treat_all",0.3,-0.0673927132729014,0.0197306227998284,3
"1arc","0",3,"treat_all",0.31,-0.0828621728855522,0.0200165738548984,3
"1arc","0",3,"treat_all",0.32,-0.0987866166044573,0.0203109352351175,3
"1arc","0",3,"treat_all",0.33,-0.115186416852285,0.0206140835222088,3
"1arc","0",3,"treat_all",0.34,-0.132083180743986,0.0209264181210302,3
"1arc","0",3,"treat_all",0.35,-0.149499845063125,0.0212483630151999,3
"1arc","0",3,"treat_all",0.36,-0.167460780142236,0.0215803686873123,3
"1arc","0",3,"treat_all",0.37,-0.185991903636557,0.0219229142220316,3
"1arc","0",3,"treat_all",0.38,-0.205120805308114,0.0222765096127095,3
"1arc","0",3,"treat_all",0.39,-0.224876884083657,0.0226416982948851,3
"1arc","0",3,"treat_all",0.4,-0.245291498818385,0.0230190599331332,3
"1arc","0",3,"treat_all",0.41,-0.266398134391578,0.0234092134913219,3
"1arc","0",3,"treat_all",0.42,-0.288232584984536,0.0238128206204826,3
"1arc","0",3,"treat_all",0.43,-0.310833156650931,0.0242305894032981,3
"1arc","0",3,"treat_all",0.44,-0.334240891591127,0.0246632784997856,3
"1arc","0",3,"treat_all",0.45,-0.358499816892784,0.0251117017452362,3
"1arc","0",3,"treat_all",0.46,-0.383657220909317,0.0255767332590368,3
"1arc","0",3,"treat_all",0.47,-0.409763960926473,0.0260593131318489,3
"1arc","0",3,"treat_all",0.48,-0.436874806328906,0.0265604537689998,3
"1arc","0",3,"treat_all",0.49,-0.465048822139276,0.0270812469801567,3
"1arc","0",3,"treat_all",0.5,-0.494349798582062,0.0276228719197598,3
"1arc","0",3,"treat_all",0.51,-0.524846733247002,0.0281866039997549,3
"1arc","0",3,"treat_all",0.52,-0.556614373522981,0.0287738249164165,3
"1arc","0",3,"treat_all",0.53,-0.58973382827879,0.0293860339571913,3
"1arc","0",3,"treat_all",0.54,-0.624293259328328,0.0300248607823476,3
"1arc","0",3,"treat_all",0.55,-0.66038866509118,0.0306920799108442,3
"1arc","0",3,"treat_all",0.56,-0.69812477111598,0.0313896271815452,3
"1arc","0",3,"treat_all",0.57,-0.737616044862863,0.0321196185113487,3
"1arc","0",3,"treat_all",0.58,-0.778987855454836,0.0328843713330474,3
"1arc","0",3,"treat_all",0.59,-0.822377803148856,0.0336864291704388,3
"1arc","0",3,"treat_all",0.6,-0.867937248227577,0.0345285898996997,3
"1arc","0",3,"treat_all",0.61,-0.915833075105208,0.0354139383586665,3
"1arc","0",3,"treat_all",0.62,-0.966249734976397,0.0363458841049472,3
"1arc","0",3,"treat_all",0.63,-1.01939161970549,0.0373282052969728,3
"1arc","0",3,"treat_all",0.64,-1.07548583136398,0.0383650998885554,3
"1arc","0",3,"treat_all",0.65,-1.1347854265458,0.0394612455996568,3
"1arc","0",3,"treat_all",0.66,-1.19757323320891,0.040621870470235,3
"1arc","0",3,"treat_all",0.67,-1.26416636148797,0.0418528362420605,3
"1arc","0",3,"treat_all",0.68,-1.33492156028447,0.0431607373746249,3
"1arc","0",3,"treat_all",0.69,-1.41024161061623,0.044553019225419,3
"1arc","0",3,"treat_all",0.7,-1.49058299763677,0.0460381198662665,3
"1arc","0",3,"treat_all",0.71,-1.57646516996907,0.0476256412409652,3
"1arc","0",3,"treat_all",0.72,-1.66848178318225,0.0493265569995711,3
"1arc","0",3,"treat_all",0.73,-1.76731444181863,0.0511534665180737,3
"1arc","0",3,"treat_all",0.74,-1.87374961265781,0.0531209075379997,3
"1arc","0",3,"treat_all",0.75,-1.98869959716412,0.0552457438395195,3
"1arc","0",3,"treat_all",0.76,-2.11322874704596,0.0575476498328328,3
"1arc","0",3,"treat_all",0.77,-2.24858651865666,0.0600497215646951,3
"1arc","0",3,"treat_all",0.78,-2.39624954223196,0.0627792543630903,3
"1arc","0",3,"treat_all",0.79,-2.55797571090967,0.0657687426660947,3
"1arc","0",3,"treat_all",0.8,-2.73587449645516,0.0690571797993997,3
"1arc","0",3,"treat_all",0.81,-2.9324994699528,0.0726917682098943,3
"1arc","0",3,"treat_all",0.82,-3.15097166272795,0.0767301997771104,3
"1arc","0",3,"treat_all",0.83,-3.39514646641783,0.0812437409404699,3
"1arc","0",3,"treat_all",0.84,-3.66984312056895,0.0863214747492494,3
"1arc","0",3,"treat_all",0.85,-3.98116599527354,0.0920762397325326,3
"1arc","0",3,"treat_all",0.86,-4.33696356636451,0.0986531139991423,3
"1arc","0",3,"treat_all",0.87,-4.74749922531562,0.106241815075999,3
"1arc","0",3,"treat_all",0.88,-5.22645749409193,0.115095299665666,3
"1arc","0",3,"treat_all",0.89,-5.79249908446392,0.125558508726181,3
"1arc","0",3,"treat_all",0.9,-6.47174899291031,0.138114359598799,3
"1arc","0",3,"treat_all",0.91,-7.3019433254559,0.153460399554222,3
"1arc","0",3,"treat_all",0.92,-8.33968624113789,0.172642949498498,3
"1arc","0",3,"treat_all",0.93,-9.67392713272902,0.197306227998284,3
"1arc","0",3,"treat_all",0.94,-11.4529149881839,0.230190599331331,3
"1arc","0",3,"treat_all",0.95,-13.9434979858206,0.276228719197598,3
"1arc","0",3,"treat_all",0.96,-17.6793724822758,0.345285898996999,3
"1arc","0",3,"treat_all",0.97,-23.9058299763677,0.460381198662666,3
"1arc","0",3,"treat_all",0.98,-36.3587449645515,0.690571797993992,3
"1arc","0",3,"treat_all",0.99,-73.717489929103,1.381143595988,3
"1arc","0",3,"treat_none",0.01,0,0,3
"1arc","0",3,"treat_none",0.02,0,0,3
"1arc","0",3,"treat_none",0.03,0,0,3
"1arc","0",3,"treat_none",0.04,0,0,3
"1arc","0",3,"treat_none",0.05,0,0,3
"1arc","0",3,"treat_none",0.06,0,0,3
"1arc","0",3,"treat_none",0.07,0,0,3
"1arc","0",3,"treat_none",0.08,0,0,3
"1arc","0",3,"treat_none",0.09,0,0,3
"1arc","0",3,"treat_none",0.1,0,0,3
"1arc","0",3,"treat_none",0.11,0,0,3
"1arc","0",3,"treat_none",0.12,0,0,3
"1arc","0",3,"treat_none",0.13,0,0,3
"1arc","0",3,"treat_none",0.14,0,0,3
"1arc","0",3,"treat_none",0.15,0,0,3
"1arc","0",3,"treat_none",0.16,0,0,3
"1arc","0",3,"treat_none",0.17,0,0,3
"1arc","0",3,"treat_none",0.18,0,0,3
"1arc","0",3,"treat_none",0.19,0,0,3
"1arc","0",3,"treat_none",0.2,0,0,3
"1arc","0",3,"treat_none",0.21,0,0,3
"1arc","0",3,"treat_none",0.22,0,0,3
"1arc","0",3,"treat_none",0.23,0,0,3
"1arc","0",3,"treat_none",0.24,0,0,3
"1arc","0",3,"treat_none",0.25,0,0,3
"1arc","0",3,"treat_none",0.26,0,0,3
"1arc","0",3,"treat_none",0.27,0,0,3
"1arc","0",3,"treat_none",0.28,0,0,3
"1arc","0",3,"treat_none",0.29,0,0,3
"1arc","0",3,"treat_none",0.3,0,0,3
"1arc","0",3,"treat_none",0.31,0,0,3
"1arc","0",3,"treat_none",0.32,0,0,3
"1arc","0",3,"treat_none",0.33,0,0,3
"1arc","0",3,"treat_none",0.34,0,0,3
"1arc","0",3,"treat_none",0.35,0,0,3
"1arc","0",3,"treat_none",0.36,0,0,3
"1arc","0",3,"treat_none",0.37,0,0,3
"1arc","0",3,"treat_none",0.38,0,0,3
"1arc","0",3,"treat_none",0.39,0,0,3
"1arc","0",3,"treat_none",0.4,0,0,3
"1arc","0",3,"treat_none",0.41,0,0,3
"1arc","0",3,"treat_none",0.42,0,0,3
"1arc","0",3,"treat_none",0.43,0,0,3
"1arc","0",3,"treat_none",0.44,0,0,3
"1arc","0",3,"treat_none",0.45,0,0,3
"1arc","0",3,"treat_none",0.46,0,0,3
"1arc","0",3,"treat_none",0.47,0,0,3
"1arc","0",3,"treat_none",0.48,0,0,3
"1arc","0",3,"treat_none",0.49,0,0,3
"1arc","0",3,"treat_none",0.5,0,0,3
"1arc","0",3,"treat_none",0.51,0,0,3
"1arc","0",3,"treat_none",0.52,0,0,3
"1arc","0",3,"treat_none",0.53,0,0,3
"1arc","0",3,"treat_none",0.54,0,0,3
"1arc","0",3,"treat_none",0.55,0,0,3
"1arc","0",3,"treat_none",0.56,0,0,3
"1arc","0",3,"treat_none",0.57,0,0,3
"1arc","0",3,"treat_none",0.58,0,0,3
"1arc","0",3,"treat_none",0.59,0,0,3
"1arc","0",3,"treat_none",0.6,0,0,3
"1arc","0",3,"treat_none",0.61,0,0,3
"1arc","0",3,"treat_none",0.62,0,0,3
"1arc","0",3,"treat_none",0.63,0,0,3
"1arc","0",3,"treat_none",0.64,0,0,3
"1arc","0",3,"treat_none",0.65,0,0,3
"1arc","0",3,"treat_none",0.66,0,0,3
"1arc","0",3,"treat_none",0.67,0,0,3
"1arc","0",3,"treat_none",0.68,0,0,3
"1arc","0",3,"treat_none",0.69,0,0,3
"1arc","0",3,"treat_none",0.7,0,0,3
"1arc","0",3,"treat_none",0.71,0,0,3
"1arc","0",3,"treat_none",0.72,0,0,3
"1arc","0",3,"treat_none",0.73,0,0,3
"1arc","0",3,"treat_none",0.74,0,0,3
"1arc","0",3,"treat_none",0.75,0,0,3
"1arc","0",3,"treat_none",0.76,0,0,3
"1arc","0",3,"treat_none",0.77,0,0,3
"1arc","0",3,"treat_none",0.78,0,0,3
"1arc","0",3,"treat_none",0.79,0,0,3
"1arc","0",3,"treat_none",0.8,0,0,3
"1arc","0",3,"treat_none",0.81,0,0,3
"1arc","0",3,"treat_none",0.82,0,0,3
"1arc","0",3,"treat_none",0.83,0,0,3
"1arc","0",3,"treat_none",0.84,0,0,3
"1arc","0",3,"treat_none",0.85,0,0,3
"1arc","0",3,"treat_none",0.86,0,0,3
"1arc","0",3,"treat_none",0.87,0,0,3
"1arc","0",3,"treat_none",0.88,0,0,3
"1arc","0",3,"treat_none",0.89,0,0,3
"1arc","0",3,"treat_none",0.9,0,0,3
"1arc","0",3,"treat_none",0.91,0,0,3
"1arc","0",3,"treat_none",0.92,0,0,3
"1arc","0",3,"treat_none",0.93,0,0,3
"1arc","0",3,"treat_none",0.94,0,0,3
"1arc","0",3,"treat_none",0.95,0,0,3
"1arc","0",3,"treat_none",0.96,0,0,3
"1arc","0",3,"treat_none",0.97,0,0,3
"1arc","0",3,"treat_none",0.98,0,0,3
"1arc","0",3,"treat_none",0.99,0,0,3
"1arc","0",3.25,"model",0.01,0.216550826919941,0.0210724289501427,5
"1arc","0",3.25,"model",0.02,0.202689890231248,0.0202842345487192,5
"1arc","0",3.25,"model",0.03,0.201278912293348,0.0199186304927387,5
"1arc","0",3.25,"model",0.04,0.191543099747906,0.0188700730031691,5
"1arc","0",3.25,"model",0.05,0.182175004050712,0.0203388927521459,5
"1arc","0",3.25,"model",0.06,0.171336015653608,0.018134264854377,5
"1arc","0",3.25,"model",0.07,0.165417961524547,0.012024016007516,5
"1arc","0",3.25,"model",0.08,0.157171170791656,0.00797233168171982,5
"1arc","0",3.25,"model",0.09,0.155816450748814,0.00819455763772989,5
"1arc","0",3.25,"model",0.1,0.156090228651204,0.00908664409636875,5
"1arc","0",3.25,"model",0.11,0.156726736635011,0.00775967200198114,5
"1arc","0",3.25,"model",0.12,0.156837414465887,0.00970390859134904,5
"1arc","0",3.25,"model",0.13,0.155660841784871,0.00797412273127204,5
"1arc","0",3.25,"model",0.14,0.154939014399827,0.00806529976379828,5
"1arc","0",3.25,"model",0.15,0.155174290924143,0.00772472935550422,5
"1arc","0",3.25,"model",0.16,0.155994716191478,0.00685659957982904,5
"1arc","0",3.25,"model",0.17,0.155703110815382,0.00831639770401659,5
"1arc","0",3.25,"model",0.18,0.155532197736593,0.00994312027444805,5
"1arc","0",3.25,"model",0.19,0.156452785415536,0.0109664876856888,5
"1arc","0",3.25,"model",0.2,0.154284014049079,0.00961528349314954,5
"1arc","0",3.25,"model",0.21,0.151449801341289,0.011169082973306,5
"1arc","0",3.25,"model",0.22,0.151514944484815,0.0105318233840625,5
"1arc","0",3.25,"model",0.23,0.148184167169522,0.0112786672830046,5
"1arc","0",3.25,"model",0.24,0.147616615012598,0.0113456567635826,5
"1arc","0",3.25,"model",0.25,0.147033928131489,0.0114215883641591,5
"1arc","0",3.25,"model",0.26,0.147234018754822,0.0110004557890471,5
"1arc","0",3.25,"model",0.27,0.146661260055258,0.0110395413189043,5
"1arc","0",3.25,"model",0.28,0.143799864119089,0.0132354627029343,5
"1arc","0",3.25,"model",0.29,0.143194613239777,0.0133402815059024,5
"1arc","0",3.25,"model",0.3,0.142572069478198,0.0134524675694863,5
"1arc","0",3.25,"model",0.31,0.143973641707719,0.0114189315966107,5
"1arc","0",3.25,"model",0.32,0.143411089056291,0.0114330875574387,5
"1arc","0",3.25,"model",0.33,0.143951146773477,0.010945144161592,5
"1arc","0",3.25,"model",0.34,0.141132914228649,0.0124467545487546,5
"1arc","0",3.25,"model",0.35,0.140570624178946,0.0124102786431589,5
"1arc","0",3.25,"model",0.36,0.141269171656098,0.0113760040371846,5
"1arc","0",3.25,"model",0.37,0.136181814435555,0.0167960130042892,5
"1arc","0",3.25,"model",0.38,0.137117316945613,0.0172967321785312,5
"1arc","0",3.25,"model",0.39,0.138264717879931,0.0178976861157877,5
"1arc","0",3.25,"model",0.4,0.137805343867037,0.0178337165676833,5
"1arc","0",3.25,"model",0.41,0.134891373463462,0.0170589932580743,5
"1arc","0",3.25,"model",0.42,0.134400050001396,0.0169318896150035,5
"1arc","0",3.25,"model",0.43,0.131294084522205,0.0154151859011832,5
"1arc","0",3.25,"model",0.44,0.130767358680353,0.0152808345832017,5
"1arc","0",3.25,"model",0.45,0.130221479171525,0.0151635180075697,5
"1arc","0",3.25,"model",0.46,0.132021637047143,0.0134831160702452,5
"1arc","0",3.25,"model",0.47,0.131531234842596,0.0131735093944309,5
"1arc","0",3.25,"model",0.48,0.131021971014797,0.0128647148516058,5
"1arc","0",3.25,"model",0.49,0.130492736056497,0.0125585560641348,5
"1arc","0",3.25,"model",0.5,0.129942331699864,0.0122572880449408,5
"1arc","0",3.25,"model",0.51,0.126428285388699,0.00807096742491715,5
"1arc","0",3.25,"model",0.52,0.125831545971431,0.00795402512767619,5
"1arc","0",3.25,"model",0.53,0.128138399295181,0.0112687599294612,5
"1arc","0",3.25,"model",0.54,0.125170331958742,0.0110170949843803,5
"1arc","0",3.25,"model",0.55,0.124617775992716,0.0111281826326083,5
"1arc","0",3.25,"model",0.56,0.124040103846417,0.0112975303599574,5
"1arc","0",3.25,"model",0.57,0.124393155567457,0.011660138197166,5
"1arc","0",3.25,"model",0.58,0.123922683140761,0.0119011100978097,5
"1arc","0",3.25,"model",0.59,0.127661685516779,0.0162572652285362,5
"1arc","0",3.25,"model",0.6,0.124545154351467,0.0207030617049844,5
"1arc","0",3.25,"model",0.61,0.121750004605098,0.0222927396768627,5
"1arc","0",3.25,"model",0.62,0.118777733211774,0.0204098831094379,5
"1arc","0",3.25,"model",0.63,0.118382601237694,0.0210296848164405,5
"1arc","0",3.25,"model",0.64,0.117965517487277,0.021703747941422,5
"1arc","0",3.25,"model",0.65,0.115251873106966,0.0234800754790653,5
"1arc","0",3.25,"model",0.66,0.114785019698936,0.0241872987430319,5
"1arc","0",3.25,"model",0.67,0.114289872144965,0.0249632064915446,5
"1arc","0",3.25,"model",0.68,0.113763777868871,0.0258141007923339,5
"1arc","0",3.25,"model",0.69,0.113203742026577,0.0267470142590584,5
"1arc","0",3.25,"model",0.7,0.112606370461464,0.0277698353135398,5
"1arc","0",3.25,"model",0.71,0.111967800857377,0.0288914605404274,5
"1arc","0",3.25,"model",0.72,0.111283619138712,0.0301219807397852,5
"1arc","0",3.25,"model",0.73,0.110548757292739,0.0314729092120725,5
"1arc","0",3.25,"model",0.74,0.106816191141873,0.0292433168258433,5
"1arc","0",3.25,"model",0.75,0.105961490287172,0.0309713415912887,5
"1arc","0",3.25,"model",0.76,0.105035564361246,0.0328662607933597,5
"1arc","0",3.25,"model",0.77,0.104029123137413,0.0349485499705242,5
"1arc","0",3.25,"model",0.78,0.102931187256869,0.0372424599636999,5
"1arc","0",3.25,"model",0.79,0.101728686054368,0.0397769190996062,5
"1arc","0",3.25,"model",0.8,0.100405934731616,0.0425867046676144,5
"1arc","0",3.25,"model",0.81,0.0989439464275226,0.0457139831286785,5
"1arc","0",3.25,"model",0.82,0.0973195149785298,0.0492103626743321,5
"1arc","0",3.25,"model",0.83,0.10906606545057,0.0248232431815641,5
"1arc","0",3.25,"model",0.84,0.105447421023103,0.0247063597521557,5
"1arc","0",3.25,"model",0.85,0.104290013615695,0.0270430100116295,5
"1arc","0",3.25,"model",0.86,0.102967262292944,0.0297644426482966,5
"1arc","0",3.25,"model",0.87,0.101441010766692,0.0329552034023534,5
"1arc","0",3.25,"model",0.88,0.0996603839860655,0.0367282492681841,5
"1arc","0",3.25,"model",0.89,0.0975560068816884,0.0412378970498072,5
"1arc","0",3.25,"model",0.9,0.0950307543564358,0.0467005235859095,5
"1arc","0",3.25,"model",0.91,0.0919443346033494,0.0534290508863164,5
"1arc","0",3.25,"model",0.92,0.0858135826392641,0.0614491675349535,5
"1arc","0",3.25,"model",0.93,0.0785805379062194,0.0720431912713367,5
"1arc","0",3.25,"model",0.94,0.0719667812924627,0.086387252053944,5
"1arc","0",3.25,"model",0.95,0.0627075220332034,0.10667318986431,5
"1arc","0",3.25,"model",0.96,0.107671095045557,0.0213131485360318,5
"1arc","0",3.25,"model",0.97,0.107671095045557,0.0213131485360318,5
"1arc","0",3.25,"model",0.98,0.107671095045557,0.0213131485360318,5
"1arc","0",3.25,"model",0.99,0.104729918574969,0.0177769157321331,5
"1arc","0",3.25,"treat_all",0.01,0.226773690057895,0.0240898643064641,5
"1arc","0",3.25,"treat_all",0.02,0.218883625670731,0.0243356792483668,5
"1arc","0",3.25,"treat_all",0.03,0.210830879543625,0.024586562539587,5
"1arc","0",3.25,"treat_all",0.04,0.202610367872204,0.0248426725660411,5
"1arc","0",3.25,"treat_all",0.05,0.194216792797175,0.0251041743825257,5
"1arc","0",3.25,"treat_all",0.06,0.185644631018421,0.0253712400674462,5
"1arc","0",3.25,"treat_all",0.07,0.176888121674533,0.0256440491004295,5
"1arc","0",3.25,"treat_all",0.08,0.167941253431865,0.0259227887645646,5
"1arc","0",3.25,"treat_all",0.09,0.158797750722325,0.0262076545751642,5
"1arc","0",3.25,"treat_all",0.1,0.149451059063685,0.0264988507371105,5
"1arc","0",3.25,"treat_all",0.11,0.139894329390243,0.0267965906330331,5
"1arc","0",3.25,"treat_all",0.12,0.130120401315132,0.0271010973447721,5
"1arc","0",3.25,"treat_all",0.13,0.120121785238294,0.0274126042108039,5
"1arc","0",3.25,"treat_all",0.14,0.109890643206182,0.0277313554225575,5
"1arc","0",3.25,"treat_all",0.15,0.0994187684203719,0.0280576066628229,5
"1arc","0",3.25,"treat_all",0.16,0.0886975632825192,0.0283916257897612,5
"1arc","0",3.25,"treat_all",0.17,0.0777180158521881,0.0287336935703608,5
"1arc","0",3.25,"treat_all",0.18,0.0664706745820928,0.0290841044675603,5
"1arc","0",3.25,"treat_all",0.19,0.0549456211818718,0.0294431674856783,5
"1arc","0",3.25,"treat_all",0.2,0.0431324414466452,0.0298112070792493,5
"1arc","0",3.25,"treat_all",0.21,0.0310201938700204,0.0301885641308854,5
"1arc","0",3.25,"treat_all",0.22,0.018597375842713,0.0305755970043582,5
"1arc","0",3.25,"treat_all",0.23,0.00585188721729369,0.0309726826797395,5
"1arc","0",3.25,"treat_all",0.24,-0.00722900900353142,0.0313802179781571,5
"1arc","0",3.25,"treat_all",0.25,-0.0206587291235785,0.0317986208845326,5
"1arc","0",3.25,"treat_all",0.26,-0.0344514146522755,0.0322283319775668,5
"1arc","0",3.25,"treat_all",0.27,-0.0486219819762793,0.0326698159772595,5
"1arc","0",3.25,"treat_all",0.28,-0.0631861761703943,0.0331235634213881,5
"1arc","0",3.25,"treat_all",0.29,-0.0781606293558928,0.0335900924836612,5
"1arc","0",3.25,"treat_all",0.3,-0.093562924060977,0.0340699509477135,5
"1arc","0",3.25,"treat_all",0.31,-0.109411662090846,0.0345637183527528,5
"1arc","0",3.25,"treat_all",0.32,-0.125726539474535,0.0350720083285286,5
"1arc","0",3.25,"treat_all",0.33,-0.142528428123409,0.0355954711394021,5
"1arc","0",3.25,"treat_all",0.34,-0.159839464913157,0.0361347964596961,5
"1arc","0",3.25,"treat_all",0.35,-0.177683148988744,0.0366907164052299,5
"1arc","0",3.25,"treat_all",0.36,-0.196084448191694,0.0372640088490616,5
"1arc","0",3.25,"treat_all",0.37,-0.215069915623308,0.037855501053015,5
"1arc","0",3.25,"treat_all",0.38,-0.2346678174882,0.0384660736506442,5
"1arc","0",3.25,"treat_all",0.39,-0.254908273512597,0.0390966650219662,5
"1arc","0",3.25,"treat_all",0.4,-0.275823411404473,0.0397482761056657,5
"1arc","0",3.25,"treat_all",0.41,-0.297447537021498,0.040421975700677,5
"1arc","0",3.25,"treat_all",0.42,-0.319817322142558,0.0411189063162059,5
"1arc","0",3.25,"treat_all",0.43,-0.342972012004708,0.0418402906375428,5
"1arc","0",3.25,"treat_all",0.44,-0.366953655076221,0.0425874386846418,5
"1arc","0",3.25,"treat_all",0.45,-0.391807357895789,0.0433617557516353,5
"1arc","0",3.25,"treat_all",0.46,-0.417581568227192,0.0441647512285174,5
"1arc","0",3.25,"treat_all",0.47,-0.444328390269215,0.0449980484215083,5
"1arc","0",3.25,"treat_all",0.48,-0.472103936235931,0.0458633955065374,5
"1arc","0",3.25,"treat_all",0.49,-0.50096871929938,0.0467626777713714,5
"1arc","0",3.25,"treat_all",0.5,-0.530988093685368,0.0476979313267988,5
"1arc","0",3.25,"treat_all",0.51,-0.562232748658539,0.0486713584967335,5
"1arc","0",3.25,"treat_all",0.52,-0.594779264255591,0.0496853451320821,5
"1arc","0",3.25,"treat_all",0.53,-0.628710737963157,0.0507424801348924,5
"1arc","0",3.25,"treat_all",0.54,-0.664117493136269,0.0518455775291292,5
"1arc","0",3.25,"treat_all",0.55,-0.701097881872631,0.052997701474221,5
"1arc","0",3.25,"treat_all",0.56,-0.739759197369736,0.0542021946895441,5
"1arc","0",3.25,"treat_all",0.57,-0.780218713587637,0.055462710845115,5
"1arc","0",3.25,"treat_all",0.58,-0.822604873434962,0.0567832515795225,5
"1arc","0",3.25,"treat_all",0.59,-0.867058650835814,0.0581682089351205,5
"1arc","0",3.25,"treat_all",0.6,-0.91373511710671,0.0596224141584985,5
"1arc","0",3.25,"treat_all",0.61,-0.962805248314574,0.0611511940087164,5
"1arc","0",3.25,"treat_all",0.62,-1.01445801800706,0.0627604359563142,5
"1arc","0",3.25,"treat_all",0.63,-1.06890282930455,0.0644566639551335,5
"1arc","0",3.25,"treat_all",0.64,-1.12637235234079,0.0662471268427761,5
"1arc","0",3.25,"treat_all",0.65,-1.18712584812195,0.068139901895427,5
"1arc","0",3.25,"treat_all",0.66,-1.25145307894907,0.0701440166570571,5
"1arc","0",3.25,"treat_all",0.67,-1.31967892982631,0.0722695929193922,5
"1arc","0",3.25,"treat_all",0.68,-1.39216889638339,0.0745280176981232,5
"1arc","0",3.25,"treat_all",0.69,-1.4693356349764,0.0769321473012884,5
"1arc","0",3.25,"treat_all",0.7,-1.55164682280895,0.0794965522113314,5
"1arc","0",3.25,"treat_all",0.71,-1.63963464428512,0.0822378126324117,5
"1arc","0",3.25,"treat_all",0.72,-1.73390731015244,0.0851748773692836,5
"1arc","0",3.25,"treat_all",0.73,-1.83516313645438,0.0883295024570347,5
"1arc","0",3.25,"treat_all",0.74,-1.94420787247186,0.0917267910130747,5
"1arc","0",3.25,"treat_all",0.75,-2.06197618737074,0.0953958626535976,5
"1arc","0",3.25,"treat_all",0.76,-2.18955852851118,0.0993706902641643,5
"1arc","0",3.25,"treat_all",0.77,-2.32823498627254,0.103691155058258,5
"1arc","0",3.25,"treat_all",0.78,-2.47951839473947,0.108404389379088,5
"1arc","0",3.25,"treat_all",0.79,-2.64520974686992,0.113566503159045,5
"1arc","0",3.25,"treat_all",0.8,-2.82747023421342,0.119244828316997,5
"1arc","0",3.25,"treat_all",0.81,-3.02891603601413,0.125520871912628,5
"1arc","0",3.25,"treat_all",0.82,-3.25274470468158,0.132494253685552,5
"1arc","0",3.25,"treat_all",0.83,-3.50290615789814,0.140288033314114,5
"1arc","0",3.25,"treat_all",0.84,-3.78433779276678,0.149056035396246,5
"1arc","0",3.25,"treat_all",0.85,-4.10329364561789,0.158993104422663,5
"1arc","0",3.25,"treat_all",0.86,-4.46781462030488,0.170349754738567,5
"1arc","0",3.25,"treat_all",0.87,-4.88841574494372,0.183453582026149,5
"1arc","0",3.25,"treat_all",0.88,-5.37911705702237,0.198741380528329,5
"1arc","0",3.25,"treat_all",0.89,-5.95903678947894,0.216808778758177,5
"1arc","0",3.25,"treat_all",0.9,-6.65494046842684,0.238489656633994,5
"1arc","0",3.25,"treat_all",0.91,-7.50548940936316,0.264988507371104,5
"1arc","0",3.25,"treat_all",0.92,-8.56867558553355,0.298112070792493,5
"1arc","0",3.25,"treat_all",0.93,-9.93562924060978,0.340699509477135,5
"1arc","0",3.25,"treat_all",0.94,-11.7582341140447,0.397482761056658,5
"1arc","0",3.25,"treat_all",0.95,-14.3098809368537,0.476979313267989,5
"1arc","0",3.25,"treat_all",0.96,-18.1373511710671,0.596224141584986,5
"1arc","0",3.25,"treat_all",0.97,-24.5164682280894,0.794965522113315,5
"1arc","0",3.25,"treat_all",0.98,-37.2747023421342,1.19244828316997,5
"1arc","0",3.25,"treat_all",0.99,-75.5494046842683,2.38489656633994,5
"1arc","0",3.25,"treat_none",0.01,0,0,5
"1arc","0",3.25,"treat_none",0.02,0,0,5
"1arc","0",3.25,"treat_none",0.03,0,0,5
"1arc","0",3.25,"treat_none",0.04,0,0,5
"1arc","0",3.25,"treat_none",0.05,0,0,5
"1arc","0",3.25,"treat_none",0.06,0,0,5
"1arc","0",3.25,"treat_none",0.07,0,0,5
"1arc","0",3.25,"treat_none",0.08,0,0,5
"1arc","0",3.25,"treat_none",0.09,0,0,5
"1arc","0",3.25,"treat_none",0.1,0,0,5
"1arc","0",3.25,"treat_none",0.11,0,0,5
"1arc","0",3.25,"treat_none",0.12,0,0,5
"1arc","0",3.25,"treat_none",0.13,0,0,5
"1arc","0",3.25,"treat_none",0.14,0,0,5
"1arc","0",3.25,"treat_none",0.15,0,0,5
"1arc","0",3.25,"treat_none",0.16,0,0,5
"1arc","0",3.25,"treat_none",0.17,0,0,5
"1arc","0",3.25,"treat_none",0.18,0,0,5
"1arc","0",3.25,"treat_none",0.19,0,0,5
"1arc","0",3.25,"treat_none",0.2,0,0,5
"1arc","0",3.25,"treat_none",0.21,0,0,5
"1arc","0",3.25,"treat_none",0.22,0,0,5
"1arc","0",3.25,"treat_none",0.23,0,0,5
"1arc","0",3.25,"treat_none",0.24,0,0,5
"1arc","0",3.25,"treat_none",0.25,0,0,5
"1arc","0",3.25,"treat_none",0.26,0,0,5
"1arc","0",3.25,"treat_none",0.27,0,0,5
"1arc","0",3.25,"treat_none",0.28,0,0,5
"1arc","0",3.25,"treat_none",0.29,0,0,5
"1arc","0",3.25,"treat_none",0.3,0,0,5
"1arc","0",3.25,"treat_none",0.31,0,0,5
"1arc","0",3.25,"treat_none",0.32,0,0,5
"1arc","0",3.25,"treat_none",0.33,0,0,5
"1arc","0",3.25,"treat_none",0.34,0,0,5
"1arc","0",3.25,"treat_none",0.35,0,0,5
"1arc","0",3.25,"treat_none",0.36,0,0,5
"1arc","0",3.25,"treat_none",0.37,0,0,5
"1arc","0",3.25,"treat_none",0.38,0,0,5
"1arc","0",3.25,"treat_none",0.39,0,0,5
"1arc","0",3.25,"treat_none",0.4,0,0,5
"1arc","0",3.25,"treat_none",0.41,0,0,5
"1arc","0",3.25,"treat_none",0.42,0,0,5
"1arc","0",3.25,"treat_none",0.43,0,0,5
"1arc","0",3.25,"treat_none",0.44,0,0,5
"1arc","0",3.25,"treat_none",0.45,0,0,5
"1arc","0",3.25,"treat_none",0.46,0,0,5
"1arc","0",3.25,"treat_none",0.47,0,0,5
"1arc","0",3.25,"treat_none",0.48,0,0,5
"1arc","0",3.25,"treat_none",0.49,0,0,5
"1arc","0",3.25,"treat_none",0.5,0,0,5
"1arc","0",3.25,"treat_none",0.51,0,0,5
"1arc","0",3.25,"treat_none",0.52,0,0,5
"1arc","0",3.25,"treat_none",0.53,0,0,5
"1arc","0",3.25,"treat_none",0.54,0,0,5
"1arc","0",3.25,"treat_none",0.55,0,0,5
"1arc","0",3.25,"treat_none",0.56,0,0,5
"1arc","0",3.25,"treat_none",0.57,0,0,5
"1arc","0",3.25,"treat_none",0.58,0,0,5
"1arc","0",3.25,"treat_none",0.59,0,0,5
"1arc","0",3.25,"treat_none",0.6,0,0,5
"1arc","0",3.25,"treat_none",0.61,0,0,5
"1arc","0",3.25,"treat_none",0.62,0,0,5
"1arc","0",3.25,"treat_none",0.63,0,0,5
"1arc","0",3.25,"treat_none",0.64,0,0,5
"1arc","0",3.25,"treat_none",0.65,0,0,5
"1arc","0",3.25,"treat_none",0.66,0,0,5
"1arc","0",3.25,"treat_none",0.67,0,0,5
"1arc","0",3.25,"treat_none",0.68,0,0,5
"1arc","0",3.25,"treat_none",0.69,0,0,5
"1arc","0",3.25,"treat_none",0.7,0,0,5
"1arc","0",3.25,"treat_none",0.71,0,0,5
"1arc","0",3.25,"treat_none",0.72,0,0,5
"1arc","0",3.25,"treat_none",0.73,0,0,5
"1arc","0",3.25,"treat_none",0.74,0,0,5
"1arc","0",3.25,"treat_none",0.75,0,0,5
"1arc","0",3.25,"treat_none",0.76,0,0,5
"1arc","0",3.25,"treat_none",0.77,0,0,5
"1arc","0",3.25,"treat_none",0.78,0,0,5
"1arc","0",3.25,"treat_none",0.79,0,0,5
"1arc","0",3.25,"treat_none",0.8,0,0,5
"1arc","0",3.25,"treat_none",0.81,0,0,5
"1arc","0",3.25,"treat_none",0.82,0,0,5
"1arc","0",3.25,"treat_none",0.83,0,0,5
"1arc","0",3.25,"treat_none",0.84,0,0,5
"1arc","0",3.25,"treat_none",0.85,0,0,5
"1arc","0",3.25,"treat_none",0.86,0,0,5
"1arc","0",3.25,"treat_none",0.87,0,0,5
"1arc","0",3.25,"treat_none",0.88,0,0,5
"1arc","0",3.25,"treat_none",0.89,0,0,5
"1arc","0",3.25,"treat_none",0.9,0,0,5
"1arc","0",3.25,"treat_none",0.91,0,0,5
"1arc","0",3.25,"treat_none",0.92,0,0,5
"1arc","0",3.25,"treat_none",0.93,0,0,5
"1arc","0",3.25,"treat_none",0.94,0,0,5
"1arc","0",3.25,"treat_none",0.95,0,0,5
"1arc","0",3.25,"treat_none",0.96,0,0,5
"1arc","0",3.25,"treat_none",0.97,0,0,5
"1arc","0",3.25,"treat_none",0.98,0,0,5
"1arc","0",3.25,"treat_none",0.99,0,0,5
"1arc","0",3.5,"model",0.01,0.186993906703645,0.0122250889114313,3
"1arc","0",3.5,"model",0.02,0.169871304903408,0.0144685901132848,3
"1arc","0",3.5,"model",0.03,0.164973699608241,0.0177853715569533,3
"1arc","0",3.5,"model",0.04,0.160931397852044,0.0234623013280398,3
"1arc","0",3.5,"model",0.05,0.151968566619661,0.0178876520293377,3
"1arc","0",3.5,"model",0.06,0.152076833172936,0.0176448162033358,3
"1arc","0",3.5,"model",0.07,0.142903644018178,0.0158536492047905,3
"1arc","0",3.5,"model",0.08,0.141724182564437,0.0158589995113018,3
"1arc","0",3.5,"model",0.09,0.140518798880942,0.015868966261664,3
"1arc","0",3.5,"model",0.1,0.140118921860495,0.0145629208602549,3
"1arc","0",3.5,"model",0.11,0.137189441245116,0.0203877041614564,3
"1arc","0",3.5,"model",0.12,0.138388312686065,0.0202648003634194,3
"1arc","0",3.5,"model",0.13,0.13814664141088,0.0192728454445902,3
"1arc","0",3.5,"model",0.14,0.138072434054927,0.0201066039673216,3
"1arc","0",3.5,"model",0.15,0.139493266335632,0.020129820930047,3
"1arc","0",3.5,"model",0.16,0.135437159594463,0.0142853752069093,3
"1arc","0",3.5,"model",0.17,0.131508575355875,0.0110205897630519,3
"1arc","0",3.5,"model",0.18,0.131966139886118,0.0115283316999464,3
"1arc","0",3.5,"model",0.19,0.131538094001681,0.0114441672327822,3
"1arc","0",3.5,"model",0.2,0.131099346970133,0.0113649584320186,3
"1arc","0",3.5,"model",0.21,0.1306494924188,0.0112913210155691,3
"1arc","0",3.5,"model",0.22,0.130188103135381,0.0112239211060489,3
"1arc","0",3.5,"model",0.23,0.125548063048063,0.0104799326325165,3
"1arc","0",3.5,"model",0.24,0.125062232432132,0.0106424625477404,3
"1arc","0",3.5,"model",0.25,0.124563446333109,0.0108172420024575,3
"1arc","0",3.5,"model",0.26,0.124051179528708,0.0110046947201119,3
"1arc","0",3.5,"model",0.27,0.123524878017336,0.0112052512526755,3
"1arc","0",3.5,"model",0.28,0.124604327389908,0.0106920932081595,3
"1arc","0",3.5,"model",0.29,0.124129676744806,0.0108182808432269,3
"1arc","0",3.5,"model",0.3,0.123641464652701,0.0109521960307002,3
"1arc","0",3.5,"model",0.31,0.123139101485462,0.0110941984204765,3
"1arc","0",3.5,"model",0.32,0.122621962930952,0.0112446641228967,3
"1arc","0",3.5,"model",0.33,0.122089387404665,0.0114039868265424,3
"1arc","0",3.5,"model",0.34,0.121540673226066,0.0115725790448208,3
"1arc","0",3.5,"model",0.35,0.12097507553428,0.0117508735063481,3
"1arc","0",3.5,"model",0.36,0.120391802914626,0.0119393247056385,3
"1arc","0",3.5,"model",0.37,0.119790013703871,0.0121384106322978,3
"1arc","0",3.5,"model",0.38,0.119168811937931,0.0123486346988552,3
"1arc","0",3.5,"model",0.39,0.118527242900977,0.0125705278895738,3
"1arc","0",3.5,"model",0.4,0.117864288229457,0.0128046511551475,3
"1arc","0",3.5,"model",0.41,0.117178860518224,0.0130515980811536,3
"1arc","0",3.5,"model",0.42,0.116469797368674,0.0133119978615965,3
"1arc","0",3.5,"model",0.43,0.115735854810367,0.0135865186129256,3
"1arc","0",3.5,"model",0.44,0.118249509541644,0.0125113032955698,3
"1arc","0",3.5,"model",0.45,0.117596994141938,0.0126723715415983,3
"1arc","0",3.5,"model",0.46,0.116920311505205,0.0128408536628897,3
"1arc","0",3.5,"model",0.47,0.112472775322574,0.0187762208770423,3
"1arc","0",3.5,"model",0.48,0.111743549113903,0.0189303043239348,3
"1arc","0",3.5,"model",0.49,0.106712221525506,0.0138596796411101,3
"1arc","0",3.5,"model",0.5,0.105924085278018,0.0139626617639456,3
"1arc","0",3.5,"model",0.51,0.105103780204101,0.0140738420271487,3
"1arc","0",3.5,"model",0.52,0.108306723966836,0.00729697649525258,3
"1arc","0",3.5,"model",0.53,0.107581894358729,0.00718664850072588,3
"1arc","0",3.5,"model",0.54,0.106825550419835,0.0070864739252889,3
"1arc","0",3.5,"model",0.55,0.106035591194767,0.00699884684640919,3
"1arc","0",3.5,"model",0.56,0.105209724732197,0.00692651066986931,3
"1arc","0",3.5,"model",0.57,0.104345445876018,0.00687257098412882,3
"1arc","0",3.5,"model",0.58,0.103440010883831,0.00684049312013156,3
"1arc","0",3.5,"model",0.59,0.10249040833105,0.00683407958095743,3
"1arc","0",3.5,"model",0.6,0.101493325650629,0.00685742387008767,3
"1arc","0",3.5,"model",0.61,0.100445110525059,0.00691484023491152,3
"1arc","0",3.5,"model",0.62,0.099341726182353,0.0070107734396856,3
"1arc","0",3.5,"model",0.63,0.0981786994427444,0.00714969818981846,3
"1arc","0",3.5,"model",0.64,0.0969510601064908,0.00733602279681694,3
"1arc","0",3.5,"model",0.65,0.0956532699510228,0.00757401427621075,3
"1arc","0",3.5,"model",0.66,0.0942791391981742,0.00786776091894487,3
"1arc","0",3.5,"model",0.67,0.0885482235201336,0.00156681388972115,3
"1arc","0",3.5,"model",0.68,0.0869997239028138,0.00227950504957542,3
"1arc","0",3.5,"model",0.69,0.0853513210843765,0.00303842165026992,3
"1arc","0",3.5,"model",0.7,0.0835930247447101,0.00384804624414312,3
"1arc","0",3.5,"model",0.71,0.081713466588515,0.00471356970105223,3
"1arc","0",3.5,"model",0.72,0.079699654278306,0.00564095497834571,3
"1arc","0",3.5,"model",0.73,0.0775366706858592,0.00663706132616209,3
"1arc","0",3.5,"model",0.74,0.0752073037401473,0.0077098095551615,3
"1arc","0",3.5,"model",0.75,0.0726915874387784,0.00886839121275645,3
"1arc","0",3.5,"model",0.76,0.0699662281122955,0.0101235317677175,3
"1arc","0",3.5,"model",0.77,0.0809531563806112,0.0127806557963611,3
"1arc","0",3.5,"model",0.78,0.0785449569157434,0.0127420202427256,3
"1arc","0",3.5,"model",0.79,0.0759074051208883,0.0127020468199307,3
"1arc","0",3.5,"model",0.8,0.0855060981465476,0.0342428164777955,3
"1arc","0",3.5,"model",0.81,0.0833958816661359,0.0360784632579907,3
"1arc","0",3.5,"model",0.82,0.0768845300212341,0.0309150867185282,3
"1arc","0",3.5,"model",0.83,0.0742639997514419,0.0331970312827688,3
"1arc","0",3.5,"model",0.84,0.0713159031979256,0.0357645581488452,3
"1arc","0",3.5,"model",0.85,0.0679747271039406,0.0386747690254844,3
"1arc","0",3.5,"model",0.86,0.0641562401393862,0.0420010812333259,3
"1arc","0",3.5,"model",0.87,0.0597502936418235,0.0458395028819222,3
"1arc","0",3.5,"model",0.88,0.0546100227280003,0.0503180456400241,3
"1arc","0",3.5,"model",0.89,0.0485351571025728,0.0556112717489745,3
"1arc","0",3.5,"model",0.9,0.0412453183520599,0.0619635692489393,3
"1arc","0",3.5,"model",0.91,0.0285901970827064,0.0726733528515086,3
"1arc","0",3.5,"model",0.92,0.0174529434360895,0.0823369927949579,3
"1arc","0",3.5,"model",0.93,0.0031336173190105,0.0947749098456222,3
"1arc","0",3.5,"model",0.94,-0.0159588175037614,0.111373914731456,3
"1arc","0",3.5,"model",0.95,0.109669403630078,0.00754011796024124,3
"1arc","0",3.5,"model",0.96,0.109669403630078,0.00754011796024124,3
"1arc","0",3.5,"model",0.97,0.109669403630078,0.00754011796024124,3
"1arc","0",3.5,"model",0.98,0.109669403630078,0.00754011796024124,3
"1arc","0",3.5,"model",0.99,0.101757418611351,0.0128390156492975,3
"1arc","0",3.5,"treat_all",0.01,0.211453340666824,0.0152325615358409,3
"1arc","0",3.5,"treat_all",0.02,0.203406946183832,0.015387995837227,3
"1arc","0",3.5,"treat_all",0.03,0.195194646659954,0.0155466349695696,3
"1arc","0",3.5,"treat_all",0.04,0.186811257562662,0.0157085790838359,3
"1arc","0",3.5,"treat_all",0.05,0.178251376063322,0.0158739325478763,3
"1arc","0",3.5,"treat_all",0.06,0.169509369425697,0.016042804170726,3
"1arc","0",3.5,"treat_all",0.07,0.160579362645329,0.016215307441379,3
"1arc","0",3.5,"treat_all",0.08,0.151455225282778,0.0163915607831331,3
"1arc","0",3.5,"treat_all",0.09,0.142130557428742,0.016571687824706,3
"1arc","0",3.5,"treat_all",0.1,0.132598674733506,0.016755817689425,3
"1arc","0",3.5,"treat_all",0.11,0.122852592427141,0.0169440853039129,3
"1arc","0",3.5,"treat_all",0.12,0.112885008250177,0.017136631727821,3
"1arc","0",3.5,"treat_all",0.13,0.102688284207075,0.0173336045063017,3
"1arc","0",3.5,"treat_all",0.14,0.0922544270466925,0.0175351580470726,3
"1arc","0",3.5,"treat_all",0.15,0.0815750673648889,0.017741454024097,3
"1arc","0",3.5,"treat_all",0.16,0.0706414372144709,0.0179526618100982,3
"1arc","0",3.5,"treat_all",0.17,0.059444346096573,0.0181689589403403,3
"1arc","0",3.5,"treat_all",0.18,0.0479741551953117,0.0183905316103445,3
"1arc","0",3.5,"treat_all",0.19,0.0362207497038958,0.0186175752104722,3
"1arc","0",3.5,"treat_all",0.2,0.0241735090751945,0.0188502949006031,3
"1arc","0",3.5,"treat_all",0.21,0.0118212750128552,0.0190889062284588,3
"1arc","0",3.5,"treat_all",0.22,-0.000847682999800527,0.0193336357954904,3
"1arc","0",3.5,"treat_all",0.23,-0.0138457048569408,0.0195847219746526,3
"1arc","0",3.5,"treat_all",0.24,-0.0271857799208479,0.0198424156848454,3
"1arc","0",3.5,"treat_all",0.25,-0.0408815903197925,0.02010698122731,3
"1arc","0",3.5,"treat_all",0.26,-0.0549475577565465,0.0203786971898412,3
"1arc","0",3.5,"treat_all",0.27,-0.0693988941641705,0.0206578574253184,3
"1arc","0",3.5,"treat_all",0.28,-0.0842516565831173,0.0209447721117812,3
"1arc","0",3.5,"treat_all",0.29,-0.0995228066758373,0.021239768902088,3
"1arc","0",3.5,"treat_all",0.3,-0.115230275342635,0.0215431941721178,3
"1arc","0",3.5,"treat_all",0.31,-0.131393032956296,0.0218554143775108,3
"1arc","0",3.5,"treat_all",0.32,-0.148031165793889,0.0221768175301213,3
"1arc","0",3.5,"treat_all",0.33,-0.165165959313201,0.0225078148066903,3
"1arc","0",3.5,"treat_all",0.34,-0.182819988999764,0.0228488423037613,3
"1arc","0",3.5,"treat_all",0.35,-0.201017219599761,0.0232003629545884,3
"1arc","0",3.5,"treat_all",0.36,-0.219783113656007,0.0235628686257539,3
"1arc","0",3.5,"treat_all",0.37,-0.239144750380705,0.0239368824134642,3
"1arc","0",3.5,"treat_all",0.38,-0.259130956032007,0.0243229611620685,3
"1arc","0",3.5,"treat_all",0.39,-0.279772447114499,0.0247216982302991,3
"1arc","0",3.5,"treat_all",0.4,-0.301101987899741,0.0251337265341375,3
"1arc","0",3.5,"treat_all",0.41,-0.323154563965838,0.0255597218991228,3
"1arc","0",3.5,"treat_all",0.42,-0.345967573689387,0.0260004067594525,3
"1arc","0",3.5,"treat_all",0.43,-0.369581039894464,0.0264565542464605,3
"1arc","0",3.5,"treat_all",0.44,-0.394037844178294,0.0269289927151472,3
"1arc","0",3.5,"treat_all",0.45,-0.419383986799717,0.0274186107645136,3
"1arc","0",3.5,"treat_all",0.46,-0.445668875444156,0.0279263628157083,3
"1arc","0",3.5,"treat_all",0.47,-0.472945646678952,0.0284532753216651,3
"1arc","0",3.5,"treat_all",0.48,-0.501271524499701,0.0290004536932355,3
"1arc","0",3.5,"treat_all",0.49,-0.530708221058518,0.0295690900401617,3
"1arc","0",3.5,"treat_all",0.5,-0.561322385479689,0.0301604718409649,3
"1arc","0",3.5,"treat_all",0.51,-0.593186107632336,0.0307759916744541,3
"1arc","0",3.5,"treat_all",0.52,-0.626377484874676,0.0314171581676718,3
"1arc","0",3.5,"treat_all",0.53,-0.660981261148605,0.0320856083414521,3
"1arc","0",3.5,"treat_all",0.54,-0.697089549434444,0.0327831215662662,3
"1arc","0",3.5,"treat_all",0.55,-0.734802650532988,0.0335116353788499,3
"1arc","0",3.5,"treat_all",0.56,-0.774229983499647,0.034273263455642,3
"1arc","0",3.5,"treat_all",0.57,-0.815491145906615,0.0350703160941452,3
"1arc","0",3.5,"treat_all",0.58,-0.858717125571058,0.0359053236201963,3
"1arc","0",3.5,"treat_all",0.59,-0.904051689609376,0.0367810632206889,3
"1arc","0",3.5,"treat_all",0.6,-0.951652981849611,0.0377005898012061,3
"1arc","0",3.5,"treat_all",0.61,-1.0016953659996,0.0386672715909806,3
"1arc","0",3.5,"treat_all",0.62,-1.0543715598417,0.0396848313696907,3
"1arc","0",3.5,"treat_all",0.63,-1.10989511551309,0.0407573943796824,3
"1arc","0",3.5,"treat_all",0.64,-1.16850331316623,0.0418895442235623,3
"1arc","0",3.5,"treat_all",0.65,-1.23046055068527,0.0430863883442357,3
"1arc","0",3.5,"treat_all",0.66,-1.29606233158778,0.0443536350602425,3
"1arc","0",3.5,"treat_all",0.67,-1.36563997799953,0.0456976846075226,3
"1arc","0",3.5,"treat_all",0.68,-1.43956622731201,0.0471257372515077,3
"1arc","0",3.5,"treat_all",0.69,-1.51826191206401,0.0486459223241371,3
"1arc","0",3.5,"treat_all",0.7,-1.60220397579948,0.0502674530682749,3
"1arc","0",3.5,"treat_all",0.71,-1.69193514737877,0.0520008135189051,3
"1arc","0",3.5,"treat_all",0.72,-1.78807568835659,0.0538579854302945,3
"1arc","0",3.5,"treat_all",0.73,-1.89133775088831,0.0558527256314166,3
"1arc","0",3.5,"treat_all",0.74,-2.0025430489994,0.0580009073864709,3
"1arc","0",3.5,"treat_all",0.75,-2.12264477095938,0.0603209436819298,3
"1arc","0",3.5,"treat_all",0.76,-2.25275496974935,0.0628343163353436,3
"1arc","0",3.5,"treat_all",0.77,-2.39417909886889,0.0655662431325324,3
"1arc","0",3.5,"treat_all",0.78,-2.54845996699929,0.068546526911284,3
"1arc","0",3.5,"treat_all",0.79,-2.71743425114212,0.0718106472403927,3
"1arc","0",3.5,"treat_all",0.8,-2.90330596369922,0.0754011796024123,3
"1arc","0",3.5,"treat_all",0.81,-3.10874311968339,0.0793696627393815,3
"1arc","0",3.5,"treat_all",0.82,-3.33700662633247,0.0837790884471249,3
"1arc","0",3.5,"treat_all",0.83,-3.59212466317556,0.0887072701204853,3
"1arc","0",3.5,"treat_all",0.84,-3.87913245462403,0.0942514745030154,3
"1arc","0",3.5,"treat_all",0.85,-4.20440795159896,0.10053490613655,3
"1arc","0",3.5,"treat_all",0.86,-4.57615137671317,0.107715970860589,3
"1arc","0",3.5,"treat_all",0.87,-5.0050860979988,0.116001814772942,3
"1arc","0",3.5,"treat_all",0.88,-5.5055099394987,0.125668632670687,3
"1arc","0",3.5,"treat_all",0.89,-6.09691993399859,0.137093053822568,3
"1arc","0",3.5,"treat_all",0.9,-6.80661192739845,0.150802359204825,3
"1arc","0",3.5,"treat_all",0.91,-7.67401325266494,0.16755817689425,3
"1arc","0",3.5,"treat_all",0.92,-8.75826490924806,0.188502949006031,3
"1arc","0",3.5,"treat_all",0.93,-10.1523027534264,0.215431941721178,3
"1arc","0",3.5,"treat_all",0.94,-12.0110198789974,0.251337265341375,3
"1arc","0",3.5,"treat_all",0.95,-14.6132238547969,0.301604718409649,3
"1arc","0",3.5,"treat_all",0.96,-18.5165298184961,0.377005898012062,3
"1arc","0",3.5,"treat_all",0.97,-25.0220397579948,0.502674530682748,3
"1arc","0",3.5,"treat_all",0.98,-38.0330596369922,0.754011796024123,3
"1arc","0",3.5,"treat_all",0.99,-77.0661192739844,1.50802359204824,3
"1arc","0",3.5,"treat_none",0.01,0,0,3
"1arc","0",3.5,"treat_none",0.02,0,0,3
"1arc","0",3.5,"treat_none",0.03,0,0,3
"1arc","0",3.5,"treat_none",0.04,0,0,3
"1arc","0",3.5,"treat_none",0.05,0,0,3
"1arc","0",3.5,"treat_none",0.06,0,0,3
"1arc","0",3.5,"treat_none",0.07,0,0,3
"1arc","0",3.5,"treat_none",0.08,0,0,3
"1arc","0",3.5,"treat_none",0.09,0,0,3
"1arc","0",3.5,"treat_none",0.1,0,0,3
"1arc","0",3.5,"treat_none",0.11,0,0,3
"1arc","0",3.5,"treat_none",0.12,0,0,3
"1arc","0",3.5,"treat_none",0.13,0,0,3
"1arc","0",3.5,"treat_none",0.14,0,0,3
"1arc","0",3.5,"treat_none",0.15,0,0,3
"1arc","0",3.5,"treat_none",0.16,0,0,3
"1arc","0",3.5,"treat_none",0.17,0,0,3
"1arc","0",3.5,"treat_none",0.18,0,0,3
"1arc","0",3.5,"treat_none",0.19,0,0,3
"1arc","0",3.5,"treat_none",0.2,0,0,3
"1arc","0",3.5,"treat_none",0.21,0,0,3
"1arc","0",3.5,"treat_none",0.22,0,0,3
"1arc","0",3.5,"treat_none",0.23,0,0,3
"1arc","0",3.5,"treat_none",0.24,0,0,3
"1arc","0",3.5,"treat_none",0.25,0,0,3
"1arc","0",3.5,"treat_none",0.26,0,0,3
"1arc","0",3.5,"treat_none",0.27,0,0,3
"1arc","0",3.5,"treat_none",0.28,0,0,3
"1arc","0",3.5,"treat_none",0.29,0,0,3
"1arc","0",3.5,"treat_none",0.3,0,0,3
"1arc","0",3.5,"treat_none",0.31,0,0,3
"1arc","0",3.5,"treat_none",0.32,0,0,3
"1arc","0",3.5,"treat_none",0.33,0,0,3
"1arc","0",3.5,"treat_none",0.34,0,0,3
"1arc","0",3.5,"treat_none",0.35,0,0,3
"1arc","0",3.5,"treat_none",0.36,0,0,3
"1arc","0",3.5,"treat_none",0.37,0,0,3
"1arc","0",3.5,"treat_none",0.38,0,0,3
"1arc","0",3.5,"treat_none",0.39,0,0,3
"1arc","0",3.5,"treat_none",0.4,0,0,3
"1arc","0",3.5,"treat_none",0.41,0,0,3
"1arc","0",3.5,"treat_none",0.42,0,0,3
"1arc","0",3.5,"treat_none",0.43,0,0,3
"1arc","0",3.5,"treat_none",0.44,0,0,3
"1arc","0",3.5,"treat_none",0.45,0,0,3
"1arc","0",3.5,"treat_none",0.46,0,0,3
"1arc","0",3.5,"treat_none",0.47,0,0,3
"1arc","0",3.5,"treat_none",0.48,0,0,3
"1arc","0",3.5,"treat_none",0.49,0,0,3
"1arc","0",3.5,"treat_none",0.5,0,0,3
"1arc","0",3.5,"treat_none",0.51,0,0,3
"1arc","0",3.5,"treat_none",0.52,0,0,3
"1arc","0",3.5,"treat_none",0.53,0,0,3
"1arc","0",3.5,"treat_none",0.54,0,0,3
"1arc","0",3.5,"treat_none",0.55,0,0,3
"1arc","0",3.5,"treat_none",0.56,0,0,3
"1arc","0",3.5,"treat_none",0.57,0,0,3
"1arc","0",3.5,"treat_none",0.58,0,0,3
"1arc","0",3.5,"treat_none",0.59,0,0,3
"1arc","0",3.5,"treat_none",0.6,0,0,3
"1arc","0",3.5,"treat_none",0.61,0,0,3
"1arc","0",3.5,"treat_none",0.62,0,0,3
"1arc","0",3.5,"treat_none",0.63,0,0,3
"1arc","0",3.5,"treat_none",0.64,0,0,3
"1arc","0",3.5,"treat_none",0.65,0,0,3
"1arc","0",3.5,"treat_none",0.66,0,0,3
"1arc","0",3.5,"treat_none",0.67,0,0,3
"1arc","0",3.5,"treat_none",0.68,0,0,3
"1arc","0",3.5,"treat_none",0.69,0,0,3
"1arc","0",3.5,"treat_none",0.7,0,0,3
"1arc","0",3.5,"treat_none",0.71,0,0,3
"1arc","0",3.5,"treat_none",0.72,0,0,3
"1arc","0",3.5,"treat_none",0.73,0,0,3
"1arc","0",3.5,"treat_none",0.74,0,0,3
"1arc","0",3.5,"treat_none",0.75,0,0,3
"1arc","0",3.5,"treat_none",0.76,0,0,3
"1arc","0",3.5,"treat_none",0.77,0,0,3
"1arc","0",3.5,"treat_none",0.78,0,0,3
"1arc","0",3.5,"treat_none",0.79,0,0,3
"1arc","0",3.5,"treat_none",0.8,0,0,3
"1arc","0",3.5,"treat_none",0.81,0,0,3
"1arc","0",3.5,"treat_none",0.82,0,0,3
"1arc","0",3.5,"treat_none",0.83,0,0,3
"1arc","0",3.5,"treat_none",0.84,0,0,3
"1arc","0",3.5,"treat_none",0.85,0,0,3
"1arc","0",3.5,"treat_none",0.86,0,0,3
"1arc","0",3.5,"treat_none",0.87,0,0,3
"1arc","0",3.5,"treat_none",0.88,0,0,3
"1arc","0",3.5,"treat_none",0.89,0,0,3
"1arc","0",3.5,"treat_none",0.9,0,0,3
"1arc","0",3.5,"treat_none",0.91,0,0,3
"1arc","0",3.5,"treat_none",0.92,0,0,3
"1arc","0",3.5,"treat_none",0.93,0,0,3
"1arc","0",3.5,"treat_none",0.94,0,0,3
"1arc","0",3.5,"treat_none",0.95,0,0,3
"1arc","0",3.5,"treat_none",0.96,0,0,3
"1arc","0",3.5,"treat_none",0.97,0,0,3
"1arc","0",3.5,"treat_none",0.98,0,0,3
"1arc","0",3.5,"treat_none",0.99,0,0,3
"1arc","0",3.75,"model",0.01,0.19899045727083,0.0160866890105658,5
"1arc","0",3.75,"model",0.02,0.194375370263574,0.0177057549157715,5
"1arc","0",3.75,"model",0.03,0.187461341489845,0.0188725841702411,5
"1arc","0",3.75,"model",0.04,0.176136773123729,0.0199522996317154,5
"1arc","0",3.75,"model",0.05,0.161530558612753,0.0251178093955425,5
"1arc","0",3.75,"model",0.06,0.160859861023025,0.0238718497471355,5
"1arc","0",3.75,"model",0.07,0.154357114964464,0.022933926693205,5
"1arc","0",3.75,"model",0.08,0.153566521185261,0.0225231994707096,5
"1arc","0",3.75,"model",0.09,0.153937613793152,0.0235934170549626,5
"1arc","0",3.75,"model",0.1,0.153458690879971,0.0223073872296178,5
"1arc","0",3.75,"model",0.11,0.149766256247699,0.0184333242925257,5
"1arc","0",3.75,"model",0.12,0.143891285932992,0.0174326169481415,5
"1arc","0",3.75,"model",0.13,0.14029552763658,0.0127586150035509,5
"1arc","0",3.75,"model",0.14,0.140092854555137,0.0139470903408358,5
"1arc","0",3.75,"model",0.15,0.137626315454417,0.0115810371657739,5
"1arc","0",3.75,"model",0.16,0.136191271903826,0.0166666111693072,5
"1arc","0",3.75,"model",0.17,0.133577922145737,0.0214403834370169,5
"1arc","0",3.75,"model",0.18,0.130271080469146,0.0204733477042954,5
"1arc","0",3.75,"model",0.19,0.127639120334564,0.0206703546260769,5
"1arc","0",3.75,"model",0.2,0.126840682620244,0.0209046012286701,5
"1arc","0",3.75,"model",0.21,0.128117835496833,0.0219850504776133,5
"1arc","0",3.75,"model",0.22,0.126740259383112,0.0241895515417101,5
"1arc","0",3.75,"model",0.23,0.126431464621976,0.0247914076272767,5
"1arc","0",3.75,"model",0.24,0.126177955223817,0.0254871379442498,5
"1arc","0",3.75,"model",0.25,0.119801117939977,0.0269210674915358,5
"1arc","0",3.75,"model",0.26,0.120468941452185,0.0266240473076292,5
"1arc","0",3.75,"model",0.27,0.119588486512548,0.027003963337152,5
"1arc","0",3.75,"model",0.28,0.118683574491254,0.0274013283927799,5
"1arc","0",3.75,"model",0.29,0.116327752000668,0.0273976140130645,5
"1arc","0",3.75,"model",0.3,0.116451952481953,0.0281267517752395,5
"1arc","0",3.75,"model",0.31,0.115567006338458,0.0286218340236089,5
"1arc","0",3.75,"model",0.32,0.114656032367214,0.0291345003444769,5
"1arc","0",3.75,"model",0.33,0.114754785802956,0.0274951061251869,5
"1arc","0",3.75,"model",0.34,0.111366662312272,0.0252761037479046,5
"1arc","0",3.75,"model",0.35,0.112686604557537,0.0208025337807984,5
"1arc","0",3.75,"model",0.36,0.111810952892703,0.0210395923992923,5
"1arc","0",3.75,"model",0.37,0.112143927156638,0.0186528246556382,5
"1arc","0",3.75,"model",0.38,0.114218982145801,0.0206205770785156,5
"1arc","0",3.75,"model",0.39,0.113438903642608,0.0208264548605521,5
"1arc","0",3.75,"model",0.4,0.114278913057621,0.0227569182304226,5
"1arc","0",3.75,"model",0.41,0.111105618198651,0.0218229940915998,5
"1arc","0",3.75,"model",0.42,0.111840129825312,0.0191982726833727,5
"1arc","0",3.75,"model",0.43,0.111086101693721,0.0194791842336272,5
"1arc","0",3.75,"model",0.44,0.111959279324348,0.0167765550485786,5
"1arc","0",3.75,"model",0.45,0.106509786725532,0.0178317521295756,5
"1arc","0",3.75,"model",0.46,0.103442488107974,0.0199506160087288,5
"1arc","0",3.75,"model",0.47,0.102645042025776,0.0204295041272989,5
"1arc","0",3.75,"model",0.48,0.103938940855536,0.0218788081531194,5
"1arc","0",3.75,"model",0.49,0.100695896444554,0.0182373613249238,5
"1arc","0",3.75,"model",0.5,0.0998910314916991,0.0188257348185389,5
"1arc","0",3.75,"model",0.51,0.0991471455438186,0.0153553708591882,5
"1arc","0",3.75,"model",0.52,0.0983722643481097,0.0158257017911578,5
"1arc","0",3.75,"model",0.53,0.0975644094844982,0.0163217891813833,5
"1arc","0",3.75,"model",0.54,0.0967214304963819,0.0168451426521839,5
"1arc","0",3.75,"model",0.55,0.0958409857754605,0.0173974069372995,5
"1arc","0",3.75,"model",0.56,0.0949205208399517,0.0179803777666686,5
"1arc","0",3.75,"model",0.57,0.0970045571343872,0.0170719477861301,5
"1arc","0",3.75,"model",0.58,0.0961226991527504,0.0175690661990507,5
"1arc","0",3.75,"model",0.59,0.0951978237085947,0.0180947026596108,5
"1arc","0",3.75,"model",0.6,0.0917575686897621,0.0140679625404168,5
"1arc","0",3.75,"model",0.61,0.0884377979132314,0.0155506595513473,5
"1arc","0",3.75,"model",0.62,0.0873631450692124,0.0161971532607693,5
"1arc","0",3.75,"model",0.63,0.0839315523075609,0.0160902992391518,5
"1arc","0",3.75,"model",0.64,0.0844130869110643,0.0212773519334702,5
"1arc","0",3.75,"model",0.65,0.0878065819582886,0.0193725293518312,5
"1arc","0",3.75,"model",0.66,0.0868639041415296,0.0202783198913776,5
"1arc","0",3.75,"model",0.67,0.0858640943358762,0.0212410868920828,5
"1arc","0",3.75,"model",0.68,0.0848017964173694,0.0222660680963966,5
"1arc","0",3.75,"model",0.69,0.0890343521893126,0.0257281524443034,5
"1arc","0",3.75,"model",0.7,0.0880872309564938,0.0270095177313518,5
"1arc","0",3.75,"model",0.71,0.0870747910179634,0.0283810246381356,5
"1arc","0",3.75,"model",0.72,0.0859900339409665,0.0298522471363416,5
"1arc","0",3.75,"model",0.73,0.0905169322851667,0.0251190213610772,5
"1arc","0",3.75,"model",0.74,0.0895620940647508,0.0265541988572906,5
"1arc","0",3.75,"model",0.75,0.0954274205108395,0.0171484272255446,5
"1arc","0",3.75,"model",0.76,0.0946934015554049,0.0181243441319559,5
"1arc","0",3.75,"model",0.77,0.0938955548647152,0.0191887328179733,5
"1arc","0",3.75,"model",0.78,0.09302517665669,0.0203534969129221,5
"1arc","0",3.75,"model",0.79,0.0920719052859958,0.021632814897996,5
"1arc","0",3.75,"model",0.8,0.0910233067782321,0.0230437085551922,5
"1arc","0",3.75,"model",0.81,0.0898643294801775,0.0246067909176751,5
"1arc","0",3.75,"model",0.82,0.0885765769267836,0.0263472635315399,5
"1arc","0",3.75,"model",0.83,0.0846681882705212,0.0261376255676964,5
"1arc","0",3.75,"model",0.84,0.0830490288100037,0.0283250519366438,5
"1arc","0",3.75,"model",0.85,0.0812139814214173,0.0308098894275381,5
"1arc","0",3.75,"model",0.86,0.07911678440589,0.0336555177659288,5
"1arc","0",3.75,"model",0.87,0.0745916785377714,0.0400936225729741,5
"1arc","0",3.75,"model",0.88,0.0692993929067078,0.0423174219601058,5
"1arc","0",3.75,"model",0.89,0.0635533045550611,0.0442664462730918,5
"1arc","0",3.75,"model",0.9,0.0571399262439285,0.0476706670791306,5
"1arc","0",3.75,"model",0.91,0.0522464665410314,0.0542509607921575,5
"1arc","0",3.75,"model",0.92,0.04612964191241,0.0625155473203953,5
"1arc","0",3.75,"model",0.93,0.0662350779162126,0.0586273891602547,5
"1arc","0",3.75,"model",0.94,0.0607616241668968,0.0707819774620349,5
"1arc","0",3.75,"model",0.95,0.0530987889178546,0.0878377995426253,5
"1arc","0",3.75,"model",0.96,0.0393056854695787,0.112006905701622,5
"1arc","0",3.75,"model",0.97,0.0944780992626822,0.0121758216711711,5
"1arc","0",3.75,"model",0.98,0.0923728361047875,0.0130019034665493,5
"1arc","0",3.75,"model",0.99,0.0802569395684506,0.0206578915350979,5
"1arc","0",3.75,"treat_all",0.01,0.200476056517281,0.0126308335216881,5
"1arc","0",3.75,"treat_all",0.02,0.192317648930723,0.0127597195780318,5
"1arc","0",3.75,"treat_all",0.03,0.183991026754751,0.0128912630788363,5
"1arc","0",3.75,"treat_all",0.04,0.175490933283446,0.0130255470692408,5
"1arc","0",3.75,"treat_all",0.05,0.166811890475904,0.0131626580910223,5
"1arc","0",3.75,"treat_all",0.06,0.157948187183094,0.0133026863685864,5
"1arc","0",3.75,"treat_all",0.07,0.14889386661517,0.0134457260069583,5
"1arc","0",3.75,"treat_all",0.08,0.139642712991422,0.0135918752026861,5
"1arc","0",3.75,"treat_all",0.09,0.130188237310009,0.0137412364686497,5
"1arc","0",3.75,"treat_all",0.1,0.120523662169009,0.0138939168738569,5
"1arc","0",3.75,"treat_all",0.11,0.110641905564167,0.0140500282994058,5
"1arc","0",3.75,"treat_all",0.12,0.100535563581941,0.0142096877118991,5
"1arc","0",3.75,"treat_all",0.13,0.0901968918989753,0.014373017455714,5
"1arc","0",3.75,"treat_all",0.14,0.0796177859908238,0.0145401455656642,5
"1arc","0",3.75,"treat_all",0.15,0.068789759943657,0.0147112061017308,5
"1arc","0",3.75,"treat_all",0.16,0.0577039237525101,0.0148863395077038,5
"1arc","0",3.75,"treat_all",0.17,0.0463509589784439,0.0150656929957484,5
"1arc","0",3.75,"treat_all",0.18,0.0347210926245225,0.0152494209591112,5
"1arc","0",3.75,"treat_all",0.19,0.0228040690766772,0.0154376854153965,5
"1arc","0",3.75,"treat_all",0.2,0.0105891199401356,0.015630656483089,5
"1arc","0",3.75,"treat_all",0.21,-0.00193506841505257,0.0158285128942673,5
"1arc","0",3.75,"treat_all",0.22,-0.0147803898049891,0.0160314425467579,5
"1arc","0",3.75,"treat_all",0.23,-0.0279593559063526,0.0162396430993132,5
"1arc","0",3.75,"treat_all",0.24,-0.0414851369051204,0.0164533226137779,5
"1arc","0",3.75,"treat_all",0.25,-0.0553716053971887,0.0166727002486283,5
"1arc","0",3.75,"treat_all",0.26,-0.0696333838485021,0.0168980070087449,5
"1arc","0",3.75,"treat_all",0.27,-0.0842858959560158,0.0171294865568099,5
"1arc","0",3.75,"treat_all",0.28,-0.0993454222887382,0.0173673960923211,5
"1arc","0",3.75,"treat_all",0.29,-0.114829160630833,0.017612007304889,5
"1arc","0",3.75,"treat_all",0.3,-0.130755291496988,0.0178636074092446,5
"1arc","0",3.75,"treat_all",0.31,-0.14714304934477,0.0181225002702481,5
"1arc","0",3.75,"treat_all",0.32,-0.164012800070429,0.0183890076271635,5
"1arc","0",3.75,"treat_all",0.33,-0.181386125444614,0.0186634704275689,5
"1arc","0",3.75,"treat_all",0.34,-0.199285915224078,0.0189462502825321,5
"1arc","0",3.75,"treat_all",0.35,-0.217736467765987,0.0192377310561095,5
"1arc","0",3.75,"treat_all",0.36,-0.236763600074831,0.0195383206038612,5
"1arc","0",3.75,"treat_all",0.37,-0.256394768329987,0.0198484526769384,5
"1arc","0",3.75,"treat_all",0.38,-0.276659200077244,0.0201685890104374,5
"1arc","0",3.75,"treat_all",0.39,-0.297588039422773,0.0204992216171659,5
"1arc","0",3.75,"treat_all",0.4,-0.319214506746486,0.0208408753107853,5
"1arc","0",3.75,"treat_all",0.41,-0.341574074657443,0.0211941104855444,5
"1arc","0",3.75,"treat_all",0.42,-0.364704662151537,0.021559526183571,5
"1arc","0",3.75,"treat_all",0.43,-0.388646849206827,0.0219377634850372,5
"1arc","0",3.75,"treat_all",0.44,-0.413444114371235,0.0223295092615557,5
"1arc","0",3.75,"treat_all",0.45,-0.439143098268894,0.0227355003390385,5
"1arc","0",3.75,"treat_all",0.46,-0.465793896384984,0.0231565281230948,5
"1arc","0",3.75,"treat_all",0.47,-0.493450384996022,0.0235934437480589,5
"1arc","0",3.75,"treat_all",0.48,-0.522170584707484,0.0240471638201369,5
"1arc","0",3.75,"treat_all",0.49,-0.552017066760571,0.024518676836218,5
"1arc","0",3.75,"treat_all",0.5,-0.583057408095783,0.0250090503729424,5
"1arc","0",3.75,"treat_all",0.51,-0.615364702138554,0.0255194391560637,5
"1arc","0",3.75,"treat_all",0.52,-0.649018133433107,0.0260510941384817,5
"1arc","0",3.75,"treat_all",0.53,-0.684103625633812,0.0266053727371728,5
"1arc","0",3.75,"treat_all",0.54,-0.720714574017156,0.0271837504053722,5
"1arc","0",3.75,"treat_all",0.55,-0.758952675661981,0.0277878337477138,5
"1arc","0",3.75,"treat_all",0.56,-0.798928872836117,0.0284193754237982,5
"1arc","0",3.75,"treat_all",0.57,-0.840764428018353,0.0290802911313284,5
"1arc","0",3.75,"treat_all",0.58,-0.88459215249498,0.0297726790154076,5
"1arc","0",3.75,"treat_all",0.59,-0.930557814750955,0.0304988419182224,5
"1arc","0",3.75,"treat_all",0.6,-0.978821760119729,0.031261312966178,5
"1arc","0",3.75,"treat_all",0.61,-1.02956077960998,0.032062885093516,5
"1arc","0",3.75,"treat_all",0.62,-1.08297027381024,0.0329066452275559,5
"1arc","0",3.75,"treat_all",0.63,-1.139266767697,0.0337960140174897,5
"1arc","0",3.75,"treat_all",0.64,-1.19869084457748,0.0347347921846422,5
"1arc","0",3.75,"treat_all",0.65,-1.26151058299398,0.0357272148184892,5
"1arc","0",3.75,"treat_all",0.66,-1.32802560014086,0.0367780152543271,5
"1arc","0",3.75,"treat_all",0.67,-1.39857183044816,0.0378925005650642,5
"1arc","0",3.75,"treat_all",0.68,-1.47352720014966,0.0390766412077225,5
"1arc","0",3.75,"treat_all",0.69,-1.55331840015449,0.0403371780208749,5
"1arc","0",3.75,"treat_all",0.7,-1.63842901349297,0.0416817506215707,5
"1arc","0",3.75,"treat_all",0.71,-1.72940932430308,0.0431190523671421,5
"1arc","0",3.75,"treat_all",0.72,-1.82688822874247,0.0446590185231115,5
"1arc","0",3.75,"treat_all",0.73,-1.93158779276997,0.0463130562461896,5
"1arc","0",3.75,"treat_all",0.74,-2.04434116941497,0.0480943276402738,5
"1arc","0",3.75,"treat_all",0.75,-2.16611481619157,0.0500181007458848,5
"1arc","0",3.75,"treat_all",0.76,-2.29803626686622,0.0521021882769633,5
"1arc","0",3.75,"treat_all",0.77,-2.44142914803431,0.0543675008107443,5
"1arc","0",3.75,"treat_all",0.78,-2.59785774567223,0.0568387508475963,5
"1arc","0",3.75,"treat_all",0.79,-2.76918430498996,0.0595453580308152,5
"1arc","0",3.75,"treat_all",0.8,-2.95764352023946,0.0625226259323559,5
"1arc","0",3.75,"treat_all",0.81,-3.16594054762048,0.0658132904551115,5
"1arc","0",3.75,"treat_all",0.82,-3.39738168915495,0.0694695843692844,5
"1arc","0",3.75,"treat_all",0.83,-3.65605120028172,0.0735560305086541,5
"1arc","0",3.75,"treat_all",0.84,-3.94705440029932,0.0781532824154449,5
"1arc","0",3.75,"treat_all",0.85,-4.27685802698594,0.0833635012431414,5
"1arc","0",3.75,"treat_all",0.86,-4.65377645748494,0.0893180370462228,5
"1arc","0",3.75,"treat_all",0.87,-5.08868233882993,0.0961886552805479,5
"1arc","0",3.75,"treat_all",0.88,-5.59607253373243,0.104204376553927,5
"1arc","0",3.75,"treat_all",0.89,-6.19571549134447,0.113677501695193,5
"1arc","0",3.75,"treat_all",0.9,-6.91528704047892,0.125045251864712,5
"1arc","0",3.75,"treat_all",0.91,-7.79476337830991,0.138939168738569,5
"1arc","0",3.75,"treat_all",0.92,-8.89410880059865,0.15630656483089,5
"1arc","0",3.75,"treat_all",0.93,-10.3075529149699,0.178636074092445,5
"1arc","0",3.75,"treat_all",0.94,-12.1921450674649,0.208408753107853,5
"1arc","0",3.75,"treat_all",0.95,-14.8305740809579,0.250090503729424,5
"1arc","0",3.75,"treat_all",0.96,-18.7882176011973,0.31261312966178,5
"1arc","0",3.75,"treat_all",0.97,-25.3842901349297,0.416817506215706,5
"1arc","0",3.75,"treat_all",0.98,-38.5764352023945,0.62522625932356,5
"1arc","0",3.75,"treat_all",0.99,-78.1528704047891,1.25045251864712,5
"1arc","0",3.75,"treat_none",0.01,0,0,5
"1arc","0",3.75,"treat_none",0.02,0,0,5
"1arc","0",3.75,"treat_none",0.03,0,0,5
"1arc","0",3.75,"treat_none",0.04,0,0,5
"1arc","0",3.75,"treat_none",0.05,0,0,5
"1arc","0",3.75,"treat_none",0.06,0,0,5
"1arc","0",3.75,"treat_none",0.07,0,0,5
"1arc","0",3.75,"treat_none",0.08,0,0,5
"1arc","0",3.75,"treat_none",0.09,0,0,5
"1arc","0",3.75,"treat_none",0.1,0,0,5
"1arc","0",3.75,"treat_none",0.11,0,0,5
"1arc","0",3.75,"treat_none",0.12,0,0,5
"1arc","0",3.75,"treat_none",0.13,0,0,5
"1arc","0",3.75,"treat_none",0.14,0,0,5
"1arc","0",3.75,"treat_none",0.15,0,0,5
"1arc","0",3.75,"treat_none",0.16,0,0,5
"1arc","0",3.75,"treat_none",0.17,0,0,5
"1arc","0",3.75,"treat_none",0.18,0,0,5
"1arc","0",3.75,"treat_none",0.19,0,0,5
"1arc","0",3.75,"treat_none",0.2,0,0,5
"1arc","0",3.75,"treat_none",0.21,0,0,5
"1arc","0",3.75,"treat_none",0.22,0,0,5
"1arc","0",3.75,"treat_none",0.23,0,0,5
"1arc","0",3.75,"treat_none",0.24,0,0,5
"1arc","0",3.75,"treat_none",0.25,0,0,5
"1arc","0",3.75,"treat_none",0.26,0,0,5
"1arc","0",3.75,"treat_none",0.27,0,0,5
"1arc","0",3.75,"treat_none",0.28,0,0,5
"1arc","0",3.75,"treat_none",0.29,0,0,5
"1arc","0",3.75,"treat_none",0.3,0,0,5
"1arc","0",3.75,"treat_none",0.31,0,0,5
"1arc","0",3.75,"treat_none",0.32,0,0,5
"1arc","0",3.75,"treat_none",0.33,0,0,5
"1arc","0",3.75,"treat_none",0.34,0,0,5
"1arc","0",3.75,"treat_none",0.35,0,0,5
"1arc","0",3.75,"treat_none",0.36,0,0,5
"1arc","0",3.75,"treat_none",0.37,0,0,5
"1arc","0",3.75,"treat_none",0.38,0,0,5
"1arc","0",3.75,"treat_none",0.39,0,0,5
"1arc","0",3.75,"treat_none",0.4,0,0,5
"1arc","0",3.75,"treat_none",0.41,0,0,5
"1arc","0",3.75,"treat_none",0.42,0,0,5
"1arc","0",3.75,"treat_none",0.43,0,0,5
"1arc","0",3.75,"treat_none",0.44,0,0,5
"1arc","0",3.75,"treat_none",0.45,0,0,5
"1arc","0",3.75,"treat_none",0.46,0,0,5
"1arc","0",3.75,"treat_none",0.47,0,0,5
"1arc","0",3.75,"treat_none",0.48,0,0,5
"1arc","0",3.75,"treat_none",0.49,0,0,5
"1arc","0",3.75,"treat_none",0.5,0,0,5
"1arc","0",3.75,"treat_none",0.51,0,0,5
"1arc","0",3.75,"treat_none",0.52,0,0,5
"1arc","0",3.75,"treat_none",0.53,0,0,5
"1arc","0",3.75,"treat_none",0.54,0,0,5
"1arc","0",3.75,"treat_none",0.55,0,0,5
"1arc","0",3.75,"treat_none",0.56,0,0,5
"1arc","0",3.75,"treat_none",0.57,0,0,5
"1arc","0",3.75,"treat_none",0.58,0,0,5
"1arc","0",3.75,"treat_none",0.59,0,0,5
"1arc","0",3.75,"treat_none",0.6,0,0,5
"1arc","0",3.75,"treat_none",0.61,0,0,5
"1arc","0",3.75,"treat_none",0.62,0,0,5
"1arc","0",3.75,"treat_none",0.63,0,0,5
"1arc","0",3.75,"treat_none",0.64,0,0,5
"1arc","0",3.75,"treat_none",0.65,0,0,5
"1arc","0",3.75,"treat_none",0.66,0,0,5
"1arc","0",3.75,"treat_none",0.67,0,0,5
"1arc","0",3.75,"treat_none",0.68,0,0,5
"1arc","0",3.75,"treat_none",0.69,0,0,5
"1arc","0",3.75,"treat_none",0.7,0,0,5
"1arc","0",3.75,"treat_none",0.71,0,0,5
"1arc","0",3.75,"treat_none",0.72,0,0,5
"1arc","0",3.75,"treat_none",0.73,0,0,5
"1arc","0",3.75,"treat_none",0.74,0,0,5
"1arc","0",3.75,"treat_none",0.75,0,0,5
"1arc","0",3.75,"treat_none",0.76,0,0,5
"1arc","0",3.75,"treat_none",0.77,0,0,5
"1arc","0",3.75,"treat_none",0.78,0,0,5
"1arc","0",3.75,"treat_none",0.79,0,0,5
"1arc","0",3.75,"treat_none",0.8,0,0,5
"1arc","0",3.75,"treat_none",0.81,0,0,5
"1arc","0",3.75,"treat_none",0.82,0,0,5
"1arc","0",3.75,"treat_none",0.83,0,0,5
"1arc","0",3.75,"treat_none",0.84,0,0,5
"1arc","0",3.75,"treat_none",0.85,0,0,5
"1arc","0",3.75,"treat_none",0.86,0,0,5
"1arc","0",3.75,"treat_none",0.87,0,0,5
"1arc","0",3.75,"treat_none",0.88,0,0,5
"1arc","0",3.75,"treat_none",0.89,0,0,5
"1arc","0",3.75,"treat_none",0.9,0,0,5
"1arc","0",3.75,"treat_none",0.91,0,0,5
"1arc","0",3.75,"treat_none",0.92,0,0,5
"1arc","0",3.75,"treat_none",0.93,0,0,5
"1arc","0",3.75,"treat_none",0.94,0,0,5
"1arc","0",3.75,"treat_none",0.95,0,0,5
"1arc","0",3.75,"treat_none",0.96,0,0,5
"1arc","0",3.75,"treat_none",0.97,0,0,5
"1arc","0",3.75,"treat_none",0.98,0,0,5
"1arc","0",3.75,"treat_none",0.99,0,0,5
"1arc","0",4,"model",0.01,0.191046071480854,0.014455821071964,3
"1arc","0",4,"model",0.02,0.187422280740253,0.0134810313309455,3
"1arc","0",4,"model",0.03,0.18148159241044,0.0174062069990589,3
"1arc","0",4,"model",0.04,0.171540022039671,0.0104067025611898,3
"1arc","0",4,"model",0.05,0.16854548714001,0.0137245945222881,3
"1arc","0",4,"model",0.06,0.153880057389353,0.0182840501383793,3
"1arc","0",4,"model",0.07,0.151884622906656,0.0170323020965152,3
"1arc","0",4,"model",0.08,0.15301552456257,0.0183388071455439,3
"1arc","0",4,"model",0.09,0.150329261779873,0.0202854908731684,3
"1arc","0",4,"model",0.1,0.151597566978586,0.0230515742209024,3
"1arc","0",4,"model",0.11,0.151088626193816,0.0231614679108087,3
"1arc","0",4,"model",0.12,0.148101937021993,0.0271081648364267,3
"1arc","0",4,"model",0.13,0.145232811141792,0.0234891005960239,3
"1arc","0",4,"model",0.14,0.138425004801925,0.0183517190269683,3
"1arc","0",4,"model",0.15,0.138790672884395,0.0183807473649567,3
"1arc","0",4,"model",0.16,0.139469033678611,0.0205376289024261,3
"1arc","0",4,"model",0.17,0.139463551125627,0.0195724652052597,3
"1arc","0",4,"model",0.18,0.140416435220253,0.019868421951798,3
"1arc","0",4,"model",0.19,0.140657641917317,0.0198367959289012,3
"1arc","0",4,"model",0.2,0.140995458491952,0.0198750722025257,3
"1arc","0",4,"model",0.21,0.141525279962442,0.0215367783437248,3
"1arc","0",4,"model",0.22,0.143095035451277,0.0218372280320027,3
"1arc","0",4,"model",0.23,0.140291413433068,0.024106828424115,3
"1arc","0",4,"model",0.24,0.139983842261099,0.0243879466907415,3
"1arc","0",4,"model",0.25,0.140862812321438,0.0231636273142978,3
"1arc","0",4,"model",0.26,0.136634831585743,0.0168401860833313,3
"1arc","0",4,"model",0.27,0.133739818431167,0.0113137908679855,3
"1arc","0",4,"model",0.28,0.12991130949289,0.0115483841573483,3
"1arc","0",4,"model",0.29,0.126115975892757,0.0166810579995586,3
"1arc","0",4,"model",0.3,0.122275651728667,0.0180620039069447,3
"1arc","0",4,"model",0.31,0.118083968212025,0.0115494686806175,3
"1arc","0",4,"model",0.32,0.117853967206331,0.0117715618752762,3
"1arc","0",4,"model",0.33,0.117617100498974,0.0120005630746611,3
"1arc","0",4,"model",0.34,0.117373056012607,0.0122367825301538,3
"1arc","0",4,"model",0.35,0.117121502465121,0.0124805496334667,3
"1arc","0",4,"model",0.36,0.116862087869276,0.0127322144117654,3
"1arc","0",4,"model",0.37,0.116594437889436,0.0129921491651614,3
"1arc","0",4,"model",0.38,0.116318154039278,0.0132607502626512,3
"1arc","0",4,"model",0.39,0.11603281170223,0.0135384401146845,3
"1arc","0",4,"model",0.4,0.115737957953947,0.0138256693429707,3
"1arc","0",4,"model",0.41,0.115433109163349,0.0141229191709245,3
"1arc","0",4,"model",0.42,0.111494559939692,0.0168772241821864,3
"1arc","0",4,"model",0.43,0.111168133829978,0.0171514152866229,3
"1arc","0",4,"model",0.44,0.110830049644916,0.0174372495939961,3
"1arc","0",4,"model",0.45,0.106511417521235,0.010865619826617,3
"1arc","0",4,"model",0.46,0.106148062397088,0.0111744131082303,3
"1arc","0",4,"model",0.47,0.105770995758823,0.0114981447495983,3
"1arc","0",4,"model",0.48,0.101411172589293,0.00496516023003306,3
"1arc","0",4,"model",0.49,0.0974200183423845,0.0101645921352655,3
"1arc","0",4,"model",0.5,0.0969968164919077,0.0105850669454098,3
"1arc","0",4,"model",0.51,0.0965563410965134,0.0110228019760484,3
"1arc","0",4,"model",0.52,0.0960975125596444,0.0114788700743159,3
"1arc","0",4,"model",0.53,0.0956191594041852,0.0119544358586093,3
"1arc","0",4,"model",0.54,0.0951200082854452,0.0124507656490715,3
"1arc","0",4,"model",0.55,0.0989793974833713,0.00708834843569458,3
"1arc","0",4,"model",0.56,0.0986153864835492,0.00740259589520849,3
"1arc","0",4,"model",0.57,0.0982344447395493,0.00773154750086637,3
"1arc","0",4,"model",0.58,0.0978353629125017,0.00807624817725807,3
"1arc","0",4,"model",0.59,0.0974168136792568,0.00843784521923169,3
"1arc","0",4,"model",0.6,0.0969773369843496,0.00881760104689074,3
"1arc","0",4,"model",0.61,0.0984982369975357,0.0153067007237232,3
"1arc","0",4,"model",0.62,0.0982537573480218,0.0157301194764997,3
"1arc","0",4,"model",0.63,0.0979960625823178,0.0161764275668668,3
"1arc","0",4,"model",0.64,0.0977240514407415,0.0166475324322192,3
"1arc","0",4,"model",0.65,0.0974364968053608,0.0171455595028358,3
"1arc","0",4,"model",0.66,0.10416527527327,0.0054932549645397,3
"1arc","0",4,"model",0.67,0.10416527527327,0.0054932549645397,3
"1arc","0",4,"model",0.68,0.10416527527327,0.0054932549645397,3
"1arc","0",4,"model",0.69,0.10416527527327,0.0054932549645397,3
"1arc","0",4,"model",0.7,0.10416527527327,0.0054932549645397,3
"1arc","0",4,"model",0.71,0.10416527527327,0.0054932549645397,3
"1arc","0",4,"model",0.72,0.10416527527327,0.0054932549645397,3
"1arc","0",4,"model",0.73,0.10416527527327,0.0054932549645397,3
"1arc","0",4,"model",0.74,0.10416527527327,0.0054932549645397,3
"1arc","0",4,"model",0.75,0.10416527527327,0.0054932549645397,3
"1arc","0",4,"model",0.76,0.10416527527327,0.0054932549645397,3
"1arc","0",4,"model",0.77,0.10416527527327,0.0054932549645397,3
"1arc","0",4,"model",0.78,0.10416527527327,0.0054932549645397,3
"1arc","0",4,"model",0.79,0.10416527527327,0.0054932549645397,3
"1arc","0",4,"model",0.8,0.10416527527327,0.0054932549645397,3
"1arc","0",4,"model",0.81,0.10416527527327,0.0054932549645397,3
"1arc","0",4,"model",0.82,0.10416527527327,0.0054932549645397,3
"1arc","0",4,"model",0.83,0.100581045882589,0.00570698214444893,3
"1arc","0",4,"model",0.84,0.100581045882589,0.00570698214444893,3
"1arc","0",4,"model",0.85,0.100581045882589,0.00570698214444893,3
"1arc","0",4,"model",0.86,0.100581045882589,0.00570698214444893,3
"1arc","0",4,"model",0.87,0.100581045882589,0.00570698214444893,3
"1arc","0",4,"model",0.88,0.100581045882589,0.00570698214444893,3
"1arc","0",4,"model",0.89,0.100581045882589,0.00570698214444893,3
"1arc","0",4,"model",0.9,0.0890213495402836,0.00695426604441224,3
"1arc","0",4,"model",0.91,0.0853981611344865,0.0104970509827994,3
"1arc","0",4,"model",0.92,0.0853981611344865,0.0104970509827994,3
"1arc","0",4,"model",0.93,0.0853981611344865,0.0104970509827994,3
"1arc","0",4,"model",0.94,0.0853981611344865,0.0104970509827994,3
"1arc","0",4,"model",0.95,0.0818139317438055,0.00513860400583932,3
"1arc","0",4,"model",0.96,0.0818139317438055,0.00513860400583932,3
"1arc","0",4,"model",0.97,0.0818139317438055,0.00513860400583932,3
"1arc","0",4,"model",0.98,0.0781907433380084,0.0113153640893773,3
"1arc","0",4,"model",0.99,0.0742224893697545,0.0106797600008945,3
"1arc","0",4,"treat_all",0.01,0.193093021985028,0.0115292568574726,3
"1arc","0",4,"treat_all",0.02,0.184859277311405,0.0116469023356101,3
"1arc","0",4,"treat_all",0.03,0.176455764706368,0.0117669734937091,3
"1arc","0",4,"treat_all",0.04,0.16787717892206,0.0118895461342686,3
"1arc","0",4,"treat_all",0.05,0.159117991331766,0.0120146992514714,3
"1arc","0",4,"treat_all",0.06,0.150172438048061,0.0121425152009552,3
"1arc","0",4,"treat_all",0.07,0.141034507274384,0.0122730798805354,3
"1arc","0",4,"treat_all",0.08,0.131697925831714,0.0124064829227151,3
"1arc","0",4,"treat_all",0.09,0.122156144796898,0.0125428178998878,3
"1arc","0",4,"treat_all",0.1,0.11240232418353,0.0126821825432198,3
"1arc","0",4,"treat_all",0.11,0.102429316590087,0.0128246789762897,3
"1arc","0",4,"treat_all",0.12,0.092229649733156,0.0129704139646567,3
"1arc","0",4,"treat_all",0.13,0.0817955077760659,0.0131194991826412,3
"1arc","0",4,"treat_all",0.14,0.0711187113548573,0.0132720514987184,3
"1arc","0",4,"treat_all",0.15,0.0601906961943262,0.0134281932810563,3
"1arc","0",4,"treat_all",0.16,0.0490024901966397,0.0135880527248784,3
"1arc","0",4,"treat_all",0.17,0.0375446888737076,0.0137517642034914,3
"1arc","0",4,"treat_all",0.18,0.0258074289819235,0.0139194686449974,3
"1arc","0",4,"treat_all",0.19,0.0137803602039226,0.0140913139369109,3
"1arc","0",4,"treat_all",0.2,0.00145261470647165,0.0142674553611223,3
"1arc","0",4,"treat_all",0.21,-0.0111872256136996,0.014448056061896,3
"1arc","0",4,"treat_all",0.22,-0.0241511644036188,0.0146332875498691,3
"1arc","0",4,"treat_all",0.23,-0.0374518288763931,0.0148233302453219,3
"1arc","0",4,"treat_all",0.24,-0.051102510835293,0.0150183740643393,3
"1arc","0",4,"treat_all",0.25,-0.0651172109797635,0.0152186190518638,3
"1arc","0",4,"treat_all",0.26,-0.0795106868038145,0.0154242760660782,3
"1arc","0",4,"treat_all",0.27,-0.094298504431264,0.0156355675190382,3
"1arc","0",4,"treat_all",0.28,-0.109497094770587,0.0158527281790248,3
"1arc","0",4,"treat_all",0.29,-0.125123814415243,0.0160760060407012,3
"1arc","0",4,"treat_all",0.3,-0.141197011764032,0.0163056632698541,3
"1arc","0",4,"treat_all",0.31,-0.157736098891047,0.0165419772302868,3
"1arc","0",4,"treat_all",0.32,-0.174761629757092,0.0167852416013204,3
"1arc","0",4,"treat_all",0.33,-0.192295385425109,0.01703576759537,3
"1arc","0",4,"treat_all",0.34,-0.210360467022459,0.0172938852862089,3
"1arc","0",4,"treat_all",0.35,-0.228981397284343,0.0175599450598429,3
"1arc","0",4,"treat_all",0.36,-0.248184231616911,0.0178343192014029,3
"1arc","0",4,"treat_all",0.37,-0.267996679737814,0.0181174036331712,3
"1arc","0",4,"treat_all",0.38,-0.288448239088424,0.018409619820803,3
"1arc","0",4,"treat_all",0.39,-0.309570341368562,0.0187114168670457,3
"1arc","0",4,"treat_all",0.4,-0.331396513724705,0.0190232738148298,3
"1arc","0",4,"treat_all",0.41,-0.353962556330208,0.0193457021845727,3
"1arc","0",4,"treat_all",0.42,-0.377306738335901,0.0196792487739619,3
"1arc","0",4,"treat_all",0.43,-0.401470014447057,0.0200244987524524,3
"1arc","0",4,"treat_all",0.44,-0.42649626470504,0.0203820790873177,3
"1arc","0",4,"treat_all",0.45,-0.45243256042695,0.0207526623434507,3
"1arc","0",4,"treat_all",0.46,-0.479329459694116,0.0211369709053665,3
"1arc","0",4,"treat_all",0.47,-0.507241336292118,0.0215357816771658,3
"1arc","0",4,"treat_all",0.48,-0.536226746605428,0.0219499313248037,3
"1arc","0",4,"treat_all",0.49,-0.566348839676123,0.0223803221350939,3
"1arc","0",4,"treat_all",0.5,-0.597675816469645,0.0228279285777957,3
"1arc","0",4,"treat_all",0.51,-0.630281445377189,0.0232938046712201,3
"1arc","0",4,"treat_all",0.52,-0.664245642155881,0.0237790922685372,3
"1arc","0",4,"treat_all",0.53,-0.699655123903878,0.0242850304019104,3
"1arc","0",4,"treat_all",0.54,-0.736604148336571,0.0248129658454302,3
"1arc","0",4,"treat_all",0.55,-0.77519535163294,0.0253643650864397,3
"1arc","0",4,"treat_all",0.56,-0.815540700533688,0.0259408279293133,3
"1arc","0",4,"treat_all",0.57,-0.857762577290285,0.0265441029974368,3
"1arc","0",4,"treat_all",0.58,-0.901995019606721,0.0271761054497569,3
"1arc","0",4,"treat_all",0.59,-0.948385142036153,0.0278389372899948,3
"1arc","0",4,"treat_all",0.6,-0.997094770587057,0.0285349107222447,3
"1arc","0",4,"treat_all",0.61,-1.04830232880724,0.0292665750997381,3
"1arc","0",4,"treat_all",0.62,-1.10220502167059,0.0300367481286785,3
"1arc","0",4,"treat_all",0.63,-1.15902137360763,0.0308485521321563,3
"1arc","0",4,"treat_all",0.64,-1.21899418954117,0.0317054563580495,3
"1arc","0",4,"treat_all",0.65,-1.28239402352807,0.0326113265397081,3
"1arc","0",4,"treat_all",0.66,-1.34952325951418,0.0335704832026407,3
"1arc","0",4,"treat_all",0.67,-1.42072093404492,0.0345877705724177,3
"1arc","0",4,"treat_all",0.68,-1.49636846323382,0.0356686384028057,3
"1arc","0",4,"treat_all",0.69,-1.57689647817685,0.036819239641606,3
"1arc","0",4,"treat_all",0.7,-1.66279302744941,0.0380465476296595,3
"1arc","0",4,"treat_all",0.71,-1.7546134766718,0.0393584975479236,3
"1arc","0",4,"treat_all",0.72,-1.85299252941008,0.0407641581746351,3
"1arc","0",4,"treat_all",0.73,-1.95865891938823,0.042273941810733,3
"1arc","0",4,"treat_all",0.74,-2.07245349321086,0.0438998626496074,3
"1arc","0",4,"treat_all",0.75,-2.19535163293929,0.0456558571555915,3
"1arc","0",4,"treat_all",0.76,-2.32849128431176,0.0475581845370747,3
"1arc","0",4,"treat_all",0.77,-2.47320829667314,0.0496259316908603,3
"1arc","0",4,"treat_all",0.78,-2.63108140106738,0.0518816558586267,3
"1arc","0",4,"treat_all",0.79,-2.80399003921344,0.0543522108995138,3
"1arc","0",4,"treat_all",0.8,-2.99418954117411,0.0570698214444895,3
"1arc","0",4,"treat_all",0.81,-3.20441004334117,0.0600734962573573,3
"1arc","0",4,"treat_all",0.82,-3.43798837908235,0.0634109127160994,3
"1arc","0",4,"treat_all",0.83,-3.69904651902837,0.0671409664052818,3
"1arc","0",4,"treat_all",0.84,-3.99273692646764,0.0713372768056117,3
"1arc","0",4,"treat_all",0.85,-4.32558605489882,0.0760930952593193,3
"1arc","0",4,"treat_all",0.86,-4.70598505882016,0.0815283163492707,3
"1arc","0",4,"treat_all",0.87,-5.14490698642171,0.0877997252992146,3
"1arc","0",4,"treat_all",0.88,-5.65698256862352,0.0951163690741491,3
"1arc","0",4,"treat_all",0.89,-6.26216280213475,0.103763311717253,3
"1arc","0",4,"treat_all",0.9,-6.98837908234823,0.114139642888978,3
"1arc","0",4,"treat_all",0.91,-7.8759767581647,0.126821825432198,3
"1arc","0",4,"treat_all",0.92,-8.98547385293529,0.142674553611222,3
"1arc","0",4,"treat_all",0.93,-10.4119701176403,0.163056632698541,3
"1arc","0",4,"treat_all",0.94,-12.3139651372471,0.190232738148298,3
"1arc","0",4,"treat_all",0.95,-14.9767581646965,0.228279285777958,3
"1arc","0",4,"treat_all",0.96,-18.9709477058706,0.285349107222447,3
"1arc","0",4,"treat_all",0.97,-25.6279302744941,0.380465476296595,3
"1arc","0",4,"treat_all",0.98,-38.9418954117411,0.570698214444894,3
"1arc","0",4,"treat_all",0.99,-78.8837908234822,1.14139642888978,3
"1arc","0",4,"treat_none",0.01,0,0,3
"1arc","0",4,"treat_none",0.02,0,0,3
"1arc","0",4,"treat_none",0.03,0,0,3
"1arc","0",4,"treat_none",0.04,0,0,3
"1arc","0",4,"treat_none",0.05,0,0,3
"1arc","0",4,"treat_none",0.06,0,0,3
"1arc","0",4,"treat_none",0.07,0,0,3
"1arc","0",4,"treat_none",0.08,0,0,3
"1arc","0",4,"treat_none",0.09,0,0,3
"1arc","0",4,"treat_none",0.1,0,0,3
"1arc","0",4,"treat_none",0.11,0,0,3
"1arc","0",4,"treat_none",0.12,0,0,3
"1arc","0",4,"treat_none",0.13,0,0,3
"1arc","0",4,"treat_none",0.14,0,0,3
"1arc","0",4,"treat_none",0.15,0,0,3
"1arc","0",4,"treat_none",0.16,0,0,3
"1arc","0",4,"treat_none",0.17,0,0,3
"1arc","0",4,"treat_none",0.18,0,0,3
"1arc","0",4,"treat_none",0.19,0,0,3
"1arc","0",4,"treat_none",0.2,0,0,3
"1arc","0",4,"treat_none",0.21,0,0,3
"1arc","0",4,"treat_none",0.22,0,0,3
"1arc","0",4,"treat_none",0.23,0,0,3
"1arc","0",4,"treat_none",0.24,0,0,3
"1arc","0",4,"treat_none",0.25,0,0,3
"1arc","0",4,"treat_none",0.26,0,0,3
"1arc","0",4,"treat_none",0.27,0,0,3
"1arc","0",4,"treat_none",0.28,0,0,3
"1arc","0",4,"treat_none",0.29,0,0,3
"1arc","0",4,"treat_none",0.3,0,0,3
"1arc","0",4,"treat_none",0.31,0,0,3
"1arc","0",4,"treat_none",0.32,0,0,3
"1arc","0",4,"treat_none",0.33,0,0,3
"1arc","0",4,"treat_none",0.34,0,0,3
"1arc","0",4,"treat_none",0.35,0,0,3
"1arc","0",4,"treat_none",0.36,0,0,3
"1arc","0",4,"treat_none",0.37,0,0,3
"1arc","0",4,"treat_none",0.38,0,0,3
"1arc","0",4,"treat_none",0.39,0,0,3
"1arc","0",4,"treat_none",0.4,0,0,3
"1arc","0",4,"treat_none",0.41,0,0,3
"1arc","0",4,"treat_none",0.42,0,0,3
"1arc","0",4,"treat_none",0.43,0,0,3
"1arc","0",4,"treat_none",0.44,0,0,3
"1arc","0",4,"treat_none",0.45,0,0,3
"1arc","0",4,"treat_none",0.46,0,0,3
"1arc","0",4,"treat_none",0.47,0,0,3
"1arc","0",4,"treat_none",0.48,0,0,3
"1arc","0",4,"treat_none",0.49,0,0,3
"1arc","0",4,"treat_none",0.5,0,0,3
"1arc","0",4,"treat_none",0.51,0,0,3
"1arc","0",4,"treat_none",0.52,0,0,3
"1arc","0",4,"treat_none",0.53,0,0,3
"1arc","0",4,"treat_none",0.54,0,0,3
"1arc","0",4,"treat_none",0.55,0,0,3
"1arc","0",4,"treat_none",0.56,0,0,3
"1arc","0",4,"treat_none",0.57,0,0,3
"1arc","0",4,"treat_none",0.58,0,0,3
"1arc","0",4,"treat_none",0.59,0,0,3
"1arc","0",4,"treat_none",0.6,0,0,3
"1arc","0",4,"treat_none",0.61,0,0,3
"1arc","0",4,"treat_none",0.62,0,0,3
"1arc","0",4,"treat_none",0.63,0,0,3
"1arc","0",4,"treat_none",0.64,0,0,3
"1arc","0",4,"treat_none",0.65,0,0,3
"1arc","0",4,"treat_none",0.66,0,0,3
"1arc","0",4,"treat_none",0.67,0,0,3
"1arc","0",4,"treat_none",0.68,0,0,3
"1arc","0",4,"treat_none",0.69,0,0,3
"1arc","0",4,"treat_none",0.7,0,0,3
"1arc","0",4,"treat_none",0.71,0,0,3
"1arc","0",4,"treat_none",0.72,0,0,3
"1arc","0",4,"treat_none",0.73,0,0,3
"1arc","0",4,"treat_none",0.74,0,0,3
"1arc","0",4,"treat_none",0.75,0,0,3
"1arc","0",4,"treat_none",0.76,0,0,3
"1arc","0",4,"treat_none",0.77,0,0,3
"1arc","0",4,"treat_none",0.78,0,0,3
"1arc","0",4,"treat_none",0.79,0,0,3
"1arc","0",4,"treat_none",0.8,0,0,3
"1arc","0",4,"treat_none",0.81,0,0,3
"1arc","0",4,"treat_none",0.82,0,0,3
"1arc","0",4,"treat_none",0.83,0,0,3
"1arc","0",4,"treat_none",0.84,0,0,3
"1arc","0",4,"treat_none",0.85,0,0,3
"1arc","0",4,"treat_none",0.86,0,0,3
"1arc","0",4,"treat_none",0.87,0,0,3
"1arc","0",4,"treat_none",0.88,0,0,3
"1arc","0",4,"treat_none",0.89,0,0,3
"1arc","0",4,"treat_none",0.9,0,0,3
"1arc","0",4,"treat_none",0.91,0,0,3
"1arc","0",4,"treat_none",0.92,0,0,3
"1arc","0",4,"treat_none",0.93,0,0,3
"1arc","0",4,"treat_none",0.94,0,0,3
"1arc","0",4,"treat_none",0.95,0,0,3
"1arc","0",4,"treat_none",0.96,0,0,3
"1arc","0",4,"treat_none",0.97,0,0,3
"1arc","0",4,"treat_none",0.98,0,0,3
"1arc","0",4,"treat_none",0.99,0,0,3
"3arc","0",1,"model",0.01,0.506535553367778,0.0513706913205672,13
"3arc","0",1,"model",0.02,0.50155433493059,0.0519019034719482,13
"3arc","0",1,"model",0.03,0.496443065392698,0.0524407992477613,13
"3arc","0",1,"model",0.04,0.491344019524809,0.0531038951430685,13
"3arc","0",1,"model",0.05,0.486716947862253,0.0535675825584604,13
"3arc","0",1,"model",0.06,0.481788918492997,0.054226196695595,13
"3arc","0",1,"model",0.07,0.476859585667638,0.0548573455048515,13
"3arc","0",1,"model",0.08,0.471896992963453,0.0550711647056282,13
"3arc","0",1,"model",0.09,0.467456454828212,0.0554585169823757,13
"3arc","0",1,"model",0.1,0.463248060067745,0.0568478567311692,13
"3arc","0",1,"model",0.11,0.459165842024842,0.0581009668825462,13
"3arc","0",1,"model",0.12,0.454540567568323,0.0596026420109999,13
"3arc","0",1,"model",0.13,0.449766018053721,0.0594986824130056,13
"3arc","0",1,"model",0.14,0.444694087840807,0.060504530843875,13
"3arc","0",1,"model",0.15,0.442175643265907,0.0604774015648932,13
"3arc","0",1,"model",0.16,0.439655851618243,0.0615344208540608,13
"3arc","0",1,"model",0.17,0.436350111911787,0.0621133827936462,13
"3arc","0",1,"model",0.18,0.430339893352987,0.0616037628489685,13
"3arc","0",1,"model",0.19,0.427573988022932,0.0636605747195171,13
"3arc","0",1,"model",0.2,0.425929736313815,0.0629341888782457,13
"3arc","0",1,"model",0.21,0.421291636360537,0.0686502632726422,13
"3arc","0",1,"model",0.22,0.41468579481605,0.0657945974598332,13
"3arc","0",1,"model",0.23,0.41283347732863,0.0617020054874441,13
"3arc","0",1,"model",0.24,0.409168188373366,0.0611814171298546,13
"3arc","0",1,"model",0.25,0.40560069813366,0.0614969594039425,13
"3arc","0",1,"model",0.26,0.406865329461483,0.0645751997312722,13
"3arc","0",1,"model",0.27,0.400568330683075,0.069441236006442,13
"3arc","0",1,"model",0.28,0.397341112961074,0.0694917814178616,13
"3arc","0",1,"model",0.29,0.396575979521521,0.0741489110242447,13
"3arc","0",1,"model",0.3,0.393570146515363,0.0746413553218561,13
"3arc","0",1,"model",0.31,0.390611640308441,0.07339868830845,13
"3arc","0",1,"model",0.32,0.38855990363068,0.0749735740785,13
"3arc","0",1,"model",0.33,0.385238892375123,0.0799030203728836,13
"3arc","0",1,"model",0.34,0.381135210399485,0.0796123891058794,13
"3arc","0",1,"model",0.35,0.380163797621594,0.0806507248180244,13
"3arc","0",1,"model",0.36,0.377795991214134,0.0811547393229193,13
"3arc","0",1,"model",0.37,0.374365533561044,0.082155653465591,13
"3arc","0",1,"model",0.38,0.378754967747639,0.0830077014928676,13
"3arc","0",1,"model",0.39,0.388624909300736,0.0820262830577976,13
"3arc","0",1,"model",0.4,0.389177668421375,0.0828105774946486,13
"3arc","0",1,"model",0.41,0.385845761936703,0.0864384744460393,13
"3arc","0",1,"model",0.42,0.387098948257321,0.0885727741429394,13
"3arc","0",1,"model",0.43,0.382070141400736,0.0888782548586142,13
"3arc","0",1,"model",0.44,0.385082356950043,0.0837395533970011,13
"3arc","0",1,"model",0.45,0.385481590552053,0.0872117177101848,13
"3arc","0",1,"model",0.46,0.394950679182994,0.0891746414746755,13
"3arc","0",1,"model",0.47,0.402805814588166,0.088381367440599,13
"3arc","0",1,"model",0.48,0.408120955540675,0.0842053290008915,13
"3arc","0",1,"model",0.49,0.409232475023611,0.0801656176093813,13
"3arc","0",1,"model",0.5,0.411906993727481,0.0846273037121719,13
"3arc","0",1,"model",0.51,0.40888309372942,0.0857802892696707,13
"3arc","0",1,"model",0.52,0.408048012712921,0.0824508012531366,13
"3arc","0",1,"model",0.53,0.405587197116977,0.0841971333603839,13
"3arc","0",1,"model",0.54,0.408604105825659,0.087602159865525,13
"3arc","0",1,"model",0.55,0.397709869508642,0.0877485668368822,13
"3arc","0",1,"model",0.56,0.398224135227763,0.0871556237476749,13
"3arc","0",1,"model",0.57,0.396187806080236,0.0898251352937123,13
"3arc","0",1,"model",0.58,0.397863154843573,0.0949950085453121,13
"3arc","0",1,"model",0.59,0.402474175957563,0.0876161453299272,13
"3arc","0",1,"model",0.6,0.39984665472066,0.0894246222593483,13
"3arc","0",1,"model",0.61,0.398981659659928,0.0791871754698441,13
"3arc","0",1,"model",0.62,0.398200692985935,0.0813496822745441,13
"3arc","0",1,"model",0.63,0.400321911393256,0.0776884315435171,13
"3arc","0",1,"model",0.64,0.409072199086567,0.0755794909267429,13
"3arc","0",1,"model",0.65,0.412620913247543,0.0641081065357697,13
"3arc","0",1,"model",0.66,0.405281276833001,0.0624051636152635,13
"3arc","0",1,"model",0.67,0.407770490909436,0.0581055628754287,13
"3arc","0",1,"model",0.68,0.403444127019495,0.0590835444797399,13
"3arc","0",1,"model",0.69,0.401568171414569,0.0606435875732035,13
"3arc","0",1,"model",0.7,0.41158638287188,0.0607510108498239,13
"3arc","0",1,"model",0.71,0.413916472300661,0.0471755463686003,13
"3arc","0",1,"model",0.72,0.412597367873013,0.0483663569507121,13
"3arc","0",1,"model",0.73,0.411180552006279,0.0497087908536846,13
"3arc","0",1,"model",0.74,0.40690749755639,0.0547876748544572,13
"3arc","0",1,"model",0.75,0.413501389959301,0.0508760664573525,13
"3arc","0",1,"model",0.76,0.415160618342667,0.0497623223035696,13
"3arc","0",1,"model",0.77,0.414198416293508,0.0513686626478599,13
"3arc","0",1,"model",0.78,0.41314874133079,0.0531841999810058,13
"3arc","0",1,"model",0.79,0.420197248379297,0.0542696858572735,13
"3arc","0",1,"model",0.8,0.426994155176204,0.0427078727995113,13
"3arc","0",1,"model",0.81,0.424663152845202,0.0454042076453469,13
"3arc","0",1,"model",0.82,0.421915900097949,0.0462211498716451,13
"3arc","0",1,"model",0.83,0.419512053944103,0.0478864084834265,13
"3arc","0",1,"model",0.84,0.413915798347847,0.0498451712877925,13
"3arc","0",1,"model",0.85,0.413915798347847,0.0498451712877925,13
"3arc","0",1,"model",0.86,0.413915798347847,0.0498451712877925,13
"3arc","0",1,"model",0.87,0.405971463480435,0.0484855898006558,13
"3arc","0",1,"model",0.88,0.386530790193608,0.0417338840683825,13
"3arc","0",1,"model",0.89,0.374456045765923,0.0489786622134573,13
"3arc","0",1,"model",0.9,0.366105520174018,0.0477207274269496,13
"3arc","0",1,"model",0.91,0.347742784569903,0.0484051353554912,13
"3arc","0",1,"model",0.92,0.332380751966491,0.046737991284106,13
"3arc","0",1,"model",0.93,0.319303124465786,0.0414170263714389,13
"3arc","0",1,"model",0.94,0.305973861136523,0.0405164447604802,13
"3arc","0",1,"model",0.95,0.279302066365181,0.04561555183575,13
"3arc","0",1,"model",0.96,0.260620436692172,0.0573860894913777,13
"3arc","0",1,"model",0.97,0.253177988073253,0.05793618821975,13
"3arc","0",1,"model",0.98,0.213726380522097,0.0683329468449492,13
"3arc","0",1,"model",0.99,0.148091802039376,0.0807346711414448,13
"3arc","0",1,"treat_all",0.01,0.506535553367778,0.0513706913205672,13
"3arc","0",1,"treat_all",0.02,0.501500201871531,0.0518948820483281,13
"3arc","0",1,"treat_all",0.03,0.496361028694949,0.0524298808323315,13
"3arc","0",1,"treat_all",0.04,0.491114789410521,0.0529760254243349,13
"3arc","0",1,"treat_all",0.05,0.485758102983263,0.0535336677972226,13
"3arc","0",1,"treat_all",0.06,0.480287444504362,0.0541031749014484,13
"3arc","0",1,"treat_all",0.07,0.474699137456022,0.0546849294702812,13
"3arc","0",1,"treat_all",0.08,0.468989345471848,0.0552793308775669,13
"3arc","0",1,"treat_all",0.09,0.463154063553956,0.0558867960520456,13
"3arc","0",1,"treat_all",0.1,0.457189108704556,0.0565077604526239,13
"3arc","0",1,"treat_all",0.11,0.451090109925955,0.0571426791093949,13
"3arc","0",1,"treat_all",0.12,0.44485249753875,0.0577920277356381,13
"3arc","0",1,"treat_all",0.13,0.438471491763333,0.0584563039165075,13
"3arc","0",1,"treat_all",0.14,0.431942090504768,0.0591360283806529,13
"3arc","0",1,"treat_all",0.15,0.425259056275412,0.0598317463616018,13
"3arc","0",1,"treat_all",0.16,0.418416902183453,0.0605440290563827,13
"3arc","0",1,"treat_all",0.17,0.411409876908554,0.0612734751895922,13
"3arc","0",1,"treat_all",0.18,0.404231948578171,0.0620207126919043,13
"3arc","0",1,"treat_all",0.19,0.396876787449506,0.0627864005029154,13
"3arc","0",1,"treat_all",0.2,0.389337747292625,0.0635712305092019,13
"3arc","0",1,"treat_all",0.21,0.38160784535962,0.0643759296295715,13
"3arc","0",1,"treat_all",0.22,0.373679740812949,0.0652012620607199,13
"3arc","0",1,"treat_all",0.23,0.365545711472857,0.0660480316978721,13
"3arc","0",1,"treat_all",0.24,0.357197628729079,0.0669170847465283,13
"3arc","0",1,"treat_all",0.25,0.348626930445467,0.0678093125431487,13
"3arc","0",1,"treat_all",0.26,0.339824591667703,0.0687256546045426,13
"3arc","0",1,"treat_all",0.27,0.330781092923425,0.0696671019278925,13
"3arc","0",1,"treat_all",0.28,0.321486385880695,0.0706347005657799,13
"3arc","0",1,"treat_all",0.29,0.311929856104366,0.0716295555033261,13
"3arc","0",1,"treat_all",0.3,0.302100282620143,0.0726528348676593,13
"3arc","0",1,"treat_all",0.31,0.291985793962464,0.0737057745034225,13
"3arc","0",1,"treat_all",0.32,0.281573820344265,0.0747896829520022,13
"3arc","0",1,"treat_all",0.33,0.270851041543433,0.075905946876659,13
"3arc","0",1,"treat_all",0.34,0.259803330051667,0.0770560369808507,13
"3arc","0",1,"treat_all",0.35,0.248415688975539,0.0782415144728638,13
"3arc","0",1,"treat_all",0.36,0.236672184115781,0.0794640381365024,13
"3arc","0",1,"treat_all",0.37,0.224555869577937,0.080725372075177,13
"3arc","0",1,"treat_all",0.38,0.212048706184033,0.0820273942054218,13
"3arc","0",1,"treat_all",0.39,0.199131471859181,0.0833721055858385,13
"3arc","0",1,"treat_all",0.4,0.185783663056834,0.0847616406789358,13
"3arc","0",1,"treat_all",0.41,0.171983386159492,0.0861982786565449,13
"3arc","0",1,"treat_all",0.42,0.157707237645,0.0876844558747612,13
"3arc","0",1,"treat_all",0.43,0.142930171638772,0.0892227796620377,13
"3arc","0",1,"treat_all",0.44,0.127625353275179,0.0908160435845741,13
"3arc","0",1,"treat_all",0.45,0.111763996062,0.0924672443770209,13
"3arc","0",1,"treat_all",0.46,0.0953151811742596,0.0941796007543731,13
"3arc","0",1,"treat_all",0.47,0.078245656290755,0.0959565743535123,13
"3arc","0",1,"treat_all",0.48,0.0605196112194234,0.0978018930910798,13
"3arc","0",1,"treat_all",0.49,0.0420984271256866,0.0997195772693363,13
"3arc","0",1,"treat_all",0.5,0.0229403956682003,0.101713968814723,13
"3arc","0",1,"treat_all",0.51,0.00300040374306152,0.103789764096656,13
"3arc","0",1,"treat_all",0.52,-0.0177704211789581,0.10595205084867,13
"3arc","0",1,"treat_all",0.53,-0.0394251109912763,0.108206349802897,13
"3arc","0",1,"treat_all",0.54,-0.062021309056304,0.110558661755134,13
"3arc","0",1,"treat_all",0.55,-0.0856217825908887,0.113015520905248,13
"3arc","0",1,"treat_all",0.56,-0.1102950049225,0.115584055471276,13
"3arc","0",1,"treat_all",0.57,-0.136115818990465,0.118272056761306,13
"3arc","0",1,"treat_all",0.58,-0.163166195633095,0.121088058112765,13
"3arc","0",1,"treat_all",0.59,-0.191536102843658,0.124041425383809,13
"3arc","0",1,"treat_all",0.6,-0.221324505414749,0.127142461018404,13
"3arc","0",1,"treat_all",0.61,-0.252640518374102,0.13040252412144,13
"3arc","0",1,"treat_all",0.62,-0.285604742541842,0.133834169493057,13
"3arc","0",1,"treat_all",0.63,-0.320350816664594,0.137451309209085,13
"3arc","0",1,"treat_all",0.64,-0.357027228238611,0.14126940113156,13
"3arc","0",1,"treat_all",0.65,-0.395799434759714,0.145305669735319,13
"3arc","0",1,"treat_all",0.66,-0.43685235931147,0.149579365904004,13
"3arc","0",1,"treat_all",0.67,-0.480393339896666,0.154112073961702,13
"3arc","0",1,"treat_all",0.68,-0.526655631768437,0.158928076273005,13
"3arc","0",1,"treat_all",0.69,-0.575902587631935,0.164054788410844,13
"3arc","0",1,"treat_all",0.7,-0.628432673886333,0.169523281357872,13
"3arc","0",1,"treat_all",0.71,-0.68458552471,0.175368911749522,13
"3arc","0",1,"treat_all",0.72,-0.744749293449642,0.181632087169148,13
"3arc","0",1,"treat_all",0.73,-0.809369637651481,0.188359201508746,13
"3arc","0",1,"treat_all",0.74,-0.878960777561153,0.19560378618216,13
"3arc","0",1,"treat_all",0.75,-0.954119208663599,0.203427937629446,13
"3arc","0",1,"treat_all",0.76,-1.03554084235792,0.21190410169734,13
"3arc","0",1,"treat_all",0.77,-1.12404261811261,0.221117323510267,13
"3arc","0",1,"treat_all",0.78,-1.220590009845,0.231168110942552,13
"3arc","0",1,"treat_all",0.79,-1.32633239126619,0.242176116225531,13
"3arc","0",1,"treat_all",0.8,-1.4426490108295,0.254284922036807,13
"3arc","0",1,"treat_all",0.81,-1.57120948508368,0.267668338986113,13
"3arc","0",1,"treat_all",0.82,-1.71405445647722,0.282538802263119,13
"3arc","0",1,"treat_all",0.83,-1.87370471862294,0.299158731808009,13
"3arc","0",1,"treat_all",0.84,-2.05331126353688,0.31785615254601,13
"3arc","0",1,"treat_all",0.85,-2.25686534777267,0.339046562715743,13
"3arc","0",1,"treat_all",0.86,-2.48949858689928,0.363264174338296,13
"3arc","0",1,"treat_all",0.87,-2.75792155512231,0.391207572364319,13
"3arc","0",1,"treat_all",0.88,-3.07108168471583,0.423808203394679,13
"3arc","0",1,"treat_all",0.89,-3.44118001969,0.462336221885104,13
"3arc","0",1,"treat_all",0.9,-3.885298021659,0.508569844073615,13
"3arc","0",1,"treat_all",0.91,-4.42810891295444,0.565077604526239,13
"3arc","0",1,"treat_all",0.92,-5.10662252707375,0.635712305092019,13
"3arc","0",1,"treat_all",0.93,-5.97899717379857,0.726528348676593,13
"3arc","0",1,"treat_all",0.94,-7.14216336943167,0.847616406789359,13
"3arc","0",1,"treat_all",0.95,-8.77059604331801,1.01713968814723,13
"3arc","0",1,"treat_all",0.96,-11.2132450541475,1.27142461018404,13
"3arc","0",1,"treat_all",0.97,-15.2843267388633,1.69523281357872,13
"3arc","0",1,"treat_all",0.98,-23.426490108295,2.54284922036807,13
"3arc","0",1,"treat_all",0.99,-47.8529802165899,5.08569844073615,13
"3arc","0",1,"treat_none",0.01,0,0,13
"3arc","0",1,"treat_none",0.02,0,0,13
"3arc","0",1,"treat_none",0.03,0,0,13
"3arc","0",1,"treat_none",0.04,0,0,13
"3arc","0",1,"treat_none",0.05,0,0,13
"3arc","0",1,"treat_none",0.06,0,0,13
"3arc","0",1,"treat_none",0.07,0,0,13
"3arc","0",1,"treat_none",0.08,0,0,13
"3arc","0",1,"treat_none",0.09,0,0,13
"3arc","0",1,"treat_none",0.1,0,0,13
"3arc","0",1,"treat_none",0.11,0,0,13
"3arc","0",1,"treat_none",0.12,0,0,13
"3arc","0",1,"treat_none",0.13,0,0,13
"3arc","0",1,"treat_none",0.14,0,0,13
"3arc","0",1,"treat_none",0.15,0,0,13
"3arc","0",1,"treat_none",0.16,0,0,13
"3arc","0",1,"treat_none",0.17,0,0,13
"3arc","0",1,"treat_none",0.18,0,0,13
"3arc","0",1,"treat_none",0.19,0,0,13
"3arc","0",1,"treat_none",0.2,0,0,13
"3arc","0",1,"treat_none",0.21,0,0,13
"3arc","0",1,"treat_none",0.22,0,0,13
"3arc","0",1,"treat_none",0.23,0,0,13
"3arc","0",1,"treat_none",0.24,0,0,13
"3arc","0",1,"treat_none",0.25,0,0,13
"3arc","0",1,"treat_none",0.26,0,0,13
"3arc","0",1,"treat_none",0.27,0,0,13
"3arc","0",1,"treat_none",0.28,0,0,13
"3arc","0",1,"treat_none",0.29,0,0,13
"3arc","0",1,"treat_none",0.3,0,0,13
"3arc","0",1,"treat_none",0.31,0,0,13
"3arc","0",1,"treat_none",0.32,0,0,13
"3arc","0",1,"treat_none",0.33,0,0,13
"3arc","0",1,"treat_none",0.34,0,0,13
"3arc","0",1,"treat_none",0.35,0,0,13
"3arc","0",1,"treat_none",0.36,0,0,13
"3arc","0",1,"treat_none",0.37,0,0,13
"3arc","0",1,"treat_none",0.38,0,0,13
"3arc","0",1,"treat_none",0.39,0,0,13
"3arc","0",1,"treat_none",0.4,0,0,13
"3arc","0",1,"treat_none",0.41,0,0,13
"3arc","0",1,"treat_none",0.42,0,0,13
"3arc","0",1,"treat_none",0.43,0,0,13
"3arc","0",1,"treat_none",0.44,0,0,13
"3arc","0",1,"treat_none",0.45,0,0,13
"3arc","0",1,"treat_none",0.46,0,0,13
"3arc","0",1,"treat_none",0.47,0,0,13
"3arc","0",1,"treat_none",0.48,0,0,13
"3arc","0",1,"treat_none",0.49,0,0,13
"3arc","0",1,"treat_none",0.5,0,0,13
"3arc","0",1,"treat_none",0.51,0,0,13
"3arc","0",1,"treat_none",0.52,0,0,13
"3arc","0",1,"treat_none",0.53,0,0,13
"3arc","0",1,"treat_none",0.54,0,0,13
"3arc","0",1,"treat_none",0.55,0,0,13
"3arc","0",1,"treat_none",0.56,0,0,13
"3arc","0",1,"treat_none",0.57,0,0,13
"3arc","0",1,"treat_none",0.58,0,0,13
"3arc","0",1,"treat_none",0.59,0,0,13
"3arc","0",1,"treat_none",0.6,0,0,13
"3arc","0",1,"treat_none",0.61,0,0,13
"3arc","0",1,"treat_none",0.62,0,0,13
"3arc","0",1,"treat_none",0.63,0,0,13
"3arc","0",1,"treat_none",0.64,0,0,13
"3arc","0",1,"treat_none",0.65,0,0,13
"3arc","0",1,"treat_none",0.66,0,0,13
"3arc","0",1,"treat_none",0.67,0,0,13
"3arc","0",1,"treat_none",0.68,0,0,13
"3arc","0",1,"treat_none",0.69,0,0,13
"3arc","0",1,"treat_none",0.7,0,0,13
"3arc","0",1,"treat_none",0.71,0,0,13
"3arc","0",1,"treat_none",0.72,0,0,13
"3arc","0",1,"treat_none",0.73,0,0,13
"3arc","0",1,"treat_none",0.74,0,0,13
"3arc","0",1,"treat_none",0.75,0,0,13
"3arc","0",1,"treat_none",0.76,0,0,13
"3arc","0",1,"treat_none",0.77,0,0,13
"3arc","0",1,"treat_none",0.78,0,0,13
"3arc","0",1,"treat_none",0.79,0,0,13
"3arc","0",1,"treat_none",0.8,0,0,13
"3arc","0",1,"treat_none",0.81,0,0,13
"3arc","0",1,"treat_none",0.82,0,0,13
"3arc","0",1,"treat_none",0.83,0,0,13
"3arc","0",1,"treat_none",0.84,0,0,13
"3arc","0",1,"treat_none",0.85,0,0,13
"3arc","0",1,"treat_none",0.86,0,0,13
"3arc","0",1,"treat_none",0.87,0,0,13
"3arc","0",1,"treat_none",0.88,0,0,13
"3arc","0",1,"treat_none",0.89,0,0,13
"3arc","0",1,"treat_none",0.9,0,0,13
"3arc","0",1,"treat_none",0.91,0,0,13
"3arc","0",1,"treat_none",0.92,0,0,13
"3arc","0",1,"treat_none",0.93,0,0,13
"3arc","0",1,"treat_none",0.94,0,0,13
"3arc","0",1,"treat_none",0.95,0,0,13
"3arc","0",1,"treat_none",0.96,0,0,13
"3arc","0",1,"treat_none",0.97,0,0,13
"3arc","0",1,"treat_none",0.98,0,0,13
"3arc","0",1,"treat_none",0.99,0,0,13
"3arc","0",1.25,"model",0.01,0.469629968163693,0.0442164631274564,5
"3arc","0",1.25,"model",0.02,0.464218029063322,0.0446676515267162,5
"3arc","0",1.25,"model",0.03,0.458694503589748,0.0451281427795689,5
"3arc","0",1.25,"model",0.04,0.453055904668808,0.0455982276001894,5
"3arc","0",1.25,"model",0.05,0.447298598402164,0.0460782089433493,5
"3arc","0",1.25,"model",0.06,0.441418796257506,0.0465684026555126,5
"3arc","0",1.25,"model",0.07,0.429446539123958,0.0478466132257858,5
"3arc","0",1.25,"model",0.08,0.424006241537798,0.049530495791039,5
"3arc","0",1.25,"model",0.09,0.417896926422272,0.050223355871175,5
"3arc","0",1.25,"model",0.1,0.413062783492891,0.0515488749817871,5
"3arc","0",1.25,"model",0.11,0.407633289347679,0.0520120859536456,5
"3arc","0",1.25,"model",0.12,0.401347259778345,0.0527967991049134,5
"3arc","0",1.25,"model",0.13,0.398015404856339,0.0580825750938002,5
"3arc","0",1.25,"model",0.14,0.391712484398156,0.0593092593304693,5
"3arc","0",1.25,"model",0.15,0.388518691934252,0.0603139257891174,5
"3arc","0",1.25,"model",0.16,0.38564933956639,0.0615052896085538,5
"3arc","0",1.25,"model",0.17,0.381871235816047,0.0622405139187294,5
"3arc","0",1.25,"model",0.18,0.378293840961032,0.0631839094782646,5
"3arc","0",1.25,"model",0.19,0.377741084969281,0.062165216411626,5
"3arc","0",1.25,"model",0.2,0.360774216822604,0.0651610319149119,5
"3arc","0",1.25,"model",0.21,0.363403916078477,0.0667463116414304,5
"3arc","0",1.25,"model",0.22,0.357752760978567,0.0680217067494995,5
"3arc","0",1.25,"model",0.23,0.351954822629309,0.0693373065238222,5
"3arc","0",1.25,"model",0.24,0.346004306955071,0.0706945647441457,5
"3arc","0",1.25,"model",0.25,0.346048037983522,0.0708167957458668,5
"3arc","0",1.25,"model",0.26,0.348858619826362,0.0725982389432576,5
"3arc","0",1.25,"model",0.27,0.347656254483475,0.0740802901151412,5
"3arc","0",1.25,"model",0.28,0.3466019643439,0.0705580718969426,5
"3arc","0",1.25,"model",0.29,0.346370893985615,0.0740919476168876,5
"3arc","0",1.25,"model",0.3,0.348882837592515,0.0793078801109205,5
"3arc","0",1.25,"model",0.31,0.343709552615583,0.0814896579087641,5
"3arc","0",1.25,"model",0.32,0.338384112198154,0.0837653496307336,5
"3arc","0",1.25,"model",0.33,0.33993595074481,0.0952309074081999,5
"3arc","0",1.25,"model",0.34,0.337730538170421,0.0922457750478374,5
"3arc","0",1.25,"model",0.35,0.339117692343499,0.0890295040826059,5
"3arc","0",1.25,"model",0.36,0.337530111018014,0.0921299467378745,5
"3arc","0",1.25,"model",0.37,0.33230790089469,0.0945843568120969,5
"3arc","0",1.25,"model",0.38,0.321361676824736,0.101167766846097,5
"3arc","0",1.25,"model",0.39,0.315794265080357,0.103738787103548,5
"3arc","0",1.25,"model",0.4,0.314081676984903,0.0995334997643837,5
"3arc","0",1.25,"model",0.41,0.316377119630263,0.0914735586054228,5
"3arc","0",1.25,"model",0.42,0.328996544180081,0.0943111351847632,5
"3arc","0",1.25,"model",0.43,0.323924792430735,0.0965008136375081,5
"3arc","0",1.25,"model",0.44,0.322947380320652,0.102664568658754,5
"3arc","0",1.25,"model",0.45,0.3281469914901,0.0988860963275122,5
"3arc","0",1.25,"model",0.46,0.338832254961287,0.0853979199783828,5
"3arc","0",1.25,"model",0.47,0.328422737065464,0.0915294713542861,5
"3arc","0",1.25,"model",0.48,0.329861894378023,0.0945477214335248,5
"3arc","0",1.25,"model",0.49,0.325411885184181,0.0960773810258359,5
"3arc","0",1.25,"model",0.5,0.321475119862217,0.099089333056699,5
"3arc","0",1.25,"model",0.51,0.323257734877221,0.0953034735336824,5
"3arc","0",1.25,"model",0.52,0.311658637061863,0.0885166578452502,5
"3arc","0",1.25,"model",0.53,0.313847069578024,0.0868346030361994,5
"3arc","0",1.25,"model",0.54,0.309279531439419,0.0886396327041863,5
"3arc","0",1.25,"model",0.55,0.312394296265264,0.0952752964716721,5
"3arc","0",1.25,"model",0.56,0.307732752747416,0.0974544739721585,5
"3arc","0",1.25,"model",0.57,0.319440357924979,0.10596448720708,5
"3arc","0",1.25,"model",0.58,0.323391917861964,0.1099118085953,5
"3arc","0",1.25,"model",0.59,0.328394544523577,0.123339482030328,5
"3arc","0",1.25,"model",0.6,0.343060792254341,0.136021946966686,5
"3arc","0",1.25,"model",0.61,0.339550413743962,0.140637500024288,5
"3arc","0",1.25,"model",0.62,0.33585527846988,0.14552286631375,5
"3arc","0",1.25,"model",0.63,0.331960406153955,0.150699253863013,5
"3arc","0",1.25,"model",0.64,0.320706294899843,0.158043442455665,5
"3arc","0",1.25,"model",0.65,0.329625418104681,0.161537786728567,5
"3arc","0",1.25,"model",0.66,0.329956518286689,0.138705260290983,5
"3arc","0",1.25,"model",0.67,0.326207543949479,0.144082132734001,5
"3arc","0",1.25,"model",0.68,0.322224258716194,0.149809401553032,5
"3arc","0",1.25,"model",0.69,0.317983987338826,0.155920615969588,5
"3arc","0",1.25,"model",0.7,0.313461031202967,0.162453806357216,5
"3arc","0",1.25,"model",0.71,0.308626147057738,0.169452256862578,5
"3arc","0",1.25,"model",0.72,0.303445914044992,0.176965443568088,5
"3arc","0",1.25,"model",0.73,0.311133523319903,0.183954514050864,5
"3arc","0",1.25,"model",0.74,0.306159073901009,0.192325344312523,5
"3arc","0",1.25,"model",0.75,0.300786668528604,0.201384400336573,5
"3arc","0",1.25,"model",0.76,0.294966562708498,0.211217319614395,5
"3arc","0",1.25,"model",0.77,0.288640360730122,0.221924638816468,5
"3arc","0",1.25,"model",0.78,0.275287436577759,0.229279811225298,5
"3arc","0",1.25,"model",0.79,0.267728857590609,0.242093630191934,5
"3arc","0",1.25,"model",0.8,0.259414420704743,0.25621258675999,5
"3arc","0",1.25,"model",0.81,0.250224779936155,0.271842170169606,5
"3arc","0",1.25,"model",0.82,0.266102137607514,0.302984306081873,5
"3arc","0",1.25,"model",0.83,0.257024432451377,0.323132138798388,5
"3arc","0",1.25,"model",0.84,0.246812014150724,0.345819495893522,5
"3arc","0",1.25,"model",0.85,0.229177334016044,0.369175365857935,5
"3arc","0",1.25,"model",0.86,0.250076804915515,0.322871663950965,5
"3arc","0",1.25,"model",0.87,0.261842816681526,0.2603000781479,5
"3arc","0",1.25,"model",0.88,0.284756939595649,0.18878737924049,5
"3arc","0",1.25,"model",0.89,0.321288926127636,0.109902337886512,5
"3arc","0",1.25,"model",0.9,0.348170646557743,0.0486529494189371,5
"3arc","0",1.25,"model",0.91,0.342110040497137,0.0607770157044974,5
"3arc","0",1.25,"model",0.92,0.32404226597775,0.0698219341031383,5
"3arc","0",1.25,"model",0.93,0.310447795931667,0.0591401705587253,5
"3arc","0",1.25,"model",0.94,0.304892240376111,0.0609903971488216,5
"3arc","0",1.25,"model",0.95,0.284846157426803,0.0450861271640498,5
"3arc","0",1.25,"model",0.96,0.27125168738072,0.0334498417434647,5
"3arc","0",1.25,"model",0.97,0.258048224177256,0.0456845617429573,5
"3arc","0",1.25,"model",0.98,0.238002141227948,0.039071105814118,5
"3arc","0",1.25,"model",0.99,0.182716566587534,0.0501844585541361,5
"3arc","0",1.25,"treat_all",0.01,0.469629968163693,0.0442164631274564,5
"3arc","0",1.25,"treat_all",0.02,0.464218029063322,0.0446676515267162,5
"3arc","0",1.25,"treat_all",0.03,0.458694503589748,0.0451281427795689,5
"3arc","0",1.25,"treat_all",0.04,0.453055904668808,0.0455982276001894,5
"3arc","0",1.25,"treat_all",0.05,0.447298598402164,0.0460782089433493,5
"3arc","0",1.25,"treat_all",0.06,0.441418796257506,0.0465684026555126,5
"3arc","0",1.25,"treat_all",0.07,0.435412546754898,0.0470691381679375,5
"3arc","0",1.25,"treat_all",0.08,0.42927572661093,0.0475807592349803,5
"3arc","0",1.25,"treat_all",0.09,0.423004031298962,0.0481036247210789,5
"3arc","0",1.25,"treat_all",0.1,0.416592964980062,0.0486381094402021,5
"3arc","0",1.25,"treat_all",0.11,0.410037829755119,0.0491846050518897,5
"3arc","0",1.25,"treat_all",0.12,0.403333714184154,0.0497435210183885,5
"3arc","0",1.25,"treat_all",0.13,0.396475481013857,0.0503152856277952,5
"3arc","0",1.25,"treat_all",0.14,0.389457754048902,0.0509003470885835,5
"3arc","0",1.25,"treat_all",0.15,0.382274904096536,0.0514991747013904,5
"3arc","0",1.25,"treat_all",0.16,0.374921033907209,0.0521122601145022,5
"3arc","0",1.25,"treat_all",0.17,0.367389962026573,0.0527401186700986,5
"3arc","0",1.25,"treat_all",0.18,0.359675205465921,0.0533832908490023,5
"3arc","0",1.25,"treat_all",0.19,0.351769961088958,0.0540423438224467,5
"3arc","0",1.25,"treat_all",0.2,0.343667085602569,0.0547178731202273,5
"3arc","0",1.25,"treat_all",0.21,0.335359074027918,0.0554105044255466,5
"3arc","0",1.25,"treat_all",0.22,0.326838036515456,0.0561208955079254,5
"3arc","0",1.25,"treat_all",0.23,0.318095673353319,0.0568497383067297,5
"3arc","0",1.25,"treat_all",0.24,0.309123248002705,0.0575977611791866,5
"3arc","0",1.25,"treat_all",0.25,0.299911557976074,0.0583657313282425,5
"3arc","0",1.25,"treat_all",0.26,0.290450903354129,0.0591544574272728,5
"3arc","0",1.25,"treat_all",0.27,0.280731052715145,0.0599647924605231,5
"3arc","0",1.25,"treat_all",0.28,0.270741206225077,0.0607976368002526,5
"3arc","0",1.25,"treat_all",0.29,0.260469955608529,0.0616539415439181,5
"3arc","0",1.25,"treat_all",0.3,0.249905240688651,0.0625347121374026,5
"3arc","0",1.25,"treat_all",0.31,0.239034302147907,0.063441012313307,5
"3arc","0",1.25,"treat_all",0.32,0.22784363012067,0.064373968376738,5
"3arc","0",1.25,"treat_all",0.33,0.216318908182172,0.0653347738748983,5
"3arc","0",1.25,"treat_all",0.34,0.204444952245539,0.0663246946911846,5
"3arc","0",1.25,"treat_all",0.35,0.192205643818547,0.0673450746095105,5
"3arc","0",1.25,"treat_all",0.36,0.179583857003212,0.0683973414002841,5
"3arc","0",1.25,"treat_all",0.37,0.166561378542945,0.0694830134860029,5
"3arc","0",1.25,"treat_all",0.38,0.153118820132348,0.0706037072519062,5
"3arc","0",1.25,"treat_all",0.39,0.13923552210173,0.0717611450757079,5
"3arc","0",1.25,"treat_all",0.4,0.124889447470093,0.0729571641603031,5
"3arc","0",1.25,"treat_all",0.41,0.110057065223823,0.074193726264715,5
"3arc","0",1.25,"treat_all",0.42,0.0947132215207854,0.0754729284416928,5
"3arc","0",1.25,"treat_all",0.43,0.0788309973369397,0.0767970149055822,5
"3arc","0",1.25,"treat_all",0.44,0.0623815508608136,0.0781683901717533,5
"3arc","0",1.25,"treat_all",0.45,0.0453339426946466,0.0795896336294215,5
"3arc","0",1.25,"treat_all",0.46,0.0276549416334363,0.0810635157336701,5
"3arc","0",1.25,"treat_all",0.47,0.00930880845670865,0.0825930160305318,5
"3arc","0",1.25,"treat_all",0.48,-0.00974294522681618,0.0841813432618882,5
"3arc","0",1.25,"treat_all",0.49,-0.0295418265057733,0.0858319578356507,5
"3arc","0",1.25,"treat_all",0.5,-0.0501326630358888,0.0875485969923637,5
"3arc","0",1.25,"treat_all",0.51,-0.071563941873356,0.0893353030534323,5
"3arc","0",1.25,"treat_all",0.52,-0.0938881906623843,0.0911964552003788,5
"3arc","0",1.25,"treat_all",0.53,-0.117162407484988,0.0931368053110252,5
"3arc","0",1.25,"treat_all",0.54,-0.14144854677814,0.0951615184699605,5
"3arc","0",1.25,"treat_all",0.55,-0.166814070039877,0.0972762188804041,5
"3arc","0",1.25,"treat_all",0.56,-0.193332571631692,0.0994870420367769,5
"3arc","0",1.25,"treat_all",0.57,-0.221084491902196,0.101800694177167,5
"3arc","0",1.25,"treat_all",0.58,-0.250157932185582,0.104224520229004,5
"3arc","0",1.25,"treat_all",0.59,-0.280649589068157,0.106766581698004,5
"3arc","0",1.25,"treat_all",0.6,-0.312665828794861,0.109435746240455,5
"3arc","0",1.25,"treat_all",0.61,-0.346323926969088,0.112241791015851,5
"3arc","0",1.25,"treat_all",0.62,-0.381753503994591,0.115195522358373,5
"3arc","0",1.25,"treat_all",0.63,-0.419098193291742,0.118308914854546,5
"3arc","0",1.25,"treat_all",0.64,-0.458517587549846,0.121595273600505,5
"3arc","0",1.25,"treat_all",0.65,-0.500189518622698,0.125069424274805,5
"3arc","0",1.25,"treat_all",0.66,-0.54431273975866,0.128747936753476,5
"3arc","0",1.25,"treat_all",0.67,-0.591110095508923,0.132649389382369,5
"3arc","0",1.25,"treat_all",0.68,-0.640832285993576,0.136794682800568,5
"3arc","0",1.25,"treat_all",0.69,-0.693762359735305,0.141207414503812,5
"3arc","0",1.25,"treat_all",0.7,-0.750221105059815,0.145914328320606,5
"3arc","0",1.25,"treat_all",0.71,-0.810573556958429,0.150945856883386,5
"3arc","0",1.25,"treat_all",0.72,-0.875236898278373,0.156336780343507,5
"3arc","0",1.25,"treat_all",0.73,-0.944690116733127,0.16212703146734,5
"3arc","0",1.25,"treat_all",0.74,-1.01948589045363,0.168362686523776,5
"3arc","0",1.25,"treat_all",0.75,-1.10026532607178,0.175097193984727,5
"3arc","0",1.25,"treat_all",0.76,-1.18777638132477,0.182392910400758,5
"3arc","0",1.25,"treat_all",0.77,-1.28289709355628,0.190323036939921,5
"3arc","0",1.25,"treat_all",0.78,-1.38666514326338,0.198974084073554,5
"3arc","0",1.25,"treat_all",0.79,-1.50031586437116,0.208449040458009,5
"3arc","0",1.25,"treat_all",0.8,-1.62533165758972,0.218871492480909,5
"3arc","0",1.25,"treat_all",0.81,-1.76350700798918,0.230391044716747,5
"3arc","0",1.25,"treat_all",0.82,-1.91703517509969,0.24319054720101,5
"3arc","0",1.25,"treat_all",0.83,-2.08862547951732,0.257495873506952,5
"3arc","0",1.25,"treat_all",0.84,-2.28166457198715,0.273589365601137,5
"3arc","0",1.25,"treat_all",0.85,-2.50044221011963,0.291828656641212,5
"3arc","0",1.25,"treat_all",0.86,-2.75047379655675,0.312673560687013,5
"3arc","0",1.25,"treat_all",0.87,-3.03897178090726,0.336725373047553,5
"3arc","0",1.25,"treat_all",0.88,-3.37555276264954,0.364785820801515,5
"3arc","0",1.25,"treat_all",0.89,-3.77333028652677,0.397948168147107,5
"3arc","0",1.25,"treat_all",0.9,-4.25066331517944,0.437742984961818,5
"3arc","0",1.25,"treat_all",0.91,-4.83407035019938,0.48638109440202,5
"3arc","0",1.25,"treat_all",0.92,-5.56332914397431,0.547178731202273,5
"3arc","0",1.25,"treat_all",0.93,-6.5009475931135,0.625347121374026,5
"3arc","0",1.25,"treat_all",0.94,-7.75110552529908,0.729571641603031,5
"3arc","0",1.25,"treat_all",0.95,-9.5013266303589,0.875485969923638,5
"3arc","0",1.25,"treat_all",0.96,-12.1266582879486,1.09435746240455,5
"3arc","0",1.25,"treat_all",0.97,-16.5022110505981,1.45914328320606,5
"3arc","0",1.25,"treat_all",0.98,-25.2533165758972,2.18871492480909,5
"3arc","0",1.25,"treat_all",0.99,-51.5066331517944,4.37742984961818,5
"3arc","0",1.25,"treat_none",0.01,0,0,5
"3arc","0",1.25,"treat_none",0.02,0,0,5
"3arc","0",1.25,"treat_none",0.03,0,0,5
"3arc","0",1.25,"treat_none",0.04,0,0,5
"3arc","0",1.25,"treat_none",0.05,0,0,5
"3arc","0",1.25,"treat_none",0.06,0,0,5
"3arc","0",1.25,"treat_none",0.07,0,0,5
"3arc","0",1.25,"treat_none",0.08,0,0,5
"3arc","0",1.25,"treat_none",0.09,0,0,5
"3arc","0",1.25,"treat_none",0.1,0,0,5
"3arc","0",1.25,"treat_none",0.11,0,0,5
"3arc","0",1.25,"treat_none",0.12,0,0,5
"3arc","0",1.25,"treat_none",0.13,0,0,5
"3arc","0",1.25,"treat_none",0.14,0,0,5
"3arc","0",1.25,"treat_none",0.15,0,0,5
"3arc","0",1.25,"treat_none",0.16,0,0,5
"3arc","0",1.25,"treat_none",0.17,0,0,5
"3arc","0",1.25,"treat_none",0.18,0,0,5
"3arc","0",1.25,"treat_none",0.19,0,0,5
"3arc","0",1.25,"treat_none",0.2,0,0,5
"3arc","0",1.25,"treat_none",0.21,0,0,5
"3arc","0",1.25,"treat_none",0.22,0,0,5
"3arc","0",1.25,"treat_none",0.23,0,0,5
"3arc","0",1.25,"treat_none",0.24,0,0,5
"3arc","0",1.25,"treat_none",0.25,0,0,5
"3arc","0",1.25,"treat_none",0.26,0,0,5
"3arc","0",1.25,"treat_none",0.27,0,0,5
"3arc","0",1.25,"treat_none",0.28,0,0,5
"3arc","0",1.25,"treat_none",0.29,0,0,5
"3arc","0",1.25,"treat_none",0.3,0,0,5
"3arc","0",1.25,"treat_none",0.31,0,0,5
"3arc","0",1.25,"treat_none",0.32,0,0,5
"3arc","0",1.25,"treat_none",0.33,0,0,5
"3arc","0",1.25,"treat_none",0.34,0,0,5
"3arc","0",1.25,"treat_none",0.35,0,0,5
"3arc","0",1.25,"treat_none",0.36,0,0,5
"3arc","0",1.25,"treat_none",0.37,0,0,5
"3arc","0",1.25,"treat_none",0.38,0,0,5
"3arc","0",1.25,"treat_none",0.39,0,0,5
"3arc","0",1.25,"treat_none",0.4,0,0,5
"3arc","0",1.25,"treat_none",0.41,0,0,5
"3arc","0",1.25,"treat_none",0.42,0,0,5
"3arc","0",1.25,"treat_none",0.43,0,0,5
"3arc","0",1.25,"treat_none",0.44,0,0,5
"3arc","0",1.25,"treat_none",0.45,0,0,5
"3arc","0",1.25,"treat_none",0.46,0,0,5
"3arc","0",1.25,"treat_none",0.47,0,0,5
"3arc","0",1.25,"treat_none",0.48,0,0,5
"3arc","0",1.25,"treat_none",0.49,0,0,5
"3arc","0",1.25,"treat_none",0.5,0,0,5
"3arc","0",1.25,"treat_none",0.51,0,0,5
"3arc","0",1.25,"treat_none",0.52,0,0,5
"3arc","0",1.25,"treat_none",0.53,0,0,5
"3arc","0",1.25,"treat_none",0.54,0,0,5
"3arc","0",1.25,"treat_none",0.55,0,0,5
"3arc","0",1.25,"treat_none",0.56,0,0,5
"3arc","0",1.25,"treat_none",0.57,0,0,5
"3arc","0",1.25,"treat_none",0.58,0,0,5
"3arc","0",1.25,"treat_none",0.59,0,0,5
"3arc","0",1.25,"treat_none",0.6,0,0,5
"3arc","0",1.25,"treat_none",0.61,0,0,5
"3arc","0",1.25,"treat_none",0.62,0,0,5
"3arc","0",1.25,"treat_none",0.63,0,0,5
"3arc","0",1.25,"treat_none",0.64,0,0,5
"3arc","0",1.25,"treat_none",0.65,0,0,5
"3arc","0",1.25,"treat_none",0.66,0,0,5
"3arc","0",1.25,"treat_none",0.67,0,0,5
"3arc","0",1.25,"treat_none",0.68,0,0,5
"3arc","0",1.25,"treat_none",0.69,0,0,5
"3arc","0",1.25,"treat_none",0.7,0,0,5
"3arc","0",1.25,"treat_none",0.71,0,0,5
"3arc","0",1.25,"treat_none",0.72,0,0,5
"3arc","0",1.25,"treat_none",0.73,0,0,5
"3arc","0",1.25,"treat_none",0.74,0,0,5
"3arc","0",1.25,"treat_none",0.75,0,0,5
"3arc","0",1.25,"treat_none",0.76,0,0,5
"3arc","0",1.25,"treat_none",0.77,0,0,5
"3arc","0",1.25,"treat_none",0.78,0,0,5
"3arc","0",1.25,"treat_none",0.79,0,0,5
"3arc","0",1.25,"treat_none",0.8,0,0,5
"3arc","0",1.25,"treat_none",0.81,0,0,5
"3arc","0",1.25,"treat_none",0.82,0,0,5
"3arc","0",1.25,"treat_none",0.83,0,0,5
"3arc","0",1.25,"treat_none",0.84,0,0,5
"3arc","0",1.25,"treat_none",0.85,0,0,5
"3arc","0",1.25,"treat_none",0.86,0,0,5
"3arc","0",1.25,"treat_none",0.87,0,0,5
"3arc","0",1.25,"treat_none",0.88,0,0,5
"3arc","0",1.25,"treat_none",0.89,0,0,5
"3arc","0",1.25,"treat_none",0.9,0,0,5
"3arc","0",1.25,"treat_none",0.91,0,0,5
"3arc","0",1.25,"treat_none",0.92,0,0,5
"3arc","0",1.25,"treat_none",0.93,0,0,5
"3arc","0",1.25,"treat_none",0.94,0,0,5
"3arc","0",1.25,"treat_none",0.95,0,0,5
"3arc","0",1.25,"treat_none",0.96,0,0,5
"3arc","0",1.25,"treat_none",0.97,0,0,5
"3arc","0",1.25,"treat_none",0.98,0,0,5
"3arc","0",1.25,"treat_none",0.99,0,0,5
"3arc","0",1.5,"model",0.01,0.425808086593973,0.0850925126017461,3
"3arc","0",1.5,"model",0.02,0.419948985436768,0.0859608035466619,3
"3arc","0",1.5,"model",0.03,0.414448579388766,0.0861419071057779,3
"3arc","0",1.5,"model",0.04,0.409230406944922,0.086303719763483,3
"3arc","0",1.5,"model",0.05,0.404172821789839,0.0856500686760098,3
"3arc","0",1.5,"model",0.06,0.398347889037032,0.0859511977264236,3
"3arc","0",1.5,"model",0.07,0.393262847731637,0.0875935674533169,3
"3arc","0",1.5,"model",0.08,0.388145794212528,0.0880462423332357,3
"3arc","0",1.5,"model",0.09,0.38636073515212,0.0927536439061219,3
"3arc","0",1.5,"model",0.1,0.382058952066971,0.0958277227404249,3
"3arc","0",1.5,"model",0.11,0.377456264215498,0.0958121954346635,3
"3arc","0",1.5,"model",0.12,0.371868067778252,0.0970394674466557,3
"3arc","0",1.5,"model",0.13,0.358399469070597,0.109283891415086,3
"3arc","0",1.5,"model",0.14,0.360045682173207,0.109460520852445,3
"3arc","0",1.5,"model",0.15,0.357737000172964,0.108504444414344,3
"3arc","0",1.5,"model",0.16,0.352494058302284,0.109530234384531,3
"3arc","0",1.5,"model",0.17,0.353838679267419,0.103491099464135,3
"3arc","0",1.5,"model",0.18,0.356837082633629,0.102869828060618,3
"3arc","0",1.5,"model",0.19,0.352244422475199,0.103401750043693,3
"3arc","0",1.5,"model",0.2,0.353793867186008,0.0980926595605154,3
"3arc","0",1.5,"model",0.21,0.354950301458884,0.102691884602407,3
"3arc","0",1.5,"model",0.22,0.353989109883256,0.108278598885488,3
"3arc","0",1.5,"model",0.23,0.349868156054432,0.109080344432655,3
"3arc","0",1.5,"model",0.24,0.345638756072217,0.109910440550742,3
"3arc","0",1.5,"model",0.25,0.341296572090477,0.110770143313204,3
"3arc","0",1.5,"model",0.26,0.339560685671351,0.108000018782685,3
"3arc","0",1.5,"model",0.27,0.337989622582783,0.105029808524089,3
"3arc","0",1.5,"model",0.28,0.337279311617724,0.104423002325909,3
"3arc","0",1.5,"model",0.29,0.323403451986982,0.109042440937518,3
"3arc","0",1.5,"model",0.3,0.31892705759128,0.109749103222756,3
"3arc","0",1.5,"model",0.31,0.317803667380042,0.10666923964484,3
"3arc","0",1.5,"model",0.32,0.313227263640019,0.10730133121826,3
"3arc","0",1.5,"model",0.33,0.313205082389633,0.105021847322692,3
"3arc","0",1.5,"model",0.34,0.313470829268744,0.10295498092747,3
"3arc","0",1.5,"model",0.35,0.317257829046121,0.0937301329030142,3
"3arc","0",1.5,"model",0.36,0.317287203574293,0.0893532234785379,3
"3arc","0",1.5,"model",0.37,0.317563603896517,0.0852727311435595,3
"3arc","0",1.5,"model",0.38,0.318098982873797,0.0817535942860339,3
"3arc","0",1.5,"model",0.39,0.324995070135538,0.0720095047100302,3
"3arc","0",1.5,"model",0.4,0.321179720217411,0.0716235633028255,3
"3arc","0",1.5,"model",0.41,0.30574078353019,0.0520979543213591,3
"3arc","0",1.5,"model",0.42,0.307273548470352,0.0513831375396257,3
"3arc","0",1.5,"model",0.43,0.303284139244127,0.0519479970911934,3
"3arc","0",1.5,"model",0.44,0.305243059533356,0.0551073931497152,3
"3arc","0",1.5,"model",0.45,0.301212607227042,0.0567356680200468,3
"3arc","0",1.5,"model",0.46,0.306824279505381,0.0697344561460842,3
"3arc","0",1.5,"model",0.47,0.311334084101935,0.0575697517144137,3
"3arc","0",1.5,"model",0.48,0.307592434296524,0.0589360238006232,3
"3arc","0",1.5,"model",0.49,0.314747550985109,0.0746286414317804,3
"3arc","0",1.5,"model",0.5,0.311154389582617,0.0763980306686902,3
"3arc","0",1.5,"model",0.51,0.329290511026269,0.0798977126501006,3
"3arc","0",1.5,"model",0.52,0.326288489199476,0.0814062440981678,3
"3arc","0",1.5,"model",0.53,0.323158721763032,0.0830681105135312,3
"3arc","0",1.5,"model",0.54,0.319892877481525,0.084893542800677,3
"3arc","0",1.5,"model",0.55,0.316481884565285,0.0868933807726332,3
"3arc","0",1.5,"model",0.56,0.327544895628296,0.110357928917864,3
"3arc","0",1.5,"model",0.57,0.316668576010998,0.113888250050232,3
"3arc","0",1.5,"model",0.58,0.326547341738085,0.0987353603196831,3
"3arc","0",1.5,"model",0.59,0.337372574550582,0.0839218435790032,3
"3arc","0",1.5,"model",0.6,0.33492954519418,0.0846509041559541,3
"3arc","0",1.5,"model",0.61,0.32283742275723,0.0973648797706928,3
"3arc","0",1.5,"model",0.62,0.32013393548024,0.0986718905209379,3
"3arc","0",1.5,"model",0.63,0.353071825405426,0.113193323097458,3
"3arc","0",1.5,"model",0.64,0.343889885990929,0.120352338571421,3
"3arc","0",1.5,"model",0.65,0.36006524502343,0.108057037081622,3
"3arc","0",1.5,"model",0.66,0.359264924895379,0.108528152113564,3
"3arc","0",1.5,"model",0.67,0.358416100517143,0.109044852580565,3
"3arc","0",1.5,"model",0.68,0.357514224615267,0.109612786412909,3
"3arc","0",1.5,"model",0.69,0.356554163171335,0.110238471278779,3
"3arc","0",1.5,"model",0.7,0.35553009763114,0.110929456366451,3
"3arc","0",1.5,"model",0.71,0.354435406881277,0.111694519769922,3
"3arc","0",1.5,"model",0.72,0.341768271061432,0.0927205625417782,3
"3arc","0",1.5,"model",0.73,0.340508507896907,0.0936345606677595,3
"3arc","0",1.5,"model",0.74,0.339151839873572,0.0946652536161333,3
"3arc","0",1.5,"model",0.75,0.337686638408371,0.0958306824464794,3
"3arc","0",1.5,"model",0.76,0.336099336821069,0.0971522808323432,3
"3arc","0",1.5,"model",0.77,0.334374009008785,0.0986556418522286,3
"3arc","0",1.5,"model",0.78,0.332491833213565,0.100371492190155,3
"3arc","0",1.5,"model",0.79,0.330430402580706,0.10233694111277,3
"3arc","0",1.5,"model",0.8,0.328162828884561,0.104597097973049,3
"3arc","0",1.5,"model",0.81,0.325656563220401,0.107207190789887,3
"3arc","0",1.5,"model",0.82,0.307367947624563,0.122107549732123,3
"3arc","0",1.5,"model",0.83,0.304255591571031,0.124725604855279,3
"3arc","0",1.5,"model",0.84,0.300754191010807,0.127878651054044,3
"3arc","0",1.5,"model",0.85,0.28529168416899,0.111879873781471,3
"3arc","0",1.5,"model",0.86,0.269262283903136,0.0970492143781685,3
"3arc","0",1.5,"model",0.87,0.254505612003607,0.115406951460514,3
"3arc","0",1.5,"model",0.88,0.229154415040542,0.107135586251988,3
"3arc","0",1.5,"model",0.89,0.291243746897315,0.0911088052440274,3
"3arc","0",1.5,"model",0.9,0.279749494023752,0.0827614000816579,3
"3arc","0",1.5,"model",0.91,0.270225684499943,0.0729279267911796,3
"3arc","0",1.5,"model",0.92,0.270225684499943,0.0729279267911796,3
"3arc","0",1.5,"model",0.93,0.250979493641883,0.0787530439447671,3
"3arc","0",1.5,"model",0.94,0.241455684118074,0.0683037452329777,3
"3arc","0",1.5,"model",0.95,0.241455684118074,0.0683037452329777,3
"3arc","0",1.5,"model",0.96,0.214656127085959,0.0692206766129285,3
"3arc","0",1.5,"model",0.97,0.197380379577653,0.0798237446918592,3
"3arc","0",1.5,"model",0.98,0.162630312750601,0.102668025979431,3
"3arc","0",1.5,"model",0.99,0.147126436781609,0.129084093253944,3
"3arc","0",1.5,"treat_all",0.01,0.425808086593973,0.0850925126017461,3
"3arc","0",1.5,"treat_all",0.02,0.419948985436768,0.0859608035466619,3
"3arc","0",1.5,"treat_all",0.03,0.413969078070137,0.0868469973976585,3
"3arc","0",1.5,"treat_all",0.04,0.407864589300034,0.0877516536205507,3
"3arc","0",1.5,"treat_all",0.05,0.401631584976877,0.0886753552376091,3
"3arc","0",1.5,"treat_all",0.06,0.395265963540461,0.0896187100805624,3
"3arc","0",1.5,"treat_all",0.07,0.38876344701939,0.0905823521244394,3
"3arc","0",1.5,"treat_all",0.08,0.382119571443514,0.0915669429084007,3
"3arc","0",1.5,"treat_all",0.09,0.375329676624212,0.0925731730502513,3
"3arc","0",1.5,"treat_all",0.1,0.36838889525337,0.0936017638619208,3
"3arc","0",1.5,"treat_all",0.11,0.361292141267453,0.0946534690738525,3
"3arc","0",1.5,"treat_all",0.12,0.354034097418219,0.0957290766769644,3
"3arc","0",1.5,"treat_all",0.13,0.346609201986245,0.0968294108916422,3
"3arc","0",1.5,"treat_all",0.14,0.33901163456748,0.0979553342741031,3
"3arc","0",1.5,"treat_all",0.15,0.331235300856509,0.0991077499714455,3
"3arc","0",1.5,"treat_all",0.16,0.323273816342896,0.100287604137772,3
"3arc","0",1.5,"treat_all",0.17,0.315120488828955,0.101495888524974,3
"3arc","0",1.5,"treat_all",0.18,0.306768299668333,0.102733643263084,3
"3arc","0",1.5,"treat_all",0.19,0.298209883614856,0.104001959846579,3
"3arc","0",1.5,"treat_all",0.2,0.289437507160041,0.105301984344661,3
"3arc","0",1.5,"treat_all",0.21,0.280443045225358,0.106634920855353,3
"3arc","0",1.5,"treat_all",0.22,0.271217956061581,0.108002035225293,3
"3arc","0",1.5,"treat_all",0.23,0.261753254192251,0.109404659059388,3
"3arc","0",1.5,"treat_all",0.24,0.252039481221096,0.110844194047011,3
"3arc","0",1.5,"treat_all",0.25,0.242066674304044,0.112322116634305,3
"3arc","0",1.5,"treat_all",0.26,0.231824332064909,0.113839983075309,3
"3arc","0",1.5,"treat_all",0.27,0.221301377709634,0.115399434898258,3
"3arc","0",1.5,"treat_all",0.28,0.210486119066712,0.117002204827401,3
"3arc","0",1.5,"treat_all",0.29,0.199366205250751,0.118650123205252,3
"3arc","0",1.5,"treat_all",0.3,0.187928579611476,0.120345124965327,3
"3arc","0",1.5,"treat_all",0.31,0.176159428591352,0.122089257211201,3
"3arc","0",1.5,"treat_all",0.32,0.164044126070637,0.123884687464307,3
"3arc","0",1.5,"treat_all",0.33,0.151567172728407,0.125733712650341,3
"3arc","0",1.5,"treat_all",0.34,0.138712129890959,0.127638768902619,3
"3arc","0",1.5,"treat_all",0.35,0.125461547273897,0.129602442270352,3
"3arc","0",1.5,"treat_all",0.36,0.111796883950052,0.131627480430826,3
"3arc","0",1.5,"treat_all",0.37,0.0976984217905286,0.13371680551703,3
"3arc","0",1.5,"treat_all",0.38,0.0831451705290855,0.135873528186659,3
"3arc","0",1.5,"treat_all",0.39,0.0681147634885787,0.138100963074965,3
"3arc","0",1.5,"treat_all",0.4,0.052583342880055,0.140402645792881,3
"3arc","0",1.5,"treat_all",0.41,0.0365254334373441,0.142782351653777,3
"3arc","0",1.5,"treat_all",0.42,0.0199138029793672,0.145244116337463,3
"3arc","0",1.5,"treat_all",0.43,0.00271930829479479,0.147792258729349,3
"3arc","0",1.5,"treat_all",0.44,-0.0150892754856553,0.150431406206658,3
"3arc","0",1.5,"treat_all",0.45,-0.0335454441308491,0.153166522683143,3
"3arc","0",1.5,"treat_all",0.46,-0.0526851745777167,0.156002939769868,3
"3arc","0",1.5,"treat_all",0.47,-0.0725471590037113,0.158946391463639,3
"3arc","0",1.5,"treat_all",0.48,-0.0931730659076289,0.16200305283794,3
"3arc","0",1.5,"treat_all",0.49,-0.114607831905818,0.165179583285743,3
"3arc","0",1.5,"treat_all",0.5,-0.136899988543934,0.168483174951457,3
"3arc","0",1.5,"treat_all",0.51,-0.160102029126463,0.171921607093324,3
"3arc","0",1.5,"treat_all",0.52,-0.184270821399931,0.175503307241101,3
"3arc","0",1.5,"treat_all",0.53,-0.209468072919079,0.179237420161125,3
"3arc","0",1.5,"treat_all",0.54,-0.235760857112972,0.183133885816802,3
"3arc","0",1.5,"treat_all",0.55,-0.26322220949326,0.187203527723842,3
"3arc","0",1.5,"treat_all",0.56,-0.291931805163561,0.191458153353929,3
"3arc","0",1.5,"treat_all",0.57,-0.32197673086504,0.195910668548206,3
"3arc","0",1.5,"treat_all",0.58,-0.353452367314207,0.200575208275545,3
"3arc","0",1.5,"treat_all",0.59,-0.386463400663334,0.205467286526167,3
"3arc","0",1.5,"treat_all",0.6,-0.421124985679917,0.210603968689322,3
"3arc","0",1.5,"treat_all",0.61,-0.457564087876838,0.216004070450586,3
"3arc","0",1.5,"treat_all",0.62,-0.495921037557808,0.221688388094023,3
"3arc","0",1.5,"treat_all",0.63,-0.536351335870181,0.227679966150618,3
"3arc","0",1.5,"treat_all",0.64,-0.579027761866575,0.234004409654802,3
"3arc","0",1.5,"treat_all",0.65,-0.624142840777049,0.240690249930654,3
"3arc","0",1.5,"treat_all",0.66,-0.671911747858727,0.247769374928614,3
"3arc","0",1.5,"treat_all",0.67,-0.722575740218082,0.255277537805239,3
"3arc","0",1.5,"treat_all",0.68,-0.776406232099897,0.263254960861652,3
"3arc","0",1.5,"treat_all",0.69,-0.833709658941829,0.271747056373318,3
"3arc","0",1.5,"treat_all",0.7,-0.89483331423989,0.280805291585762,3
"3arc","0",1.5,"treat_all",0.71,-0.960172394041266,0.290488232674927,3
"3arc","0",1.5,"treat_all",0.72,-1.03017855097131,0.300862812413317,3
"3arc","0",1.5,"treat_all",0.73,-1.10537034915543,0.312005879539736,3
"3arc","0",1.5,"treat_all",0.74,-1.18634613181526,0.32400610567588,3
"3arc","0",1.5,"treat_all",0.75,-1.27379997708787,0.336966349902915,3
"3arc","0",1.5,"treat_all",0.76,-1.36854164279986,0.351006614482203,3
"3arc","0",1.5,"treat_all",0.77,-1.47152171422594,0.366267771633603,3
"3arc","0",1.5,"treat_all",0.78,-1.58386361032712,0.382916306707858,3
"3arc","0",1.5,"treat_all",0.79,-1.70690473462841,0.401150416551089,3
"3arc","0",1.5,"treat_all",0.8,-1.84224997135984,0.421207937378643,3
"3arc","0",1.5,"treat_all",0.81,-1.99184207511562,0.443376776188046,3
"3arc","0",1.5,"treat_all",0.82,-2.15805552373315,0.468008819309604,3
"3arc","0",1.5,"treat_all",0.83,-2.34382349571745,0.495538749857228,3
"3arc","0",1.5,"treat_all",0.84,-2.5528124641998,0.526509921723305,3
"3arc","0",1.5,"treat_all",0.85,-2.78966662847978,0.561610583171525,3
"3arc","0",1.5,"treat_all",0.86,-3.06035710194262,0.601725624826633,3
"3arc","0",1.5,"treat_all",0.87,-3.37269226363051,0.648012211351759,3
"3arc","0",1.5,"treat_all",0.88,-3.73708328559973,0.702013228964406,3
"3arc","0",1.5,"treat_all",0.89,-4.16772722065425,0.765832613415716,3
"3arc","0",1.5,"treat_all",0.9,-4.68449994271967,0.842415874757288,3
"3arc","0",1.5,"treat_all",0.91,-5.3161110474663,0.936017638619208,3
"3arc","0",1.5,"treat_all",0.92,-6.10562492839959,1.05301984344661,3
"3arc","0",1.5,"treat_all",0.93,-7.12071420388525,1.20345124965327,3
"3arc","0",1.5,"treat_all",0.94,-8.47416657119946,1.40402645792881,3
"3arc","0",1.5,"treat_all",0.95,-10.3689998854394,1.68483174951458,3
"3arc","0",1.5,"treat_all",0.96,-13.2112498567992,2.10603968689322,3
"3arc","0",1.5,"treat_all",0.97,-17.9483331423989,2.80805291585762,3
"3arc","0",1.5,"treat_all",0.98,-27.4224997135983,4.21207937378643,3
"3arc","0",1.5,"treat_all",0.99,-55.8449994271966,8.42415874757286,3
"3arc","0",1.5,"treat_none",0.01,0,0,3
"3arc","0",1.5,"treat_none",0.02,0,0,3
"3arc","0",1.5,"treat_none",0.03,0,0,3
"3arc","0",1.5,"treat_none",0.04,0,0,3
"3arc","0",1.5,"treat_none",0.05,0,0,3
"3arc","0",1.5,"treat_none",0.06,0,0,3
"3arc","0",1.5,"treat_none",0.07,0,0,3
"3arc","0",1.5,"treat_none",0.08,0,0,3
"3arc","0",1.5,"treat_none",0.09,0,0,3
"3arc","0",1.5,"treat_none",0.1,0,0,3
"3arc","0",1.5,"treat_none",0.11,0,0,3
"3arc","0",1.5,"treat_none",0.12,0,0,3
"3arc","0",1.5,"treat_none",0.13,0,0,3
"3arc","0",1.5,"treat_none",0.14,0,0,3
"3arc","0",1.5,"treat_none",0.15,0,0,3
"3arc","0",1.5,"treat_none",0.16,0,0,3
"3arc","0",1.5,"treat_none",0.17,0,0,3
"3arc","0",1.5,"treat_none",0.18,0,0,3
"3arc","0",1.5,"treat_none",0.19,0,0,3
"3arc","0",1.5,"treat_none",0.2,0,0,3
"3arc","0",1.5,"treat_none",0.21,0,0,3
"3arc","0",1.5,"treat_none",0.22,0,0,3
"3arc","0",1.5,"treat_none",0.23,0,0,3
"3arc","0",1.5,"treat_none",0.24,0,0,3
"3arc","0",1.5,"treat_none",0.25,0,0,3
"3arc","0",1.5,"treat_none",0.26,0,0,3
"3arc","0",1.5,"treat_none",0.27,0,0,3
"3arc","0",1.5,"treat_none",0.28,0,0,3
"3arc","0",1.5,"treat_none",0.29,0,0,3
"3arc","0",1.5,"treat_none",0.3,0,0,3
"3arc","0",1.5,"treat_none",0.31,0,0,3
"3arc","0",1.5,"treat_none",0.32,0,0,3
"3arc","0",1.5,"treat_none",0.33,0,0,3
"3arc","0",1.5,"treat_none",0.34,0,0,3
"3arc","0",1.5,"treat_none",0.35,0,0,3
"3arc","0",1.5,"treat_none",0.36,0,0,3
"3arc","0",1.5,"treat_none",0.37,0,0,3
"3arc","0",1.5,"treat_none",0.38,0,0,3
"3arc","0",1.5,"treat_none",0.39,0,0,3
"3arc","0",1.5,"treat_none",0.4,0,0,3
"3arc","0",1.5,"treat_none",0.41,0,0,3
"3arc","0",1.5,"treat_none",0.42,0,0,3
"3arc","0",1.5,"treat_none",0.43,0,0,3
"3arc","0",1.5,"treat_none",0.44,0,0,3
"3arc","0",1.5,"treat_none",0.45,0,0,3
"3arc","0",1.5,"treat_none",0.46,0,0,3
"3arc","0",1.5,"treat_none",0.47,0,0,3
"3arc","0",1.5,"treat_none",0.48,0,0,3
"3arc","0",1.5,"treat_none",0.49,0,0,3
"3arc","0",1.5,"treat_none",0.5,0,0,3
"3arc","0",1.5,"treat_none",0.51,0,0,3
"3arc","0",1.5,"treat_none",0.52,0,0,3
"3arc","0",1.5,"treat_none",0.53,0,0,3
"3arc","0",1.5,"treat_none",0.54,0,0,3
"3arc","0",1.5,"treat_none",0.55,0,0,3
"3arc","0",1.5,"treat_none",0.56,0,0,3
"3arc","0",1.5,"treat_none",0.57,0,0,3
"3arc","0",1.5,"treat_none",0.58,0,0,3
"3arc","0",1.5,"treat_none",0.59,0,0,3
"3arc","0",1.5,"treat_none",0.6,0,0,3
"3arc","0",1.5,"treat_none",0.61,0,0,3
"3arc","0",1.5,"treat_none",0.62,0,0,3
"3arc","0",1.5,"treat_none",0.63,0,0,3
"3arc","0",1.5,"treat_none",0.64,0,0,3
"3arc","0",1.5,"treat_none",0.65,0,0,3
"3arc","0",1.5,"treat_none",0.66,0,0,3
"3arc","0",1.5,"treat_none",0.67,0,0,3
"3arc","0",1.5,"treat_none",0.68,0,0,3
"3arc","0",1.5,"treat_none",0.69,0,0,3
"3arc","0",1.5,"treat_none",0.7,0,0,3
"3arc","0",1.5,"treat_none",0.71,0,0,3
"3arc","0",1.5,"treat_none",0.72,0,0,3
"3arc","0",1.5,"treat_none",0.73,0,0,3
"3arc","0",1.5,"treat_none",0.74,0,0,3
"3arc","0",1.5,"treat_none",0.75,0,0,3
"3arc","0",1.5,"treat_none",0.76,0,0,3
"3arc","0",1.5,"treat_none",0.77,0,0,3
"3arc","0",1.5,"treat_none",0.78,0,0,3
"3arc","0",1.5,"treat_none",0.79,0,0,3
"3arc","0",1.5,"treat_none",0.8,0,0,3
"3arc","0",1.5,"treat_none",0.81,0,0,3
"3arc","0",1.5,"treat_none",0.82,0,0,3
"3arc","0",1.5,"treat_none",0.83,0,0,3
"3arc","0",1.5,"treat_none",0.84,0,0,3
"3arc","0",1.5,"treat_none",0.85,0,0,3
"3arc","0",1.5,"treat_none",0.86,0,0,3
"3arc","0",1.5,"treat_none",0.87,0,0,3
"3arc","0",1.5,"treat_none",0.88,0,0,3
"3arc","0",1.5,"treat_none",0.89,0,0,3
"3arc","0",1.5,"treat_none",0.9,0,0,3
"3arc","0",1.5,"treat_none",0.91,0,0,3
"3arc","0",1.5,"treat_none",0.92,0,0,3
"3arc","0",1.5,"treat_none",0.93,0,0,3
"3arc","0",1.5,"treat_none",0.94,0,0,3
"3arc","0",1.5,"treat_none",0.95,0,0,3
"3arc","0",1.5,"treat_none",0.96,0,0,3
"3arc","0",1.5,"treat_none",0.97,0,0,3
"3arc","0",1.5,"treat_none",0.98,0,0,3
"3arc","0",1.5,"treat_none",0.99,0,0,3
"3arc","0",1.75,"model",0.01,0.36986905419628,0.023202321335447,5
"3arc","0",1.75,"model",0.02,0.363439146586038,0.0234390797164209,5
"3arc","0",1.75,"model",0.03,0.356876663561152,0.0236807197134974,5
"3arc","0",1.75,"model",0.04,0.350380714172434,0.0238173483056292,5
"3arc","0",1.75,"model",0.05,0.34385070371828,0.0239168229972311,5
"3arc","0",1.75,"model",0.06,0.339383533190378,0.0213441871768842,5
"3arc","0",1.75,"model",0.07,0.33392534556972,0.0212379627337308,5
"3arc","0",1.75,"model",0.08,0.329133814781524,0.0218242964720813,5
"3arc","0",1.75,"model",0.09,0.323713814574879,0.0228614943380461,5
"3arc","0",1.75,"model",0.1,0.320116689757255,0.0244439779205111,5
"3arc","0",1.75,"model",0.11,0.316281791220852,0.0244000464228814,5
"3arc","0",1.75,"model",0.12,0.311414090635703,0.0239650769076082,5
"3arc","0",1.75,"model",0.13,0.308996053155232,0.0257421534315257,5
"3arc","0",1.75,"model",0.14,0.304679234747599,0.027693148859835,5
"3arc","0",1.75,"model",0.15,0.290002846206123,0.0227266477736876,5
"3arc","0",1.75,"model",0.16,0.287859131312276,0.0279120567378871,5
"3arc","0",1.75,"model",0.17,0.284000070228939,0.0274634007513709,5
"3arc","0",1.75,"model",0.18,0.275168161831802,0.0182617314702641,5
"3arc","0",1.75,"model",0.19,0.274052677276183,0.0204155951556699,5
"3arc","0",1.75,"model",0.2,0.274730094466937,0.0235169958702245,5
"3arc","0",1.75,"model",0.21,0.273359574296348,0.0261968967564227,5
"3arc","0",1.75,"model",0.22,0.270805210501073,0.0272677305506954,5
"3arc","0",1.75,"model",0.23,0.268165706390703,0.0282608285072201,5
"3arc","0",1.75,"model",0.24,0.270835288171955,0.0270796389715294,5
"3arc","0",1.75,"model",0.25,0.272838885547486,0.0300975818514649,5
"3arc","0",1.75,"model",0.26,0.279005706155899,0.0337149923965429,5
"3arc","0",1.75,"model",0.27,0.282279451136609,0.0331372078059246,5
"3arc","0",1.75,"model",0.28,0.282432567670052,0.032059429497728,5
"3arc","0",1.75,"model",0.29,0.282977841675341,0.0367442855908443,5
"3arc","0",1.75,"model",0.3,0.2813302016768,0.0356894361580316,5
"3arc","0",1.75,"model",0.31,0.286687357776268,0.0340929851633042,5
"3arc","0",1.75,"model",0.32,0.287678761370523,0.0319765367278887,5
"3arc","0",1.75,"model",0.33,0.287085819231892,0.0344186646675979,5
"3arc","0",1.75,"model",0.34,0.283923075018885,0.0358443360857916,5
"3arc","0",1.75,"model",0.35,0.288957673444688,0.0374497435973634,5
"3arc","0",1.75,"model",0.36,0.28870993683253,0.033998228417535,5
"3arc","0",1.75,"model",0.37,0.294791316229057,0.0404782486072437,5
"3arc","0",1.75,"model",0.38,0.301636392787165,0.0524058702330234,5
"3arc","0",1.75,"model",0.39,0.3086822221179,0.0464750197977459,5
"3arc","0",1.75,"model",0.4,0.301783311539409,0.0556821833338115,5
"3arc","0",1.75,"model",0.41,0.299693945951643,0.0574599088189306,5
"3arc","0",1.75,"model",0.42,0.297532533274643,0.0593072235930081,5
"3arc","0",1.75,"model",0.43,0.306814311513318,0.058871867726956,5
"3arc","0",1.75,"model",0.44,0.304975522979374,0.0606917887190931,5
"3arc","0",1.75,"model",0.45,0.306788877672295,0.0600649849927143,5
"3arc","0",1.75,"model",0.46,0.304965689946434,0.0620105057751557,5
"3arc","0",1.75,"model",0.47,0.312408360081962,0.0665406495256843,5
"3arc","0",1.75,"model",0.48,0.310825545870475,0.0686496062515145,5
"3arc","0",1.75,"model",0.49,0.30918066051344,0.070846912923837,5
"3arc","0",1.75,"model",0.5,0.302341774613918,0.0694283659016668,5
"3arc","0",1.75,"model",0.51,0.305292253440062,0.0700963687936068,5
"3arc","0",1.75,"model",0.52,0.308915373244642,0.0617395422285075,5
"3arc","0",1.75,"model",0.53,0.307399466491865,0.0638401264260052,5
"3arc","0",1.75,"model",0.54,0.305817650749838,0.0660419566352507,5
"3arc","0",1.75,"model",0.55,0.304165532085943,0.0683514123903376,5
"3arc","0",1.75,"model",0.56,0.302438317119143,0.0707754672686698,5
"3arc","0",1.75,"model",0.57,0.301833859386775,0.0544386034228796,5
"3arc","0",1.75,"model",0.58,0.297138078010992,0.0439239630936075,5
"3arc","0",1.75,"model",0.59,0.303292450476144,0.0501612984507571,5
"3arc","0",1.75,"model",0.6,0.302122962617186,0.051939728934887,5
"3arc","0",1.75,"model",0.61,0.300893501021871,0.0538210661762919,5
"3arc","0",1.75,"model",0.62,0.296874392188898,0.0582506563786756,5
"3arc","0",1.75,"model",0.63,0.295833556744982,0.0604701905188542,5
"3arc","0",1.75,"model",0.64,0.294734897109737,0.0628215008082479,5
"3arc","0",1.75,"model",0.65,0.293573456923906,0.0653156059769312,5
"3arc","0",1.75,"model",0.66,0.292343696727145,0.067964829726494,5
"3arc","0",1.75,"model",0.67,0.291039405609367,0.0707829983397752,5
"3arc","0",1.75,"model",0.68,0.289653596296728,0.073785675321952,5
"3arc","0",1.75,"model",0.69,0.288178379931662,0.0769904414380269,5
"3arc","0",1.75,"model",0.7,0.286604815808924,0.0804172307421546,5
"3arc","0",1.75,"model",0.71,0.284922730022549,0.0840887361168543,5
"3arc","0",1.75,"model",0.72,0.283120495251432,0.0880309017021801,5
"3arc","0",1.75,"model",0.73,0.281184761608382,0.0922735247443053,5
"3arc","0",1.75,"model",0.74,0.279100125377404,0.0968509963248567,5
"3arc","0",1.75,"model",0.75,0.291482864589411,0.0698239150436711,5
"3arc","0",1.75,"model",0.76,0.305304002800794,0.0407210306193632,5
"3arc","0",1.75,"model",0.77,0.304420298311575,0.0425057623551107,5
"3arc","0",1.75,"model",0.78,0.303456257050609,0.0444711958098881,5
"3arc","0",1.75,"model",0.79,0.297137244441481,0.042327895606259,5
"3arc","0",1.75,"model",0.8,0.291097755475162,0.0553026729794479,5
"3arc","0",1.75,"model",0.81,0.289814058427666,0.0580916058532194,5
"3arc","0",1.75,"model",0.82,0.272868160223744,0.0525534956506787,5
"3arc","0",1.75,"model",0.83,0.289962177317761,0.021392684762285,5
"3arc","0",1.75,"model",0.84,0.279570814294819,0.0273950206716948,5
"3arc","0",1.75,"model",0.85,0.275025359749365,0.0259479478519914,5
"3arc","0",1.75,"model",0.86,0.265216747309173,0.0262926304961188,5
"3arc","0",1.75,"model",0.87,0.256125838218264,0.0380836017863185,5
"3arc","0",1.75,"model",0.88,0.250862680323528,0.0339127915818933,5
"3arc","0",1.75,"model",0.89,0.250862680323528,0.0339127915818933,5
"3arc","0",1.75,"model",0.9,0.240336364534054,0.0371555618897219,5
"3arc","0",1.75,"model",0.91,0.240336364534054,0.0371555618897219,5
"3arc","0",1.75,"model",0.92,0.220656450951701,0.0429578951451938,5
"3arc","0",1.75,"model",0.93,0.215393293056964,0.0377446073888897,5
"3arc","0",1.75,"model",0.94,0.210515244276477,0.0299752844166225,5
"3arc","0",1.75,"model",0.95,0.195245832473047,0.0271573097410921,5
"3arc","0",1.75,"model",0.96,0.159641492439952,0.0301602178167722,5
"3arc","0",1.75,"model",0.97,0.144569722105024,0.0339603800512748,5
"3arc","0",1.75,"model",0.98,0.113125727503134,0.0552327603699536,5
"3arc","0",1.75,"model",0.99,0.0640724914794234,0.0356612258307165,5
"3arc","0",1.75,"treat_all",0.01,0.36986905419628,0.023202321335447,5
"3arc","0",1.75,"treat_all",0.02,0.363439146586038,0.0234390797164209,5
"3arc","0",1.75,"treat_all",0.03,0.356876663561152,0.0236807197134974,5
"3arc","0",1.75,"treat_all",0.04,0.350177462139914,0.0239273938771797,5
"3arc","0",1.75,"treat_all",0.05,0.343337224899281,0.02417926118115,5
"3arc","0",1.75,"treat_all",0.06,0.336351450696082,0.0244364873639282,5
"3arc","0",1.75,"treat_all",0.07,0.329215444789589,0.0246992452925726,5
"3arc","0",1.75,"treat_all",0.08,0.32192430831991,0.0249677153501005,5
"3arc","0",1.75,"treat_all",0.09,0.314472927092657,0.0252420858484533,5
"3arc","0",1.75,"treat_all",0.1,0.306855959615908,0.0255225534689917,5
"3arc","0",1.75,"treat_all",0.11,0.299067824330694,0.0258093237326882,5
"3arc","0",1.75,"treat_all",0.12,0.291102685970815,0.0261026115023778,5
"3arc","0",1.75,"treat_all",0.13,0.282954440981974,0.0264026415196466,5
"3arc","0",1.75,"treat_all",0.14,0.274616701923625,0.0267096489791773,5
"3arc","0",1.75,"treat_all",0.15,0.266082780769785,0.0270238801436382,5
"3arc","0",1.75,"treat_all",0.16,0.257345671017045,0.0273455930024911,5
"3arc","0",1.75,"treat_all",0.17,0.248398028499178,0.0276750579784247,5
"3arc","0",1.75,"treat_all",0.18,0.239232150797948,0.0280125586854786,5
"3arc","0",1.75,"treat_all",0.19,0.229839955128787,0.0283583927433241,5
"3arc","0",1.75,"treat_all",0.2,0.220212954567897,0.0287128726526156,5
"3arc","0",1.75,"treat_all",0.21,0.21034223247382,0.0290763267368259,5
"3arc","0",1.75,"treat_all",0.22,0.200218414941433,0.0294491001565289,5
"3arc","0",1.75,"treat_all",0.23,0.189831641109503,0.0298315560027175,5
"3arc","0",1.75,"treat_all",0.24,0.179171531124102,0.0302240764764375,5
"3arc","0",1.75,"treat_all",0.25,0.16822715153909,0.03062706416279,5
"3arc","0",1.75,"treat_all",0.26,0.15698697791124,0.0310409434082331,5
"3arc","0",1.75,"treat_all",0.27,0.145438854320983,0.0314661618110856,5
"3arc","0",1.75,"treat_all",0.28,0.133569949519885,0.0319031918362396,5
"3arc","0",1.75,"treat_all",0.29,0.121366709372278,0.0323525325663275,5
"3arc","0",1.75,"treat_all",0.3,0.108814805220453,0.0328147116029893,5
"3arc","0",1.75,"treat_all",0.31,0.0958990777598803,0.0332902871334674,5
"3arc","0",1.75,"treat_all",0.32,0.0826034759622315,0.0337798501795478,5
"3arc","0",1.75,"treat_all",0.33,0.0689109905288319,0.0342840270478993,5
"3arc","0",1.75,"treat_all",0.34,0.0548035812944203,0.0348034820031705,5
"3arc","0",1.75,"treat_all",0.35,0.0402620979297191,0.0353389201878346,5
"3arc","0",1.75,"treat_all",0.36,0.0252661932098709,0.0358910908157695,5
"3arc","0",1.75,"treat_all",0.37,0.00979422802272607,0.0364607906699881,5
"3arc","0",1.75,"treat_all",0.38,-0.00617683281561704,0.0370488679388589,5
"3arc","0",1.75,"treat_all",0.39,-0.0226715349929223,0.0376562264296598,5
"3arc","0",1.75,"treat_all",0.4,-0.0397160605761377,0.0382838302034875,5
"3arc","0",1.75,"treat_all",0.41,-0.0573383666875976,0.0389327086815127,5
"3arc","0",1.75,"treat_all",0.42,-0.075568338527039,0.0396039622794698,5
"3arc","0",1.75,"treat_all",0.43,-0.0944379585011974,0.04029876863525,5
"3arc","0",1.75,"treat_all",0.44,-0.113981493474433,0.0410183895037366,5
"3arc","0",1.75,"treat_all",0.45,-0.134235702446696,0.0417641784038046,5
"3arc","0",1.75,"treat_all",0.46,-0.15524006730682,0.0425375891149861,5
"3arc","0",1.75,"treat_all",0.47,-0.177037049708835,0.0433401851360236,5
"3arc","0",1.75,"treat_all",0.48,-0.199672377587851,0.0441736502347933,5
"3arc","0",1.75,"treat_all",0.49,-0.223195365383691,0.0450398002393971,5
"3arc","0",1.75,"treat_all",0.5,-0.247659272691365,0.045940596244185,5
"3arc","0",1.75,"treat_all",0.51,-0.273121706827924,0.0468781594328419,5
"3arc","0",1.75,"treat_all",0.52,-0.299645075720172,0.0478547877543594,5
"3arc","0",1.75,"treat_all",0.53,-0.327297098607835,0.0488729747278564,5
"3arc","0",1.75,"treat_all",0.54,-0.35615138336018,0.0499354307002011,5
"3arc","0",1.75,"treat_all",0.55,-0.386288080768184,0.0510451069379834,5
"3arc","0",1.75,"treat_all",0.56,-0.41779462805837,0.0522052230047557,5
"3arc","0",1.75,"treat_all",0.57,-0.45076659615275,0.0534192979583546,5
"3arc","0",1.75,"treat_all",0.58,-0.485308657965911,0.0546911860049821,5
"3arc","0",1.75,"treat_all",0.59,-0.521535698404104,0.0560251173709573,5
"3arc","0",1.75,"treat_all",0.6,-0.559574090864206,0.0574257453052313,5
"3arc","0",1.75,"treat_all",0.61,-0.599563170117135,0.0588982003130577,5
"3arc","0",1.75,"treat_all",0.62,-0.641656937751796,0.060448152952875,5
"3arc","0",1.75,"treat_all",0.63,-0.68602604417752,0.0620818868164662,5
"3arc","0",1.75,"treat_all",0.64,-0.732860100960229,0.0638063836724792,5
"3arc","0",1.75,"treat_all",0.65,-0.782370389559093,0.0656294232059787,5
"3arc","0",1.75,"treat_all",0.66,-0.834793048075537,0.0675597003590957,5
"3arc","0",1.75,"treat_all",0.67,-0.89039283741116,0.0696069640063409,5
"3arc","0",1.75,"treat_all",0.68,-0.949467613580258,0.0717821816315391,5
"3arc","0",1.75,"treat_all",0.69,-1.01235366563123,0.0740977358777178,5
"3arc","0",1.75,"treat_all",0.7,-1.07943212115228,0.076567660406975,5
"3arc","0",1.75,"treat_all",0.71,-1.15113667705408,0.0792079245589398,5
"3arc","0",1.75,"treat_all",0.72,-1.22796298694887,0.0820367790074732,5
"3arc","0",1.75,"treat_all",0.73,-1.31048013461364,0.0850751782299723,5
"3arc","0",1.75,"treat_all",0.74,-1.3993447551757,0.0883473004695866,5
"3arc","0",1.75,"treat_all",0.75,-1.49531854538273,0.0918811924883701,5
"3arc","0",1.75,"treat_all",0.76,-1.59929015144034,0.0957095755087188,5
"3arc","0",1.75,"treat_all",0.77,-1.71230276672036,0.0998708614004021,5
"3arc","0",1.75,"treat_all",0.78,-1.83558925611674,0.104410446009511,5
"3arc","0",1.75,"treat_all",0.79,-1.97061731593182,0.109382372009964,5
"3arc","0",1.75,"treat_all",0.8,-2.11914818172841,0.114851490610463,5
"3arc","0",1.75,"treat_all",0.81,-2.28331387550359,0.12089630590575,5
"3arc","0",1.75,"treat_all",0.82,-2.46572020192046,0.127612767344958,5
"3arc","0",1.75,"treat_all",0.83,-2.66958609615108,0.135119400718191,5
"3arc","0",1.75,"treat_all",0.84,-2.89893522716052,0.143564363263079,5
"3arc","0",1.75,"treat_all",0.85,-3.15886424230455,0.15313532081395,5
"3arc","0",1.75,"treat_all",0.86,-3.45592597389773,0.164073558014946,5
"3arc","0",1.75,"treat_all",0.87,-3.7986895103514,0.176694600939173,5
"3arc","0",1.75,"treat_all",0.88,-4.19858030288069,0.191419151017438,5
"3arc","0",1.75,"treat_all",0.89,-4.67117851223348,0.208820892019023,5
"3arc","0",1.75,"treat_all",0.9,-5.23829636345683,0.229702981220925,5
"3arc","0",1.75,"treat_all",0.91,-5.93144040384092,0.255225534689917,5
"3arc","0",1.75,"treat_all",0.92,-6.79787045432104,0.287128726526157,5
"3arc","0",1.75,"treat_all",0.93,-7.91185194779547,0.328147116029893,5
"3arc","0",1.75,"treat_all",0.94,-9.39716060576139,0.382838302034876,5
"3arc","0",1.75,"treat_all",0.95,-11.4765927269137,0.459405962441851,5
"3arc","0",1.75,"treat_all",0.96,-14.5957409086421,0.574257453052314,5
"3arc","0",1.75,"treat_all",0.97,-19.7943212115227,0.765676604069749,5
"3arc","0",1.75,"treat_all",0.98,-30.1914818172841,1.14851490610462,5
"3arc","0",1.75,"treat_all",0.99,-61.3829636345682,2.29702981220925,5
"3arc","0",1.75,"treat_none",0.01,0,0,5
"3arc","0",1.75,"treat_none",0.02,0,0,5
"3arc","0",1.75,"treat_none",0.03,0,0,5
"3arc","0",1.75,"treat_none",0.04,0,0,5
"3arc","0",1.75,"treat_none",0.05,0,0,5
"3arc","0",1.75,"treat_none",0.06,0,0,5
"3arc","0",1.75,"treat_none",0.07,0,0,5
"3arc","0",1.75,"treat_none",0.08,0,0,5
"3arc","0",1.75,"treat_none",0.09,0,0,5
"3arc","0",1.75,"treat_none",0.1,0,0,5
"3arc","0",1.75,"treat_none",0.11,0,0,5
"3arc","0",1.75,"treat_none",0.12,0,0,5
"3arc","0",1.75,"treat_none",0.13,0,0,5
"3arc","0",1.75,"treat_none",0.14,0,0,5
"3arc","0",1.75,"treat_none",0.15,0,0,5
"3arc","0",1.75,"treat_none",0.16,0,0,5
"3arc","0",1.75,"treat_none",0.17,0,0,5
"3arc","0",1.75,"treat_none",0.18,0,0,5
"3arc","0",1.75,"treat_none",0.19,0,0,5
"3arc","0",1.75,"treat_none",0.2,0,0,5
"3arc","0",1.75,"treat_none",0.21,0,0,5
"3arc","0",1.75,"treat_none",0.22,0,0,5
"3arc","0",1.75,"treat_none",0.23,0,0,5
"3arc","0",1.75,"treat_none",0.24,0,0,5
"3arc","0",1.75,"treat_none",0.25,0,0,5
"3arc","0",1.75,"treat_none",0.26,0,0,5
"3arc","0",1.75,"treat_none",0.27,0,0,5
"3arc","0",1.75,"treat_none",0.28,0,0,5
"3arc","0",1.75,"treat_none",0.29,0,0,5
"3arc","0",1.75,"treat_none",0.3,0,0,5
"3arc","0",1.75,"treat_none",0.31,0,0,5
"3arc","0",1.75,"treat_none",0.32,0,0,5
"3arc","0",1.75,"treat_none",0.33,0,0,5
"3arc","0",1.75,"treat_none",0.34,0,0,5
"3arc","0",1.75,"treat_none",0.35,0,0,5
"3arc","0",1.75,"treat_none",0.36,0,0,5
"3arc","0",1.75,"treat_none",0.37,0,0,5
"3arc","0",1.75,"treat_none",0.38,0,0,5
"3arc","0",1.75,"treat_none",0.39,0,0,5
"3arc","0",1.75,"treat_none",0.4,0,0,5
"3arc","0",1.75,"treat_none",0.41,0,0,5
"3arc","0",1.75,"treat_none",0.42,0,0,5
"3arc","0",1.75,"treat_none",0.43,0,0,5
"3arc","0",1.75,"treat_none",0.44,0,0,5
"3arc","0",1.75,"treat_none",0.45,0,0,5
"3arc","0",1.75,"treat_none",0.46,0,0,5
"3arc","0",1.75,"treat_none",0.47,0,0,5
"3arc","0",1.75,"treat_none",0.48,0,0,5
"3arc","0",1.75,"treat_none",0.49,0,0,5
"3arc","0",1.75,"treat_none",0.5,0,0,5
"3arc","0",1.75,"treat_none",0.51,0,0,5
"3arc","0",1.75,"treat_none",0.52,0,0,5
"3arc","0",1.75,"treat_none",0.53,0,0,5
"3arc","0",1.75,"treat_none",0.54,0,0,5
"3arc","0",1.75,"treat_none",0.55,0,0,5
"3arc","0",1.75,"treat_none",0.56,0,0,5
"3arc","0",1.75,"treat_none",0.57,0,0,5
"3arc","0",1.75,"treat_none",0.58,0,0,5
"3arc","0",1.75,"treat_none",0.59,0,0,5
"3arc","0",1.75,"treat_none",0.6,0,0,5
"3arc","0",1.75,"treat_none",0.61,0,0,5
"3arc","0",1.75,"treat_none",0.62,0,0,5
"3arc","0",1.75,"treat_none",0.63,0,0,5
"3arc","0",1.75,"treat_none",0.64,0,0,5
"3arc","0",1.75,"treat_none",0.65,0,0,5
"3arc","0",1.75,"treat_none",0.66,0,0,5
"3arc","0",1.75,"treat_none",0.67,0,0,5
"3arc","0",1.75,"treat_none",0.68,0,0,5
"3arc","0",1.75,"treat_none",0.69,0,0,5
"3arc","0",1.75,"treat_none",0.7,0,0,5
"3arc","0",1.75,"treat_none",0.71,0,0,5
"3arc","0",1.75,"treat_none",0.72,0,0,5
"3arc","0",1.75,"treat_none",0.73,0,0,5
"3arc","0",1.75,"treat_none",0.74,0,0,5
"3arc","0",1.75,"treat_none",0.75,0,0,5
"3arc","0",1.75,"treat_none",0.76,0,0,5
"3arc","0",1.75,"treat_none",0.77,0,0,5
"3arc","0",1.75,"treat_none",0.78,0,0,5
"3arc","0",1.75,"treat_none",0.79,0,0,5
"3arc","0",1.75,"treat_none",0.8,0,0,5
"3arc","0",1.75,"treat_none",0.81,0,0,5
"3arc","0",1.75,"treat_none",0.82,0,0,5
"3arc","0",1.75,"treat_none",0.83,0,0,5
"3arc","0",1.75,"treat_none",0.84,0,0,5
"3arc","0",1.75,"treat_none",0.85,0,0,5
"3arc","0",1.75,"treat_none",0.86,0,0,5
"3arc","0",1.75,"treat_none",0.87,0,0,5
"3arc","0",1.75,"treat_none",0.88,0,0,5
"3arc","0",1.75,"treat_none",0.89,0,0,5
"3arc","0",1.75,"treat_none",0.9,0,0,5
"3arc","0",1.75,"treat_none",0.91,0,0,5
"3arc","0",1.75,"treat_none",0.92,0,0,5
"3arc","0",1.75,"treat_none",0.93,0,0,5
"3arc","0",1.75,"treat_none",0.94,0,0,5
"3arc","0",1.75,"treat_none",0.95,0,0,5
"3arc","0",1.75,"treat_none",0.96,0,0,5
"3arc","0",1.75,"treat_none",0.97,0,0,5
"3arc","0",1.75,"treat_none",0.98,0,0,5
"3arc","0",1.75,"treat_none",0.99,0,0,5
"3arc","0",2,"model",0.01,0.349138254228392,0.0262675855639011,3
"3arc","0",2,"model",0.02,0.342810613110568,0.0263821147475309,3
"3arc","0",2,"model",0.03,0.336669545539023,0.0263498455219292,3
"3arc","0",2,"model",0.04,0.330985993283846,0.0249215798928459,3
"3arc","0",2,"model",0.05,0.325373481423601,0.0256075843882248,3
"3arc","0",2,"model",0.06,0.320376345299068,0.0242488059659473,3
"3arc","0",2,"model",0.07,0.316452011995576,0.0244520459787668,3
"3arc","0",2,"model",0.08,0.311720611062443,0.0239142553423306,3
"3arc","0",2,"model",0.09,0.30729493200331,0.024736308636945,3
"3arc","0",2,"model",0.1,0.292992223400495,0.0207399364741464,3
"3arc","0",2,"model",0.11,0.289953471469253,0.0223381808934789,3
"3arc","0",2,"model",0.12,0.288276856582795,0.0198640886166674,3
"3arc","0",2,"model",0.13,0.2850820524697,0.02184837402173,3
"3arc","0",2,"model",0.14,0.279515729939908,0.0220196673877696,3
"3arc","0",2,"model",0.15,0.276759611585886,0.0238322086365517,3
"3arc","0",2,"model",0.16,0.274295982090256,0.0269227899844554,3
"3arc","0",2,"model",0.17,0.267891715323649,0.0378556195614716,3
"3arc","0",2,"model",0.18,0.263491796635888,0.0414863312262725,3
"3arc","0",2,"model",0.19,0.262706797760409,0.0489609226817868,3
"3arc","0",2,"model",0.2,0.264028808766349,0.0475808554217602,3
"3arc","0",2,"model",0.21,0.263818229816861,0.0462302484721373,3
"3arc","0",2,"model",0.22,0.264303097044348,0.0512007236051615,3
"3arc","0",2,"model",0.23,0.26490350406045,0.0497155035147756,3
"3arc","0",2,"model",0.24,0.263356960800729,0.0477209159417803,3
"3arc","0",2,"model",0.25,0.264967008365736,0.0500865901716194,3
"3arc","0",2,"model",0.26,0.261347004480621,0.0514966062360425,3
"3arc","0",2,"model",0.27,0.257627822406872,0.052945963443317,3
"3arc","0",2,"model",0.28,0.259785063430344,0.0509927159018626,3
"3arc","0",2,"model",0.29,0.262880179628496,0.0580137343708839,3
"3arc","0",2,"model",0.3,0.266447002979347,0.0641091554614536,3
"3arc","0",2,"model",0.31,0.263283231130988,0.0660420346241161,3
"3arc","0",2,"model",0.32,0.260026407169443,0.0680320486921323,3
"3arc","0",2,"model",0.33,0.264681101385965,0.0773728657228083,3
"3arc","0",2,"model",0.34,0.265886061034523,0.0831111602027917,3
"3arc","0",2,"model",0.35,0.271176958425103,0.0833119875088465,3
"3arc","0",2,"model",0.36,0.268464452986921,0.0859933282007314,3
"3arc","0",2,"model",0.37,0.269921644868623,0.0814470437633285,3
"3arc","0",2,"model",0.38,0.272201222362855,0.0895273892561858,3
"3arc","0",2,"model",0.39,0.269624179313782,0.0924210133048342,3
"3arc","0",2,"model",0.4,0.26696123482974,0.0954127602724818,3
"3arc","0",2,"model",0.41,0.27427925660981,0.0815871151128956,3
"3arc","0",2,"model",0.42,0.271854621469753,0.0840988754293727,3
"3arc","0",2,"model",0.43,0.275631461120103,0.0899427820800857,3
"3arc","0",2,"model",0.44,0.273293187900823,0.0927282216856931,3
"3arc","0",2,"model",0.45,0.28272759407436,0.0754545686865046,3
"3arc","0",2,"model",0.46,0.286875351845306,0.067247505848556,3
"3arc","0",2,"model",0.47,0.285027044692104,0.069103318767294,3
"3arc","0",2,"model",0.48,0.28166653071213,0.0503077704924354,3
"3arc","0",2,"model",0.49,0.287951642304147,0.0583241335402259,3
"3arc","0",2,"model",0.5,0.286488158359844,0.059970743544922,3
"3arc","0",2,"model",0.51,0.284964940376999,0.0616909466722102,3
"3arc","0",2,"model",0.52,0.275044921644869,0.0570153473941385,3
"3arc","0",2,"model",0.53,0.273390717718463,0.0589872559574111,3
"3arc","0",2,"model",0.54,0.271664591882214,0.061045762628311,3
"3arc","0",2,"model",0.55,0.269861749342131,0.0631966073890381,3
"3arc","0",2,"model",0.56,0.271336643208329,0.086174018166417,3
"3arc","0",2,"model",0.57,0.279410301939218,0.0722076939896718,3
"3arc","0",2,"model",0.58,0.27820658486088,0.0742895381957001,3
"3arc","0",2,"model",0.59,0.276944149876281,0.0764731146074779,3
"3arc","0",2,"model",0.6,0.286488158359844,0.059970743544922,3
"3arc","0",2,"model",0.61,0.296893212243159,0.0420049527173535,3
"3arc","0",2,"model",0.62,0.296404252944131,0.0428481511522361,3
"3arc","0",2,"model",0.63,0.295888863412723,0.0437370828229091,3
"3arc","0",2,"model",0.64,0.295344841129571,0.0446755617901991,3
"3arc","0",2,"model",0.65,0.294769731858809,0.0456678380815619,3
"3arc","0",2,"model",0.66,0.294160792630944,0.0467186618060877,3
"3arc","0",2,"model",0.67,0.29351494799533,0.0478333589268621,3
"3arc","0",2,"model",0.68,0.292828738069989,0.0490179212407315,3
"3arc","0",2,"model",0.69,0.292098256536563,0.0502791137736009,3
"3arc","0",2,"model",0.7,0.291319076234241,0.051624603654892,3
"3arc","0",2,"model",0.71,0.308227288794627,0.0225375884138272,3
"3arc","0",2,"model",0.72,0.308227288794627,0.0225375884138272,3
"3arc","0",2,"model",0.73,0.308227288794627,0.0225375884138272,3
"3arc","0",2,"model",0.74,0.308227288794627,0.0225375884138272,3
"3arc","0",2,"model",0.75,0.308227288794627,0.0225375884138272,3
"3arc","0",2,"model",0.76,0.308227288794627,0.0225375884138272,3
"3arc","0",2,"model",0.77,0.308227288794627,0.0225375884138272,3
"3arc","0",2,"model",0.78,0.308227288794627,0.0225375884138272,3
"3arc","0",2,"model",0.79,0.299893955461294,0.0172324822561953,3
"3arc","0",2,"model",0.8,0.291763874160481,0.00873200206628943,3
"3arc","0",2,"model",0.81,0.284517497348887,0.0208039277666097,3
"3arc","0",2,"model",0.82,0.284517497348887,0.0208039277666097,3
"3arc","0",2,"model",0.83,0.284517497348887,0.0208039277666097,3
"3arc","0",2,"model",0.84,0.269141039236479,0.0304436491531428,3
"3arc","0",2,"model",0.85,0.269141039236479,0.0304436491531428,3
"3arc","0",2,"model",0.86,0.261010957935666,0.0338496980332422,3
"3arc","0",2,"model",0.87,0.261010957935666,0.0338496980332422,3
"3arc","0",2,"model",0.88,0.261010957935666,0.0338496980332422,3
"3arc","0",2,"model",0.89,0.246518204312478,0.0522230684018107,3
"3arc","0",2,"model",0.9,0.239271827500884,0.0631708957791478,3
"3arc","0",2,"model",0.91,0.23093849416755,0.0517753908183742,3
"3arc","0",2,"model",0.92,0.23093849416755,0.0517753908183742,3
"3arc","0",2,"model",0.93,0.223692117355956,0.0638584742670771,3
"3arc","0",2,"model",0.94,0.223692117355956,0.0638584742670771,3
"3arc","0",2,"model",0.95,0.208112407211029,0.0673398476784626,3
"3arc","0",2,"model",0.96,0.19361965358784,0.092423280802481,3
"3arc","0",2,"model",0.97,0.177359490986214,0.0829603682248655,3
"3arc","0",2,"model",0.98,0.161983032873807,0.0927014433408581,3
"3arc","0",2,"model",0.99,0.0895634499823259,0.0587573613020628,3
"3arc","0",2,"treat_all",0.01,0.349138254228392,0.0262675855639011,3
"3arc","0",2,"treat_all",0.02,0.342496807842968,0.0265356221512879,3
"3arc","0",2,"treat_all",0.03,0.335718424418668,0.0268091852662496,3
"3arc","0",2,"treat_all",0.04,0.328798824673029,0.027088447612773,3
"3arc","0",2,"treat_all",0.05,0.321733549143272,0.0273735891665917,3
"3arc","0",2,"treat_all",0.06,0.314517948602243,0.027664797561981,3
"3arc","0",2,"treat_all",0.07,0.30714717385603,0.0279622685035076,3
"3arc","0",2,"treat_all",0.08,0.299616164876205,0.0282662062046327,3
"3arc","0",2,"treat_all",0.09,0.291919639215503,0.0285768238552331,3
"3arc","0",2,"treat_all",0.1,0.284052079651231,0.0288943441202912,3
"3arc","0",2,"treat_all",0.11,0.276007720995627,0.0292189996722046,3
"3arc","0",2,"treat_all",0.12,0.267780536006941,0.0295510337593888,3
"3arc","0",2,"treat_all",0.13,0.25936422032886,0.0298907008140944,3
"3arc","0",2,"treat_all",0.14,0.250752176379196,0.0302382671026304,3
"3arc","0",2,"treat_all",0.15,0.241937496101304,0.0305940114214848,3
"3arc","0",2,"treat_all",0.16,0.232912942483462,0.0309582258431692,3
"3arc","0",2,"treat_all",0.17,0.223670929742299,0.0313312165159784,3
"3arc","0",2,"treat_all",0.18,0.214203502056229,0.0317133045222709,3
"3arc","0",2,"treat_all",0.19,0.20450231072359,0.0321048268003236,3
"3arc","0",2,"treat_all",0.2,0.194558589607635,0.0325061371353276,3
"3arc","0",2,"treat_all",0.21,0.184363128716593,0.0329176072256482,3
"3arc","0",2,"treat_all",0.22,0.173906245751421,0.0333396278311053,3
"3arc","0",2,"treat_all",0.23,0.163177755436504,0.03377261001073,3
"3arc","0",2,"treat_all",0.24,0.15216693642909,0.0342169864582396,3
"3arc","0",2,"treat_all",0.25,0.140862495581478,0.0346732129443495,3
"3arc","0",2,"treat_all",0.26,0.129252529305552,0.0351417698760299,3
"3arc","0",2,"treat_all",0.27,0.117324481761792,0.0356231639839207,3
"3arc","0",2,"treat_all",0.28,0.105065099564039,0.0361179301503641,3
"3arc","0",2,"treat_all",0.29,0.0924603826564903,0.0366266333919185,3
"3arc","0",2,"treat_all",0.3,0.0794955309801545,0.037149871011803,3
"3arc","0",2,"treat_all",0.31,0.066154886501606,0.0376882749395103,3
"3arc","0",2,"treat_all",0.32,0.0524218701266296,0.0382425142768561,3
"3arc","0",2,"treat_all",0.33,0.0382789129643405,0.038813298072033,3
"3arc","0",2,"treat_all",0.34,0.0237073813425881,0.0394013783458517,3
"3arc","0",2,"treat_all",0.35,0.00868749490170482,0.0400075533973263,3
"3arc","0",2,"treat_all",0.36,-0.00680176299045606,0.0406326714191595,3
"3arc","0",2,"treat_all",0.37,-0.0227827433553839,0.0412776344575589,3
"3arc","0",2,"treat_all",0.38,-0.0392792392159546,0.0419434027552615,3
"3arc","0",2,"treat_all",0.39,-0.0563166037932653,0.0426309995217412,3
"3arc","0",2,"treat_all",0.4,-0.0739218805231531,0.0433415161804368,3
"3arc","0",2,"treat_all",0.41,-0.092123946294732,0.0440761181495968,3
"3arc","0",2,"treat_all",0.42,-0.11095366950671,0.0448360512211416,3
"3arc","0",2,"treat_all",0.43,-0.130444084761214,0.0456226486109862,3
"3arc","0",2,"treat_all",0.44,-0.150630586274807,0.0464373387647538,3
"3arc","0",2,"treat_all",0.45,-0.171551142388894,0.047281654015022,3
"3arc","0",2,"treat_all",0.46,-0.193246533914615,0.0481572402004854,3
"3arc","0",2,"treat_all",0.47,-0.215760619460173,0.0490658673740794,3
"3arc","0",2,"treat_all",0.48,-0.239140631372869,0.0500094417466579,3
"3arc","0",2,"treat_all",0.49,-0.263437506497827,0.050990019035808,3
"3arc","0",2,"treat_all",0.5,-0.288706256627784,0.0520098194165242,3
"3arc","0",2,"treat_all",0.51,-0.315006384314065,0.0530712443025758,3
"3arc","0",2,"treat_all",0.52,-0.342402350653941,0.0541768952255461,3
"3arc","0",2,"treat_all",0.53,-0.370964102795515,0.055329595123962,3
"3arc","0",2,"treat_all",0.54,-0.400767670247591,0.0565324124092655,3
"3arc","0",2,"treat_all",0.55,-0.431895840697538,0.0577886882405825,3
"3arc","0",2,"treat_all",0.56,-0.464438927986118,0.0591020675187775,3
"3arc","0",2,"treat_all",0.57,-0.498495647241609,0.0604765342052607,3
"3arc","0",2,"treat_all",0.58,-0.534174115033076,0.0619164516863384,3
"3arc","0",2,"treat_all",0.59,-0.571592995887541,0.0634266090445417,3
"3arc","0",2,"treat_all",0.6,-0.610882820784729,0.0650122742706553,3
"3arc","0",2,"treat_all",0.61,-0.652187508497159,0.0666792556622106,3
"3arc","0",2,"treat_all",0.62,-0.695666127141821,0.0684339729164793,3
"3arc","0",2,"treat_all",0.63,-0.741494941388897,0.0702835397520598,3
"3arc","0",2,"treat_all",0.64,-0.789869800871922,0.072235860300728,3
"3arc","0",2,"treat_all",0.65,-0.841008938039691,0.0742997420236061,3
"3arc","0",2,"treat_all",0.66,-0.895156259746741,0.0764850285537121,3
"3arc","0",2,"treat_all",0.67,-0.952585237314824,0.0788027566917034,3
"3arc","0",2,"treat_all",0.68,-1.01360352598091,0.0812653428383191,3
"3arc","0",2,"treat_all",0.69,-1.07855847843191,0.0838868055105229,3
"3arc","0",2,"treat_all",0.7,-1.14784376104631,0.0866830323608736,3
"3arc","0",2,"treat_all",0.71,-1.22190733901342,0.0896721024422833,3
"3arc","0",2,"treat_all",0.72,-1.30126117254961,0.0928746775295075,3
"3arc","0",2,"treat_all",0.73,-1.38649306782923,0.0963144804009707,3
"3arc","0",2,"treat_all",0.74,-1.47828126274574,0.100018883493316,3
"3arc","0",2,"treat_all",0.75,-1.57741251325557,0.104019638833048,3
"3arc","0",2,"treat_all",0.76,-1.68480470130788,0.108353790451092,3
"3arc","0",2,"treat_all",0.77,-1.80153534049518,0.113064824818531,3
"3arc","0",2,"treat_all",0.78,-1.92887785597224,0.118204135037555,3
"3arc","0",2,"treat_all",0.79,-2.06834823006615,0.123832903372677,3
"3arc","0",2,"treat_all",0.8,-2.22176564156946,0.13002454854131,3
"3arc","0",2,"treat_all",0.81,-2.39133225428364,0.136867945832958,3
"3arc","0",2,"treat_all",0.82,-2.57973960174384,0.144471720601456,3
"3arc","0",2,"treat_all",0.83,-2.79031251949348,0.152970057107424,3
"3arc","0",2,"treat_all",0.84,-3.02720705196183,0.162530685676638,3
"3arc","0",2,"treat_all",0.85,-3.29568752209261,0.173366064721747,3
"3arc","0",2,"treat_all",0.86,-3.60252234509923,0.185749355059015,3
"3arc","0",2,"treat_all",0.87,-3.95656252549148,0.200037766986632,3
"3arc","0",2,"treat_all",0.88,-4.36960940261577,0.216707580902184,3
"3arc","0",2,"treat_all",0.89,-4.85775571194447,0.23640827007511,3
"3arc","0",2,"treat_all",0.9,-5.44353128313892,0.260049097082621,3
"3arc","0",2,"treat_all",0.91,-6.15947920348769,0.288943441202912,3
"3arc","0",2,"treat_all",0.92,-7.05441410392365,0.325061371353276,3
"3arc","0",2,"treat_all",0.93,-8.20504469019846,0.371498710118031,3
"3arc","0",2,"treat_all",0.94,-9.73921880523154,0.43341516180437,3
"3arc","0",2,"treat_all",0.95,-11.8870625662779,0.520098194165243,3
"3arc","0",2,"treat_all",0.96,-15.1088282078473,0.650122742706555,3
"3arc","0",2,"treat_all",0.97,-20.478437610463,0.866830323608738,3
"3arc","0",2,"treat_all",0.98,-31.2176564156946,1.3002454854131,3
"3arc","0",2,"treat_all",0.99,-63.4353128313891,2.60049097082622,3
"3arc","0",2,"treat_none",0.01,0,0,3
"3arc","0",2,"treat_none",0.02,0,0,3
"3arc","0",2,"treat_none",0.03,0,0,3
"3arc","0",2,"treat_none",0.04,0,0,3
"3arc","0",2,"treat_none",0.05,0,0,3
"3arc","0",2,"treat_none",0.06,0,0,3
"3arc","0",2,"treat_none",0.07,0,0,3
"3arc","0",2,"treat_none",0.08,0,0,3
"3arc","0",2,"treat_none",0.09,0,0,3
"3arc","0",2,"treat_none",0.1,0,0,3
"3arc","0",2,"treat_none",0.11,0,0,3
"3arc","0",2,"treat_none",0.12,0,0,3
"3arc","0",2,"treat_none",0.13,0,0,3
"3arc","0",2,"treat_none",0.14,0,0,3
"3arc","0",2,"treat_none",0.15,0,0,3
"3arc","0",2,"treat_none",0.16,0,0,3
"3arc","0",2,"treat_none",0.17,0,0,3
"3arc","0",2,"treat_none",0.18,0,0,3
"3arc","0",2,"treat_none",0.19,0,0,3
"3arc","0",2,"treat_none",0.2,0,0,3
"3arc","0",2,"treat_none",0.21,0,0,3
"3arc","0",2,"treat_none",0.22,0,0,3
"3arc","0",2,"treat_none",0.23,0,0,3
"3arc","0",2,"treat_none",0.24,0,0,3
"3arc","0",2,"treat_none",0.25,0,0,3
"3arc","0",2,"treat_none",0.26,0,0,3
"3arc","0",2,"treat_none",0.27,0,0,3
"3arc","0",2,"treat_none",0.28,0,0,3
"3arc","0",2,"treat_none",0.29,0,0,3
"3arc","0",2,"treat_none",0.3,0,0,3
"3arc","0",2,"treat_none",0.31,0,0,3
"3arc","0",2,"treat_none",0.32,0,0,3
"3arc","0",2,"treat_none",0.33,0,0,3
"3arc","0",2,"treat_none",0.34,0,0,3
"3arc","0",2,"treat_none",0.35,0,0,3
"3arc","0",2,"treat_none",0.36,0,0,3
"3arc","0",2,"treat_none",0.37,0,0,3
"3arc","0",2,"treat_none",0.38,0,0,3
"3arc","0",2,"treat_none",0.39,0,0,3
"3arc","0",2,"treat_none",0.4,0,0,3
"3arc","0",2,"treat_none",0.41,0,0,3
"3arc","0",2,"treat_none",0.42,0,0,3
"3arc","0",2,"treat_none",0.43,0,0,3
"3arc","0",2,"treat_none",0.44,0,0,3
"3arc","0",2,"treat_none",0.45,0,0,3
"3arc","0",2,"treat_none",0.46,0,0,3
"3arc","0",2,"treat_none",0.47,0,0,3
"3arc","0",2,"treat_none",0.48,0,0,3
"3arc","0",2,"treat_none",0.49,0,0,3
"3arc","0",2,"treat_none",0.5,0,0,3
"3arc","0",2,"treat_none",0.51,0,0,3
"3arc","0",2,"treat_none",0.52,0,0,3
"3arc","0",2,"treat_none",0.53,0,0,3
"3arc","0",2,"treat_none",0.54,0,0,3
"3arc","0",2,"treat_none",0.55,0,0,3
"3arc","0",2,"treat_none",0.56,0,0,3
"3arc","0",2,"treat_none",0.57,0,0,3
"3arc","0",2,"treat_none",0.58,0,0,3
"3arc","0",2,"treat_none",0.59,0,0,3
"3arc","0",2,"treat_none",0.6,0,0,3
"3arc","0",2,"treat_none",0.61,0,0,3
"3arc","0",2,"treat_none",0.62,0,0,3
"3arc","0",2,"treat_none",0.63,0,0,3
"3arc","0",2,"treat_none",0.64,0,0,3
"3arc","0",2,"treat_none",0.65,0,0,3
"3arc","0",2,"treat_none",0.66,0,0,3
"3arc","0",2,"treat_none",0.67,0,0,3
"3arc","0",2,"treat_none",0.68,0,0,3
"3arc","0",2,"treat_none",0.69,0,0,3
"3arc","0",2,"treat_none",0.7,0,0,3
"3arc","0",2,"treat_none",0.71,0,0,3
"3arc","0",2,"treat_none",0.72,0,0,3
"3arc","0",2,"treat_none",0.73,0,0,3
"3arc","0",2,"treat_none",0.74,0,0,3
"3arc","0",2,"treat_none",0.75,0,0,3
"3arc","0",2,"treat_none",0.76,0,0,3
"3arc","0",2,"treat_none",0.77,0,0,3
"3arc","0",2,"treat_none",0.78,0,0,3
"3arc","0",2,"treat_none",0.79,0,0,3
"3arc","0",2,"treat_none",0.8,0,0,3
"3arc","0",2,"treat_none",0.81,0,0,3
"3arc","0",2,"treat_none",0.82,0,0,3
"3arc","0",2,"treat_none",0.83,0,0,3
"3arc","0",2,"treat_none",0.84,0,0,3
"3arc","0",2,"treat_none",0.85,0,0,3
"3arc","0",2,"treat_none",0.86,0,0,3
"3arc","0",2,"treat_none",0.87,0,0,3
"3arc","0",2,"treat_none",0.88,0,0,3
"3arc","0",2,"treat_none",0.89,0,0,3
"3arc","0",2,"treat_none",0.9,0,0,3
"3arc","0",2,"treat_none",0.91,0,0,3
"3arc","0",2,"treat_none",0.92,0,0,3
"3arc","0",2,"treat_none",0.93,0,0,3
"3arc","0",2,"treat_none",0.94,0,0,3
"3arc","0",2,"treat_none",0.95,0,0,3
"3arc","0",2,"treat_none",0.96,0,0,3
"3arc","0",2,"treat_none",0.97,0,0,3
"3arc","0",2,"treat_none",0.98,0,0,3
"3arc","0",2,"treat_none",0.99,0,0,3
"3arc","0",2.25,"model",0.01,0.300701161815786,0.022648526471631,5
"3arc","0",2.25,"model",0.02,0.294290809604474,0.0231774808760841,5
"3arc","0",2.25,"model",0.03,0.288131718348886,0.0238139035057736,5
"3arc","0",2.25,"model",0.04,0.281919768335529,0.0242949712740761,5
"3arc","0",2.25,"model",0.05,0.276683725123084,0.0245375865369283,5
"3arc","0",2.25,"model",0.06,0.2729040030275,0.0237727641727299,5
"3arc","0",2.25,"model",0.07,0.269247049740037,0.0258374403091039,5
"3arc","0",2.25,"model",0.08,0.264290456550381,0.0253236941411195,5
"3arc","0",2.25,"model",0.09,0.262912848021544,0.0277747818336943,5
"3arc","0",2.25,"model",0.1,0.254338237446933,0.0288935666722095,5
"3arc","0",2.25,"model",0.11,0.252402399668399,0.0309581243628297,5
"3arc","0",2.25,"model",0.12,0.248879716133669,0.0331946024270539,5
"3arc","0",2.25,"model",0.13,0.246144533793709,0.0355862034268541,5
"3arc","0",2.25,"model",0.14,0.245147225541563,0.0385640448983589,5
"3arc","0",2.25,"model",0.15,0.246223552662172,0.0420576614468846,5
"3arc","0",2.25,"model",0.16,0.244686460882113,0.041944017573596,5
"3arc","0",2.25,"model",0.17,0.246093329841104,0.0431208247172055,5
"3arc","0",2.25,"model",0.18,0.241137520485877,0.0430927453684668,5
"3arc","0",2.25,"model",0.19,0.240134411750354,0.0468686116576271,5
"3arc","0",2.25,"model",0.2,0.241335968379447,0.0490382089208559,5
"3arc","0",2.25,"model",0.21,0.241097063091009,0.0513708176078474,5
"3arc","0",2.25,"model",0.22,0.24328421337117,0.0529815338087756,5
"3arc","0",2.25,"model",0.23,0.245843351641771,0.0510154502653394,5
"3arc","0",2.25,"model",0.24,0.239213092018584,0.0438170358542158,5
"3arc","0",2.25,"model",0.25,0.239018664909969,0.0442501611066622,5
"3arc","0",2.25,"model",0.26,0.238784798632625,0.0416328757431316,5
"3arc","0",2.25,"model",0.27,0.234659095421156,0.0371039268230634,5
"3arc","0",2.25,"model",0.28,0.235109171424389,0.03785747916472,5
"3arc","0",2.25,"model",0.29,0.23876738295385,0.0351321852883299,5
"3arc","0",2.25,"model",0.3,0.239849143610013,0.0374995433248553,5
"3arc","0",2.25,"model",0.31,0.23760658570583,0.0391711251434064,5
"3arc","0",2.25,"model",0.32,0.237009300162753,0.039430066359388,5
"3arc","0",2.25,"model",0.33,0.236276365209525,0.0494796640101471,5
"3arc","0",2.25,"model",0.34,0.238465205413822,0.0431192541476961,5
"3arc","0",2.25,"model",0.35,0.238734215060302,0.0406281694894246,5
"3arc","0",2.25,"model",0.36,0.239048089591568,0.0437444669615123,5
"3arc","0",2.25,"model",0.37,0.239285348307087,0.0439040783580781,5
"3arc","0",2.25,"model",0.38,0.238675995579923,0.047849865125426,5
"3arc","0",2.25,"model",0.39,0.239623317998229,0.0446757470890344,5
"3arc","0",2.25,"model",0.4,0.243760430390865,0.0512367132823481,5
"3arc","0",2.25,"model",0.41,0.242289810410665,0.0528257937121193,5
"3arc","0",2.25,"model",0.42,0.240768479396665,0.0544743726802274,5
"3arc","0",2.25,"model",0.43,0.239193768347086,0.0561853898750316,5
"3arc","0",2.25,"model",0.44,0.240836627140975,0.0524182828617026,5
"3arc","0",2.25,"model",0.45,0.24131812193077,0.0413681517298148,5
"3arc","0",2.25,"model",0.46,0.23996828185234,0.0427039752090065,5
"3arc","0",2.25,"model",0.47,0.241792204240933,0.0416535558170915,5
"3arc","0",2.25,"model",0.48,0.244315648119996,0.0359877663341184,5
"3arc","0",2.25,"model",0.49,0.247101449275362,0.0305637893782174,5
"3arc","0",2.25,"model",0.5,0.24236231884058,0.0361452442369585,5
"3arc","0",2.25,"model",0.51,0.241214541152429,0.0369703281015274,5
"3arc","0",2.25,"model",0.52,0.244729084321476,0.0420317273400459,5
"3arc","0",2.25,"model",0.53,0.243675328679954,0.043106069128444,5
"3arc","0",2.25,"model",0.54,0.242575757575758,0.0442324862834098,5
"3arc","0",2.25,"model",0.55,0.246519909237301,0.039924639946665,5
"3arc","0",2.25,"model",0.56,0.245529704156186,0.0408476799496347,5
"3arc","0",2.25,"model",0.57,0.244493443024788,0.0418169240549734,5
"3arc","0",2.25,"model",0.58,0.243407836125227,0.0428356679203612,5
"3arc","0",2.25,"model",0.59,0.247502088756065,0.0360966200608705,5
"3arc","0",2.25,"model",0.6,0.246528326745718,0.0370001902646091,5
"3arc","0",2.25,"model",0.61,0.233156802135063,0.0360669874849133,5
"3arc","0",2.25,"model",0.62,0.232079224741696,0.0370513466832026,5
"3arc","0",2.25,"model",0.63,0.238037994516255,0.0339476921108704,5
"3arc","0",2.25,"model",0.64,0.237151881130142,0.0346635860960146,5
"3arc","0",2.25,"model",0.65,0.236215132693394,0.0354249009101383,5
"3arc","0",2.25,"model",0.66,0.242987987289778,0.0308799788699417,5
"3arc","0",2.25,"model",0.67,0.242292530043518,0.0316250693383494,5
"3arc","0",2.25,"model",0.68,0.241553606719368,0.0324288494464211,5
"3arc","0",2.25,"model",0.69,0.240767010922691,0.033297213546241,5
"3arc","0",2.25,"model",0.7,0.23576130873957,0.0379921192862454,5
"3arc","0",2.25,"model",0.71,0.234864408704739,0.0391123614971429,5
"3arc","0",2.25,"model",0.72,0.243254093732355,0.0320538086492805,5
"3arc","0",2.25,"model",0.73,0.242702947347875,0.0330678810011781,5
"3arc","0",2.25,"model",0.74,0.242109405087666,0.0341760123266008,5
"3arc","0",2.25,"model",0.75,0.237120553359684,0.0299962271813041,5
"3arc","0",2.25,"model",0.76,0.236426108915239,0.0314377433123266,5
"3arc","0",2.25,"model",0.77,0.231323451910408,0.0301775377759856,5
"3arc","0",2.25,"model",0.78,0.2305,0.0319250375337011,5
"3arc","0",2.25,"model",0.79,0.229598124098124,0.0338503774894301,5
"3arc","0",2.25,"model",0.8,0.228606060606061,0.0359798087117625,5
"3arc","0",2.25,"model",0.81,0.223161743291034,0.0346735837966216,5
"3arc","0",2.25,"model",0.82,0.221943419704289,0.0373958647466558,5
"3arc","0",2.25,"model",0.83,0.216945400294505,0.0394706841088647,5
"3arc","0",2.25,"model",0.84,0.211413537549407,0.0408258704530291,5
"3arc","0",2.25,"model",0.85,0.205329600351339,0.0419933397934771,5
"3arc","0",2.25,"model",0.86,0.199709109730849,0.0455892300566439,5
"3arc","0",2.25,"model",0.87,0.185799179081788,0.0506472572805775,5
"3arc","0",2.25,"model",0.88,0.178780412823891,0.0508812153783293,5
"3arc","0",2.25,"model",0.89,0.167639657444005,0.0573995902354879,5
"3arc","0",2.25,"model",0.9,0.155518445322793,0.0814951598117855,5
"3arc","0",2.25,"model",0.91,0.150888815693164,0.0911453997090755,5
"3arc","0",2.25,"model",0.92,0.145101778656126,0.103399325850621,5
"3arc","0",2.25,"model",0.93,0.189018445322793,0.0292603191534974,5
"3arc","0",2.25,"model",0.94,0.185018445322793,0.0287463168108969,5
"3arc","0",2.25,"model",0.95,0.177215415019763,0.0325300107678459,5
"3arc","0",2.25,"model",0.96,0.173215415019763,0.0333220010016476,5
"3arc","0",2.25,"model",0.97,0.164867588932806,0.0369589864642797,5
"3arc","0",2.25,"model",0.98,0.148171936758893,0.0414517447283832,5
"3arc","0",2.25,"model",0.99,0.116748353096179,0.0644411789564451,5
"3arc","0",2.25,"treat_all",0.01,0.300485088034495,0.0224809349933101,5
"3arc","0",2.25,"treat_all",0.02,0.293347180769541,0.0227103322891602,5
"3arc","0",2.25,"treat_all",0.03,0.286062100158918,0.0229444594261619,5
"3arc","0",2.25,"treat_all",0.04,0.278625247035573,0.023183464211851,5
"3arc","0",2.25,"treat_all",0.05,0.271031828583316,0.023427500677239,5
"3arc","0",2.25,"treat_all",0.06,0.26327684803633,0.0236767294078479,5
"3arc","0",2.25,"treat_all",0.07,0.25535509371414,0.0239313178961043,5
"3arc","0",2.25,"treat_all",0.08,0.247261127341468,0.0241914409167141,5
"3arc","0",2.25,"treat_all",0.09,0.238989271597967,0.0244572809267879,5
"3arc","0",2.25,"treat_all",0.1,0.230533596837945,0.0247290284926411,5
"3arc","0",2.25,"treat_all",0.11,0.221887906914776,0.0250068827453674,5
"3arc","0",2.25,"treat_all",0.12,0.213045724038807,0.0252910518674739,5
"3arc","0",2.25,"treat_all",0.13,0.204000272590977,0.025581753613077,5
"3arc","0",2.25,"treat_all",0.14,0.194744461807151,0.0258792158643919,5
"3arc","0",2.25,"treat_all",0.15,0.185270867240177,0.0261836772275024,5
"3arc","0",2.25,"treat_all",0.16,0.175571710897798,0.0264953876706869,5
"3arc","0",2.25,"treat_all",0.17,0.165638839944759,0.026814609208888,5
"3arc","0",2.25,"treat_all",0.18,0.155463703846525,0.0271416166382646,5
"3arc","0",2.25,"treat_all",0.19,0.145037329819939,0.0274766983251568,5
"3arc","0",2.25,"treat_all",0.2,0.134350296442688,0.0278201570542213,5
"3arc","0",2.25,"treat_all",0.21,0.123392705258418,0.0281723109409836,5
"3arc","0",2.25,"treat_all",0.22,0.112154150197628,0.0285334944145859,5
"3arc","0",2.25,"treat_all",0.23,0.100623684615779,0.028904059277113,5
"3arc","0",2.25,"treat_all",0.24,0.088789785729145,0.0292843758465487,5
"3arc","0",2.25,"treat_all",0.25,0.0766403162055336,0.0296748341911693,5
"3arc","0",2.25,"treat_all",0.26,0.0641624826407435,0.030075845464023,5
"3arc","0",2.25,"treat_all",0.27,0.0513427906221235,0.0304878433470918,5
"3arc","0",2.25,"treat_all",0.28,0.0381669960474308,0.0309112856158014,5
"3arc","0",2.25,"treat_all",0.29,0.024620052329789,0.0313466558357423,5
"3arc","0",2.25,"treat_all",0.3,0.0106860530773574,0.0317944652048243,5
"3arc","0",2.25,"treat_all",0.31,-0.00365183021137656,0.0322552545556188,5
"3arc","0",2.25,"treat_all",0.32,-0.0184114159497791,0.032729596534378,5
"3arc","0",2.25,"treat_all",0.33,-0.0336115863370893,0.0332180979751896,5
"3arc","0",2.25,"treat_all",0.34,-0.0492723679482573,0.0337214024899651,5
"3arc","0",2.25,"treat_all",0.35,-0.0654150197628459,0.0342401932975031,5
"3arc","0",2.25,"treat_all",0.36,-0.0820621294466404,0.0347751963177766,5
"3arc","0",2.25,"treat_all",0.37,-0.0992377188029362,0.0353271835609159,5
"3arc","0",2.25,"treat_all",0.38,-0.11696735942879,0.0358969768441565,5
"3arc","0",2.25,"treat_all",0.39,-0.135278299747295,0.0364854518743885,5
"3arc","0",2.25,"treat_all",0.4,-0.154199604743083,0.0370935427389617,5
"3arc","0",2.25,"treat_all",0.41,-0.17376230990822,0.0377222468531814,5
"3arc","0",2.25,"treat_all",0.42,-0.193999591113534,0.0383726304196155,5
"3arc","0",2.25,"treat_all",0.43,-0.21494695236114,0.0390458344620649,5
"3arc","0",2.25,"treat_all",0.44,-0.236642433653303,0.0397430815060304,5
"3arc","0",2.25,"treat_all",0.45,-0.259126841537909,0.0404656829879582,5
"3arc","0",2.25,"treat_all",0.46,-0.282444005270092,0.0412150474877352,5
"3arc","0",2.25,"treat_all",0.47,-0.306641061973301,0.0419926898931642,5
"3arc","0",2.25,"treat_all",0.48,-0.331768774703557,0.0428002416218788,5
"3arc","0",2.25,"treat_all",0.49,-0.357881887933039,0.0436394620458373,5
"3arc","0",2.25,"treat_all",0.5,-0.3850395256917,0.044512251286754,5
"3arc","0",2.25,"treat_all",0.51,-0.413305638460918,0.0454206645783204,5
"3arc","0",2.25,"treat_all",0.52,-0.442749505928854,0.0463669284237021,5
"3arc","0",2.25,"treat_all",0.53,-0.47344630392734,0.0473534588156958,5
"3arc","0",2.25,"treat_all",0.54,-0.505477745317065,0.0483828818334282,5
"3arc","0",2.25,"treat_all",0.55,-0.538932806324111,0.0494580569852823,5
"3arc","0",2.25,"treat_all",0.56,-0.573908551922386,0.0505821037349477,5
"3arc","0",2.25,"treat_all",0.57,-0.610511076385697,0.0517584317287837,5
"3arc","0",2.25,"treat_all",0.58,-0.648856578204405,0.0529907753413738,5
"3arc","0",2.25,"treat_all",0.59,-0.689072592306951,0.0542832332765293,5
"3arc","0",2.25,"treat_all",0.6,-0.731299407114624,0.0556403141084425,5
"3arc","0",2.25,"treat_all",0.61,-0.775691699604743,0.0570669888291718,5
"3arc","0",2.25,"treat_all",0.62,-0.82242042854171,0.0585687516930973,5
"3arc","0",2.25,"treat_all",0.63,-0.871675034718513,0.0601516909280459,5
"3arc","0",2.25,"treat_all",0.64,-0.923666007905138,0.0618225712316028,5
"3arc","0",2.25,"treat_all",0.65,-0.978627893845285,0.0635889304096486,5
"3arc","0",2.25,"treat_all",0.66,-1.03682283189956,0.0654591930687558,5
"3arc","0",2.25,"treat_all",0.67,-1.09854473589651,0.0674428049799302,5
"3arc","0",2.25,"treat_all",0.68,-1.16412425889328,0.0695503926355532,5
"3arc","0",2.25,"treat_all",0.69,-1.23393471885758,0.071793953688313,5
"3arc","0",2.25,"treat_all",0.7,-1.30839920948617,0.0741870854779234,5
"3arc","0",2.25,"treat_all",0.71,-1.38799918222707,0.076745260839231,5
"3arc","0",2.25,"treat_all",0.72,-1.47328486730661,0.0794861630120608,5
"3arc","0",2.25,"treat_all",0.73,-1.56488801054018,0.0824300949754704,5
"3arc","0",2.25,"treat_all",0.74,-1.66353754940711,0.0856004832437576,5
"3arc","0",2.25,"treat_all",0.75,-1.7700790513834,0.0890245025735079,5
"3arc","0",2.25,"treat_all",0.76,-1.88549901185771,0.092733856847404,5
"3arc","0",2.25,"treat_all",0.77,-2.01095549063413,0.0967657636668567,5
"3arc","0",2.25,"treat_all",0.78,-2.14781710384477,0.101164207469896,5
"3arc","0",2.25,"treat_all",0.79,-2.29771315640881,0.105981550682748,5
"3arc","0",2.25,"treat_all",0.8,-2.46259881422925,0.111280628216885,5
"3arc","0",2.25,"treat_all",0.81,-2.64484085708342,0.117137503386195,5
"3arc","0",2.25,"treat_all",0.82,-2.84733201581028,0.123645142463206,5
"3arc","0",2.25,"treat_all",0.83,-3.07364566379912,0.130918386137512,5
"3arc","0",2.25,"treat_all",0.84,-3.32824851778656,0.139100785271107,5
"3arc","0",2.25,"treat_all",0.85,-3.61679841897233,0.148374170955847,5
"3arc","0",2.25,"treat_all",0.86,-3.94656973461321,0.158972326024122,5
"3arc","0",2.25,"treat_all",0.87,-4.32707509881423,0.171200966487515,5
"3arc","0",2.25,"treat_all",0.88,-4.77099802371542,0.185467713694808,5
"3arc","0",2.25,"treat_all",0.89,-5.29563420768954,0.202328414939791,5
"3arc","0",2.25,"treat_all",0.9,-5.9251976284585,0.22256125643377,5
"3arc","0",2.25,"treat_all",0.91,-6.69466403162056,0.247290284926411,5
"3arc","0",2.25,"treat_all",0.92,-7.65649703557313,0.278201570542212,5
"3arc","0",2.25,"treat_all",0.93,-8.89313946922643,0.317944652048242,5
"3arc","0",2.25,"treat_all",0.94,-10.5419960474308,0.370935427389616,5
"3arc","0",2.25,"treat_all",0.95,-12.850395256917,0.445122512867541,5
"3arc","0",2.25,"treat_all",0.96,-16.3129940711463,0.556403141084425,5
"3arc","0",2.25,"treat_all",0.97,-22.0839920948616,0.741870854779232,5
"3arc","0",2.25,"treat_all",0.98,-33.6259881422925,1.11280628216885,5
"3arc","0",2.25,"treat_all",0.99,-68.2519762845849,2.2256125643377,5
"3arc","0",2.25,"treat_none",0.01,0,0,5
"3arc","0",2.25,"treat_none",0.02,0,0,5
"3arc","0",2.25,"treat_none",0.03,0,0,5
"3arc","0",2.25,"treat_none",0.04,0,0,5
"3arc","0",2.25,"treat_none",0.05,0,0,5
"3arc","0",2.25,"treat_none",0.06,0,0,5
"3arc","0",2.25,"treat_none",0.07,0,0,5
"3arc","0",2.25,"treat_none",0.08,0,0,5
"3arc","0",2.25,"treat_none",0.09,0,0,5
"3arc","0",2.25,"treat_none",0.1,0,0,5
"3arc","0",2.25,"treat_none",0.11,0,0,5
"3arc","0",2.25,"treat_none",0.12,0,0,5
"3arc","0",2.25,"treat_none",0.13,0,0,5
"3arc","0",2.25,"treat_none",0.14,0,0,5
"3arc","0",2.25,"treat_none",0.15,0,0,5
"3arc","0",2.25,"treat_none",0.16,0,0,5
"3arc","0",2.25,"treat_none",0.17,0,0,5
"3arc","0",2.25,"treat_none",0.18,0,0,5
"3arc","0",2.25,"treat_none",0.19,0,0,5
"3arc","0",2.25,"treat_none",0.2,0,0,5
"3arc","0",2.25,"treat_none",0.21,0,0,5
"3arc","0",2.25,"treat_none",0.22,0,0,5
"3arc","0",2.25,"treat_none",0.23,0,0,5
"3arc","0",2.25,"treat_none",0.24,0,0,5
"3arc","0",2.25,"treat_none",0.25,0,0,5
"3arc","0",2.25,"treat_none",0.26,0,0,5
"3arc","0",2.25,"treat_none",0.27,0,0,5
"3arc","0",2.25,"treat_none",0.28,0,0,5
"3arc","0",2.25,"treat_none",0.29,0,0,5
"3arc","0",2.25,"treat_none",0.3,0,0,5
"3arc","0",2.25,"treat_none",0.31,0,0,5
"3arc","0",2.25,"treat_none",0.32,0,0,5
"3arc","0",2.25,"treat_none",0.33,0,0,5
"3arc","0",2.25,"treat_none",0.34,0,0,5
"3arc","0",2.25,"treat_none",0.35,0,0,5
"3arc","0",2.25,"treat_none",0.36,0,0,5
"3arc","0",2.25,"treat_none",0.37,0,0,5
"3arc","0",2.25,"treat_none",0.38,0,0,5
"3arc","0",2.25,"treat_none",0.39,0,0,5
"3arc","0",2.25,"treat_none",0.4,0,0,5
"3arc","0",2.25,"treat_none",0.41,0,0,5
"3arc","0",2.25,"treat_none",0.42,0,0,5
"3arc","0",2.25,"treat_none",0.43,0,0,5
"3arc","0",2.25,"treat_none",0.44,0,0,5
"3arc","0",2.25,"treat_none",0.45,0,0,5
"3arc","0",2.25,"treat_none",0.46,0,0,5
"3arc","0",2.25,"treat_none",0.47,0,0,5
"3arc","0",2.25,"treat_none",0.48,0,0,5
"3arc","0",2.25,"treat_none",0.49,0,0,5
"3arc","0",2.25,"treat_none",0.5,0,0,5
"3arc","0",2.25,"treat_none",0.51,0,0,5
"3arc","0",2.25,"treat_none",0.52,0,0,5
"3arc","0",2.25,"treat_none",0.53,0,0,5
"3arc","0",2.25,"treat_none",0.54,0,0,5
"3arc","0",2.25,"treat_none",0.55,0,0,5
"3arc","0",2.25,"treat_none",0.56,0,0,5
"3arc","0",2.25,"treat_none",0.57,0,0,5
"3arc","0",2.25,"treat_none",0.58,0,0,5
"3arc","0",2.25,"treat_none",0.59,0,0,5
"3arc","0",2.25,"treat_none",0.6,0,0,5
"3arc","0",2.25,"treat_none",0.61,0,0,5
"3arc","0",2.25,"treat_none",0.62,0,0,5
"3arc","0",2.25,"treat_none",0.63,0,0,5
"3arc","0",2.25,"treat_none",0.64,0,0,5
"3arc","0",2.25,"treat_none",0.65,0,0,5
"3arc","0",2.25,"treat_none",0.66,0,0,5
"3arc","0",2.25,"treat_none",0.67,0,0,5
"3arc","0",2.25,"treat_none",0.68,0,0,5
"3arc","0",2.25,"treat_none",0.69,0,0,5
"3arc","0",2.25,"treat_none",0.7,0,0,5
"3arc","0",2.25,"treat_none",0.71,0,0,5
"3arc","0",2.25,"treat_none",0.72,0,0,5
"3arc","0",2.25,"treat_none",0.73,0,0,5
"3arc","0",2.25,"treat_none",0.74,0,0,5
"3arc","0",2.25,"treat_none",0.75,0,0,5
"3arc","0",2.25,"treat_none",0.76,0,0,5
"3arc","0",2.25,"treat_none",0.77,0,0,5
"3arc","0",2.25,"treat_none",0.78,0,0,5
"3arc","0",2.25,"treat_none",0.79,0,0,5
"3arc","0",2.25,"treat_none",0.8,0,0,5
"3arc","0",2.25,"treat_none",0.81,0,0,5
"3arc","0",2.25,"treat_none",0.82,0,0,5
"3arc","0",2.25,"treat_none",0.83,0,0,5
"3arc","0",2.25,"treat_none",0.84,0,0,5
"3arc","0",2.25,"treat_none",0.85,0,0,5
"3arc","0",2.25,"treat_none",0.86,0,0,5
"3arc","0",2.25,"treat_none",0.87,0,0,5
"3arc","0",2.25,"treat_none",0.88,0,0,5
"3arc","0",2.25,"treat_none",0.89,0,0,5
"3arc","0",2.25,"treat_none",0.9,0,0,5
"3arc","0",2.25,"treat_none",0.91,0,0,5
"3arc","0",2.25,"treat_none",0.92,0,0,5
"3arc","0",2.25,"treat_none",0.93,0,0,5
"3arc","0",2.25,"treat_none",0.94,0,0,5
"3arc","0",2.25,"treat_none",0.95,0,0,5
"3arc","0",2.25,"treat_none",0.96,0,0,5
"3arc","0",2.25,"treat_none",0.97,0,0,5
"3arc","0",2.25,"treat_none",0.98,0,0,5
"3arc","0",2.25,"treat_none",0.99,0,0,5
"3arc","0",2.5,"model",0.01,0.278289118289118,0.0165380868435004,3
"3arc","0",2.5,"model",0.02,0.271521267847798,0.0170937329765789,3
"3arc","0",2.5,"model",0.03,0.265133680752237,0.0176173769500968,3
"3arc","0",2.5,"model",0.04,0.258875915750916,0.0181355586545096,3
"3arc","0",2.5,"model",0.05,0.252887025255446,0.0186918710098733,3
"3arc","0",2.5,"model",0.06,0.24717559036708,0.0192871973771753,3
"3arc","0",2.5,"model",0.07,0.241302532592855,0.0206749433169148,3
"3arc","0",2.5,"model",0.08,0.236041567128524,0.0199185839102786,3
"3arc","0",2.5,"model",0.09,0.231112788310591,0.0202654964823616,3
"3arc","0",2.5,"model",0.1,0.227181522181522,0.0198098806215402,3
"3arc","0",2.5,"model",0.11,0.21773922706507,0.0294385650948849,3
"3arc","0",2.5,"model",0.12,0.213178488178488,0.0313808613116586,3
"3arc","0",2.5,"model",0.13,0.208712685781651,0.0312947659527267,3
"3arc","0",2.5,"model",0.14,0.203425760286225,0.0326763014833879,3
"3arc","0",2.5,"model",0.15,0.199341736694678,0.0352827696175583,3
"3arc","0",2.5,"model",0.16,0.186570730856445,0.0315775562894712,3
"3arc","0",2.5,"model",0.17,0.180056710357915,0.0322093661824936,3
"3arc","0",2.5,"model",0.18,0.178811310640579,0.0301444439787531,3
"3arc","0",2.5,"model",0.19,0.173742142631032,0.0283475192739686,3
"3arc","0",2.5,"model",0.2,0.175361721611722,0.033903259269746,3
"3arc","0",2.5,"model",0.21,0.165986692632262,0.0300306108650631,3
"3arc","0",2.5,"model",0.22,0.161736169813093,0.0327991619299334,3
"3arc","0",2.5,"model",0.23,0.165010465724751,0.0332891113975735,3
"3arc","0",2.5,"model",0.24,0.171164449585502,0.0335053141600952,3
"3arc","0",2.5,"model",0.25,0.165873015873016,0.0345306506631859,3
"3arc","0",2.5,"model",0.26,0.1647821997822,0.0325527793797359,3
"3arc","0",2.5,"model",0.27,0.159427718400321,0.0334697261332744,3
"3arc","0",2.5,"model",0.28,0.166132478632479,0.0316616271639689,3
"3arc","0",2.5,"model",0.29,0.166137852757571,0.0294324628816624,3
"3arc","0",2.5,"model",0.3,0.174652014652015,0.0277874984668676,3
"3arc","0",2.5,"model",0.31,0.176094388703084,0.0334865149439102,3
"3arc","0",2.5,"model",0.32,0.171809954751131,0.034376545681311,3
"3arc","0",2.5,"model",0.33,0.173486687441911,0.0327750475340676,3
"3arc","0",2.5,"model",0.34,0.175588855588856,0.0317898583169833,3
"3arc","0",2.5,"model",0.35,0.1817258382643,0.0331410648921118,3
"3arc","0",2.5,"model",0.36,0.185156822344322,0.0434293186287354,3
"3arc","0",2.5,"model",0.37,0.188565904994476,0.0342910409362787,3
"3arc","0",2.5,"model",0.38,0.193792981212336,0.0092673953502792,3
"3arc","0",2.5,"model",0.39,0.195035128805621,0.0162902742291125,3
"3arc","0",2.5,"model",0.4,0.196227106227106,0.0133961307479719,3
"3arc","0",2.5,"model",0.41,0.197661265288384,0.0137982886520451,3
"3arc","0",2.5,"model",0.42,0.204509283819629,0.0154934184264187,3
"3arc","0",2.5,"model",0.43,0.21224985540775,0.0139889041520258,3
"3arc","0",2.5,"model",0.44,0.210266875981162,0.0142546974686285,3
"3arc","0",2.5,"model",0.45,0.223406593406593,0.00659383796609039,3
"3arc","0",2.5,"model",0.46,0.221900691900692,0.00616403829590622,3
"3arc","0",2.5,"model",0.47,0.21966410947543,0.00617680735028975,3
"3arc","0",2.5,"model",0.48,0.218257255564948,0.00553688438084814,3
"3arc","0",2.5,"model",0.49,0.222514185161244,0.00954907107072393,3
"3arc","0",2.5,"model",0.5,0.221227106227106,0.0103568635129107,3
"3arc","0",2.5,"model",0.51,0.226826268969126,0.0149272150502406,3
"3arc","0",2.5,"model",0.52,0.225714285714286,0.0152213449604044,3
"3arc","0",2.5,"model",0.53,0.23178357103889,0.00330437116880524,3
"3arc","0",2.5,"model",0.54,0.230870361522535,0.00301777451015545,3
"3arc","0",2.5,"model",0.55,0.229916564916565,0.0030071126674302,3
"3arc","0",2.5,"model",0.56,0.228919413919414,0.0033125219632506,3
"3arc","0",2.5,"model",0.57,0.227875883806116,0.00389601190039133,3
"3arc","0",2.5,"model",0.58,0.235634920634921,0.0129763725049123,3
"3arc","0",2.5,"model",0.59,0.2348606271777,0.0139800411162525,3
"3arc","0",2.5,"model",0.6,0.244047619047619,0.010309826235529,3
"3arc","0",2.5,"model",0.61,0.243620268620269,0.00996037873470758,3
"3arc","0",2.5,"model",0.62,0.236503759398496,0.0119293835873934,3
"3arc","0",2.5,"model",0.63,0.236029601029601,0.0124891738173385,3
"3arc","0",2.5,"model",0.64,0.235529100529101,0.0131099804783008,3
"3arc","0",2.5,"model",0.65,0.235,0.0137951485113057,3
"3arc","0",2.5,"model",0.66,0.234439775910364,0.0145483964341817,3
"3arc","0",2.5,"model",0.67,0.233845598845599,0.0153739140571019,3
"3arc","0",2.5,"model",0.68,0.233214285714286,0.0162764698072941,3
"3arc","0",2.5,"model",0.69,0.232542242703533,0.0172615301309713,3
"3arc","0",2.5,"model",0.7,0.231825396825397,0.0183353946480839,3
"3arc","0",2.5,"model",0.71,0.225106732348112,0.0216194058059445,3
"3arc","0",2.5,"model",0.72,0.224285714285714,0.0224517623507167,3
"3arc","0",2.5,"model",0.73,0.223403880070547,0.023409115998506,3
"3arc","0",2.5,"model",0.74,0.241428571428571,0.024032291201801,3
"3arc","0",2.5,"model",0.75,0.241428571428571,0.024032291201801,3
"3arc","0",2.5,"model",0.76,0.235018315018315,0.0231514582112812,3
"3arc","0",2.5,"model",0.77,0.235018315018315,0.0231514582112812,3
"3arc","0",2.5,"model",0.78,0.235018315018315,0.0231514582112812,3
"3arc","0",2.5,"model",0.79,0.229065934065934,0.0318199237490862,3
"3arc","0",2.5,"model",0.8,0.229065934065934,0.0318199237490862,3
"3arc","0",2.5,"model",0.81,0.229065934065934,0.0318199237490862,3
"3arc","0",2.5,"model",0.82,0.223113553113553,0.0412505771050566,3
"3arc","0",2.5,"model",0.83,0.223113553113553,0.0412505771050566,3
"3arc","0",2.5,"model",0.84,0.223113553113553,0.0412505771050566,3
"3arc","0",2.5,"model",0.85,0.223113553113553,0.0412505771050566,3
"3arc","0",2.5,"model",0.86,0.216446886446886,0.0331242284001396,3
"3arc","0",2.5,"model",0.87,0.210494505494505,0.0433572887318057,3
"3arc","0",2.5,"model",0.88,0.210494505494505,0.0433572887318057,3
"3arc","0",2.5,"model",0.89,0.204542124542125,0.0536197678030717,3
"3arc","0",2.5,"model",0.9,0.204542124542125,0.0536197678030717,3
"3arc","0",2.5,"model",0.91,0.198589743589744,0.0638974924887596,3
"3arc","0",2.5,"model",0.92,0.192637362637363,0.0741841265194951,3
"3arc","0",2.5,"model",0.93,0.192637362637363,0.0741841265194951,3
"3arc","0",2.5,"model",0.94,0.192637362637363,0.0741841265194951,3
"3arc","0",2.5,"model",0.95,0.173351648351648,0.0744110028377257,3
"3arc","0",2.5,"model",0.96,0.142216117216117,0.0779398719298205,3
"3arc","0",2.5,"model",0.97,0.12985347985348,0.084730073076688,3
"3arc","0",2.5,"model",0.98,0.110567765567766,0.0803486908926641,3
"3arc","0",2.5,"model",0.99,0.0905677655677656,0.0684834145047603,3
"3arc","0",2.5,"treat_all",0.01,0.278221778221778,0.0164475985267371,3
"3arc","0",2.5,"treat_all",0.02,0.270856694326082,0.016615431164765,3
"3arc","0",2.5,"treat_all",0.03,0.263339753030475,0.0167867242695564,3
"3arc","0",2.5,"treat_all",0.04,0.255666208791209,0.0169615859806976,3
"3arc","0",2.5,"treat_all",0.05,0.247831116252169,0.0171401289910208,3
"3arc","0",2.5,"treat_all",0.06,0.239829319616554,0.0173224707887976,3
"3arc","0",2.5,"treat_all",0.07,0.231655441332861,0.0175087339155588,3
"3arc","0",2.5,"treat_all",0.08,0.223303870043,0.017699046240728,3
"3arc","0",2.5,"treat_all",0.09,0.214768747735781,0.0178935412543623,3
"3arc","0",2.5,"treat_all",0.1,0.206043956043956,0.0180923583794108,3
"3arc","0",2.5,"treat_all",0.11,0.197123101617484,0.0182956433050222,3
"3arc","0",2.5,"treat_all",0.12,0.1879995004995,0.0185035483425792,3
"3arc","0",2.5,"treat_all",0.13,0.178666161424782,0.018716232806287,3
"3arc","0",2.5,"treat_all",0.14,0.169115767952977,0.0189338634203136,3
"3arc","0",2.5,"treat_all",0.15,0.159340659340659,0.0191566147546703,3
"3arc","0",2.5,"treat_all",0.16,0.149332810047096,0.0193846696922259,3
"3arc","0",2.5,"treat_all",0.17,0.139083807758507,0.0196182199294816,3
"3arc","0",2.5,"treat_all",0.18,0.128584829804342,0.0198574665139875,3
"3arc","0",2.5,"treat_all",0.19,0.117826617826618,0.0201026204215676,3
"3arc","0",2.5,"treat_all",0.2,0.106799450549451,0.0203539031768372,3
"3arc","0",2.5,"treat_all",0.21,0.0954931144804562,0.0206115475208478,3
"3arc","0",2.5,"treat_all",0.22,0.0838968723584108,0.0208757981300894,3
"3arc","0",2.5,"treat_all",0.23,0.0719994291422863,0.0211469123915191,3
"3arc","0",2.5,"treat_all",0.24,0.0597888953152111,0.021425161238776,3
"3arc","0",2.5,"treat_all",0.25,0.0472527472527472,0.021710830055293,3
"3arc","0",2.5,"treat_all",0.26,0.0343777843777844,0.0220042196506348,3
"3arc","0",2.5,"treat_all",0.27,0.0211500827939184,0.0223056473170818,3
"3arc","0",2.5,"treat_all",0.28,0.00755494505494499,0.0226154479742635,3
"3arc","0",2.5,"treat_all",0.29,-0.00642315431047831,0.0229339754105208,3
"3arc","0",2.5,"treat_all",0.3,-0.0208006279434851,0.023261603630671,3
"3arc","0",2.5,"treat_all",0.31,-0.0355948399426661,0.0235987283209706,3
"3arc","0",2.5,"treat_all",0.32,-0.0508241758241759,0.0239457684433378,3
"3arc","0",2.5,"treat_all",0.33,-0.0665081187469248,0.0243031679723429,3
"3arc","0",2.5,"treat_all",0.34,-0.0826673326673328,0.0246713977901056,3
"3arc","0",2.5,"treat_all",0.35,-0.0993237531699071,0.0250509577561073,3
"3arc","0",2.5,"treat_all",0.36,-0.116500686813187,0.0254423789710465,3
"3arc","0",2.5,"treat_all",0.37,-0.134222919937206,0.0258462262563012,3
"3arc","0",2.5,"treat_all",0.38,-0.152516838000709,0.0262631008733383,3
"3arc","0",2.5,"treat_all",0.39,-0.171410556656458,0.0266936435106061,3
"3arc","0",2.5,"treat_all",0.4,-0.190934065934066,0.0271385375691162,3
"3arc","0",2.5,"treat_all",0.41,-0.211119389085491,0.0275985127821521,3
"3arc","0",2.5,"treat_all",0.42,-0.232000757862827,0.0280743492094306,3
"3arc","0",2.5,"treat_all",0.43,-0.253614806246385,0.0285668816517013,3
"3arc","0",2.5,"treat_all",0.44,-0.276000784929356,0.0290770045383388,3
"3arc","0",2.5,"treat_all",0.45,-0.299200799200799,0.0296056773481268,3
"3arc","0",2.5,"treat_all",0.46,-0.323260073260073,0.0301539306323514,3
"3arc","0",2.5,"treat_all",0.47,-0.34822724445366,0.0307228727197542,3
"3arc","0",2.5,"treat_all",0.48,-0.374154691462384,0.0313136971951341,3
"3arc","0",2.5,"treat_all",0.49,-0.401098901098901,0.0319276912577838,3
"3arc","0",2.5,"treat_all",0.5,-0.429120879120879,0.0325662450829395,3
"3arc","0",2.5,"treat_all",0.51,-0.458286611347836,0.0332308623295301,3
"3arc","0",2.5,"treat_all",0.52,-0.488667582417583,0.0339231719613953,3
"3arc","0",2.5,"treat_all",0.53,-0.520341360766893,0.0346449415775952,3
"3arc","0",2.5,"treat_all",0.54,-0.553392259913999,0.0353980924814559,3
"3arc","0",2.5,"treat_all",0.55,-0.587912087912088,0.0361847167588216,3
"3arc","0",2.5,"treat_all",0.56,-0.624000999000999,0.0370070966851586,3
"3arc","0",2.5,"treat_all",0.57,-0.661768464094046,0.0378677268406273,3
"3arc","0",2.5,"treat_all",0.58,-0.701334379905809,0.0387693393844518,3
"3arc","0",2.5,"treat_all",0.59,-0.742830340391316,0.039714933027975,3
"3arc","0",2.5,"treat_all",0.6,-0.786401098901099,0.0407078063536744,3
"3arc","0",2.5,"treat_all",0.61,-0.832206255283178,0.0417515962601789,3
"3arc","0",2.5,"treat_all",0.62,-0.880422209369578,0.0428503224775519,3
"3arc","0",2.5,"treat_all",0.63,-0.931244431244431,0.0440084393012697,3
"3arc","0",2.5,"treat_all",0.64,-0.98489010989011,0.0452308959485272,3
"3arc","0",2.5,"treat_all",0.65,-1.04160125588697,0.0465232072613423,3
"3arc","0",2.5,"treat_all",0.66,-1.10164835164835,0.0478915368866758,3
"3arc","0",2.5,"treat_all",0.67,-1.16533466533467,0.0493427955802115,3
"3arc","0",2.5,"treat_all",0.68,-1.23300137362637,0.050884757942093,3
"3arc","0",2.5,"treat_all",0.69,-1.30503367600142,0.0525262017466766,3
"3arc","0",2.5,"treat_all",0.7,-1.38186813186813,0.0542770751382325,3
"3arc","0",2.5,"treat_all",0.71,-1.46400151572565,0.0561486984188613,3
"3arc","0",2.5,"treat_all",0.72,-1.55200156985871,0.0581540090766778,3
"3arc","0",2.5,"treat_all",0.73,-1.64652014652015,0.0603078612647029,3
"3arc","0",2.5,"treat_all",0.74,-1.74830938292477,0.0626273943902685,3
"3arc","0",2.5,"treat_all",0.75,-1.85824175824176,0.0651324901658792,3
"3arc","0",2.5,"treat_all",0.76,-1.97733516483517,0.0678463439227907,3
"3arc","0",2.5,"treat_all",0.77,-2.106784519828,0.070796184962912,3
"3arc","0",2.5,"treat_all",0.78,-2.248001998002,0.0740141933703171,3
"3arc","0",2.5,"treat_all",0.79,-2.40266875981162,0.0775386787689036,3
"3arc","0",2.5,"treat_all",0.8,-2.5728021978022,0.0814156127073487,3
"3arc","0",2.5,"treat_all",0.81,-2.76084441873916,0.0857006449551041,3
"3arc","0",2.5,"treat_all",0.82,-2.96978021978022,0.0904617918970541,3
"3arc","0",2.5,"treat_all",0.83,-3.20329670329671,0.0957830737733516,3
"3arc","0",2.5,"treat_all",0.84,-3.46600274725275,0.101769515884186,3
"3arc","0",2.5,"treat_all",0.85,-3.76373626373626,0.108554150276465,3
"3arc","0",2.5,"treat_all",0.86,-4.10400313971742,0.116308018153355,3
"3arc","0",2.5,"treat_all",0.87,-4.49661876584953,0.125254788780536,3
"3arc","0",2.5,"treat_all",0.88,-4.95467032967033,0.135692687845581,3
"3arc","0",2.5,"treat_all",0.89,-5.496003996004,0.148028386740634,3
"3arc","0",2.5,"treat_all",0.9,-6.1456043956044,0.162831225414697,3
"3arc","0",2.5,"treat_all",0.91,-6.93956043956044,0.180923583794108,3
"3arc","0",2.5,"treat_all",0.92,-7.9320054945055,0.203539031768372,3
"3arc","0",2.5,"treat_all",0.93,-9.20800627943486,0.232616036306712,3
"3arc","0",2.5,"treat_all",0.94,-10.9093406593407,0.271385375691163,3
"3arc","0",2.5,"treat_all",0.95,-13.2912087912088,0.325662450829397,3
"3arc","0",2.5,"treat_all",0.96,-16.864010989011,0.407078063536746,3
"3arc","0",2.5,"treat_all",0.97,-22.8186813186813,0.542770751382325,3
"3arc","0",2.5,"treat_all",0.98,-34.7280219780219,0.814156127073485,3
"3arc","0",2.5,"treat_all",0.99,-70.4560439560439,1.62831225414698,3
"3arc","0",2.5,"treat_none",0.01,0,0,3
"3arc","0",2.5,"treat_none",0.02,0,0,3
"3arc","0",2.5,"treat_none",0.03,0,0,3
"3arc","0",2.5,"treat_none",0.04,0,0,3
"3arc","0",2.5,"treat_none",0.05,0,0,3
"3arc","0",2.5,"treat_none",0.06,0,0,3
"3arc","0",2.5,"treat_none",0.07,0,0,3
"3arc","0",2.5,"treat_none",0.08,0,0,3
"3arc","0",2.5,"treat_none",0.09,0,0,3
"3arc","0",2.5,"treat_none",0.1,0,0,3
"3arc","0",2.5,"treat_none",0.11,0,0,3
"3arc","0",2.5,"treat_none",0.12,0,0,3
"3arc","0",2.5,"treat_none",0.13,0,0,3
"3arc","0",2.5,"treat_none",0.14,0,0,3
"3arc","0",2.5,"treat_none",0.15,0,0,3
"3arc","0",2.5,"treat_none",0.16,0,0,3
"3arc","0",2.5,"treat_none",0.17,0,0,3
"3arc","0",2.5,"treat_none",0.18,0,0,3
"3arc","0",2.5,"treat_none",0.19,0,0,3
"3arc","0",2.5,"treat_none",0.2,0,0,3
"3arc","0",2.5,"treat_none",0.21,0,0,3
"3arc","0",2.5,"treat_none",0.22,0,0,3
"3arc","0",2.5,"treat_none",0.23,0,0,3
"3arc","0",2.5,"treat_none",0.24,0,0,3
"3arc","0",2.5,"treat_none",0.25,0,0,3
"3arc","0",2.5,"treat_none",0.26,0,0,3
"3arc","0",2.5,"treat_none",0.27,0,0,3
"3arc","0",2.5,"treat_none",0.28,0,0,3
"3arc","0",2.5,"treat_none",0.29,0,0,3
"3arc","0",2.5,"treat_none",0.3,0,0,3
"3arc","0",2.5,"treat_none",0.31,0,0,3
"3arc","0",2.5,"treat_none",0.32,0,0,3
"3arc","0",2.5,"treat_none",0.33,0,0,3
"3arc","0",2.5,"treat_none",0.34,0,0,3
"3arc","0",2.5,"treat_none",0.35,0,0,3
"3arc","0",2.5,"treat_none",0.36,0,0,3
"3arc","0",2.5,"treat_none",0.37,0,0,3
"3arc","0",2.5,"treat_none",0.38,0,0,3
"3arc","0",2.5,"treat_none",0.39,0,0,3
"3arc","0",2.5,"treat_none",0.4,0,0,3
"3arc","0",2.5,"treat_none",0.41,0,0,3
"3arc","0",2.5,"treat_none",0.42,0,0,3
"3arc","0",2.5,"treat_none",0.43,0,0,3
"3arc","0",2.5,"treat_none",0.44,0,0,3
"3arc","0",2.5,"treat_none",0.45,0,0,3
"3arc","0",2.5,"treat_none",0.46,0,0,3
"3arc","0",2.5,"treat_none",0.47,0,0,3
"3arc","0",2.5,"treat_none",0.48,0,0,3
"3arc","0",2.5,"treat_none",0.49,0,0,3
"3arc","0",2.5,"treat_none",0.5,0,0,3
"3arc","0",2.5,"treat_none",0.51,0,0,3
"3arc","0",2.5,"treat_none",0.52,0,0,3
"3arc","0",2.5,"treat_none",0.53,0,0,3
"3arc","0",2.5,"treat_none",0.54,0,0,3
"3arc","0",2.5,"treat_none",0.55,0,0,3
"3arc","0",2.5,"treat_none",0.56,0,0,3
"3arc","0",2.5,"treat_none",0.57,0,0,3
"3arc","0",2.5,"treat_none",0.58,0,0,3
"3arc","0",2.5,"treat_none",0.59,0,0,3
"3arc","0",2.5,"treat_none",0.6,0,0,3
"3arc","0",2.5,"treat_none",0.61,0,0,3
"3arc","0",2.5,"treat_none",0.62,0,0,3
"3arc","0",2.5,"treat_none",0.63,0,0,3
"3arc","0",2.5,"treat_none",0.64,0,0,3
"3arc","0",2.5,"treat_none",0.65,0,0,3
"3arc","0",2.5,"treat_none",0.66,0,0,3
"3arc","0",2.5,"treat_none",0.67,0,0,3
"3arc","0",2.5,"treat_none",0.68,0,0,3
"3arc","0",2.5,"treat_none",0.69,0,0,3
"3arc","0",2.5,"treat_none",0.7,0,0,3
"3arc","0",2.5,"treat_none",0.71,0,0,3
"3arc","0",2.5,"treat_none",0.72,0,0,3
"3arc","0",2.5,"treat_none",0.73,0,0,3
"3arc","0",2.5,"treat_none",0.74,0,0,3
"3arc","0",2.5,"treat_none",0.75,0,0,3
"3arc","0",2.5,"treat_none",0.76,0,0,3
"3arc","0",2.5,"treat_none",0.77,0,0,3
"3arc","0",2.5,"treat_none",0.78,0,0,3
"3arc","0",2.5,"treat_none",0.79,0,0,3
"3arc","0",2.5,"treat_none",0.8,0,0,3
"3arc","0",2.5,"treat_none",0.81,0,0,3
"3arc","0",2.5,"treat_none",0.82,0,0,3
"3arc","0",2.5,"treat_none",0.83,0,0,3
"3arc","0",2.5,"treat_none",0.84,0,0,3
"3arc","0",2.5,"treat_none",0.85,0,0,3
"3arc","0",2.5,"treat_none",0.86,0,0,3
"3arc","0",2.5,"treat_none",0.87,0,0,3
"3arc","0",2.5,"treat_none",0.88,0,0,3
"3arc","0",2.5,"treat_none",0.89,0,0,3
"3arc","0",2.5,"treat_none",0.9,0,0,3
"3arc","0",2.5,"treat_none",0.91,0,0,3
"3arc","0",2.5,"treat_none",0.92,0,0,3
"3arc","0",2.5,"treat_none",0.93,0,0,3
"3arc","0",2.5,"treat_none",0.94,0,0,3
"3arc","0",2.5,"treat_none",0.95,0,0,3
"3arc","0",2.5,"treat_none",0.96,0,0,3
"3arc","0",2.5,"treat_none",0.97,0,0,3
"3arc","0",2.5,"treat_none",0.98,0,0,3
"3arc","0",2.5,"treat_none",0.99,0,0,3
"3arc","0",2.75,"model",0.01,0.259320111492685,0.0155130765196162,5
"3arc","0",2.75,"model",0.02,0.252186757091634,0.0154729576642796,5
"3arc","0",2.75,"model",0.03,0.245496038122283,0.01551558929054,5
"3arc","0",2.75,"model",0.04,0.239915577595662,0.0155522755706085,5
"3arc","0",2.75,"model",0.05,0.234779096906662,0.0166788343303925,5
"3arc","0",2.75,"model",0.06,0.232504541978036,0.0165965957763077,5
"3arc","0",2.75,"model",0.07,0.227391929496905,0.0156907186085911,5
"3arc","0",2.75,"model",0.08,0.224673988502286,0.0156082294330625,5
"3arc","0",2.75,"model",0.09,0.222414269470518,0.0154474706630502,5
"3arc","0",2.75,"model",0.1,0.222138134934745,0.0179895216000617,5
"3arc","0",2.75,"model",0.11,0.217268773250491,0.0207042692058547,5
"3arc","0",2.75,"model",0.12,0.209316697683416,0.0256639783810001,5
"3arc","0",2.75,"model",0.13,0.208508236033075,0.0266795509195952,5
"3arc","0",2.75,"model",0.14,0.208684697249932,0.025169142292614,5
"3arc","0",2.75,"model",0.15,0.20726412006073,0.0259448671341866,5
"3arc","0",2.75,"model",0.16,0.205375291912822,0.0263228915035225,5
"3arc","0",2.75,"model",0.17,0.20373792193784,0.026743734962299,5
"3arc","0",2.75,"model",0.18,0.204682790683204,0.0273976169362022,5
"3arc","0",2.75,"model",0.19,0.203553040389199,0.0261457468965192,5
"3arc","0",2.75,"model",0.2,0.200022985489087,0.0238380629873826,5
"3arc","0",2.75,"model",0.21,0.198603366525486,0.0237514809039931,5
"3arc","0",2.75,"model",0.22,0.195299195227487,0.024395478798569,5
"3arc","0",2.75,"model",0.23,0.197262549249122,0.0224533970985773,5
"3arc","0",2.75,"model",0.24,0.199815453651314,0.0249301147035808,5
"3arc","0",2.75,"model",0.25,0.202801699242377,0.0258180300986324,5
"3arc","0",2.75,"model",0.26,0.201357931273185,0.0274231027997072,5
"3arc","0",2.75,"model",0.27,0.19865151604065,0.028298543013923,5
"3arc","0",2.75,"model",0.28,0.202676405515389,0.0298445392763609,5
"3arc","0",2.75,"model",0.29,0.204673827803453,0.0335605753840267,5
"3arc","0",2.75,"model",0.3,0.205317966940243,0.0321669410835968,5
"3arc","0",2.75,"model",0.31,0.206155260853124,0.0322219728108014,5
"3arc","0",2.75,"model",0.32,0.203946037345838,0.033470906770418,5
"3arc","0",2.75,"model",0.33,0.201613461586899,0.0347826424397472,5
"3arc","0",2.75,"model",0.34,0.203297932165421,0.037106886711914,5
"3arc","0",2.75,"model",0.35,0.205131715307726,0.0353383189439187,5
"3arc","0",2.75,"model",0.36,0.20518761605626,0.0392993923736068,5
"3arc","0",2.75,"model",0.37,0.205396806583247,0.0415790933358617,5
"3arc","0",2.75,"model",0.38,0.205858628340859,0.0438858585694748,5
"3arc","0",2.75,"model",0.39,0.204002678806791,0.0454490652363901,5
"3arc","0",2.75,"model",0.4,0.204307086510476,0.0472092886783319,5
"3arc","0",2.75,"model",0.41,0.202418423288863,0.0489368809966048,5
"3arc","0",2.75,"model",0.42,0.205374043451191,0.0404919327195949,5
"3arc","0",2.75,"model",0.43,0.206114011867803,0.0367814715626579,5
"3arc","0",2.75,"model",0.44,0.209664911359827,0.0280901768298165,5
"3arc","0",2.75,"model",0.45,0.204473043648699,0.02310290211952,5
"3arc","0",2.75,"model",0.46,0.202792588244566,0.0240612361781529,5
"3arc","0",2.75,"model",0.47,0.204054795540245,0.0195302470524954,5
"3arc","0",2.75,"model",0.48,0.205147918140095,0.0217414590392318,5
"3arc","0",2.75,"model",0.49,0.206921397534558,0.0177583865259434,5
"3arc","0",2.75,"model",0.5,0.205511578816664,0.0187221816936123,5
"3arc","0",2.75,"model",0.51,0.200710883144297,0.0185838958587167,5
"3arc","0",2.75,"model",0.52,0.199182380707804,0.0195280584138989,5
"3arc","0",2.75,"model",0.53,0.201925987823932,0.0194524332710762,5
"3arc","0",2.75,"model",0.54,0.200441056119022,0.0203467616528701,5
"3arc","0",2.75,"model",0.55,0.195253763813086,0.0248969231831082,5
"3arc","0",2.75,"model",0.56,0.198260437559359,0.0217392398887329,5
"3arc","0",2.75,"model",0.57,0.206396385771632,0.0277857586073498,5
"3arc","0",2.75,"model",0.58,0.205222790392282,0.0289545626790038,5
"3arc","0",2.75,"model",0.59,0.203991946457841,0.0301889499158588,5
"3arc","0",2.75,"model",0.6,0.202699560326679,0.0314933861332782,5
"3arc","0",2.75,"model",0.61,0.207356677076364,0.0329944898964818,5
"3arc","0",2.75,"model",0.62,0.20618603074,0.0343068832852414,5
"3arc","0",2.75,"model",0.63,0.210723979791776,0.0256553697661515,5
"3arc","0",2.75,"model",0.64,0.206104567121516,0.0239060561234045,5
"3arc","0",2.75,"model",0.65,0.201606867708563,0.0305683172795878,5
"3arc","0",2.75,"model",0.66,0.204053739547259,0.0342927696088043,5
"3arc","0",2.75,"model",0.67,0.199762572643929,0.0419801612272952,5
"3arc","0",2.75,"model",0.68,0.198804902724394,0.0433865488963597,5
"3arc","0",2.75,"model",0.69,0.197785447648761,0.0448854960161117,5
"3arc","0",2.75,"model",0.7,0.196698028901419,0.0464862460351491,5
"3arc","0",2.75,"model",0.71,0.195535615757708,0.0481993172418119,5
"3arc","0",2.75,"model",0.72,0.194290173103732,0.0500367304209135,5
"3arc","0",2.75,"model",0.73,0.192952475438351,0.0520122871007958,5
"3arc","0",2.75,"model",0.74,0.188178544619223,0.0563256433411634,5
"3arc","0",2.75,"model",0.75,0.183051270763135,0.0570293943657711,5
"3arc","0",2.75,"model",0.76,0.181365771704755,0.0594511083433561,5
"3arc","0",2.75,"model",0.77,0.190693127800718,0.05909697632572,5
"3arc","0",2.75,"model",0.78,0.189353273844799,0.0619599448155349,5
"3arc","0",2.75,"model",0.79,0.187885814750222,0.0651093143986195,5
"3arc","0",2.75,"model",0.8,0.182425455900032,0.0659575972261175,5
"3arc","0",2.75,"model",0.81,0.173158817097265,0.0646456535330314,5
"3arc","0",2.75,"model",0.82,0.167605031503337,0.0678483072203803,5
"3arc","0",2.75,"model",0.83,0.157971873590019,0.0707951610713578,5
"3arc","0",2.75,"model",0.84,0.155479351157317,0.0761006431064083,5
"3arc","0",2.75,"model",0.85,0.149083063828827,0.0821065892319444,5
"3arc","0",2.75,"model",0.86,0.145854653820756,0.0889137799591528,5
"3arc","0",2.75,"model",0.87,0.161178990501024,0.0462693494256325,5
"3arc","0",2.75,"model",0.88,0.183864779288508,0.0259803887927428,5
"3arc","0",2.75,"model",0.89,0.180018625442354,0.0292005904993949,5
"3arc","0",2.75,"model",0.9,0.180018625442354,0.0292005904993949,5
"3arc","0",2.75,"model",0.91,0.1761724715962,0.0343263362928156,5
"3arc","0",2.75,"model",0.92,0.168992984416713,0.0384290355323988,5
"3arc","0",2.75,"model",0.93,0.165603153908239,0.0352526145220237,5
"3arc","0",2.75,"model",0.94,0.155070466256907,0.0415254201667225,5
"3arc","0",2.75,"model",0.95,0.147862674049115,0.0429098936710263,5
"3arc","0",2.75,"model",0.96,0.133353962421759,0.039807084377477,5
"3arc","0",2.75,"model",0.97,0.119661101610254,0.0260166928246265,5
"3arc","0",2.75,"model",0.98,0.0802691658623862,0.0430103293563538,5
"3arc","0",2.75,"model",0.99,0.0656437912370116,0.0548825353156085,5
"3arc","0",2.75,"treat_all",0.01,0.259249139834656,0.0155292259013727,5
"3arc","0",2.75,"treat_all",0.02,0.251690457588071,0.0156876873901622,5
"3arc","0",2.75,"treat_all",0.03,0.243975926222999,0.0158494161261433,5
"3arc","0",2.75,"treat_all",0.04,0.236100675454489,0.0160145142107906,5
"3arc","0",2.75,"treat_all",0.05,0.228059629932957,0.0161830880445884,5
"3arc","0",2.75,"treat_all",0.06,0.219847498336499,0.0163552485557011,5
"3arc","0",2.75,"treat_all",0.07,0.211458761759473,0.0165311114433968,5
"3arc","0",2.75,"treat_all",0.08,0.202887661343815,0.0167107974373467,5
"3arc","0",2.75,"treat_all",0.09,0.194128185094846,0.0168944325740209,5
"3arc","0",2.75,"treat_all",0.1,0.185174053818122,0.01708214849151,5
"3arc","0",2.75,"treat_all",0.11,0.176018706108213,0.0172740827442236,5
"3arc","0",2.75,"treat_all",0.12,0.166655282313988,0.0174703791390443,5
"3arc","0",2.75,"treat_all",0.13,0.157076607398057,0.0176711880946655,5
"3arc","0",2.75,"treat_all",0.14,0.14727517260036,0.0178766670259988,5
"3arc","0",2.75,"treat_all",0.15,0.137243115807423,0.0180869807557165,5
"3arc","0",2.75,"treat_all",0.16,0.126972200519416,0.0183023019551893,5
"3arc","0",2.75,"treat_all",0.17,0.116453793296758,0.0185228116173,5
"3arc","0",2.75,"treat_all",0.18,0.105678839556475,0.0187486995638525,5
"3arc","0",2.75,"treat_all",0.19,0.0946378375756907,0.0189801649905667,5
"3arc","0",2.75,"treat_all",0.2,0.0833208105453868,0.0192174170529488,5
"3arc","0",2.75,"treat_all",0.21,0.0717172765016575,0.019460675496657,5
"3arc","0",2.75,"treat_all",0.22,0.0598162159439865,0.0197101713363577,5
"3arc","0",2.75,"treat_all",0.23,0.047606036930272,0.0199661475874792,5
"3arc","0",2.75,"treat_all",0.24,0.0350745374161966,0.0202288600557355,5
"3arc","0",2.75,"treat_all",0.25,0.0222088645817459,0.020498578189812,5
"3arc","0",2.75,"treat_all",0.26,0.00899547085987762,0.0207755860031879,5
"3arc","0",2.75,"treat_all",0.27,-0.00457993364889121,0.0210601830717247,5
"3arc","0",2.75,"treat_all",0.28,-0.018532432727348,0.0213526856143875,5
"3arc","0",2.75,"treat_all",0.29,-0.03287795994886,0.0216534276652944,5
"3arc","0",2.75,"treat_all",0.3,-0.0476333593767008,0.0219627623462272,5
"3arc","0",2.75,"treat_all",0.31,-0.0628164515415806,0.0222810632497957,5
"3arc","0",2.75,"treat_all",0.32,-0.0784461052407214,0.0226087259446456,5
"3arc","0",2.75,"treat_all",0.33,-0.0945423157667024,0.0229461696154612,5
"3arc","0",2.75,"treat_all",0.34,-0.111126290248016,0.0232938388520591,5
"3arc","0",2.75,"treat_all",0.35,-0.128220540867216,0.0236522056036292,5
"3arc","0",2.75,"treat_all",0.36,-0.145848986818267,0.024021771316186,5
"3arc","0",2.75,"treat_all",0.37,-0.164037065974112,0.0244030692735857,5
"3arc","0",2.75,"treat_all",0.38,-0.182811857360791,0.0247966671650952,5
"3arc","0",2.75,"treat_all",0.39,-0.202202215678181,0.0252031699055066,5
"3arc","0",2.75,"treat_all",0.4,-0.222238919272818,0.025623222737265,5
"3arc","0",2.75,"treat_all",0.41,-0.242954833158798,0.0260575146480661,5
"3arc","0",2.75,"treat_all",0.42,-0.264385088902915,0.0265067821419983,5
"3arc","0",2.75,"treat_all",0.43,-0.286567283445071,0.0269718134076474,5
"3arc","0",2.75,"treat_all",0.44,-0.309541699220876,0.027453452932784,5
"3arc","0",2.75,"treat_all",0.45,-0.333351548297619,0.0279526066224709,5
"3arc","0",2.75,"treat_all",0.46,-0.358043243636464,0.02847024748585,5
"3arc","0",2.75,"treat_all",0.47,-0.383666701063567,0.0290074219667151,5
"3arc","0",2.75,"treat_all",0.48,-0.41027567608402,0.0295652570045366,5
"3arc","0",2.75,"treat_all",0.49,-0.437928140320962,0.0301449679261941,5
"3arc","0",2.75,"treat_all",0.5,-0.466686703127381,0.030747867284718,5
"3arc","0",2.75,"treat_all",0.51,-0.496619084823858,0.0313753747803245,5
"3arc","0",2.75,"treat_all",0.52,-0.527798649091022,0.0320290284215813,5
"3arc","0",2.75,"treat_all",0.53,-0.560305003327001,0.0327104971114021,5
"3arc","0",2.75,"treat_all",0.54,-0.594224677312371,0.0334215948746935,5
"3arc","0",2.75,"treat_all",0.55,-0.629651892363757,0.0341642969830201,5
"3arc","0",2.75,"treat_all",0.56,-0.666689435372024,0.0349407582780887,5
"3arc","0",2.75,"treat_all",0.57,-0.705449654799281,0.0357533340519977,5
"3arc","0",2.75,"treat_all",0.58,-0.746055598961168,0.0366046039103786,5
"3arc","0",2.75,"treat_all",0.59,-0.78864232088705,0.037497399127705,5
"3arc","0",2.75,"treat_all",0.6,-0.833358378909226,0.0384348341058975,5
"3arc","0",2.75,"treat_all",0.61,-0.880367568112027,0.0394203426727154,5
"3arc","0",2.75,"treat_all",0.62,-0.929850925167607,0.040457720111471,5
"3arc","0",2.75,"treat_all",0.63,-0.982009058280245,0.0415511720063757,5
"3arc","0",2.75,"treat_all",0.64,-1.0370648654547,0.042705371228775,5
"3arc","0",2.75,"treat_all",0.65,-1.0952667187534,0.0439255246924543,5
"3arc","0",2.75,"treat_all",0.66,-1.15689221048144,0.0452174518892913,5
"3arc","0",2.75,"treat_all",0.67,-1.22225258049603,0.0465876777041182,5
"3arc","0",2.75,"treat_all",0.68,-1.29169797363653,0.048043542632372,5
"3arc","0",2.75,"treat_all",0.69,-1.36562371472158,0.0495933343301904,5
"3arc","0",2.75,"treat_all",0.7,-1.44447783854564,0.05124644547453,5
"3arc","0",2.75,"treat_all",0.71,-1.52877017780583,0.0530135642839966,5
"3arc","0",2.75,"treat_all",0.72,-1.61908339844175,0.0549069058655679,5
"3arc","0",2.75,"treat_all",0.73,-1.71608648727293,0.0569404949717001,5
"3arc","0",2.75,"treat_all",0.74,-1.82055135216804,0.059130514009073,5
"3arc","0",2.75,"treat_all",0.75,-1.93337340625476,0.0614957345694361,5
"3arc","0",2.75,"treat_all",0.76,-2.05559729818204,0.0640580568431624,5
"3arc","0",2.75,"treat_all",0.77,-2.18844935462474,0.066843189749387,5
"3arc","0",2.75,"treat_all",0.78,-2.33337887074405,0.0698815165561773,5
"3arc","0",2.75,"treat_all",0.79,-2.49211119792234,0.0732092078207571,5
"3arc","0",2.75,"treat_all",0.8,-2.66671675781845,0.0768696682117952,5
"3arc","0",2.75,"treat_all",0.81,-2.85970185033521,0.0809154402229421,5
"3arc","0",2.75,"treat_all",0.82,-3.07412973090939,0.08541074245755,5
"3arc","0",2.75,"treat_all",0.83,-3.31378442096289,0.0904349037785822,5
"3arc","0",2.75,"treat_all",0.84,-3.58339594727307,0.0960870852647438,5
"3arc","0",2.75,"treat_all",0.85,-3.88895567709127,0.10249289094906,5
"3arc","0",2.75,"treat_all",0.86,-4.2381667968835,0.109813811731136,5
"3arc","0",2.75,"treat_all",0.87,-4.64110270433608,0.118261028018146,5
"3arc","0",2.75,"treat_all",0.88,-5.11119459636409,0.128116113686325,5
"3arc","0",2.75,"treat_all",0.89,-5.6667577414881,0.139763033112355,5
"3arc","0",2.75,"treat_all",0.9,-6.33343351563691,0.15373933642359,5
"3arc","0",2.75,"treat_all",0.91,-7.14825946181879,0.1708214849151,5
"3arc","0",2.75,"treat_all",0.92,-8.16679189454614,0.192174170529488,5
"3arc","0",2.75,"treat_all",0.93,-9.47633359376701,0.219627623462272,5
"3arc","0",2.75,"treat_all",0.94,-11.2223891927282,0.25623222737265,5
"3arc","0",2.75,"treat_all",0.95,-13.6668670312738,0.307478672847181,5
"3arc","0",2.75,"treat_all",0.96,-17.3335837890923,0.384348341058976,5
"3arc","0",2.75,"treat_all",0.97,-23.4447783854563,0.512464454745301,5
"3arc","0",2.75,"treat_all",0.98,-35.6671675781845,0.768696682117953,5
"3arc","0",2.75,"treat_all",0.99,-72.334335156369,1.5373933642359,5
"3arc","0",2.75,"treat_none",0.01,0,0,5
"3arc","0",2.75,"treat_none",0.02,0,0,5
"3arc","0",2.75,"treat_none",0.03,0,0,5
"3arc","0",2.75,"treat_none",0.04,0,0,5
"3arc","0",2.75,"treat_none",0.05,0,0,5
"3arc","0",2.75,"treat_none",0.06,0,0,5
"3arc","0",2.75,"treat_none",0.07,0,0,5
"3arc","0",2.75,"treat_none",0.08,0,0,5
"3arc","0",2.75,"treat_none",0.09,0,0,5
"3arc","0",2.75,"treat_none",0.1,0,0,5
"3arc","0",2.75,"treat_none",0.11,0,0,5
"3arc","0",2.75,"treat_none",0.12,0,0,5
"3arc","0",2.75,"treat_none",0.13,0,0,5
"3arc","0",2.75,"treat_none",0.14,0,0,5
"3arc","0",2.75,"treat_none",0.15,0,0,5
"3arc","0",2.75,"treat_none",0.16,0,0,5
"3arc","0",2.75,"treat_none",0.17,0,0,5
"3arc","0",2.75,"treat_none",0.18,0,0,5
"3arc","0",2.75,"treat_none",0.19,0,0,5
"3arc","0",2.75,"treat_none",0.2,0,0,5
"3arc","0",2.75,"treat_none",0.21,0,0,5
"3arc","0",2.75,"treat_none",0.22,0,0,5
"3arc","0",2.75,"treat_none",0.23,0,0,5
"3arc","0",2.75,"treat_none",0.24,0,0,5
"3arc","0",2.75,"treat_none",0.25,0,0,5
"3arc","0",2.75,"treat_none",0.26,0,0,5
"3arc","0",2.75,"treat_none",0.27,0,0,5
"3arc","0",2.75,"treat_none",0.28,0,0,5
"3arc","0",2.75,"treat_none",0.29,0,0,5
"3arc","0",2.75,"treat_none",0.3,0,0,5
"3arc","0",2.75,"treat_none",0.31,0,0,5
"3arc","0",2.75,"treat_none",0.32,0,0,5
"3arc","0",2.75,"treat_none",0.33,0,0,5
"3arc","0",2.75,"treat_none",0.34,0,0,5
"3arc","0",2.75,"treat_none",0.35,0,0,5
"3arc","0",2.75,"treat_none",0.36,0,0,5
"3arc","0",2.75,"treat_none",0.37,0,0,5
"3arc","0",2.75,"treat_none",0.38,0,0,5
"3arc","0",2.75,"treat_none",0.39,0,0,5
"3arc","0",2.75,"treat_none",0.4,0,0,5
"3arc","0",2.75,"treat_none",0.41,0,0,5
"3arc","0",2.75,"treat_none",0.42,0,0,5
"3arc","0",2.75,"treat_none",0.43,0,0,5
"3arc","0",2.75,"treat_none",0.44,0,0,5
"3arc","0",2.75,"treat_none",0.45,0,0,5
"3arc","0",2.75,"treat_none",0.46,0,0,5
"3arc","0",2.75,"treat_none",0.47,0,0,5
"3arc","0",2.75,"treat_none",0.48,0,0,5
"3arc","0",2.75,"treat_none",0.49,0,0,5
"3arc","0",2.75,"treat_none",0.5,0,0,5
"3arc","0",2.75,"treat_none",0.51,0,0,5
"3arc","0",2.75,"treat_none",0.52,0,0,5
"3arc","0",2.75,"treat_none",0.53,0,0,5
"3arc","0",2.75,"treat_none",0.54,0,0,5
"3arc","0",2.75,"treat_none",0.55,0,0,5
"3arc","0",2.75,"treat_none",0.56,0,0,5
"3arc","0",2.75,"treat_none",0.57,0,0,5
"3arc","0",2.75,"treat_none",0.58,0,0,5
"3arc","0",2.75,"treat_none",0.59,0,0,5
"3arc","0",2.75,"treat_none",0.6,0,0,5
"3arc","0",2.75,"treat_none",0.61,0,0,5
"3arc","0",2.75,"treat_none",0.62,0,0,5
"3arc","0",2.75,"treat_none",0.63,0,0,5
"3arc","0",2.75,"treat_none",0.64,0,0,5
"3arc","0",2.75,"treat_none",0.65,0,0,5
"3arc","0",2.75,"treat_none",0.66,0,0,5
"3arc","0",2.75,"treat_none",0.67,0,0,5
"3arc","0",2.75,"treat_none",0.68,0,0,5
"3arc","0",2.75,"treat_none",0.69,0,0,5
"3arc","0",2.75,"treat_none",0.7,0,0,5
"3arc","0",2.75,"treat_none",0.71,0,0,5
"3arc","0",2.75,"treat_none",0.72,0,0,5
"3arc","0",2.75,"treat_none",0.73,0,0,5
"3arc","0",2.75,"treat_none",0.74,0,0,5
"3arc","0",2.75,"treat_none",0.75,0,0,5
"3arc","0",2.75,"treat_none",0.76,0,0,5
"3arc","0",2.75,"treat_none",0.77,0,0,5
"3arc","0",2.75,"treat_none",0.78,0,0,5
"3arc","0",2.75,"treat_none",0.79,0,0,5
"3arc","0",2.75,"treat_none",0.8,0,0,5
"3arc","0",2.75,"treat_none",0.81,0,0,5
"3arc","0",2.75,"treat_none",0.82,0,0,5
"3arc","0",2.75,"treat_none",0.83,0,0,5
"3arc","0",2.75,"treat_none",0.84,0,0,5
"3arc","0",2.75,"treat_none",0.85,0,0,5
"3arc","0",2.75,"treat_none",0.86,0,0,5
"3arc","0",2.75,"treat_none",0.87,0,0,5
"3arc","0",2.75,"treat_none",0.88,0,0,5
"3arc","0",2.75,"treat_none",0.89,0,0,5
"3arc","0",2.75,"treat_none",0.9,0,0,5
"3arc","0",2.75,"treat_none",0.91,0,0,5
"3arc","0",2.75,"treat_none",0.92,0,0,5
"3arc","0",2.75,"treat_none",0.93,0,0,5
"3arc","0",2.75,"treat_none",0.94,0,0,5
"3arc","0",2.75,"treat_none",0.95,0,0,5
"3arc","0",2.75,"treat_none",0.96,0,0,5
"3arc","0",2.75,"treat_none",0.97,0,0,5
"3arc","0",2.75,"treat_none",0.98,0,0,5
"3arc","0",2.75,"treat_none",0.99,0,0,5
"3arc","0",3,"model",0.01,0.255796585199101,0.023354674609681,3
"3arc","0",3,"model",0.02,0.248935228478933,0.0239351120982274,3
"3arc","0",3,"model",0.03,0.242058474819611,0.0246172788789116,3
"3arc","0",3,"model",0.04,0.2364714360587,0.0250372434346783,3
"3arc","0",3,"model",0.05,0.231094639113507,0.0269348982346345,3
"3arc","0",3,"model",0.06,0.22768713399986,0.0283839239039117,3
"3arc","0",3,"model",0.07,0.221360380900856,0.0294217539651473,3
"3arc","0",3,"model",0.08,0.216391373794983,0.0303866689849497,3
"3arc","0",3,"model",0.09,0.211658998384066,0.0303397209920964,3
"3arc","0",3,"model",0.1,0.207968675473917,0.0322240792498421,3
"3arc","0",3,"model",0.11,0.203995062326629,0.0338928620254507,3
"3arc","0",3,"model",0.12,0.195857950574932,0.0452514617639127,3
"3arc","0",3,"model",0.13,0.189934439039839,0.0465647078604515,3
"3arc","0",3,"model",0.14,0.190497665596393,0.0475380059307484,3
"3arc","0",3,"model",0.15,0.182632906412041,0.041060814224956,3
"3arc","0",3,"model",0.16,0.180423042732117,0.0406083570234835,3
"3arc","0",3,"model",0.17,0.177355122797269,0.0399453200475298,3
"3arc","0",3,"model",0.18,0.177028624509066,0.0391338650525427,3
"3arc","0",3,"model",0.19,0.177257612675735,0.0381332560337093,3
"3arc","0",3,"model",0.2,0.176740166716582,0.0390541970482968,3
"3arc","0",3,"model",0.21,0.177794584649134,0.0332413411694982,3
"3arc","0",3,"model",0.22,0.173279783342676,0.0334517217457422,3
"3arc","0",3,"model",0.23,0.175960931351767,0.0397679528225392,3
"3arc","0",3,"model",0.24,0.178517572757891,0.0328073546254813,3
"3arc","0",3,"model",0.25,0.174449269575056,0.033019406340928,3
"3arc","0",3,"model",0.26,0.177939394920527,0.0249027005670748,3
"3arc","0",3,"model",0.27,0.176007636333302,0.0213992665741429,3
"3arc","0",3,"model",0.28,0.179060874291482,0.0240274388537127,3
"3arc","0",3,"model",0.29,0.179726858706396,0.0173411898717501,3
"3arc","0",3,"model",0.3,0.17873008742281,0.0166654613838209,3
"3arc","0",3,"model",0.31,0.177579817209295,0.0123022396509035,3
"3arc","0",3,"model",0.32,0.185113248653759,0.0132333493592379,3
"3arc","0",3,"model",0.33,0.184611347276794,0.00809420249008333,3
"3arc","0",3,"model",0.34,0.186980239653196,0.00219708196163624,3
"3arc","0",3,"model",0.35,0.19010374670752,0.00781605272653214,3
"3arc","0",3,"model",0.36,0.190700028701208,0.0121578626631983,3
"3arc","0",3,"model",0.37,0.188008361975118,0.0137836958318392,3
"3arc","0",3,"model",0.38,0.192327478769962,0.0121827115519717,3
"3arc","0",3,"model",0.39,0.195682503678173,0.00892054305187386,3
"3arc","0",3,"model",0.4,0.193512695085022,0.0101844122518733,3
"3arc","0",3,"model",0.41,0.199776270171217,0.0114384671013552,3
"3arc","0",3,"model",0.42,0.197813286378673,0.0121867866711246,3
"3arc","0",3,"model",0.43,0.19578142596183,0.0131582479435389,3
"3arc","0",3,"model",0.44,0.193676999101527,0.0143324925190819,3
"3arc","0",3,"model",0.45,0.185206739452022,0.0260168424387363,3
"3arc","0",3,"model",0.46,0.182945011998122,0.0277159997763836,3
"3arc","0",3,"model",0.47,0.185289959898361,0.0331923788361827,3
"3arc","0",3,"model",0.48,0.183044593421952,0.0354608083163165,3
"3arc","0",3,"model",0.49,0.180711173358232,0.0378367934643308,3
"3arc","0",3,"model",0.5,0.184236797444345,0.0453469951293348,3
"3arc","0",3,"model",0.51,0.188499958234267,0.0366699570831333,3
"3arc","0",3,"model",0.52,0.186389388040331,0.0389462308300027,3
"3arc","0",3,"model",0.53,0.184189006348782,0.0413418661260054,3
"3arc","0",3,"model",0.54,0.175940574935653,0.0395303781513082,3
"3arc","0",3,"model",0.55,0.188504542278127,0.0344017386773142,3
"3arc","0",3,"model",0.56,0.180326399666022,0.04775300376284,3
"3arc","0",3,"model",0.57,0.178349712465553,0.0503459190150748,3
"3arc","0",3,"model",0.58,0.184964132403485,0.0380261486659228,3
"3arc","0",3,"model",0.59,0.183157534630153,0.0402530025453085,3
"3arc","0",3,"model",0.6,0.190694569232305,0.0262601598978821,3
"3arc","0",3,"model",0.61,0.189103524009184,0.0280402771392042,3
"3arc","0",3,"model",0.62,0.187428739563794,0.0299239068440873,3
"3arc","0",3,"model",0.63,0.196372248259041,0.0134853072396217,3
"3arc","0",3,"model",0.64,0.20020964360587,0.0155382083948497,3
"3arc","0",3,"model",0.65,0.199238080976625,0.0158089119291009,3
"3arc","0",3,"model",0.66,0.198209367604484,0.0161385695190401,3
"3arc","0",3,"model",0.67,0.209887509415811,0.0337656872923879,3
"3arc","0",3,"model",0.68,0.209323836977139,0.0345679896120604,3
"3arc","0",3,"model",0.69,0.20243449039858,0.026158585953848,3
"3arc","0",3,"model",0.7,0.201794449435959,0.0271857135016658,3
"3arc","0",3,"model",0.71,0.201110267717294,0.0282904782946592,3
"3arc","0",3,"model",0.72,0.200377215875868,0.0294810743908422,3
"3arc","0",3,"model",0.73,0.19958986389804,0.0307669078313415,3
"3arc","0",3,"model",0.74,0.198741946383456,0.0321588300869862,3
"3arc","0",3,"model",0.75,0.1925351901767,0.0328987640091662,3
"3arc","0",3,"model",0.76,0.191543126684636,0.034350928896501,3
"3arc","0",3,"model",0.77,0.184175488625858,0.0270775242615041,3
"3arc","0",3,"model",0.78,0.182999128753846,0.0290182699330719,3
"3arc","0",3,"model",0.79,0.181710734608309,0.0311580283895918,3
"3arc","0",3,"model",0.8,0.175002495757213,0.0323468621333061,3
"3arc","0",3,"model",0.81,0.198812019566737,0.0212344796559906,3
"3arc","0",3,"model",0.82,0.198812019566737,0.0212344796559906,3
"3arc","0",3,"model",0.83,0.193521014275731,0.0303175645064543,3
"3arc","0",3,"model",0.84,0.193521014275731,0.0303175645064543,3
"3arc","0",3,"model",0.85,0.193521014275731,0.0303175645064543,3
"3arc","0",3,"model",0.86,0.193521014275731,0.0303175645064543,3
"3arc","0",3,"model",0.87,0.188230008984726,0.0394382394495752,3
"3arc","0",3,"model",0.88,0.182939003693721,0.0485753349561042,3
"3arc","0",3,"model",0.89,0.182939003693721,0.0485753349561042,3
"3arc","0",3,"model",0.9,0.182939003693721,0.0485753349561042,3
"3arc","0",3,"model",0.91,0.17664969551762,0.0448767683441313,3
"3arc","0",3,"model",0.92,0.17664969551762,0.0448767683441313,3
"3arc","0",3,"model",0.93,0.164744933612858,0.0330900419704795,3
"3arc","0",3,"model",0.94,0.159453928321853,0.042170048275668,3
"3arc","0",3,"model",0.95,0.140922931017271,0.026275959067825,3
"3arc","0",3,"model",0.96,0.13497055006489,0.0210547261625468,3
"3arc","0",3,"model",0.97,0.117100928421683,0.0240470837569881,3
"3arc","0",3,"model",0.98,0.106518917839673,0.0401030831407428,3
"3arc","0",3,"model",0.99,0.0893231506439054,0.0362438860100807,3
"3arc","0",3,"treat_all",0.01,0.25554587504273,0.0230846624956699,3
"3arc","0",3,"treat_all",0.02,0.247949404379901,0.0233202202762379,3
"3arc","0",3,"treat_all",0.03,0.240196305455983,0.023560634918261,3
"3arc","0",3,"treat_all",0.04,0.232281683637816,0.0238060581986596,3
"3arc","0",3,"treat_all",0.05,0.224200438202424,0.0240566482849612,3
"3arc","0",3,"treat_all",0.06,0.215947251374791,0.0243125700752268,3
"3arc","0",3,"treat_all",0.07,0.20751657665839,0.0245739955599066,3
"3arc","0",3,"treat_all",0.08,0.198902626404677,0.0248411042072969,3
"3arc","0",3,"treat_all",0.09,0.19009935856297,0.0251140833744101,3
"3arc","0",3,"treat_all",0.1,0.181100462547003,0.0253931287452369,3
"3arc","0",3,"treat_all",0.11,0.171899344148655,0.0256784447985541,3
"3arc","0",3,"treat_all",0.12,0.162489109423072,0.0259702453076286,3
"3arc","0",3,"treat_all",0.13,0.152862547462417,0.026268753874383,3
"3arc","0",3,"treat_all",0.14,0.143012111967794,0.0265742045008293,3
"3arc","0",3,"treat_all",0.15,0.132929901520357,0.026886842200839,3
"3arc","0",3,"treat_all",0.16,0.122607638443218,0.0272069236556109,3
"3arc","0",3,"treat_all",0.17,0.112036646135305,0.0275347179165219,3
"3arc","0",3,"treat_all",0.18,0.101207824746711,0.0278705071594063,3
"3arc","0",3,"treat_all",0.19,0.090111625052226,0.0282145874947076,3
"3arc","0",3,"treat_all",0.2,0.0787380203653788,0.0285672698383914,3
"3arc","0",3,"treat_all",0.21,0.067076476319371,0.028928880849004,3
"3arc","0",3,"treat_all",0.22,0.0551159183234655,0.0292997639368117,3
"3arc","0",3,"treat_all",0.23,0.0428446964835105,0.0296802803515755,3
"3arc","0",3,"treat_all",0.24,0.0302505477530303,0.0300708103562015,3
"3arc","0",3,"treat_all",0.25,0.0173205550564041,0.0304717544942842,3
"3arc","0",3,"treat_all",0.26,0.00404110309770685,0.0308835349604232,3
"3arc","0",3,"treat_all",0.27,-0.00960216946259856,0.0313065970831687,3
"3arc","0",3,"treat_all",0.28,-0.0236244218162458,0.031741410931546,3
"3arc","0",3,"treat_all",0.29,-0.0380416671939394,0.0321884730573425,3
"3arc","0",3,"treat_all",0.3,-0.0528708338681385,0.0326483083867331,3
"3arc","0",3,"treat_all",0.31,-0.0681298314604304,0.0331214722763959,3
"3arc","0",3,"treat_all",0.32,-0.0838376230995543,0.0336085527510487,3
"3arc","0",3,"treat_all",0.33,-0.100014304041339,0.0341101729413629,3
"3arc","0",3,"treat_all",0.34,-0.116681187435905,0.0346269937435048,3
"3arc","0",3,"treat_all",0.35,-0.133860898011842,0.0351597167241741,3
"3arc","0",3,"treat_all",0.36,-0.151577474543277,0.0357090872979893,3
"3arc","0",3,"treat_all",0.37,-0.169856482075709,0.0362758982074812,3
"3arc","0",3,"treat_all",0.38,-0.188725135012414,0.0368609933398599,3
"3arc","0",3,"treat_all",0.39,-0.2082124323077,0.0374652719192019,3
"3arc","0",3,"treat_all",0.4,-0.228349306179495,0.0380896931178553,3
"3arc","0",3,"treat_all",0.41,-0.249168785945249,0.0387352811368019,3
"3arc","0",3,"treat_all",0.42,-0.270706178806374,0.0394031308115744,3
"3arc","0",3,"treat_all",0.43,-0.292999269662626,0.0400944138082686,3
"3arc","0",3,"treat_all",0.44,-0.316088542335173,0.0408103854834164,3
"3arc","0",3,"treat_all",0.45,-0.340017424923085,0.0415523924922057,3
"3arc","0",3,"treat_all",0.46,-0.364832562421661,0.0423218812420614,3
"3arc","0",3,"treat_all",0.47,-0.390584120203202,0.0431204073032324,3
"3arc","0",3,"treat_all",0.48,-0.417326122514802,0.0439496459052176,3
"3arc","0",3,"treat_all",0.49,-0.445116830799406,0.044811403668065,3
"3arc","0",3,"treat_all",0.5,-0.474019167415394,0.0457076317414263,3
"3arc","0",3,"treat_all",0.51,-0.504101191240198,0.0466404405524758,3
"3arc","0",3,"treat_all",0.52,-0.535436632724369,0.0476121163973191,3
"3arc","0",3,"treat_all",0.53,-0.568105497250419,0.0486251401504535,3
"3arc","0",3,"treat_all",0.54,-0.602194747190646,0.0496822084145939,3
"3arc","0",3,"treat_all",0.55,-0.637799074905993,0.0507862574904736,3
"3arc","0",3,"treat_all",0.56,-0.675021781153857,0.0519404906152572,3
"3arc","0",3,"treat_all",0.57,-0.713975776064412,0.0531484090016584,3
"3arc","0",3,"treat_all",0.58,-0.754784723113564,0.0544138473112218,3
"3arc","0",3,"treat_all",0.59,-0.797584350506578,0.0557410143188124,3
"3arc","0",3,"treat_all",0.6,-0.842523959269242,0.0571345396767827,3
"3arc","0",3,"treat_all",0.61,-0.889768163353069,0.0585995278736234,3
"3arc","0",3,"treat_all",0.62,-0.939498904493939,0.0601416207124029,3
"3arc","0",3,"treat_all",0.63,-0.991917793804586,0.0617670699208462,3
"3arc","0",3,"treat_all",0.64,-1.04724884363249,0.0634828218630919,3
"3arc","0",3,"treat_all",0.65,-1.10574166773628,0.0652966167734661,3
"3arc","0",3,"treat_all",0.66,-1.16767524619911,0.0672171055020974,3
"3arc","0",3,"treat_all",0.67,-1.23336237487181,0.0692539874870094,3
"3arc","0",3,"treat_all",0.68,-1.30315494908655,0.0714181745959785,3
"3arc","0",3,"treat_all",0.69,-1.37745027002483,0.0737219866797198,3
"3arc","0",3,"treat_all",0.7,-1.45669861235899,0.0761793862357104,3
"3arc","0",3,"treat_all",0.71,-1.54141235761275,0.0788062616231487,3
"3arc","0",3,"treat_all",0.72,-1.63217708467035,0.0816207709668326,3
"3arc","0",3,"treat_all",0.73,-1.72966512484332,0.0846437624841225,3
"3arc","0",3,"treat_all",0.74,-1.8346522450296,0.0878992918104349,3
"3arc","0",3,"treat_all",0.75,-1.94803833483079,0.0914152634828525,3
"3arc","0",3,"treat_all",0.76,-2.07087326544874,0.095224232794638,3
"3arc","0",3,"treat_all",0.77,-2.20438949438129,0.0993644168291877,3
"3arc","0",3,"treat_all",0.78,-2.35004356230771,0.103880981230514,3
"3arc","0",3,"treat_all",0.79,-2.50956944622713,0.108827694622444,3
"3arc","0",3,"treat_all",0.8,-2.68504791853849,0.114269079353566,3
"3arc","0",3,"treat_all",0.81,-2.87899780898788,0.120283241424806,3
"3arc","0",3,"treat_all",0.82,-3.09449768726498,0.126965643726184,3
"3arc","0",3,"treat_all",0.83,-3.33535049239822,0.134434211004195,3
"3arc","0",3,"treat_all",0.84,-3.60630989817311,0.142836349191957,3
"3arc","0",3,"treat_all",0.85,-3.91339722471798,0.152358772471421,3
"3arc","0",3,"treat_all",0.86,-4.26435416934069,0.163241541933665,3
"3arc","0",3,"treat_all",0.87,-4.66930449005921,0.17579858362087,3
"3arc","0",3,"treat_all",0.88,-5.14174653089747,0.190448465589276,3
"3arc","0",3,"treat_all",0.89,-5.70008712461543,0.207761962461028,3
"3arc","0",3,"treat_all",0.9,-6.37009583707697,0.228538158707131,3
"3arc","0",3,"treat_all",0.91,-7.18899537452997,0.253931287452368,3
"3arc","0",3,"treat_all",0.92,-8.21261979634622,0.285672698383914,3
"3arc","0",3,"treat_all",0.93,-9.52870833868139,0.326483083867331,3
"3arc","0",3,"treat_all",0.94,-11.283493061795,0.380896931178553,3
"3arc","0",3,"treat_all",0.95,-13.740191674154,0.457076317414264,3
"3arc","0",3,"treat_all",0.96,-17.4252395926925,0.571345396767829,3
"3arc","0",3,"treat_all",0.97,-23.5669861235899,0.761793862357105,3
"3arc","0",3,"treat_all",0.98,-35.8504791853848,1.14269079353565,3
"3arc","0",3,"treat_all",0.99,-72.7009583707696,2.2853815870713,3
"3arc","0",3,"treat_none",0.01,0,0,3
"3arc","0",3,"treat_none",0.02,0,0,3
"3arc","0",3,"treat_none",0.03,0,0,3
"3arc","0",3,"treat_none",0.04,0,0,3
"3arc","0",3,"treat_none",0.05,0,0,3
"3arc","0",3,"treat_none",0.06,0,0,3
"3arc","0",3,"treat_none",0.07,0,0,3
"3arc","0",3,"treat_none",0.08,0,0,3
"3arc","0",3,"treat_none",0.09,0,0,3
"3arc","0",3,"treat_none",0.1,0,0,3
"3arc","0",3,"treat_none",0.11,0,0,3
"3arc","0",3,"treat_none",0.12,0,0,3
"3arc","0",3,"treat_none",0.13,0,0,3
"3arc","0",3,"treat_none",0.14,0,0,3
"3arc","0",3,"treat_none",0.15,0,0,3
"3arc","0",3,"treat_none",0.16,0,0,3
"3arc","0",3,"treat_none",0.17,0,0,3
"3arc","0",3,"treat_none",0.18,0,0,3
"3arc","0",3,"treat_none",0.19,0,0,3
"3arc","0",3,"treat_none",0.2,0,0,3
"3arc","0",3,"treat_none",0.21,0,0,3
"3arc","0",3,"treat_none",0.22,0,0,3
"3arc","0",3,"treat_none",0.23,0,0,3
"3arc","0",3,"treat_none",0.24,0,0,3
"3arc","0",3,"treat_none",0.25,0,0,3
"3arc","0",3,"treat_none",0.26,0,0,3
"3arc","0",3,"treat_none",0.27,0,0,3
"3arc","0",3,"treat_none",0.28,0,0,3
"3arc","0",3,"treat_none",0.29,0,0,3
"3arc","0",3,"treat_none",0.3,0,0,3
"3arc","0",3,"treat_none",0.31,0,0,3
"3arc","0",3,"treat_none",0.32,0,0,3
"3arc","0",3,"treat_none",0.33,0,0,3
"3arc","0",3,"treat_none",0.34,0,0,3
"3arc","0",3,"treat_none",0.35,0,0,3
"3arc","0",3,"treat_none",0.36,0,0,3
"3arc","0",3,"treat_none",0.37,0,0,3
"3arc","0",3,"treat_none",0.38,0,0,3
"3arc","0",3,"treat_none",0.39,0,0,3
"3arc","0",3,"treat_none",0.4,0,0,3
"3arc","0",3,"treat_none",0.41,0,0,3
"3arc","0",3,"treat_none",0.42,0,0,3
"3arc","0",3,"treat_none",0.43,0,0,3
"3arc","0",3,"treat_none",0.44,0,0,3
"3arc","0",3,"treat_none",0.45,0,0,3
"3arc","0",3,"treat_none",0.46,0,0,3
"3arc","0",3,"treat_none",0.47,0,0,3
"3arc","0",3,"treat_none",0.48,0,0,3
"3arc","0",3,"treat_none",0.49,0,0,3
"3arc","0",3,"treat_none",0.5,0,0,3
"3arc","0",3,"treat_none",0.51,0,0,3
"3arc","0",3,"treat_none",0.52,0,0,3
"3arc","0",3,"treat_none",0.53,0,0,3
"3arc","0",3,"treat_none",0.54,0,0,3
"3arc","0",3,"treat_none",0.55,0,0,3
"3arc","0",3,"treat_none",0.56,0,0,3
"3arc","0",3,"treat_none",0.57,0,0,3
"3arc","0",3,"treat_none",0.58,0,0,3
"3arc","0",3,"treat_none",0.59,0,0,3
"3arc","0",3,"treat_none",0.6,0,0,3
"3arc","0",3,"treat_none",0.61,0,0,3
"3arc","0",3,"treat_none",0.62,0,0,3
"3arc","0",3,"treat_none",0.63,0,0,3
"3arc","0",3,"treat_none",0.64,0,0,3
"3arc","0",3,"treat_none",0.65,0,0,3
"3arc","0",3,"treat_none",0.66,0,0,3
"3arc","0",3,"treat_none",0.67,0,0,3
"3arc","0",3,"treat_none",0.68,0,0,3
"3arc","0",3,"treat_none",0.69,0,0,3
"3arc","0",3,"treat_none",0.7,0,0,3
"3arc","0",3,"treat_none",0.71,0,0,3
"3arc","0",3,"treat_none",0.72,0,0,3
"3arc","0",3,"treat_none",0.73,0,0,3
"3arc","0",3,"treat_none",0.74,0,0,3
"3arc","0",3,"treat_none",0.75,0,0,3
"3arc","0",3,"treat_none",0.76,0,0,3
"3arc","0",3,"treat_none",0.77,0,0,3
"3arc","0",3,"treat_none",0.78,0,0,3
"3arc","0",3,"treat_none",0.79,0,0,3
"3arc","0",3,"treat_none",0.8,0,0,3
"3arc","0",3,"treat_none",0.81,0,0,3
"3arc","0",3,"treat_none",0.82,0,0,3
"3arc","0",3,"treat_none",0.83,0,0,3
"3arc","0",3,"treat_none",0.84,0,0,3
"3arc","0",3,"treat_none",0.85,0,0,3
"3arc","0",3,"treat_none",0.86,0,0,3
"3arc","0",3,"treat_none",0.87,0,0,3
"3arc","0",3,"treat_none",0.88,0,0,3
"3arc","0",3,"treat_none",0.89,0,0,3
"3arc","0",3,"treat_none",0.9,0,0,3
"3arc","0",3,"treat_none",0.91,0,0,3
"3arc","0",3,"treat_none",0.92,0,0,3
"3arc","0",3,"treat_none",0.93,0,0,3
"3arc","0",3,"treat_none",0.94,0,0,3
"3arc","0",3,"treat_none",0.95,0,0,3
"3arc","0",3,"treat_none",0.96,0,0,3
"3arc","0",3,"treat_none",0.97,0,0,3
"3arc","0",3,"treat_none",0.98,0,0,3
"3arc","0",3,"treat_none",0.99,0,0,3
"3arc","0",3.25,"model",0.01,0.240702117781519,0.0316257466346254,5
"3arc","0",3.25,"model",0.02,0.233899433982676,0.0320692027032499,5
"3arc","0",3.25,"model",0.03,0.227501226669544,0.032599423914228,5
"3arc","0",3.25,"model",0.04,0.221279003781493,0.0328317024096335,5
"3arc","0",3.25,"model",0.05,0.215438543348114,0.033450026505754,5
"3arc","0",3.25,"model",0.06,0.208729487726173,0.0378706153104345,5
"3arc","0",3.25,"model",0.07,0.204088060349138,0.0403162848974274,5
"3arc","0",3.25,"model",0.08,0.201448593838045,0.0419964592152929,5
"3arc","0",3.25,"model",0.09,0.195303064249676,0.0438347298742821,5
"3arc","0",3.25,"model",0.1,0.188562795397492,0.0371082104315945,5
"3arc","0",3.25,"model",0.11,0.188617332083928,0.0376996167644932,5
"3arc","0",3.25,"model",0.12,0.180826553015345,0.0415387803214161,5
"3arc","0",3.25,"model",0.13,0.182241772000014,0.0433066190787847,5
"3arc","0",3.25,"model",0.14,0.179299612012013,0.0432747933764835,5
"3arc","0",3.25,"model",0.15,0.181219145931884,0.0442994922848039,5
"3arc","0",3.25,"model",0.16,0.178444535396734,0.0455785574214501,5
"3arc","0",3.25,"model",0.17,0.179305351580769,0.0498769834275908,5
"3arc","0",3.25,"model",0.18,0.179455408106106,0.0552581513993292,5
"3arc","0",3.25,"model",0.19,0.177962235882968,0.0562767879266495,5
"3arc","0",3.25,"model",0.2,0.176049180084925,0.0561708355165614,5
"3arc","0",3.25,"model",0.21,0.17437198190186,0.0598500774023936,5
"3arc","0",3.25,"model",0.22,0.172540328542905,0.061208422077059,5
"3arc","0",3.25,"model",0.23,0.169056474676165,0.0634153642512901,5
"3arc","0",3.25,"model",0.24,0.171385657495171,0.0650162393147552,5
"3arc","0",3.25,"model",0.25,0.170207431039051,0.0679625762129443,5
"3arc","0",3.25,"model",0.26,0.173422291169155,0.0687315644093852,5
"3arc","0",3.25,"model",0.27,0.174064381205064,0.070452865981962,5
"3arc","0",3.25,"model",0.28,0.174913103747929,0.0737113340677654,5
"3arc","0",3.25,"model",0.29,0.17381574472299,0.0788234168041134,5
"3arc","0",3.25,"model",0.3,0.173677040526528,0.0819088827947425,5
"3arc","0",3.25,"model",0.31,0.172327370180974,0.0848652848816481,5
"3arc","0",3.25,"model",0.32,0.171177257835735,0.0851345151046567,5
"3arc","0",3.25,"model",0.33,0.171656121951791,0.0893564367161371,5
"3arc","0",3.25,"model",0.34,0.171063118440917,0.0954488381611101,5
"3arc","0",3.25,"model",0.35,0.170021676524423,0.0990528071466196,5
"3arc","0",3.25,"model",0.36,0.167407834475575,0.102836948682215,5
"3arc","0",3.25,"model",0.37,0.168115660196973,0.107192990019555,5
"3arc","0",3.25,"model",0.38,0.165480260100127,0.111321279344112,5
"3arc","0",3.25,"model",0.39,0.164820854288842,0.111267583173377,5
"3arc","0",3.25,"model",0.4,0.164246995165568,0.11098967760215,5
"3arc","0",3.25,"model",0.41,0.161521370451456,0.115171916240074,5
"3arc","0",3.25,"model",0.42,0.163199293252307,0.114971361738519,5
"3arc","0",3.25,"model",0.43,0.165088743771804,0.114696757846581,5
"3arc","0",3.25,"model",0.44,0.164797822563062,0.119620796215766,5
"3arc","0",3.25,"model",0.45,0.162162536783907,0.124174604202251,5
"3arc","0",3.25,"model",0.46,0.159429647827746,0.128910191705477,5
"3arc","0",3.25,"model",0.47,0.156593630986446,0.133837104429195,5
"3arc","0",3.25,"model",0.48,0.150139764644504,0.137813162353059,5
"3arc","0",3.25,"model",0.49,0.144180625609233,0.142248123314097,5
"3arc","0",3.25,"model",0.5,0.140997613766175,0.147794761594488,5
"3arc","0",3.25,"model",0.51,0.13768468307238,0.153580406324588,5
"3arc","0",3.25,"model",0.52,0.130580962176526,0.154912566976655,5
"3arc","0",3.25,"model",0.53,0.130763742344198,0.153024848095571,5
"3arc","0",3.25,"model",0.54,0.1433434362826,0.117498257841891,5
"3arc","0",3.25,"model",0.55,0.156283796479051,0.0892564386998728,5
"3arc","0",3.25,"model",0.56,0.163144659234207,0.0763063217116501,5
"3arc","0",3.25,"model",0.57,0.169808713431655,0.0630599700530117,5
"3arc","0",3.25,"model",0.58,0.172642638105479,0.0574725223713587,5
"3arc","0",3.25,"model",0.59,0.171850590792118,0.0448226590255983,5
"3arc","0",3.25,"model",0.6,0.180136588171911,0.0348825482168872,5
"3arc","0",3.25,"model",0.61,0.179087376153481,0.0357134889313562,5
"3arc","0",3.25,"model",0.62,0.17798294244987,0.0366024210202833,5
"3arc","0",3.25,"model",0.63,0.176818809627145,0.0375541076324926,5
"3arc","0",3.25,"model",0.64,0.175590002758713,0.0385738236937433,5
"3arc","0",3.25,"model",0.65,0.174290978354942,0.0396674287447212,5
"3arc","0",3.25,"model",0.66,0.179177400333492,0.0382007965615761,5
"3arc","0",3.25,"model",0.67,0.17800610790605,0.0392504594514585,5
"3arc","0",3.25,"model",0.68,0.173776535075028,0.0393231383672336,5
"3arc","0",3.25,"model",0.69,0.172451746664151,0.0404522349603295,5
"3arc","0",3.25,"model",0.7,0.171038639025882,0.0416791825321536,5
"3arc","0",3.25,"model",0.71,0.178118517309717,0.0354231483912856,5
"3arc","0",3.25,"model",0.72,0.17370636490908,0.0378563275431992,5
"3arc","0",3.25,"model",0.73,0.17243214148235,0.0387646289951006,5
"3arc","0",3.25,"model",0.74,0.171059900868949,0.039758229129187,5
"3arc","0",3.25,"model",0.75,0.169577881006476,0.0408479733629864,5
"3arc","0",3.25,"model",0.76,0.167972359488797,0.0420465252187274,5
"3arc","0",3.25,"model",0.77,0.172705264683059,0.0413096244208357,5
"3arc","0",3.25,"model",0.78,0.16745275171145,0.0357049766442106,5
"3arc","0",3.25,"model",0.79,0.165995050763087,0.0373842289359993,5
"3arc","0",3.25,"model",0.8,0.164391579719888,0.0392660136656913,5
"3arc","0",3.25,"model",0.81,0.162619322251088,0.0413822746870517,5
"3arc","0",3.25,"model",0.82,0.157424340834143,0.0492476553085136,5
"3arc","0",3.25,"model",0.83,0.15522349822583,0.0519112726454879,5
"3arc","0",3.25,"model",0.84,0.152747550291478,0.0549516643316101,5
"3arc","0",3.25,"model",0.85,0.149941475965879,0.0584447075046995,5
"3arc","0",3.25,"model",0.86,0.166550202082245,0.0409982548265992,5
"3arc","0",3.25,"model",0.87,0.164622305417507,0.0447985278755398,5
"3arc","0",3.25,"model",0.88,0.154942752084702,0.0521709288244583,5
"3arc","0",3.25,"model",0.89,0.14877581960198,0.0656430245709055,5
"3arc","0",3.25,"model",0.9,0.139702401587,0.0699194331672972,5
"3arc","0",3.25,"model",0.91,0.158009616700107,0.0205758810801129,5
"3arc","0",3.25,"model",0.92,0.154088048072656,0.0178681411375203,5
"3arc","0",3.25,"model",0.93,0.154088048072656,0.0178681411375203,5
"3arc","0",3.25,"model",0.94,0.143955598366726,0.0225241160820192,5
"3arc","0",3.25,"model",0.95,0.143955598366726,0.0225241160820192,5
"3arc","0",3.25,"model",0.96,0.138158496917451,0.0257153976310974,5
"3arc","0",3.25,"model",0.97,0.138158496917451,0.0257153976310974,5
"3arc","0",3.25,"model",0.98,0.132274871565948,0.0283619582376304,5
"3arc","0",3.25,"model",0.99,0.114429115824531,0.0168531192444735,5
"3arc","0",3.25,"treat_all",0.01,0.240501601420078,0.0315887539945713,5
"3arc","0",3.25,"treat_all",0.02,0.232751617761099,0.0319110882190057,5
"3arc","0",3.25,"treat_all",0.03,0.224841840624615,0.0322400685099233,5
"3arc","0",3.25,"treat_all",0.04,0.216767276464455,0.0325759025569017,5
"3arc","0",3.25,"treat_all",0.05,0.20852272147987,0.0329188067943427,5
"3arc","0",3.25,"treat_all",0.06,0.200102750431784,0.033269006866623,5
"3arc","0",3.25,"treat_all",0.07,0.191501704737502,0.0336267381232533,5
"3arc","0",3.25,"treat_all",0.08,0.182713679788997,0.0339922461463322,5
"3arc","0",3.25,"treat_all",0.09,0.17373251143503,0.0343657873127754,5
"3arc","0",3.25,"treat_all",0.1,0.164551761562086,0.0347476293940284,5
"3arc","0",3.25,"treat_all",0.11,0.155164702703233,0.0351380521962085,5
"3arc","0",3.25,"treat_all",0.12,0.145564301597587,0.0355373482438927,5
"3arc","0",3.25,"treat_all",0.13,0.135743201615951,0.0359458235110639,5
"3arc","0",3.25,"treat_all",0.14,0.125693703960322,0.036363798203053,5
"3arc","0",3.25,"treat_all",0.15,0.115407747536326,0.0367916075936772,5
"3arc","0",3.25,"treat_all",0.16,0.104876887387949,0.0372296029221733,5
"3arc","0",3.25,"treat_all",0.17,0.0940922715733457,0.0376781523549706,5
"3arc","0",3.25,"treat_all",0.18,0.0830446163486304,0.0381376420178361,5
"3arc","0",3.25,"treat_all",0.19,0.0717241795134284,0.0386084771044761,5
"3arc","0",3.25,"treat_all",0.2,0.0601207317573462,0.039091083068282,5
"3arc","0",3.25,"treat_all",0.21,0.048223525830224,0.0395859069045894,5
"3arc","0",3.25,"treat_all",0.22,0.0360212633408679,0.0400934185315713,5
"3arc","0",3.25,"treat_all",0.23,0.0235020589686714,0.0406141122787346,5
"3arc","0",3.25,"treat_all",0.24,0.0106534018498381,0.0411485084929284,5
"3arc","0",3.25,"treat_all",0.25,-0.00253788612549737,0.0416971552728341,5
"3arc","0",3.25,"treat_all",0.26,-0.0160856953974636,0.0422606303440887,5
"3arc","0",3.25,"treat_all",0.27,-0.030004677526196,0.0428395430885282,5
"3arc","0",3.25,"treat_all",0.28,-0.0443102980473932,0.0434345367425356,5
"3arc","0",3.25,"treat_all",0.29,-0.0590188937945395,0.0440462907811628,5
"3arc","0",3.25,"treat_all",0.3,-0.0741477351344615,0.044675523506608,5
"3arc","0",3.25,"treat_all",0.31,-0.0897150936146711,0.0453229948617762,5
"3arc","0",3.25,"treat_all",0.32,-0.105740315579593,0.0459895094920965,5
"3arc","0",3.25,"treat_all",0.33,-0.122243902379288,0.0466759200815308,5
"3arc","0",3.25,"treat_all",0.34,-0.139247597869883,0.047383130991857,5
"3arc","0",3.25,"treat_all",0.35,-0.156774483990959,0.0481121022378856,5
"3arc","0",3.25,"treat_all",0.36,-0.174849085303317,0.0488638538353525,5
"3arc","0",3.25,"treat_all",0.37,-0.193497483482735,0.0496394705628978,5
"3arc","0",3.25,"treat_all",0.38,-0.212747442893747,0.05044010718488,5
"3arc","0",3.25,"treat_all",0.39,-0.232628548514956,0.0512669941879108,5
"3arc","0",3.25,"treat_all",0.4,-0.253172357656872,0.0521214440910427,5
"3arc","0",3.25,"treat_all",0.41,-0.274412567108683,0.0530048583976705,5
"3arc","0",3.25,"treat_all",0.42,-0.296385197576074,0.0539187352665959,5
"3arc","0",3.25,"treat_all",0.43,-0.319128797533549,0.0548646779905712,5
"3arc","0",3.25,"treat_all",0.44,-0.342684668918077,0.05584440438326,5
"3arc","0",3.25,"treat_all",0.45,-0.36709711744386,0.0568597571902284,5
"3arc","0",3.25,"treat_all",0.46,-0.392413730729858,0.0579127156567141,5
"3arc","0",3.25,"treat_all",0.47,-0.41868568791344,0.059005408404954,5
"3arc","0",3.25,"treat_all",0.48,-0.445968104988698,0.0601401277973569,5
"3arc","0",3.25,"treat_all",0.49,-0.47432042077279,0.061319345989462,5
"3arc","0",3.25,"treat_all",0.5,-0.503806829188246,0.0625457329092512,5
"3arc","0",3.25,"treat_all",0.51,-0.534496764477802,0.0638221764380115,5
"3arc","0",3.25,"treat_all",0.52,-0.56646544707109,0.0651518051138034,5
"3arc","0",3.25,"treat_all",0.53,-0.599794499136432,0.066538013733246,5
"3arc","0",3.25,"treat_all",0.54,-0.634572640422007,0.0679844922926644,5
"3arc","0",3.25,"treat_all",0.55,-0.670896476875829,0.0694952587880569,5
"3arc","0",3.25,"treat_all",0.56,-0.708871396804825,0.0710746964877855,5
"3arc","0",3.25,"treat_all",0.57,-0.748612592079356,0.0727275964061061,5
"3arc","0",3.25,"treat_all",0.58,-0.790246225224103,0.0744592058443467,5
"3arc","0",3.25,"treat_all",0.59,-0.833910767302739,0.0762752840356723,5
"3arc","0",3.25,"treat_all",0.6,-0.879758536485307,0.078182166136564,5
"3arc","0",3.25,"treat_all",0.61,-0.927957473318264,0.0801868370631426,5
"3arc","0",3.25,"treat_all",0.62,-0.978693196300324,0.0822970169858569,5
"3arc","0",3.25,"treat_all",0.63,-1.03217139079493,0.0845212606881773,5
"3arc","0",3.25,"treat_all",0.64,-1.08862059609479,0.0868690734850712,5
"3arc","0",3.25,"treat_all",0.65,-1.14829547026892,0.0893510470132161,5
"3arc","0",3.25,"treat_all",0.66,-1.21148063115919,0.0919790189841929,5
"3arc","0",3.25,"treat_all",0.67,-1.27849519573977,0.094766261983714,5
"3arc","0",3.25,"treat_all",0.68,-1.34969817060663,0.0977277076707051,5
"3arc","0",3.25,"treat_all",0.69,-1.42549488578749,0.10088021436976,5
"3arc","0",3.25,"treat_all",0.7,-1.50634471531374,0.104242888182085,5
"3arc","0",3.25,"treat_all",0.71,-1.59277039515215,0.107837470533192,5
"3arc","0",3.25,"treat_all",0.72,-1.68536933783615,0.11168880876652,5
"3arc","0",3.25,"treat_all",0.73,-1.78482746145971,0.115825431313428,5
"3arc","0",3.25,"treat_all",0.74,-1.8919362099774,0.120280255594714,5
"3arc","0",3.25,"treat_all",0.75,-2.00761365837649,0.125091465818503,5
"3arc","0",3.25,"treat_all",0.76,-2.13293089414218,0.130303610227607,5
"3arc","0",3.25,"treat_all",0.77,-2.26914528084401,0.135968984585329,5
"3arc","0",3.25,"treat_all",0.78,-2.41774279360965,0.142149392975571,5
"3arc","0",3.25,"treat_all",0.79,-2.58049245044821,0.148918411688693,5
"3arc","0",3.25,"treat_all",0.8,-2.75951707297062,0.156364332273128,5
"3arc","0",3.25,"treat_all",0.81,-2.95738639260065,0.164594033971714,5
"3arc","0",3.25,"treat_all",0.82,-3.17724119218957,0.173738146970142,5
"3arc","0",3.25,"treat_all",0.83,-3.42296126231837,0.183958037968386,5
"3arc","0",3.25,"treat_all",0.84,-3.69939634121327,0.19545541534141,5
"3arc","0",3.25,"treat_all",0.85,-4.01268943062749,0.208485776364171,5
"3arc","0",3.25,"treat_all",0.86,-4.37073867567231,0.22337761753304,5
"3arc","0",3.25,"treat_all",0.87,-4.78387241995479,0.240560511189428,5
"3arc","0",3.25,"treat_all",0.88,-5.26586178828436,0.260607220455213,5
"3arc","0",3.25,"treat_all",0.89,-5.8354855872193,0.284298785951142,5
"3arc","0",3.25,"treat_all",0.9,-6.51903414594123,0.312728664546256,5
"3arc","0",3.25,"treat_all",0.91,-7.35448238437915,0.347476293940285,5
"3arc","0",3.25,"treat_all",0.92,-8.39879268242654,0.39091083068282,5
"3arc","0",3.25,"treat_all",0.93,-9.74147735134462,0.446755235066081,5
"3arc","0",3.25,"treat_all",0.94,-11.5317235765687,0.521214440910427,5
"3arc","0",3.25,"treat_all",0.95,-14.0380682918825,0.625457329092514,5
"3arc","0",3.25,"treat_all",0.96,-17.7975853648531,0.781821661365641,5
"3arc","0",3.25,"treat_all",0.97,-24.0634471531374,1.04242888182085,5
"3arc","0",3.25,"treat_all",0.98,-36.5951707297061,1.56364332273128,5
"3arc","0",3.25,"treat_all",0.99,-74.1903414594122,3.12728664546256,5
"3arc","0",3.25,"treat_none",0.01,0,0,5
"3arc","0",3.25,"treat_none",0.02,0,0,5
"3arc","0",3.25,"treat_none",0.03,0,0,5
"3arc","0",3.25,"treat_none",0.04,0,0,5
"3arc","0",3.25,"treat_none",0.05,0,0,5
"3arc","0",3.25,"treat_none",0.06,0,0,5
"3arc","0",3.25,"treat_none",0.07,0,0,5
"3arc","0",3.25,"treat_none",0.08,0,0,5
"3arc","0",3.25,"treat_none",0.09,0,0,5
"3arc","0",3.25,"treat_none",0.1,0,0,5
"3arc","0",3.25,"treat_none",0.11,0,0,5
"3arc","0",3.25,"treat_none",0.12,0,0,5
"3arc","0",3.25,"treat_none",0.13,0,0,5
"3arc","0",3.25,"treat_none",0.14,0,0,5
"3arc","0",3.25,"treat_none",0.15,0,0,5
"3arc","0",3.25,"treat_none",0.16,0,0,5
"3arc","0",3.25,"treat_none",0.17,0,0,5
"3arc","0",3.25,"treat_none",0.18,0,0,5
"3arc","0",3.25,"treat_none",0.19,0,0,5
"3arc","0",3.25,"treat_none",0.2,0,0,5
"3arc","0",3.25,"treat_none",0.21,0,0,5
"3arc","0",3.25,"treat_none",0.22,0,0,5
"3arc","0",3.25,"treat_none",0.23,0,0,5
"3arc","0",3.25,"treat_none",0.24,0,0,5
"3arc","0",3.25,"treat_none",0.25,0,0,5
"3arc","0",3.25,"treat_none",0.26,0,0,5
"3arc","0",3.25,"treat_none",0.27,0,0,5
"3arc","0",3.25,"treat_none",0.28,0,0,5
"3arc","0",3.25,"treat_none",0.29,0,0,5
"3arc","0",3.25,"treat_none",0.3,0,0,5
"3arc","0",3.25,"treat_none",0.31,0,0,5
"3arc","0",3.25,"treat_none",0.32,0,0,5
"3arc","0",3.25,"treat_none",0.33,0,0,5
"3arc","0",3.25,"treat_none",0.34,0,0,5
"3arc","0",3.25,"treat_none",0.35,0,0,5
"3arc","0",3.25,"treat_none",0.36,0,0,5
"3arc","0",3.25,"treat_none",0.37,0,0,5
"3arc","0",3.25,"treat_none",0.38,0,0,5
"3arc","0",3.25,"treat_none",0.39,0,0,5
"3arc","0",3.25,"treat_none",0.4,0,0,5
"3arc","0",3.25,"treat_none",0.41,0,0,5
"3arc","0",3.25,"treat_none",0.42,0,0,5
"3arc","0",3.25,"treat_none",0.43,0,0,5
"3arc","0",3.25,"treat_none",0.44,0,0,5
"3arc","0",3.25,"treat_none",0.45,0,0,5
"3arc","0",3.25,"treat_none",0.46,0,0,5
"3arc","0",3.25,"treat_none",0.47,0,0,5
"3arc","0",3.25,"treat_none",0.48,0,0,5
"3arc","0",3.25,"treat_none",0.49,0,0,5
"3arc","0",3.25,"treat_none",0.5,0,0,5
"3arc","0",3.25,"treat_none",0.51,0,0,5
"3arc","0",3.25,"treat_none",0.52,0,0,5
"3arc","0",3.25,"treat_none",0.53,0,0,5
"3arc","0",3.25,"treat_none",0.54,0,0,5
"3arc","0",3.25,"treat_none",0.55,0,0,5
"3arc","0",3.25,"treat_none",0.56,0,0,5
"3arc","0",3.25,"treat_none",0.57,0,0,5
"3arc","0",3.25,"treat_none",0.58,0,0,5
"3arc","0",3.25,"treat_none",0.59,0,0,5
"3arc","0",3.25,"treat_none",0.6,0,0,5
"3arc","0",3.25,"treat_none",0.61,0,0,5
"3arc","0",3.25,"treat_none",0.62,0,0,5
"3arc","0",3.25,"treat_none",0.63,0,0,5
"3arc","0",3.25,"treat_none",0.64,0,0,5
"3arc","0",3.25,"treat_none",0.65,0,0,5
"3arc","0",3.25,"treat_none",0.66,0,0,5
"3arc","0",3.25,"treat_none",0.67,0,0,5
"3arc","0",3.25,"treat_none",0.68,0,0,5
"3arc","0",3.25,"treat_none",0.69,0,0,5
"3arc","0",3.25,"treat_none",0.7,0,0,5
"3arc","0",3.25,"treat_none",0.71,0,0,5
"3arc","0",3.25,"treat_none",0.72,0,0,5
"3arc","0",3.25,"treat_none",0.73,0,0,5
"3arc","0",3.25,"treat_none",0.74,0,0,5
"3arc","0",3.25,"treat_none",0.75,0,0,5
"3arc","0",3.25,"treat_none",0.76,0,0,5
"3arc","0",3.25,"treat_none",0.77,0,0,5
"3arc","0",3.25,"treat_none",0.78,0,0,5
"3arc","0",3.25,"treat_none",0.79,0,0,5
"3arc","0",3.25,"treat_none",0.8,0,0,5
"3arc","0",3.25,"treat_none",0.81,0,0,5
"3arc","0",3.25,"treat_none",0.82,0,0,5
"3arc","0",3.25,"treat_none",0.83,0,0,5
"3arc","0",3.25,"treat_none",0.84,0,0,5
"3arc","0",3.25,"treat_none",0.85,0,0,5
"3arc","0",3.25,"treat_none",0.86,0,0,5
"3arc","0",3.25,"treat_none",0.87,0,0,5
"3arc","0",3.25,"treat_none",0.88,0,0,5
"3arc","0",3.25,"treat_none",0.89,0,0,5
"3arc","0",3.25,"treat_none",0.9,0,0,5
"3arc","0",3.25,"treat_none",0.91,0,0,5
"3arc","0",3.25,"treat_none",0.92,0,0,5
"3arc","0",3.25,"treat_none",0.93,0,0,5
"3arc","0",3.25,"treat_none",0.94,0,0,5
"3arc","0",3.25,"treat_none",0.95,0,0,5
"3arc","0",3.25,"treat_none",0.96,0,0,5
"3arc","0",3.25,"treat_none",0.97,0,0,5
"3arc","0",3.25,"treat_none",0.98,0,0,5
"3arc","0",3.25,"treat_none",0.99,0,0,5
"3arc","0",3.5,"model",0.01,0.215442679597091,0.0106203082098353,3
"3arc","0",3.5,"model",0.02,0.20854163093809,0.0105048952478932,3
"3arc","0",3.5,"model",0.03,0.202572446504375,0.0105217383333395,3
"3arc","0",3.5,"model",0.04,0.196900166316527,0.0109895671028781,3
"3arc","0",3.5,"model",0.05,0.192076699100693,0.0105647161704507,3
"3arc","0",3.5,"model",0.06,0.183392931640741,0.00807020117243199,3
"3arc","0",3.5,"model",0.07,0.178657645854041,0.00851948791528061,3
"3arc","0",3.5,"model",0.08,0.169513457556936,0.0147787697052476,3
"3arc","0",3.5,"model",0.09,0.166482746944932,0.0132466533937075,3
"3arc","0",3.5,"model",0.1,0.162923085901027,0.0145046885843715,3
"3arc","0",3.5,"model",0.11,0.159159801561074,0.0140351823371218,3
"3arc","0",3.5,"model",0.12,0.160216927680163,0.0143401773597955,3
"3arc","0",3.5,"model",0.13,0.159461428249461,0.0150335241510454,3
"3arc","0",3.5,"model",0.14,0.153102200182399,0.00634736743178804,3
"3arc","0",3.5,"model",0.15,0.155376194595485,0.00492059166376419,3
"3arc","0",3.5,"model",0.16,0.155771475256769,0.00990432799125645,3
"3arc","0",3.5,"model",0.17,0.154748721777868,0.0147572562021432,3
"3arc","0",3.5,"model",0.18,0.154178195668511,0.0163530489461086,3
"3arc","0",3.5,"model",0.19,0.153960797281876,0.0179713646352713,3
"3arc","0",3.5,"model",0.2,0.155300245098039,0.0212314850178355,3
"3arc","0",3.5,"model",0.21,0.153335970464135,0.0209987615333161,3
"3arc","0",3.5,"model",0.22,0.152751068376068,0.0237049965356459,3
"3arc","0",3.5,"model",0.23,0.152455300301939,0.0248917807845804,3
"3arc","0",3.5,"model",0.24,0.152317374318148,0.0293450422560529,3
"3arc","0",3.5,"model",0.25,0.14921218487395,0.0315080674837718,3
"3arc","0",3.5,"model",0.26,0.144705787720494,0.0310253420605796,3
"3arc","0",3.5,"model",0.27,0.145350212002609,0.0318122063407813,3
"3arc","0",3.5,"model",0.28,0.144213449268596,0.0354528922230151,3
"3arc","0",3.5,"model",0.29,0.143178803211425,0.039627003970073,3
"3arc","0",3.5,"model",0.3,0.140209833933573,0.0422607593857363,3
"3arc","0",3.5,"model",0.31,0.137154807575204,0.0449754606167919,3
"3arc","0",3.5,"model",0.32,0.141152784643269,0.0417162585066642,3
"3arc","0",3.5,"model",0.33,0.143377780216564,0.0356612374560718,3
"3arc","0",3.5,"model",0.34,0.143144947372889,0.0394423658071224,3
"3arc","0",3.5,"model",0.35,0.146025237017884,0.032298329842452,3
"3arc","0",3.5,"model",0.36,0.151576177345938,0.0421302052571151,3
"3arc","0",3.5,"model",0.37,0.149289021164021,0.0446660084737562,3
"3arc","0",3.5,"model",0.38,0.15331249435258,0.0367328575829365,3
"3arc","0",3.5,"model",0.39,0.160943455250953,0.0291360491815872,3
"3arc","0",3.5,"model",0.4,0.17281162464986,0.0150690757531083,3
"3arc","0",3.5,"model",0.41,0.175132786165314,0.0106275656636021,3
"3arc","0",3.5,"model",0.42,0.181263281174539,0.00675434153115716,3
"3arc","0",3.5,"model",0.43,0.175128231117008,0.0166171402010564,3
"3arc","0",3.5,"model",0.44,0.174168417366947,0.0175127507195838,3
"3arc","0",3.5,"model",0.45,0.177435064935065,0.0111375941162623,3
"3arc","0",3.5,"model",0.46,0.181015600684718,0.00460769668072582,3
"3arc","0",3.5,"model",0.47,0.180309081179642,0.00516959240884784,3
"3arc","0",3.5,"model",0.48,0.174673427063133,0.0108489511844616,3
"3arc","0",3.5,"model",0.49,0.173910961443401,0.0114196791785943,3
"3arc","0",3.5,"model",0.5,0.17311799719888,0.0120230767717273,3
"3arc","0",3.5,"model",0.51,0.177394707883153,0.00767183279178353,3
"3arc","0",3.5,"model",0.52,0.182385766806723,0.00618872665093255,3
"3arc","0",3.5,"model",0.53,0.181937615471721,0.00636127251118237,3
"3arc","0",3.5,"model",0.54,0.187224454999391,0.00345410276737872,3
"3arc","0",3.5,"model",0.55,0.186972844693433,0.00373683425543143,3
"3arc","0",3.5,"model",0.56,0.186709797555386,0.00406147582950229,3
"3arc","0",3.5,"model",0.57,0.186434515666732,0.0044260105845282,3
"3arc","0",3.5,"model",0.58,0.186146125116713,0.0048289294310358,3
"3arc","0",3.5,"model",0.59,0.185843666734987,0.00526930477197984,3
"3arc","0",3.5,"model",0.6,0.18062412464986,0.0046924870880827,3
"3arc","0",3.5,"model",0.61,0.180290257128492,0.00482617480912125,3
"3arc","0",3.5,"model",0.62,0.179938817632316,0.00503527541776695,3
"3arc","0",3.5,"model",0.63,0.179568381406617,0.0053225672278909,3
"3arc","0",3.5,"model",0.64,0.179177365390601,0.00568893516297084,3
"3arc","0",3.5,"model",0.65,0.178764005602241,0.00613402508478654,3
"3arc","0",3.5,"model",0.66,0.173564425770308,0.00260777957722206,3
"3arc","0",3.5,"model",0.67,0.17310022493846,0.00291885158495868,3
"3arc","0",3.5,"model",0.68,0.172607011554622,0.00342971603890809,3
"3arc","0",3.5,"model",0.69,0.172081977952471,0.00410113322269864,3
"3arc","0",3.5,"model",0.7,0.171521942110177,0.00490262767239033,3
"3arc","0",3.5,"model",0.71,0.166021322322032,0.00493361337909457,3
"3arc","0",3.5,"model",0.72,0.165379901960784,0.00527151959840557,3
"3arc","0",3.5,"model",0.73,0.164690968980185,0.00585169249513883,3
"3arc","0",3.5,"model",0.74,0.163949041154924,0.00666159829908883,3
"3arc","0",3.5,"model",0.75,0.163147759103641,0.00768322099205461,3
"3arc","0",3.5,"model",0.76,0.162279703548086,0.00890254797727825,3
"3arc","0",3.5,"model",0.77,0.161336164900743,0.0103133567133169,3
"3arc","0",3.5,"model",0.78,0.160306850012732,0.0119177136160627,3
"3arc","0",3.5,"model",0.79,0.153971171802054,0.0223954194897832,3
"3arc","0",3.5,"model",0.8,0.152731092436975,0.0244970955448779,3
"3arc","0",3.5,"model",0.81,0.151360478401887,0.0268285167711842,3
"3arc","0",3.5,"model",0.82,0.149837573918456,0.029426965981924,3
"3arc","0",3.5,"model",0.83,0.133429621848739,0.0330649156687245,3
"3arc","0",3.5,"model",0.84,0.131514793417367,0.0350985762930079,3
"3arc","0",3.5,"model",0.85,0.129344654528478,0.0376245818761146,3
"3arc","0",3.5,"model",0.86,0.126864495798319,0.0407449557945696,3
"3arc","0",3.5,"model",0.87,0.124002774186598,0.0445889727811324,3
"3arc","0",3.5,"model",0.88,0.120664098972923,0.0493252039367496,3
"3arc","0",3.5,"model",0.89,0.111956487140311,0.0482838163124335,3
"3arc","0",3.5,"model",0.9,0.107221638655462,0.0558683015580387,3
"3arc","0",3.5,"model",0.91,0.0966726968565204,0.0595114795646216,3
"3arc","0",3.5,"model",0.92,0.0846769957983193,0.0667903323793541,3
"3arc","0",3.5,"model",0.93,0.134156162464986,0.0198982086220066,3
"3arc","0",3.5,"model",0.94,0.134156162464986,0.0198982086220066,3
"3arc","0",3.5,"model",0.95,0.114548319327731,0.0502042327644351,3
"3arc","0",3.5,"model",0.96,0.109646358543417,0.0584126257816321,3
"3arc","0",3.5,"model",0.97,0.109646358543417,0.0584126257816321,3
"3arc","0",3.5,"model",0.98,0.0995360644257703,0.0610277412694377,3
"3arc","0",3.5,"model",0.99,0.0793154761904762,0.0693565735166176,3
"3arc","0",3.5,"treat_all",0.01,0.215235336558866,0.0103781513451159,3
"3arc","0",3.5,"treat_all",0.02,0.207227533870691,0.0104840508486375,3
"3arc","0",3.5,"treat_all",0.03,0.199054621848739,0.010592133847077,3
"3arc","0",3.5,"treat_all",0.04,0.190711440826331,0.0107024685746507,3
"3arc","0",3.5,"treat_all",0.05,0.18219261388766,0.0108151261385944,3
"3arc","0",3.5,"treat_all",0.06,0.173492535311997,0.0109301806719838,3
"3arc","0",3.5,"treat_all",0.07,0.164605358272341,0.0110477094964137,3
"3arc","0",3.5,"treat_all",0.08,0.155524981731823,0.0111677932952877,3
"3arc","0",3.5,"treat_all",0.09,0.146245036476129,0.0112905162985327,3
"3arc","0",3.5,"treat_all",0.1,0.136758870214753,0.0114159664796275,3
"3arc","0",3.5,"treat_all",0.11,0.12705953167784,0.0115442357659154,3
"3arc","0",3.5,"treat_all",0.12,0.117139753628724,0.0116754202632554,3
"3arc","0",3.5,"treat_all",0.13,0.106991934704916,0.0118096204961664,3
"3arc","0",3.5,"treat_all",0.14,0.0966081199921829,0.0119469416647264,3
"3arc","0",3.5,"treat_all",0.15,0.085979980227385,0.0120874939196056,3
"3arc","0",3.5,"treat_all",0.16,0.0750987895158063,0.0122313926567437,3
"3arc","0",3.5,"treat_all",0.17,0.0639554014376835,0.012378758833331,3
"3arc","0",3.5,"treat_all",0.18,0.0525402234064357,0.0125297193069082,3
"3arc","0",3.5,"treat_all",0.19,0.0408431891275029,0.0126844071995861,3
"3arc","0",3.5,"treat_all",0.2,0.0288537289915966,0.0128429622895809,3
"3arc","0",3.5,"treat_all",0.21,0.0165607382193383,0.013005531432487,3
"3arc","0",3.5,"treat_all",0.22,0.00395254255548373,0.0131722690149548,3
"3arc","0",3.5,"treat_all",0.23,-0.00898313871002946,0.0133433374437204,3
"3arc","0",3.5,"treat_all",0.24,-0.0222592326404246,0.0135189076732431,3
"3arc","0",3.5,"treat_all",0.25,-0.0358893557422969,0.013699159775553,3
"3arc","0",3.5,"treat_all",0.26,-0.0498878605496253,0.0138842835563037,3
"3arc","0",3.5,"treat_all",0.27,-0.0642698860366065,0.0140744792214585,3
"3arc","0",3.5,"treat_all",0.28,-0.0790514122315593,0.0142699580995343,3
"3arc","0",3.5,"treat_all",0.29,-0.0942493194460883,0.0144709434248799,3
"3arc","0",3.5,"treat_all",0.3,-0.109881452581032,0.0146776711880925,3
"3arc","0",3.5,"treat_all",0.31,-0.125966691024236,0.0148903910603837,3
"3arc","0",3.5,"treat_all",0.32,-0.142525024715769,0.0151093673995069,3
"3arc","0",3.5,"treat_all",0.33,-0.159577637024959,0.0153348803457682,3
"3arc","0",3.5,"treat_all",0.34,-0.177146995161701,0.0155672270176738,3
"3arc","0",3.5,"treat_all",0.35,-0.19525694893342,0.0158067228179457,3
"3arc","0",3.5,"treat_all",0.36,-0.213932838760504,0.0160537028619761,3
"3arc","0",3.5,"treat_all",0.37,-0.233201613978925,0.016308523542325,3
"3arc","0",3.5,"treat_all",0.38,-0.253091962591488,0.0165715642446206,3
"3arc","0",3.5,"treat_all",0.39,-0.273634453781513,0.0168432292322372,3
"3arc","0",3.5,"treat_all",0.4,-0.294861694677871,0.0171239497194412,3
"3arc","0",3.5,"treat_all",0.41,-0.316808503062242,0.0174141861553639,3
"3arc","0",3.5,"treat_all",0.42,-0.339512097942625,0.0177144307442495,3
"3arc","0",3.5,"treat_all",0.43,-0.363012310187233,0.0180252102309908,3
"3arc","0",3.5,"treat_all",0.44,-0.387351815726291,0.0183470889851156,3
"3arc","0",3.5,"treat_all",0.45,-0.412576394194041,0.0186806724212086,3
"3arc","0",3.5,"treat_all",0.46,-0.438735216308746,0.0190266107993791,3
"3arc","0",3.5,"treat_all",0.47,-0.465881163786269,0.0193856034559712,3
"3arc","0",3.5,"treat_all",0.48,-0.494071186166774,0.0197584035224321,3
"3arc","0",3.5,"treat_all",0.49,-0.523366699621025,0.0201458231993426,3
"3arc","0",3.5,"treat_all",0.5,-0.553834033613445,0.0205487396633294,3
"3arc","0",3.5,"treat_all",0.51,-0.585544932258618,0.020968101697275,3
"3arc","0",3.5,"treat_all",0.52,-0.618577118347339,0.0214049371493015,3
"3arc","0",3.5,"treat_all",0.53,-0.653014929376006,0.0218603613439674,3
"3arc","0",3.5,"treat_all",0.54,-0.688950036536354,0.0223355865905755,3
"3arc","0",3.5,"treat_all",0.55,-0.726482259570495,0.0228319329592549,3
"3arc","0",3.5,"treat_all",0.56,-0.765720492742552,0.0233508405265108,3
"3arc","0",3.5,"treat_all",0.57,-0.806783760015634,0.0238938833294529,3
"3arc","0",3.5,"treat_all",0.58,-0.849802420968388,0.0244627853134874,3
"3arc","0",3.5,"treat_all",0.59,-0.894919553187128,0.0250594386138163,3
"3arc","0",3.5,"treat_all",0.6,-0.942292542016807,0.0256859245791618,3
"3arc","0",3.5,"treat_all",0.61,-0.992094914889033,0.0263445380299097,3
"3arc","0",3.5,"treat_all",0.62,-1.04451846528085,0.0270378153464862,3
"3arc","0",3.5,"treat_all",0.63,-1.09977572109925,0.0277685671126073,3
"3arc","0",3.5,"treat_all",0.64,-1.15810282446312,0.0285399161990688,3
"3arc","0",3.5,"treat_all",0.65,-1.21976290516207,0.0293553423761849,3
"3arc","0",3.5,"treat_all",0.66,-1.28505004943154,0.030218734799014,3
"3arc","0",3.5,"treat_all",0.67,-1.3542939903234,0.0311344540353478,3
"3arc","0",3.5,"treat_all",0.68,-1.42786567752101,0.0321074057239522,3
"3arc","0",3.5,"treat_all",0.69,-1.50618392518298,0.0331431284892411,3
"3arc","0",3.5,"treat_all",0.7,-1.58972338935574,0.0342478994388825,3
"3arc","0",3.5,"treat_all",0.71,-1.67902419588525,0.0354288614884991,3
"3arc","0",3.5,"treat_all",0.72,-1.77470363145258,0.0366941779702312,3
"3arc","0",3.5,"treat_all",0.73,-1.87747043261749,0.0380532215987581,3
"3arc","0",3.5,"treat_all",0.74,-1.98814237233355,0.0395168070448641,3
"3arc","0",3.5,"treat_all",0.75,-2.10766806722689,0.0410974793266589,3
"3arc","0",3.5,"treat_all",0.76,-2.23715423669468,0.0428098742986028,3
"3arc","0",3.5,"treat_all",0.77,-2.37790007307271,0.044671173181151,3
"3arc","0",3.5,"treat_all",0.78,-2.5314409854851,0.0467016810530214,3
"3arc","0",3.5,"treat_all",0.79,-2.69960484193678,0.0489255706269749,3
"3arc","0",3.5,"treat_all",0.8,-2.88458508403361,0.0513718491583235,3
"3arc","0",3.5,"treat_all",0.81,-3.0890369305617,0.0540756306929723,3
"3arc","0",3.5,"treat_all",0.82,-3.31620564892624,0.0570798323981373,3
"3arc","0",3.5,"treat_all",0.83,-3.57010009886308,0.0604374695980277,3
"3arc","0",3.5,"treat_all",0.84,-3.85573135504202,0.0642148114479044,3
"3arc","0",3.5,"treat_all",0.85,-4.17944677871148,0.0684957988777647,3
"3arc","0",3.5,"treat_all",0.86,-4.54940726290516,0.073388355940462,3
"3arc","0",3.5,"treat_all",0.87,-4.9762847446671,0.0790336140897282,3
"3arc","0",3.5,"treat_all",0.88,-5.47430847338936,0.0856197485972056,3
"3arc","0",3.5,"treat_all",0.89,-6.06288197097021,0.0934033621060428,3
"3arc","0",3.5,"treat_all",0.9,-6.76917016806723,0.102743698316647,3
"3arc","0",3.5,"treat_all",0.91,-7.63241129785248,0.114159664796275,3
"3arc","0",3.5,"treat_all",0.92,-8.71146271008404,0.12842962289581,3
"3arc","0",3.5,"treat_all",0.93,-10.0988145258103,0.146776711880925,3
"3arc","0",3.5,"treat_all",0.94,-11.9486169467787,0.171239497194412,3
"3arc","0",3.5,"treat_all",0.95,-14.5383403361345,0.205487396633295,3
"3arc","0",3.5,"treat_all",0.96,-18.4229254201681,0.256859245791618,3
"3arc","0",3.5,"treat_all",0.97,-24.8972338935574,0.342478994388823,3
"3arc","0",3.5,"treat_all",0.98,-37.8458508403361,0.513718491583236,3
"3arc","0",3.5,"treat_all",0.99,-76.6917016806722,1.02743698316648,3
"3arc","0",3.5,"treat_none",0.01,0,0,3
"3arc","0",3.5,"treat_none",0.02,0,0,3
"3arc","0",3.5,"treat_none",0.03,0,0,3
"3arc","0",3.5,"treat_none",0.04,0,0,3
"3arc","0",3.5,"treat_none",0.05,0,0,3
"3arc","0",3.5,"treat_none",0.06,0,0,3
"3arc","0",3.5,"treat_none",0.07,0,0,3
"3arc","0",3.5,"treat_none",0.08,0,0,3
"3arc","0",3.5,"treat_none",0.09,0,0,3
"3arc","0",3.5,"treat_none",0.1,0,0,3
"3arc","0",3.5,"treat_none",0.11,0,0,3
"3arc","0",3.5,"treat_none",0.12,0,0,3
"3arc","0",3.5,"treat_none",0.13,0,0,3
"3arc","0",3.5,"treat_none",0.14,0,0,3
"3arc","0",3.5,"treat_none",0.15,0,0,3
"3arc","0",3.5,"treat_none",0.16,0,0,3
"3arc","0",3.5,"treat_none",0.17,0,0,3
"3arc","0",3.5,"treat_none",0.18,0,0,3
"3arc","0",3.5,"treat_none",0.19,0,0,3
"3arc","0",3.5,"treat_none",0.2,0,0,3
"3arc","0",3.5,"treat_none",0.21,0,0,3
"3arc","0",3.5,"treat_none",0.22,0,0,3
"3arc","0",3.5,"treat_none",0.23,0,0,3
"3arc","0",3.5,"treat_none",0.24,0,0,3
"3arc","0",3.5,"treat_none",0.25,0,0,3
"3arc","0",3.5,"treat_none",0.26,0,0,3
"3arc","0",3.5,"treat_none",0.27,0,0,3
"3arc","0",3.5,"treat_none",0.28,0,0,3
"3arc","0",3.5,"treat_none",0.29,0,0,3
"3arc","0",3.5,"treat_none",0.3,0,0,3
"3arc","0",3.5,"treat_none",0.31,0,0,3
"3arc","0",3.5,"treat_none",0.32,0,0,3
"3arc","0",3.5,"treat_none",0.33,0,0,3
"3arc","0",3.5,"treat_none",0.34,0,0,3
"3arc","0",3.5,"treat_none",0.35,0,0,3
"3arc","0",3.5,"treat_none",0.36,0,0,3
"3arc","0",3.5,"treat_none",0.37,0,0,3
"3arc","0",3.5,"treat_none",0.38,0,0,3
"3arc","0",3.5,"treat_none",0.39,0,0,3
"3arc","0",3.5,"treat_none",0.4,0,0,3
"3arc","0",3.5,"treat_none",0.41,0,0,3
"3arc","0",3.5,"treat_none",0.42,0,0,3
"3arc","0",3.5,"treat_none",0.43,0,0,3
"3arc","0",3.5,"treat_none",0.44,0,0,3
"3arc","0",3.5,"treat_none",0.45,0,0,3
"3arc","0",3.5,"treat_none",0.46,0,0,3
"3arc","0",3.5,"treat_none",0.47,0,0,3
"3arc","0",3.5,"treat_none",0.48,0,0,3
"3arc","0",3.5,"treat_none",0.49,0,0,3
"3arc","0",3.5,"treat_none",0.5,0,0,3
"3arc","0",3.5,"treat_none",0.51,0,0,3
"3arc","0",3.5,"treat_none",0.52,0,0,3
"3arc","0",3.5,"treat_none",0.53,0,0,3
"3arc","0",3.5,"treat_none",0.54,0,0,3
"3arc","0",3.5,"treat_none",0.55,0,0,3
"3arc","0",3.5,"treat_none",0.56,0,0,3
"3arc","0",3.5,"treat_none",0.57,0,0,3
"3arc","0",3.5,"treat_none",0.58,0,0,3
"3arc","0",3.5,"treat_none",0.59,0,0,3
"3arc","0",3.5,"treat_none",0.6,0,0,3
"3arc","0",3.5,"treat_none",0.61,0,0,3
"3arc","0",3.5,"treat_none",0.62,0,0,3
"3arc","0",3.5,"treat_none",0.63,0,0,3
"3arc","0",3.5,"treat_none",0.64,0,0,3
"3arc","0",3.5,"treat_none",0.65,0,0,3
"3arc","0",3.5,"treat_none",0.66,0,0,3
"3arc","0",3.5,"treat_none",0.67,0,0,3
"3arc","0",3.5,"treat_none",0.68,0,0,3
"3arc","0",3.5,"treat_none",0.69,0,0,3
"3arc","0",3.5,"treat_none",0.7,0,0,3
"3arc","0",3.5,"treat_none",0.71,0,0,3
"3arc","0",3.5,"treat_none",0.72,0,0,3
"3arc","0",3.5,"treat_none",0.73,0,0,3
"3arc","0",3.5,"treat_none",0.74,0,0,3
"3arc","0",3.5,"treat_none",0.75,0,0,3
"3arc","0",3.5,"treat_none",0.76,0,0,3
"3arc","0",3.5,"treat_none",0.77,0,0,3
"3arc","0",3.5,"treat_none",0.78,0,0,3
"3arc","0",3.5,"treat_none",0.79,0,0,3
"3arc","0",3.5,"treat_none",0.8,0,0,3
"3arc","0",3.5,"treat_none",0.81,0,0,3
"3arc","0",3.5,"treat_none",0.82,0,0,3
"3arc","0",3.5,"treat_none",0.83,0,0,3
"3arc","0",3.5,"treat_none",0.84,0,0,3
"3arc","0",3.5,"treat_none",0.85,0,0,3
"3arc","0",3.5,"treat_none",0.86,0,0,3
"3arc","0",3.5,"treat_none",0.87,0,0,3
"3arc","0",3.5,"treat_none",0.88,0,0,3
"3arc","0",3.5,"treat_none",0.89,0,0,3
"3arc","0",3.5,"treat_none",0.9,0,0,3
"3arc","0",3.5,"treat_none",0.91,0,0,3
"3arc","0",3.5,"treat_none",0.92,0,0,3
"3arc","0",3.5,"treat_none",0.93,0,0,3
"3arc","0",3.5,"treat_none",0.94,0,0,3
"3arc","0",3.5,"treat_none",0.95,0,0,3
"3arc","0",3.5,"treat_none",0.96,0,0,3
"3arc","0",3.5,"treat_none",0.97,0,0,3
"3arc","0",3.5,"treat_none",0.98,0,0,3
"3arc","0",3.5,"treat_none",0.99,0,0,3
"3arc","0",3.75,"model",0.01,0.197581302452738,0.01443931296799,5
"3arc","0",3.75,"model",0.02,0.19032143649063,0.014821669116073,5
"3arc","0",3.75,"model",0.03,0.183604046306766,0.0151342987685498,5
"3arc","0",3.75,"model",0.04,0.177818071125918,0.0152549250685237,5
"3arc","0",3.75,"model",0.05,0.170338013606106,0.018647362137678,5
"3arc","0",3.75,"model",0.06,0.166247147611824,0.0187689202962654,5
"3arc","0",3.75,"model",0.07,0.162169469479908,0.018148548324885,5
"3arc","0",3.75,"model",0.08,0.159175528475913,0.017841516967042,5
"3arc","0",3.75,"model",0.09,0.157771425716717,0.0168506222287675,5
"3arc","0",3.75,"model",0.1,0.156768414008533,0.0157465854047495,5
"3arc","0",3.75,"model",0.11,0.150178762790123,0.0148307107651465,5
"3arc","0",3.75,"model",0.12,0.147357576801494,0.0181116886009418,5
"3arc","0",3.75,"model",0.13,0.147084492175179,0.0181286943694276,5
"3arc","0",3.75,"model",0.14,0.147844195438816,0.016443101266934,5
"3arc","0",3.75,"model",0.15,0.146070594759684,0.0157716421745811,5
"3arc","0",3.75,"model",0.16,0.144120132609248,0.0161301063244949,5
"3arc","0",3.75,"model",0.17,0.145198492892794,0.0169709879967503,5
"3arc","0",3.75,"model",0.18,0.148845102830105,0.0204478746352584,5
"3arc","0",3.75,"model",0.19,0.149416966705763,0.0220676816737943,5
"3arc","0",3.75,"model",0.2,0.146644306029725,0.0166443902110548,5
"3arc","0",3.75,"model",0.21,0.14948963130939,0.0172421861174803,5
"3arc","0",3.75,"model",0.22,0.145477687606164,0.0169771940086585,5
"3arc","0",3.75,"model",0.23,0.145124968235148,0.0152271163131249,5
"3arc","0",3.75,"model",0.24,0.142474392776322,0.0153842831744509,5
"3arc","0",3.75,"model",0.25,0.1405970171618,0.0147497589677016,5
"3arc","0",3.75,"model",0.26,0.140714426420368,0.0140122312350917,5
"3arc","0",3.75,"model",0.27,0.143084541011741,0.0137620159522471,5
"3arc","0",3.75,"model",0.28,0.14687118707421,0.0142601672173089,5
"3arc","0",3.75,"model",0.29,0.145225464416316,0.0130764615015357,5
"3arc","0",3.75,"model",0.3,0.146535968886642,0.0140144274551806,5
"3arc","0",3.75,"model",0.31,0.149477253995023,0.0171145504524668,5
"3arc","0",3.75,"model",0.32,0.152520863094559,0.0135154395708865,5
"3arc","0",3.75,"model",0.33,0.154946638605223,0.0137193050302142,5
"3arc","0",3.75,"model",0.34,0.154707450712139,0.0133491137704212,5
"3arc","0",3.75,"model",0.35,0.153159128043647,0.0135438676260197,5
"3arc","0",3.75,"model",0.36,0.154731434376272,0.0099652756146977,5
"3arc","0",3.75,"model",0.37,0.154729666247713,0.0096200357706784,5
"3arc","0",3.75,"model",0.38,0.155068569203931,0.0123691038775725,5
"3arc","0",3.75,"model",0.39,0.157317424784669,0.0146191213217409,5
"3arc","0",3.75,"model",0.4,0.157844591668031,0.0142954638017685,5
"3arc","0",3.75,"model",0.41,0.15828688816481,0.0116953469022593,5
"3arc","0",3.75,"model",0.42,0.160866731981722,0.0110842595385015,5
"3arc","0",3.75,"model",0.43,0.163856427764698,0.0131034726327743,5
"3arc","0",3.75,"model",0.44,0.167043289942422,0.0116050499739535,5
"3arc","0",3.75,"model",0.45,0.163574968711237,0.0121769311531144,5
"3arc","0",3.75,"model",0.46,0.165180101812704,0.017597041137301,5
"3arc","0",3.75,"model",0.47,0.166958450300145,0.0235979409745452,5
"3arc","0",3.75,"model",0.48,0.168764770551908,0.0236176041361216,5
"3arc","0",3.75,"model",0.49,0.168045958927324,0.0239599293796727,5
"3arc","0",3.75,"model",0.5,0.167298394837757,0.0243269174624749,5
"3arc","0",3.75,"model",0.51,0.166520317928208,0.0247202338975707,5
"3arc","0",3.75,"model",0.52,0.16293204336965,0.0280107536006184,5
"3arc","0",3.75,"model",0.53,0.162278488580861,0.0246954563833355,5
"3arc","0",3.75,"model",0.54,0.162302207251342,0.0312879650702808,5
"3arc","0",3.75,"model",0.55,0.161653459354382,0.0319609692309403,5
"3arc","0",3.75,"model",0.56,0.160975222916652,0.0326718723635361,5
"3arc","0",3.75,"model",0.57,0.157280365971232,0.0301612181194219,5
"3arc","0",3.75,"model",0.58,0.1537198830862,0.0266711857183255,5
"3arc","0",3.75,"model",0.59,0.152940029342469,0.0275379975837445,5
"3arc","0",3.75,"model",0.6,0.15212118291155,0.0284566905895913,5
"3arc","0",3.75,"model",0.61,0.155605073700699,0.0238933867186502,5
"3arc","0",3.75,"model",0.62,0.152108584472903,0.0278893073326862,5
"3arc","0",3.75,"model",0.63,0.151351023755315,0.0286559314902794,5
"3arc","0",3.75,"model",0.64,0.147987273767093,0.0307252946432001,5
"3arc","0",3.75,"model",0.65,0.147141932204452,0.0315701513085619,5
"3arc","0",3.75,"model",0.66,0.146246864667538,0.0324687057272628,5
"3arc","0",3.75,"model",0.67,0.150437558284888,0.031685410758168,5
"3arc","0",3.75,"model",0.68,0.149668651265981,0.0327396829257387,5
"3arc","0",3.75,"model",0.69,0.148850137342628,0.0338700137174908,5
"3arc","0",3.75,"model",0.7,0.147977055824385,0.0350839545103485,5
"3arc","0",3.75,"model",0.71,0.147043761787643,0.0363900927568912,5
"3arc","0",3.75,"model",0.72,0.146043803891133,0.0377982372166762,5
"3arc","0",3.75,"model",0.73,0.142152873630876,0.0362931992032021,5
"3arc","0",3.75,"model",0.74,0.138179325766634,0.035828783399365,5
"3arc","0",3.75,"model",0.75,0.136930147594379,0.0376282494593916,5
"3arc","0",3.75,"model",0.76,0.135576871241102,0.0395876393207505,5
"3arc","0",3.75,"model",0.77,0.134105918683193,0.0417275070698133,5
"3arc","0",3.75,"model",0.78,0.129969597595854,0.043030588193195,5
"3arc","0",3.75,"model",0.79,0.125680450268732,0.0451294636527282,5
"3arc","0",3.75,"model",0.8,0.12374719833548,0.0478111663421102,5
"3arc","0",3.75,"model",0.81,0.133452551461886,0.0333252084063728,5
"3arc","0",3.75,"model",0.82,0.144544919133201,0.0336354306558049,5
"3arc","0",3.75,"model",0.83,0.143706977118788,0.0351812062672714,5
"3arc","0",3.75,"model",0.84,0.137247572156088,0.0354219014968752,5
"3arc","0",3.75,"model",0.85,0.136179196087712,0.0373611997044125,5
"3arc","0",3.75,"model",0.86,0.132426549297091,0.0416691937125344,5
"3arc","0",3.75,"model",0.87,0.131017701734397,0.0441382663750359,5
"3arc","0",3.75,"model",0.88,0.123993042272034,0.0504060702791448,5
"3arc","0",3.75,"model",0.89,0.119065465702667,0.0516106181112651,5
"3arc","0",3.75,"model",0.9,0.116734463371664,0.0562790865394419,5
"3arc","0",3.75,"model",0.91,0.110900385895796,0.0603104000982845,5
"3arc","0",3.75,"model",0.92,0.134262209257619,0.0235522665995999,5
"3arc","0",3.75,"model",0.93,0.128920328915739,0.0205463582976839,5
"3arc","0",3.75,"model",0.94,0.123578448573858,0.0199221132017157,5
"3arc","0",3.75,"model",0.95,0.118061728377372,0.0227066765612882,5
"3arc","0",3.75,"model",0.96,0.104061846961052,0.0205357387369273,5
"3arc","0",3.75,"model",0.97,0.0985126697700839,0.0238471992177607,5
"3arc","0",3.75,"model",0.98,0.0774495279634941,0.0276847931359379,5
"3arc","0",3.75,"model",0.99,0.0693623268383183,0.0264569832060321,5
"3arc","0",3.75,"treat_all",0.01,0.197103564850762,0.0142554142456444,5
"3arc","0",3.75,"treat_all",0.02,0.188910744083933,0.0144008776563142,5
"3arc","0",3.75,"treat_all",0.03,0.180548999177582,0.0145493403125649,5
"3arc","0",3.75,"treat_all",0.04,0.172013051252349,0.0147008959408208,5
"3arc","0",3.75,"treat_all",0.05,0.163297399160268,0.014855642213882,5
"3arc","0",3.75,"treat_all",0.06,0.154396307661973,0.0150136809608382,5
"3arc","0",3.75,"treat_all",0.07,0.145303794841134,0.0151751183905247,5
"3arc","0",3.75,"treat_all",0.08,0.136013618698103,0.0153400653295521,5
"3arc","0",3.75,"treat_all",0.09,0.12651926285962,0.0155086374760307,5
"3arc","0",3.75,"treat_all",0.1,0.116813921335838,0.0156809556702088,5
"3arc","0",3.75,"treat_all",0.11,0.106890482249724,0.0158571461833572,5
"3arc","0",3.75,"treat_all",0.12,0.0967415104571075,0.0160373410263499,5
"3arc","0",3.75,"treat_all",0.13,0.0863592289681087,0.0162216782795263,5
"3arc","0",3.75,"treat_all",0.14,0.075735499072389,0.0164103024455673,5
"3arc","0",3.75,"treat_all",0.15,0.0648617990614759,0.0166033648272799,5
"3arc","0",3.75,"treat_all",0.16,0.0537292014312554,0.0168010239323666,5
"3arc","0",3.75,"treat_all",0.17,0.0423283484364513,0.0170034459074553,5
"3arc","0",3.75,"treat_all",0.18,0.030649425856408,0.0172108050038877,5
"3arc","0",3.75,"treat_all",0.19,0.0186821348175982,0.0174232840780098,5
"3arc","0",3.75,"treat_all",0.2,0.00641566150281821,0.0176410751289849,5
"3arc","0",3.75,"treat_all",0.21,-0.00616135544018411,0.0178643798774531,5
"3arc","0",3.75,"treat_all",0.22,-0.0190608599971095,0.0180934103887025,5
"3arc","0",3.75,"treat_all",0.23,-0.0322954166204486,0.0183283897443999,5
"3arc","0",3.75,"treat_all",0.24,-0.0458782510496651,0.0185695527673525,5
"3arc","0",3.75,"treat_all",0.25,-0.0598232943969939,0.0188171468042506,5
"3arc","0",3.75,"treat_all",0.26,-0.0741452308077641,0.0190714325718756,5
"3arc","0",3.75,"treat_all",0.27,-0.0888595490380075,0.0193326850728602,5
"3arc","0",3.75,"treat_all",0.28,-0.103982598330202,0.019601194587761,5
"3arc","0",3.75,"treat_all",0.29,-0.119531649010909,0.0198772677509689,5
"3arc","0",3.75,"treat_all",0.3,-0.135524958282494,0.0201612287188399,5
"3arc","0",3.75,"treat_all",0.31,-0.151981841735863,0.0204534204394028,5
"3arc","0",3.75,"treat_all",0.32,-0.168922751173155,0.0207542060340999,5
"3arc","0",3.75,"treat_all",0.33,-0.18636935939962,0.0210639703032656,5
"3arc","0",3.75,"treat_all",0.34,-0.204344652723857,0.0213831213684666,5
"3arc","0",3.75,"treat_all",0.35,-0.222873031996531,0.0217120924664429,5
"3arc","0",3.75,"treat_all",0.36,-0.241980423121477,0.0220513439112311,5
"3arc","0",3.75,"treat_all",0.37,-0.261694398091659,0.0224013652431554,5
"3arc","0",3.75,"treat_all",0.38,-0.282044307738299,0.022762677585787,5
"3arc","0",3.75,"treat_all",0.39,-0.303061427537288,0.0231358362347343,5
"3arc","0",3.75,"treat_all",0.4,-0.324779117996242,0.0235214335053132,5
"3arc","0",3.75,"treat_all",0.41,-0.347233001352111,0.0239201018698101,5
"3arc","0",3.75,"treat_all",0.42,-0.370461156547837,0.0243325174192895,5
"3arc","0",3.75,"treat_all",0.43,-0.394504334732887,0.0247594036898034,5
"3arc","0",3.75,"treat_all",0.44,-0.419406197853117,0.0252015358985498,5
"3arc","0",3.75,"treat_all",0.45,-0.445213583268628,0.0256597456421599,5
"3arc","0",3.75,"treat_all",0.46,-0.471976797773603,0.0261349261170147,5
"3arc","0",3.75,"treat_all",0.47,-0.499749944901407,0.0266280379305432,5
"3arc","0",3.75,"treat_all",0.48,-0.528591289995664,0.0271401155830537,5
"3arc","0",3.75,"treat_all",0.49,-0.558563668230873,0.0276722747121332,5
"3arc","0",3.75,"treat_all",0.5,-0.589734941595491,0.0282257202063758,5
"3arc","0",3.75,"treat_all",0.51,-0.622178511832134,0.0288017553126284,5
"3arc","0",3.75,"treat_all",0.52,-0.655973897495303,0.0294017918816415,5
"3arc","0",3.75,"treat_all",0.53,-0.691207384676054,0.0300273619216764,5
"3arc","0",3.75,"treat_all",0.54,-0.727972762603795,0.0306801306591042,5
"3arc","0",3.75,"treat_all",0.55,-0.766372157328323,0.0313619113404176,5
"3arc","0",3.75,"treat_all",0.56,-0.806516979085785,0.0320746820526998,5
"3arc","0",3.75,"treat_all",0.57,-0.848529001855222,0.0328206048911347,5
"3arc","0",3.75,"treat_all",0.58,-0.892541597137489,0.0336020478647332,5
"3arc","0",3.75,"treat_all",0.59,-0.938701148287184,0.0344216100077754,5
"3arc","0",3.75,"treat_all",0.6,-0.987168676994363,0.0352821502579698,5
"3arc","0",3.75,"treat_all",0.61,-1.03812171999422,0.0361868207774049,5
"3arc","0",3.75,"treat_all",0.62,-1.09175650209933,0.0371391055347051,5
"3arc","0",3.75,"treat_all",0.63,-1.14829046161553,0.0381428651437511,5
"3arc","0",3.75,"treat_all",0.64,-1.2079651966604,0.039202389175522,5
"3arc","0",3.75,"treat_all",0.65,-1.27104991656499,0.0403224574376797,5
"3arc","0",3.75,"treat_all",0.66,-1.33784550234631,0.0415084120681998,5
"3arc","0",3.75,"treat_all",0.67,-1.40868930544771,0.042766242736933,5
"3arc","0",3.75,"treat_all",0.68,-1.48396084624295,0.0441026878224622,5
"3arc","0",3.75,"treat_all",0.69,-1.5640886154766,0.0455253551715739,5
"3arc","0",3.75,"treat_all",0.7,-1.64955823599249,0.0470428670106264,5
"3arc","0",3.75,"treat_all",0.71,-1.74092231309567,0.0486650348385791,5
"3arc","0",3.75,"treat_all",0.72,-1.83881239570623,0.0504030717970996,5
"3arc","0",3.75,"treat_all",0.73,-1.94395359554721,0.0522698522340293,5
"3arc","0",3.75,"treat_all",0.74,-2.05718257999133,0.0542802311661074,5
"3arc","0",3.75,"treat_all",0.75,-2.17946988319098,0.0564514404127517,5
"3arc","0",3.75,"treat_all",0.76,-2.31194779499061,0.058803583763283,5
"3arc","0",3.75,"treat_all",0.77,-2.45594552520759,0.0613602613182083,5
"3arc","0",3.75,"treat_all",0.78,-2.61303395817157,0.0641493641053997,5
"3arc","0",3.75,"treat_all",0.79,-2.78508319427498,0.0672040957294663,5
"3arc","0",3.75,"treat_all",0.8,-2.97433735398873,0.0705643005159396,5
"3arc","0",3.75,"treat_all",0.81,-3.18351300419866,0.07427821106941,5
"3arc","0",3.75,"treat_all",0.82,-3.41593039332081,0.0784047783510439,5
"3arc","0",3.75,"treat_all",0.83,-3.67569100469262,0.0830168241363996,5
"3arc","0",3.75,"treat_all",0.84,-3.96792169248591,0.0882053756449245,5
"3arc","0",3.75,"treat_all",0.85,-4.29911647198497,0.0940857340212529,5
"3arc","0",3.75,"treat_all",0.86,-4.67762479141247,0.1008061435942,5
"3arc","0",3.75,"treat_all",0.87,-5.11436515998266,0.108560462332215,5
"3arc","0",3.75,"treat_all",0.88,-5.62389558998121,0.117607167526566,5
"3arc","0",3.75,"treat_all",0.89,-6.22606791634314,0.128298728210799,5
"3arc","0",3.75,"treat_all",0.9,-6.94867470797746,0.141128601031879,5
"3arc","0",3.75,"treat_all",0.91,-7.83186078664162,0.156809556702088,5
"3arc","0",3.75,"treat_all",0.92,-8.93584338497182,0.176410751289849,5
"3arc","0",3.75,"treat_all",0.93,-10.3552495828249,0.201612287188399,5
"3arc","0",3.75,"treat_all",0.94,-12.2477911799624,0.235214335053133,5
"3arc","0",3.75,"treat_all",0.95,-14.8973494159549,0.28225720206376,5
"3arc","0",3.75,"treat_all",0.96,-18.8716867699437,0.352821502579699,5
"3arc","0",3.75,"treat_all",0.97,-25.4955823599248,0.470428670106264,5
"3arc","0",3.75,"treat_all",0.98,-38.7433735398872,0.705643005159396,5
"3arc","0",3.75,"treat_all",0.99,-78.4867470797745,1.41128601031879,5
"3arc","0",3.75,"treat_none",0.01,0,0,5
"3arc","0",3.75,"treat_none",0.02,0,0,5
"3arc","0",3.75,"treat_none",0.03,0,0,5
"3arc","0",3.75,"treat_none",0.04,0,0,5
"3arc","0",3.75,"treat_none",0.05,0,0,5
"3arc","0",3.75,"treat_none",0.06,0,0,5
"3arc","0",3.75,"treat_none",0.07,0,0,5
"3arc","0",3.75,"treat_none",0.08,0,0,5
"3arc","0",3.75,"treat_none",0.09,0,0,5
"3arc","0",3.75,"treat_none",0.1,0,0,5
"3arc","0",3.75,"treat_none",0.11,0,0,5
"3arc","0",3.75,"treat_none",0.12,0,0,5
"3arc","0",3.75,"treat_none",0.13,0,0,5
"3arc","0",3.75,"treat_none",0.14,0,0,5
"3arc","0",3.75,"treat_none",0.15,0,0,5
"3arc","0",3.75,"treat_none",0.16,0,0,5
"3arc","0",3.75,"treat_none",0.17,0,0,5
"3arc","0",3.75,"treat_none",0.18,0,0,5
"3arc","0",3.75,"treat_none",0.19,0,0,5
"3arc","0",3.75,"treat_none",0.2,0,0,5
"3arc","0",3.75,"treat_none",0.21,0,0,5
"3arc","0",3.75,"treat_none",0.22,0,0,5
"3arc","0",3.75,"treat_none",0.23,0,0,5
"3arc","0",3.75,"treat_none",0.24,0,0,5
"3arc","0",3.75,"treat_none",0.25,0,0,5
"3arc","0",3.75,"treat_none",0.26,0,0,5
"3arc","0",3.75,"treat_none",0.27,0,0,5
"3arc","0",3.75,"treat_none",0.28,0,0,5
"3arc","0",3.75,"treat_none",0.29,0,0,5
"3arc","0",3.75,"treat_none",0.3,0,0,5
"3arc","0",3.75,"treat_none",0.31,0,0,5
"3arc","0",3.75,"treat_none",0.32,0,0,5
"3arc","0",3.75,"treat_none",0.33,0,0,5
"3arc","0",3.75,"treat_none",0.34,0,0,5
"3arc","0",3.75,"treat_none",0.35,0,0,5
"3arc","0",3.75,"treat_none",0.36,0,0,5
"3arc","0",3.75,"treat_none",0.37,0,0,5
"3arc","0",3.75,"treat_none",0.38,0,0,5
"3arc","0",3.75,"treat_none",0.39,0,0,5
"3arc","0",3.75,"treat_none",0.4,0,0,5
"3arc","0",3.75,"treat_none",0.41,0,0,5
"3arc","0",3.75,"treat_none",0.42,0,0,5
"3arc","0",3.75,"treat_none",0.43,0,0,5
"3arc","0",3.75,"treat_none",0.44,0,0,5
"3arc","0",3.75,"treat_none",0.45,0,0,5
"3arc","0",3.75,"treat_none",0.46,0,0,5
"3arc","0",3.75,"treat_none",0.47,0,0,5
"3arc","0",3.75,"treat_none",0.48,0,0,5
"3arc","0",3.75,"treat_none",0.49,0,0,5
"3arc","0",3.75,"treat_none",0.5,0,0,5
"3arc","0",3.75,"treat_none",0.51,0,0,5
"3arc","0",3.75,"treat_none",0.52,0,0,5
"3arc","0",3.75,"treat_none",0.53,0,0,5
"3arc","0",3.75,"treat_none",0.54,0,0,5
"3arc","0",3.75,"treat_none",0.55,0,0,5
"3arc","0",3.75,"treat_none",0.56,0,0,5
"3arc","0",3.75,"treat_none",0.57,0,0,5
"3arc","0",3.75,"treat_none",0.58,0,0,5
"3arc","0",3.75,"treat_none",0.59,0,0,5
"3arc","0",3.75,"treat_none",0.6,0,0,5
"3arc","0",3.75,"treat_none",0.61,0,0,5
"3arc","0",3.75,"treat_none",0.62,0,0,5
"3arc","0",3.75,"treat_none",0.63,0,0,5
"3arc","0",3.75,"treat_none",0.64,0,0,5
"3arc","0",3.75,"treat_none",0.65,0,0,5
"3arc","0",3.75,"treat_none",0.66,0,0,5
"3arc","0",3.75,"treat_none",0.67,0,0,5
"3arc","0",3.75,"treat_none",0.68,0,0,5
"3arc","0",3.75,"treat_none",0.69,0,0,5
"3arc","0",3.75,"treat_none",0.7,0,0,5
"3arc","0",3.75,"treat_none",0.71,0,0,5
"3arc","0",3.75,"treat_none",0.72,0,0,5
"3arc","0",3.75,"treat_none",0.73,0,0,5
"3arc","0",3.75,"treat_none",0.74,0,0,5
"3arc","0",3.75,"treat_none",0.75,0,0,5
"3arc","0",3.75,"treat_none",0.76,0,0,5
"3arc","0",3.75,"treat_none",0.77,0,0,5
"3arc","0",3.75,"treat_none",0.78,0,0,5
"3arc","0",3.75,"treat_none",0.79,0,0,5
"3arc","0",3.75,"treat_none",0.8,0,0,5
"3arc","0",3.75,"treat_none",0.81,0,0,5
"3arc","0",3.75,"treat_none",0.82,0,0,5
"3arc","0",3.75,"treat_none",0.83,0,0,5
"3arc","0",3.75,"treat_none",0.84,0,0,5
"3arc","0",3.75,"treat_none",0.85,0,0,5
"3arc","0",3.75,"treat_none",0.86,0,0,5
"3arc","0",3.75,"treat_none",0.87,0,0,5
"3arc","0",3.75,"treat_none",0.88,0,0,5
"3arc","0",3.75,"treat_none",0.89,0,0,5
"3arc","0",3.75,"treat_none",0.9,0,0,5
"3arc","0",3.75,"treat_none",0.91,0,0,5
"3arc","0",3.75,"treat_none",0.92,0,0,5
"3arc","0",3.75,"treat_none",0.93,0,0,5
"3arc","0",3.75,"treat_none",0.94,0,0,5
"3arc","0",3.75,"treat_none",0.95,0,0,5
"3arc","0",3.75,"treat_none",0.96,0,0,5
"3arc","0",3.75,"treat_none",0.97,0,0,5
"3arc","0",3.75,"treat_none",0.98,0,0,5
"3arc","0",3.75,"treat_none",0.99,0,0,5
"3arc","0",4,"model",0.01,0.192811291961112,0.0209223076568011,3
"3arc","0",4,"model",0.02,0.186343116502222,0.0219681626553816,3
"3arc","0",4,"model",0.03,0.179891112751524,0.0225148495430058,3
"3arc","0",4,"model",0.04,0.174722510863404,0.0221601419478097,3
"3arc","0",4,"model",0.05,0.165425164318315,0.0276036888897614,3
"3arc","0",4,"model",0.06,0.161646018493581,0.0277202764900743,3
"3arc","0",4,"model",0.07,0.156702798448211,0.0268545838522181,3
"3arc","0",4,"model",0.08,0.153483203136765,0.0252705116190965,3
"3arc","0",4,"model",0.09,0.150176593039809,0.0248113392744976,3
"3arc","0",4,"model",0.1,0.149315220661811,0.023041901431836,3
"3arc","0",4,"model",0.11,0.146722846441948,0.0214962594942135,3
"3arc","0",4,"model",0.12,0.144106674624576,0.0223786449879642,3
"3arc","0",4,"model",0.13,0.143735463885288,0.0225398503235842,3
"3arc","0",4,"model",0.14,0.14364294951501,0.0262212334215586,3
"3arc","0",4,"model",0.15,0.145225149383388,0.0336569668604074,3
"3arc","0",4,"model",0.16,0.139405069288878,0.025261597965199,3
"3arc","0",4,"model",0.17,0.139110760062733,0.0279400749291145,3
"3arc","0",4,"model",0.18,0.14124608894398,0.0311412749488566,3
"3arc","0",4,"model",0.19,0.138804405461363,0.0327063858064675,3
"3arc","0",4,"model",0.2,0.144911518357579,0.0418576061730887,3
"3arc","0",4,"model",0.21,0.146851256854647,0.0455689816119116,3
"3arc","0",4,"model",0.22,0.14886971746267,0.0441461944328337,3
"3arc","0",4,"model",0.23,0.152846567753048,0.0420765818908672,3
"3arc","0",4,"model",0.24,0.157498980778983,0.0396956995743033,3
"3arc","0",4,"model",0.25,0.15704651846254,0.0440359553093696,3
"3arc","0",4,"model",0.26,0.154148539716743,0.0419624568524959,3
"3arc","0",4,"model",0.27,0.155716421792546,0.0381391363632942,3
"3arc","0",4,"model",0.28,0.15625336748046,0.0417433761106611,3
"3arc","0",4,"model",0.29,0.149938365313741,0.0356573134126557,3
"3arc","0",4,"model",0.3,0.148560205302601,0.0366523690984959,3
"3arc","0",4,"model",0.31,0.154993241461013,0.032071158635816,3
"3arc","0",4,"model",0.32,0.153905870869035,0.0328443711046424,3
"3arc","0",4,"model",0.33,0.157288714654575,0.0345091490318661,3
"3arc","0",4,"model",0.34,0.156341685320998,0.0353720708385057,3
"3arc","0",4,"model",0.35,0.157637506237072,0.0359651299959833,3
"3arc","0",4,"model",0.36,0.161419760375339,0.0302143174316378,3
"3arc","0",4,"model",0.37,0.160692456443921,0.0308561695851711,3
"3arc","0",4,"model",0.38,0.15994169109536,0.0315189593277808,3
"3arc","0",4,"model",0.39,0.15916631048947,0.0322037126797706,3
"3arc","0",4,"model",0.4,0.159701230136239,0.029911653025492,3
"3arc","0",4,"model",0.41,0.16204038005638,0.0277189171217218,3
"3arc","0",4,"model",0.42,0.16155025288225,0.028142999579561,3
"3arc","0",4,"model",0.43,0.161042928263413,0.0285819747976266,3
"3arc","0",4,"model",0.44,0.16051748490819,0.0290366406766507,3
"3arc","0",4,"model",0.45,0.1558062678552,0.0338657678251616,3
"3arc","0",4,"model",0.46,0.155241548936051,0.0343428542295397,3
"3arc","0",4,"model",0.47,0.154655519869009,0.0348382958727115,3
"3arc","0",4,"model",0.48,0.15789310506862,0.0313250153771409,3
"3arc","0",4,"model",0.49,0.15741778511266,0.031726808865983,3
"3arc","0",4,"model",0.5,0.156923452358461,0.0321468651901931,3
"3arc","0",4,"model",0.51,0.156408942757152,0.0325863475311794,3
"3arc","0",4,"model",0.52,0.150897870877679,0.0244299519241827,3
"3arc","0",4,"model",0.53,0.150339117099662,0.0249115876042153,3
"3arc","0",4,"model",0.54,0.149756069679122,0.025417640137496,3
"3arc","0",4,"model",0.55,0.149147109039892,0.0259497522234244,3
"3arc","0",4,"model",0.56,0.148510468371606,0.026509714471718,3
"3arc","0",4,"model",0.57,0.147844216509446,0.0270994825725446,3
"3arc","0",4,"model",0.58,0.147146238368135,0.027721196922413,3
"3arc","0",4,"model",0.59,0.146414212512614,0.0283772051252283,3
"3arc","0",4,"model",0.6,0.145645585364318,0.0290700878717836,3
"3arc","0",4,"model",0.61,0.144837541439185,0.029802688804177,3
"3arc","0",4,"model",0.62,0.143986968886414,0.0305781490993145,3
"3arc","0",4,"model",0.63,0.143090419438899,0.0313999476643736,3
"3arc","0",4,"model",0.64,0.142144061688743,0.0322719480355023,3
"3arc","0",4,"model",0.65,0.141143626352865,0.0331984533204437,3
"3arc","0",4,"model",0.66,0.140084341879582,0.0341842708412095,3
"3arc","0",4,"model",0.67,0.138960858347312,0.035234788534389,3
"3arc","0",4,"model",0.68,0.146733401820014,0.0289218288854185,3
"3arc","0",4,"model",0.69,0.145888031260602,0.02963010558253,3
"3arc","0",4,"model",0.7,0.144986302663896,0.030386848407388,3
"3arc","0",4,"model",0.71,0.154352663787132,0.0311344645105098,3
"3arc","0",4,"model",0.72,0.153839527498133,0.0319993211767828,3
"3arc","0",4,"model",0.73,0.153288381113653,0.032929660283486,3
"3arc","0",4,"model",0.74,0.148475429570744,0.0324763015072505,3
"3arc","0",4,"model",0.75,0.147834403929718,0.0334877320038309,3
"3arc","0",4,"model",0.76,0.147139959485274,0.0345902919262025,3
"3arc","0",4,"model",0.77,0.1463851285674,0.0357960505525479,3
"3arc","0",4,"model",0.78,0.145561676656991,0.0371192733355449,3
"3arc","0",4,"model",0.79,0.144659800755115,0.0385769444535592,3
"3arc","0",4,"model",0.8,0.135228918697651,0.0402548492090267,3
"3arc","0",4,"model",0.81,0.129965760802914,0.0475373691175272,3
"3arc","0",4,"model",0.82,0.147728918697651,0.0277149496423784,3
"3arc","0",4,"model",0.83,0.147728918697651,0.0277149496423784,3
"3arc","0",4,"model",0.84,0.143509509414951,0.0330031463325607,3
"3arc","0",4,"model",0.85,0.143509509414951,0.0330031463325607,3
"3arc","0",4,"model",0.86,0.134367718370174,0.0264047007146571,3
"3arc","0",4,"model",0.87,0.134367718370174,0.0264047007146571,3
"3arc","0",4,"model",0.88,0.134367718370174,0.0264047007146571,3
"3arc","0",4,"model",0.89,0.130148309087474,0.0317710413456119,3
"3arc","0",4,"model",0.9,0.130148309087474,0.0317710413456119,3
"3arc","0",4,"model",0.91,0.130148309087474,0.0317710413456119,3
"3arc","0",4,"model",0.92,0.125928899804774,0.0377943170954071,3
"3arc","0",4,"model",0.93,0.121762233138107,0.038627774794844,3
"3arc","0",4,"model",0.94,0.121762233138107,0.038627774794844,3
"3arc","0",4,"model",0.95,0.112567699477297,0.036652229019665,3
"3arc","0",4,"model",0.96,0.0999622142452296,0.0493104208334136,3
"3arc","0",4,"model",0.97,0.0949870898671201,0.0420723056826666,3
"3arc","0",4,"model",0.98,0.0900119654890106,0.035456330656303,3
"3arc","0",4,"model",0.99,0.0808174318282008,0.0371703922841822,3
"3arc","0",4,"treat_all",0.01,0.19234141910318,0.0205594193637669,3
"3arc","0",4,"treat_all",0.02,0.184100005012396,0.0207692093572747,3
"3arc","0",4,"treat_all",0.03,0.175688664857885,0.020983324917659,3
"3arc","0",4,"treat_all",0.04,0.167102088450154,0.0212019012188846,3
"3arc","0",4,"treat_all",0.05,0.158334742012787,0.0214250791264518,3
"3arc","0",4,"treat_all",0.06,0.149380856289519,0.0216530055001374,3
"3arc","0",4,"treat_all",0.07,0.14023441388403,0.0218858335162679,3
"3arc","0",4,"treat_all",0.08,0.130889135774074,0.02212372301101,3
"3arc","0",4,"treat_all",0.09,0.121338466936427,0.0223668408462958,3
"3arc","0",4,"treat_all",0.1,0.111575561013498,0.0226153613001435,3
"3arc","0",4,"treat_all",0.11,0.101593263946234,0.0228694664832912,3
"3arc","0",4,"treat_all",0.12,0.0913840964910774,0.0231293467842377,3
"3arc","0",4,"treat_all",0.13,0.0809402355312047,0.0233952013449761,3
"3arc","0",4,"treat_all",0.14,0.0702534940838932,0.0236672385699176,3
"3arc","0",4,"treat_all",0.15,0.0593152998966448,0.0239456766707402,3
"3arc","0",4,"treat_all",0.16,0.048116672514462,0.0242307442501538,3
"3arc","0",4,"treat_all",0.17,0.0366481986893351,0.0245226809278665,3
"3arc","0",4,"treat_all",0.18,0.0249000059904245,0.0248217380123527,3
"3arc","0",4,"treat_all",0.19,0.0128617344594421,0.0251281792223817,3
"3arc","0",4,"treat_all",0.2,0.000522506140185156,0.0254422814626615,3
"3arc","0",4,"treat_all",0.21,-0.0121291077061416,0.0257643356583914,3
"3arc","0",4,"treat_all",0.22,-0.0251051219075024,0.0260946476540118,3
"3arc","0",4,"treat_all",0.23,-0.0384181754387687,0.026433539181986,3
"3arc","0",4,"treat_all",0.24,-0.0520815724840156,0.0267813489080647,3
"3arc","0",4,"treat_all",0.25,-0.0661093267838025,0.0271384335601722,3
"3arc","0",4,"treat_all",0.26,-0.0805162095781782,0.0275051691488232,3
"3arc","0",4,"treat_all",0.27,-0.0953178014902081,0.0278819522878482,3
"3arc","0",4,"treat_all",0.28,-0.110530548733128,0.0282692016251794,3
"3arc","0",4,"treat_all",0.29,-0.126171824067397,0.0286673593945481,3
"3arc","0",4,"treat_all",0.3,-0.142259992982646,0.0290768931001845,3
"3arc","0",4,"treat_all",0.31,-0.158814485634568,0.0294982973480133,3
"3arc","0",4,"treat_all",0.32,-0.175855875129194,0.0299320958384253,3
"3arc","0",4,"treat_all",0.33,-0.193405962817689,0.0303788435375062,3
"3arc","0",4,"treat_all",0.34,-0.21148787134523,0.0308391290456503,3
"3arc","0",4,"treat_all",0.35,-0.230126146289003,0.0313135771848141,3
"3arc","0",4,"treat_all",0.36,-0.249346867324769,0.0318028518283269,3
"3arc","0",4,"treat_all",0.37,-0.269177769980717,0.0323076590002051,3
"3arc","0",4,"treat_all",0.38,-0.289648379173955,0.0328287502744019,3
"3arc","0",4,"treat_all",0.39,-0.310790155881724,0.0333669265084085,3
"3arc","0",4,"treat_all",0.4,-0.332636658479753,0.0339230419502153,3
"3arc","0",4,"treat_all",0.41,-0.355223720487885,0.0344980087629308,3
"3arc","0",4,"treat_all",0.42,-0.378589646703193,0.0350928020174641,3
"3arc","0",4,"treat_all",0.43,-0.402775429978687,0.0357084652107529,3
"3arc","0",4,"treat_all",0.44,-0.427824991228307,0.0363461163752306,3
"3arc","0",4,"treat_all",0.45,-0.453785445614276,0.0370069548547803,3
"3arc","0",4,"treat_all",0.46,-0.480707398310837,0.0376922688335726,3
"3arc","0",4,"treat_all",0.47,-0.508645273750664,0.0384034437172248,3
"3arc","0",4,"treat_all",0.48,-0.537657682861254,0.0391419714810176,3
"3arc","0",4,"treat_all",0.49,-0.567807833505592,0.0399094611179003,3
"3arc","0",4,"treat_all",0.5,-0.599163990175704,0.0407076503402583,3
"3arc","0",4,"treat_all",0.51,-0.631799989975208,0.0415384187145493,3
"3arc","0",4,"treat_all",0.52,-0.665795823099692,0.0424038024377691,3
"3arc","0",4,"treat_all",0.53,-0.701238287420962,0.0433060110002748,3
"3arc","0",4,"treat_all",0.54,-0.738221728451852,0.0442474460220199,3
"3arc","0",4,"treat_all",0.55,-0.776848877973004,0.0452307226002871,3
"3arc","0",4,"treat_all",0.56,-0.817231807017845,0.0462586935684753,3
"3arc","0",4,"treat_all",0.57,-0.859493011832214,0.0473344771398353,3
"3arc","0",4,"treat_all",0.58,-0.903766654971076,0.0484614885003076,3
"3arc","0",4,"treat_all",0.59,-0.950199988019151,0.0496434760247052,3
"3arc","0",4,"treat_all",0.6,-0.998954987719629,0.0508845629253229,3
"3arc","0",4,"treat_all",0.61,-1.050210243815,0.0521892953080235,3
"3arc","0",4,"treat_all",0.62,-1.10416314496803,0.0535626978161294,3
"3arc","0",4,"treat_all",0.63,-1.16103241915636,0.0550103382976464,3
"3arc","0",4,"treat_all",0.64,-1.22106109746626,0.0565384032503588,3
"3arc","0",4,"treat_all",0.65,-1.28451998596529,0.058153786200369,3
"3arc","0",4,"treat_all",0.66,-1.35171175025839,0.0598641916768505,3
"3arc","0",4,"treat_all",0.67,-1.42297574269046,0.0616782580913004,3
"3arc","0",4,"treat_all",0.68,-1.49869373464954,0.0636057036566536,3
"3arc","0",4,"treat_all",0.69,-1.57929675834791,0.0656575005488038,3
"3arc","0",4,"treat_all",0.7,-1.66527331695951,0.0678460839004306,3
"3arc","0",4,"treat_all",0.71,-1.75717929340639,0.0701856040349282,3
"3arc","0",4,"treat_all",0.72,-1.85564998245661,0.0726922327504612,3
"3arc","0",4,"treat_all",0.73,-1.96141479662167,0.0753845376671451,3
"3arc","0",4,"treat_all",0.74,-2.07531536572251,0.0782839429620353,3
"3arc","0",4,"treat_all",0.75,-2.19832798035141,0.0814153006805167,3
"3arc","0",4,"treat_all",0.76,-2.33159164619938,0.0848076048755383,3
"3arc","0",4,"treat_all",0.77,-2.4764434569037,0.0884948920440399,3
"3arc","0",4,"treat_all",0.78,-2.63446361403569,0.0925173871369507,3
"3arc","0",4,"treat_all",0.79,-2.80753330994215,0.0969229770006151,3
"3arc","0",4,"treat_all",0.8,-2.99790997543926,0.101769125850646,3
"3arc","0",4,"treat_all",0.81,-3.20832628993606,0.107125395632259,3
"3arc","0",4,"treat_all",0.82,-3.44212219493251,0.113076806500718,3
"3arc","0",4,"treat_all",0.83,-3.70342350051678,0.119728383353701,3
"3arc","0",4,"treat_all",0.84,-3.99738746929908,0.127211407313307,3
"3arc","0",4,"treat_all",0.85,-4.33054663391901,0.135692167800861,3
"3arc","0",4,"treat_all",0.86,-4.71129996491323,0.145384465500923,3
"3arc","0",4,"treat_all",0.87,-5.15063073144501,0.156567885924071,3
"3arc","0",4,"treat_all",0.88,-5.66318329239877,0.169615209751077,3
"3arc","0",4,"treat_all",0.89,-6.26892722807138,0.185034774273901,3
"3arc","0",4,"treat_all",0.9,-6.99581995087852,0.203538251701292,3
"3arc","0",4,"treat_all",0.91,-7.88424438986502,0.226153613001436,3
"3arc","0",4,"treat_all",0.92,-8.99477493859815,0.254422814626615,3
"3arc","0",4,"treat_all",0.93,-10.4225999298265,0.290768931001846,3
"3arc","0",4,"treat_all",0.94,-12.3263665847975,0.339230419502154,3
"3arc","0",4,"treat_all",0.95,-14.9916399017571,0.407076503402585,3
"3arc","0",4,"treat_all",0.96,-18.9895498771963,0.508845629253231,3
"3arc","0",4,"treat_all",0.97,-25.652733169595,0.678460839004305,3
"3arc","0",4,"treat_all",0.98,-38.9790997543926,1.01769125850646,3
"3arc","0",4,"treat_all",0.99,-78.9581995087851,2.03538251701292,3
"3arc","0",4,"treat_none",0.01,0,0,3
"3arc","0",4,"treat_none",0.02,0,0,3
"3arc","0",4,"treat_none",0.03,0,0,3
"3arc","0",4,"treat_none",0.04,0,0,3
"3arc","0",4,"treat_none",0.05,0,0,3
"3arc","0",4,"treat_none",0.06,0,0,3
"3arc","0",4,"treat_none",0.07,0,0,3
"3arc","0",4,"treat_none",0.08,0,0,3
"3arc","0",4,"treat_none",0.09,0,0,3
"3arc","0",4,"treat_none",0.1,0,0,3
"3arc","0",4,"treat_none",0.11,0,0,3
"3arc","0",4,"treat_none",0.12,0,0,3
"3arc","0",4,"treat_none",0.13,0,0,3
"3arc","0",4,"treat_none",0.14,0,0,3
"3arc","0",4,"treat_none",0.15,0,0,3
"3arc","0",4,"treat_none",0.16,0,0,3
"3arc","0",4,"treat_none",0.17,0,0,3
"3arc","0",4,"treat_none",0.18,0,0,3
"3arc","0",4,"treat_none",0.19,0,0,3
"3arc","0",4,"treat_none",0.2,0,0,3
"3arc","0",4,"treat_none",0.21,0,0,3
"3arc","0",4,"treat_none",0.22,0,0,3
"3arc","0",4,"treat_none",0.23,0,0,3
"3arc","0",4,"treat_none",0.24,0,0,3
"3arc","0",4,"treat_none",0.25,0,0,3
"3arc","0",4,"treat_none",0.26,0,0,3
"3arc","0",4,"treat_none",0.27,0,0,3
"3arc","0",4,"treat_none",0.28,0,0,3
"3arc","0",4,"treat_none",0.29,0,0,3
"3arc","0",4,"treat_none",0.3,0,0,3
"3arc","0",4,"treat_none",0.31,0,0,3
"3arc","0",4,"treat_none",0.32,0,0,3
"3arc","0",4,"treat_none",0.33,0,0,3
"3arc","0",4,"treat_none",0.34,0,0,3
"3arc","0",4,"treat_none",0.35,0,0,3
"3arc","0",4,"treat_none",0.36,0,0,3
"3arc","0",4,"treat_none",0.37,0,0,3
"3arc","0",4,"treat_none",0.38,0,0,3
"3arc","0",4,"treat_none",0.39,0,0,3
"3arc","0",4,"treat_none",0.4,0,0,3
"3arc","0",4,"treat_none",0.41,0,0,3
"3arc","0",4,"treat_none",0.42,0,0,3
"3arc","0",4,"treat_none",0.43,0,0,3
"3arc","0",4,"treat_none",0.44,0,0,3
"3arc","0",4,"treat_none",0.45,0,0,3
"3arc","0",4,"treat_none",0.46,0,0,3
"3arc","0",4,"treat_none",0.47,0,0,3
"3arc","0",4,"treat_none",0.48,0,0,3
"3arc","0",4,"treat_none",0.49,0,0,3
"3arc","0",4,"treat_none",0.5,0,0,3
"3arc","0",4,"treat_none",0.51,0,0,3
"3arc","0",4,"treat_none",0.52,0,0,3
"3arc","0",4,"treat_none",0.53,0,0,3
"3arc","0",4,"treat_none",0.54,0,0,3
"3arc","0",4,"treat_none",0.55,0,0,3
"3arc","0",4,"treat_none",0.56,0,0,3
"3arc","0",4,"treat_none",0.57,0,0,3
"3arc","0",4,"treat_none",0.58,0,0,3
"3arc","0",4,"treat_none",0.59,0,0,3
"3arc","0",4,"treat_none",0.6,0,0,3
"3arc","0",4,"treat_none",0.61,0,0,3
"3arc","0",4,"treat_none",0.62,0,0,3
"3arc","0",4,"treat_none",0.63,0,0,3
"3arc","0",4,"treat_none",0.64,0,0,3
"3arc","0",4,"treat_none",0.65,0,0,3
"3arc","0",4,"treat_none",0.66,0,0,3
"3arc","0",4,"treat_none",0.67,0,0,3
"3arc","0",4,"treat_none",0.68,0,0,3
"3arc","0",4,"treat_none",0.69,0,0,3
"3arc","0",4,"treat_none",0.7,0,0,3
"3arc","0",4,"treat_none",0.71,0,0,3
"3arc","0",4,"treat_none",0.72,0,0,3
"3arc","0",4,"treat_none",0.73,0,0,3
"3arc","0",4,"treat_none",0.74,0,0,3
"3arc","0",4,"treat_none",0.75,0,0,3
"3arc","0",4,"treat_none",0.76,0,0,3
"3arc","0",4,"treat_none",0.77,0,0,3
"3arc","0",4,"treat_none",0.78,0,0,3
"3arc","0",4,"treat_none",0.79,0,0,3
"3arc","0",4,"treat_none",0.8,0,0,3
"3arc","0",4,"treat_none",0.81,0,0,3
"3arc","0",4,"treat_none",0.82,0,0,3
"3arc","0",4,"treat_none",0.83,0,0,3
"3arc","0",4,"treat_none",0.84,0,0,3
"3arc","0",4,"treat_none",0.85,0,0,3
"3arc","0",4,"treat_none",0.86,0,0,3
"3arc","0",4,"treat_none",0.87,0,0,3
"3arc","0",4,"treat_none",0.88,0,0,3
"3arc","0",4,"treat_none",0.89,0,0,3
"3arc","0",4,"treat_none",0.9,0,0,3
"3arc","0",4,"treat_none",0.91,0,0,3
"3arc","0",4,"treat_none",0.92,0,0,3
"3arc","0",4,"treat_none",0.93,0,0,3
"3arc","0",4,"treat_none",0.94,0,0,3
"3arc","0",4,"treat_none",0.95,0,0,3
"3arc","0",4,"treat_none",0.96,0,0,3
"3arc","0",4,"treat_none",0.97,0,0,3
"3arc","0",4,"treat_none",0.98,0,0,3
"3arc","0",4,"treat_none",0.99,0,0,3
"1-3arc","1",1,"model",0.01,0.242793462517188,0.0453015992351292,13
"1-3arc","1",1,"model",0.02,0.194183558734496,0.0464007475291343,13
"1-3arc","1",1,"model",0.03,0.16324608281521,0.0377116002563304,13
"1-3arc","1",1,"model",0.04,0.143744798842791,0.0340286765749026,13
"1-3arc","1",1,"model",0.05,0.126785240589888,0.0336597818554194,13
"1-3arc","1",1,"model",0.06,0.119818228864524,0.0327726892050026,13
"1-3arc","1",1,"model",0.07,0.115409253618865,0.0331065757610015,13
"1-3arc","1",1,"model",0.08,0.106832647755761,0.0236729344542023,13
"1-3arc","1",1,"model",0.09,0.101208437117647,0.0200720843629542,13
"1-3arc","1",1,"model",0.1,0.0985845648137978,0.0176043244109206,13
"1-3arc","1",1,"model",0.11,0.0971627267991742,0.0171730653099011,13
"1-3arc","1",1,"model",0.12,0.0960436597665207,0.014905267377317,13
"1-3arc","1",1,"model",0.13,0.0944696690041289,0.0131197313898547,13
"1-3arc","1",1,"model",0.14,0.0925248898687469,0.0104146790550087,13
"1-3arc","1",1,"model",0.15,0.0911484072311321,0.00758271099562836,13
"1-3arc","1",1,"model",0.16,0.0898348387074661,0.00633312618776024,13
"1-3arc","1",1,"model",0.17,0.0892794540698957,0.00680091208502722,13
"1-3arc","1",1,"model",0.18,0.0895891512675744,0.00690667740102631,13
"1-3arc","1",1,"model",0.19,0.0887526772609351,0.00799788417518148,13
"1-3arc","1",1,"model",0.2,0.0878309339066538,0.00824886912838449,13
"1-3arc","1",1,"model",0.21,0.0878329325330889,0.00701852805954767,13
"1-3arc","1",1,"model",0.22,0.0864961021176539,0.00751132556142833,13
"1-3arc","1",1,"model",0.23,0.0858901281198482,0.00860388966091173,13
"1-3arc","1",1,"model",0.24,0.0865382874922936,0.00889454497702454,13
"1-3arc","1",1,"model",0.25,0.0862729280524114,0.00886503919676241,13
"1-3arc","1",1,"model",0.26,0.0868547296270299,0.00990944006580353,13
"1-3arc","1",1,"model",0.27,0.0873285239937638,0.0107337140607601,13
"1-3arc","1",1,"model",0.28,0.0872642979915515,0.0111295348491445,13
"1-3arc","1",1,"model",0.29,0.0864238607523823,0.0117378486172084,13
"1-3arc","1",1,"model",0.3,0.0864430797729247,0.0120813894382361,13
"1-3arc","1",1,"model",0.31,0.0859598825125292,0.0129111538759764,13
"1-3arc","1",1,"model",0.32,0.085824546263848,0.0120831077340243,13
"1-3arc","1",1,"model",0.33,0.0852128270806792,0.0109172857476961,13
"1-3arc","1",1,"model",0.34,0.0854913715487909,0.0100780408959871,13
"1-3arc","1",1,"model",0.35,0.0842574198841688,0.0101163301960802,13
"1-3arc","1",1,"model",0.36,0.0842192919841394,0.00871827062478569,13
"1-3arc","1",1,"model",0.37,0.0844258583299777,0.00880893403810837,13
"1-3arc","1",1,"model",0.38,0.0832807923646413,0.00933746177481854,13
"1-3arc","1",1,"model",0.39,0.0828319939333124,0.008655374660337,13
"1-3arc","1",1,"model",0.4,0.0821683337251323,0.00935670695527384,13
"1-3arc","1",1,"model",0.41,0.0817560914310108,0.0102418188855943,13
"1-3arc","1",1,"model",0.42,0.082229232825469,0.0102521249690754,13
"1-3arc","1",1,"model",0.43,0.0825898842044625,0.00956414848674642,13
"1-3arc","1",1,"model",0.44,0.0822422100441575,0.00875544455482317,13
"1-3arc","1",1,"model",0.45,0.0807340283011588,0.00927295323307909,13
"1-3arc","1",1,"model",0.46,0.0804929703799057,0.0102620569635659,13
"1-3arc","1",1,"model",0.47,0.0807332398421701,0.00978353117893388,13
"1-3arc","1",1,"model",0.48,0.0809115655065636,0.00863531096033941,13
"1-3arc","1",1,"model",0.49,0.0796520606569629,0.00834209877361562,13
"1-3arc","1",1,"model",0.5,0.0793743931215509,0.00829601198806977,13
"1-3arc","1",1,"model",0.51,0.0792393752540813,0.00832154248762626,13
"1-3arc","1",1,"model",0.52,0.0787683772683246,0.0087821809372176,13
"1-3arc","1",1,"model",0.53,0.0781361277356654,0.00868332328122474,13
"1-3arc","1",1,"model",0.54,0.0782381656417736,0.00889838349573157,13
"1-3arc","1",1,"model",0.55,0.0788973239461026,0.00894326939377606,13
"1-3arc","1",1,"model",0.56,0.0788712500945254,0.00896446792081166,13
"1-3arc","1",1,"model",0.57,0.0783134595268857,0.00937357993657225,13
"1-3arc","1",1,"model",0.58,0.0778808685585525,0.00943679877073215,13
"1-3arc","1",1,"model",0.59,0.0768031239840167,0.00949126925806429,13
"1-3arc","1",1,"model",0.6,0.0756709228518156,0.00715835339693952,13
"1-3arc","1",1,"model",0.61,0.075121472302365,0.00657345310907302,13
"1-3arc","1",1,"model",0.62,0.075121472302365,0.00657345310907302,13
"1-3arc","1",1,"model",0.63,0.0735761598973241,0.00649782468131066,13
"1-3arc","1",1,"model",0.64,0.0720053186758455,0.00740743291118805,13
"1-3arc","1",1,"model",0.65,0.0715419266461884,0.00796397465254042,13
"1-3arc","1",1,"model",0.66,0.0704429138022091,0.00601146193267053,13
"1-3arc","1",1,"model",0.67,0.0693961475622006,0.00637042109582181,13
"1-3arc","1",1,"model",0.68,0.0688346652488934,0.00701321593612312,13
"1-3arc","1",1,"model",0.69,0.0688346652488934,0.00701321593612312,13
"1-3arc","1",1,"model",0.7,0.0682519146661428,0.00594083965548862,13
"1-3arc","1",1,"model",0.71,0.0660591288195108,0.00558499028154502,13
"1-3arc","1",1,"model",0.72,0.0639260607381669,0.00592576249476095,13
"1-3arc","1",1,"model",0.73,0.0634097984769382,0.00591721859058783,13
"1-3arc","1",1,"model",0.74,0.0618021735512234,0.00690785382630053,13
"1-3arc","1",1,"model",0.75,0.0596527104118274,0.00733623272547243,13
"1-3arc","1",1,"model",0.76,0.0591329598920768,0.00695837703856363,13
"1-3arc","1",1,"model",0.77,0.0553477857468621,0.00484037206048199,13
"1-3arc","1",1,"model",0.78,0.0553477857468621,0.00484037206048199,13
"1-3arc","1",1,"model",0.79,0.0538518691947476,0.00537311826934694,13
"1-3arc","1",1,"model",0.8,0.0538518691947476,0.00537311826934694,13
"1-3arc","1",1,"model",0.81,0.0517553834444157,0.00364353307975399,13
"1-3arc","1",1,"model",0.82,0.0506717448607771,0.00418320762096273,13
"1-3arc","1",1,"model",0.83,0.0500889942780266,0.00435155439531157,13
"1-3arc","1",1,"model",0.84,0.0495584902992467,0.00496776949900924,13
"1-3arc","1",1,"model",0.85,0.04850804000383,0.00593603956501317,13
"1-3arc","1",1,"model",0.86,0.0468707104608295,0.00653635460756639,13
"1-3arc","1",1,"model",0.87,0.0458651800435344,0.00546142107185698,13
"1-3arc","1",1,"model",0.88,0.0438096785229552,0.00601435325084506,13
"1-3arc","1",1,"model",0.89,0.0422412005036284,0.00495322025177275,13
"1-3arc","1",1,"model",0.9,0.0401333233957512,0.00507330461623291,13
"1-3arc","1",1,"model",0.91,0.0389678222302501,0.00547358190364319,13
"1-3arc","1",1,"model",0.92,0.0373910869996687,0.00563459708915963,13
"1-3arc","1",1,"model",0.93,0.0347676741684726,0.00513817281603812,13
"1-3arc","1",1,"model",0.94,0.0325244284284356,0.00635246583909514,13
"1-3arc","1",1,"model",0.95,0.0284845368994942,0.00588032230818696,13
"1-3arc","1",1,"model",0.96,0.0249014126060138,0.00479402061282318,13
"1-3arc","1",1,"model",0.97,0.021140148740055,0.00460440571384099,13
"1-3arc","1",1,"model",0.98,0.0195204449144688,0.00568049029873009,13
"1-3arc","1",1,"model",0.99,0.0148751864476129,0.00570340049284924,13
"1-3arc","1",1,"treat_all",0.01,0.48380389212503,0.0318357899824392,13
"1-3arc","1",1,"treat_all",0.02,0.478536584901816,0.03216064498226,13
"1-3arc","1",1,"treat_all",0.03,0.473160673405958,0.0324921980233142,13
"1-3arc","1",1,"treat_all",0.04,0.467672763753937,0.0328306584193904,13
"1-3arc","1",1,"treat_all",0.05,0.462069319161873,0.0331762442974892,13
"1-3arc","1",1,"treat_all",0.06,0.456346652344446,0.0335291830666115,13
"1-3arc","1",1,"treat_all",0.07,0.450500917423419,0.0338897119167901,13
"1-3arc","1",1,"treat_all",0.08,0.444528101308456,0.0342580783506682,13
"1-3arc","1",1,"treat_all",0.09,0.438424014509648,0.0346345407501262,13
"1-3arc","1",1,"treat_all",0.1,0.432184281337533,0.0350193689806831,13
"1-3arc","1",1,"treat_all",0.11,0.425804329442449,0.0354128450366458,13
"1-3arc","1",1,"treat_all",0.12,0.419279378640659,0.0358152637302441,13
"1-3arc","1",1,"treat_all",0.13,0.412604428969862,0.0362269334282929,13
"1-3arc","1",1,"treat_all",0.14,0.405774247911372,0.0366481768402498,13
"1-3arc","1",1,"treat_all",0.15,0.398783356710329,0.0370793318618998,13
"1-3arc","1",1,"treat_all",0.16,0.391626015718785,0.0375207524793033,13
"1-3arc","1",1,"treat_all",0.17,0.384296208679253,0.0379728097380901,13
"1-3arc","1",1,"treat_all",0.18,0.376787625858268,0.0384358927836766,13
"1-3arc","1",1,"treat_all",0.19,0.369093645930592,0.0389104099785368,13
"1-3arc","1",1,"treat_all",0.2,0.361207316504724,0.0393967901032685,13
"1-3arc","1",1,"treat_all",0.21,0.353121333169341,0.0398954836488795,13
"1-3arc","1",1,"treat_all",0.22,0.344828016927923,0.0404069642084805,13
"1-3arc","1",1,"treat_all",0.23,0.336319289875038,0.0409317299774218,13
"1-3arc","1",1,"treat_all",0.24,0.327586648952342,0.0414703053718616,13
"1-3arc","1",1,"treat_all",0.25,0.31862113760504,0.0420232427768197,13
"1-3arc","1",1,"treat_all",0.26,0.309413315140243,0.042591124435966,13
"1-3arc","1",1,"treat_all",0.27,0.299953223566821,0.0431745644967326,13
"1-3arc","1",1,"treat_all",0.28,0.290230351671916,0.0437742112258539,13
"1-3arc","1",1,"treat_all",0.29,0.280233596061661,0.0443907494121335,13
"1-3arc","1",1,"treat_all",0.3,0.269951218862542,0.045024902975164,13
"1-3arc","1",1,"treat_all",0.31,0.259370801744608,0.045677437800891,13
"1-3arc","1",1,"treat_all",0.32,0.248479195887911,0.0463491648273747,13
"1-3arc","1",1,"treat_all",0.33,0.237262467468328,0.0470409434068878,13
"1-3arc","1",1,"treat_all",0.34,0.225705838187545,0.0477536849736588,13
"1-3arc","1",1,"treat_all",0.35,0.213793620313507,0.0484883570501766,13
"1-3arc","1",1,"treat_all",0.36,0.201509145630906,0.0492459876290856,13
"1-3arc","1",1,"treat_all",0.37,0.188834687625047,0.0500276699724044,13
"1-3arc","1",1,"treat_all",0.38,0.175751376135128,0.0508345678751852,13
"1-3arc","1",1,"treat_all",0.39,0.162239103612753,0.0516679214469095,13
"1-3arc","1",1,"treat_all",0.4,0.148276422006299,0.0525290534710247,13
"1-3arc","1",1,"treat_all",0.41,0.133840429158948,0.0534193764112115,13
"1-3arc","1",1,"treat_all",0.42,0.118906643454792,0.0543404001424393,13
"1-3arc","1",1,"treat_all",0.43,0.103448865269789,0.0552937404958154,13
"1-3arc","1",1,"treat_all",0.44,0.0874390235781779,0.056281128718955,13
"1-3arc","1",1,"treat_all",0.45,0.0708470058250538,0.0573044219683905,13
"1-3arc","1",1,"treat_all",0.46,0.0536404688958882,0.0583656149678052,13
"1-3arc","1",1,"treat_all",0.47,0.0357846286863766,0.0594668529860657,13
"1-3arc","1",1,"treat_all",0.48,0.0172420253918838,0.0606104463127208,13
"1-3arc","1",1,"treat_all",0.49,-0.00202773881611838,0.0617988864364996,13
"1-3arc","1",1,"treat_all",0.5,-0.0220682935924408,0.0630348641652296,13
"1-3arc","1",1,"treat_all",0.51,-0.0429268301963682,0.06432128996452,13
"1-3arc","1",1,"treat_all",0.52,-0.0646544724921259,0.0656613168387808,13
"1-3arc","1",1,"treat_all",0.53,-0.0873066953111073,0.067058366133223,13
"1-3arc","1",1,"treat_all",0.54,-0.110943797383088,0.0685161567013365,13
"1-3arc","1",1,"treat_all",0.55,-0.135631437324934,0.0700387379613662,13
"1-3arc","1",1,"treat_all",0.56,-0.161441242718683,0.0716305274604882,13
"1-3arc","1",1,"treat_all",0.57,-0.188451504177257,0.0732963536804995,13
"1-3arc","1",1,"treat_all",0.58,-0.21674796856243,0.0750415049586067,13
"1-3arc","1",1,"treat_all",0.59,-0.246424748283464,0.0768717855673531,13
"1-3arc","1",1,"treat_all",0.6,-0.277585366990551,0.078793580206537,13
"1-3arc","1",1,"treat_all",0.61,-0.310343966144155,0.080813928416961,13
"1-3arc","1",1,"treat_all",0.62,-0.344826702095317,0.0829406107437232,13
"1-3arc","1",1,"treat_all",0.63,-0.381173369719515,0.0851822488719319,13
"1-3arc","1",1,"treat_all",0.64,-0.419539296656168,0.0875484224517078,13
"1-3arc","1",1,"treat_all",0.65,-0.460097562274916,0.090049805950328,13
"1-3arc","1",1,"treat_all",0.66,-0.503041608224178,0.0926983296547494,13
"1-3arc","1",1,"treat_all",0.67,-0.548588323624911,0.0955073699473176,13
"1-3arc","1",1,"treat_all",0.68,-0.596981708738189,0.0984919752581713,13
"1-3arc","1",1,"treat_all",0.69,-0.648497247729744,0.10166913575037,13
"1-3arc","1",1,"treat_all",0.7,-0.703447155987402,0.105058106942049,13
"1-3arc","1",1,"treat_all",0.71,-0.762186713090416,0.108680800284879,13
"1-3arc","1",1,"treat_all",0.72,-0.825121952843644,0.11256225743791,13
"1-3arc","1",1,"treat_all",0.73,-0.892719062208224,0.11673122993561,13
"1-3arc","1",1,"treat_all",0.74,-0.965515949216232,0.121220892625442,13
"1-3arc","1",1,"treat_all",0.75,-1.04413658718488,0.126069728330459,13
"1-3arc","1",1,"treat_all",0.76,-1.12930894498425,0.131322633677562,13
"1-3arc","1",1,"treat_all",0.77,-1.22188759476618,0.137032313402673,13
"1-3arc","1",1,"treat_all",0.78,-1.32288248543737,0.143261054920976,13
"1-3arc","1",1,"treat_all",0.79,-1.43349593712486,0.150083009917213,13
"1-3arc","1",1,"treat_all",0.8,-1.5551707339811,0.157587160413074,13
"1-3arc","1",1,"treat_all",0.81,-1.68965340419063,0.165881221487446,13
"1-3arc","1",1,"treat_all",0.82,-1.83907859331234,0.175096844903416,13
"1-3arc","1",1,"treat_all",0.83,-2.00608321644836,0.185396659309499,13
"1-3arc","1",1,"treat_all",0.84,-2.19396341747638,0.196983950516343,13
"1-3arc","1",1,"treat_all",0.85,-2.4068943119748,0.210116213884099,13
"1-3arc","1",1,"treat_all",0.86,-2.65024390568729,0.22512451487582,13
"1-3arc","1",1,"treat_all",0.87,-2.93103189843246,0.242441785250883,13
"1-3arc","1",1,"treat_all",0.88,-3.2586178899685,0.262645267355123,13
"1-3arc","1",1,"treat_all",0.89,-3.64576497087473,0.286522109841953,13
"1-3arc","1",1,"treat_all",0.9,-4.11034146796221,0.315174320826148,13
"1-3arc","1",1,"treat_all",0.91,-4.67815718662467,0.350193689806831,13
"1-3arc","1",1,"treat_all",0.92,-5.38792683495276,0.393967901032685,13
"1-3arc","1",1,"treat_all",0.93,-6.30048781137458,0.45024902975164,13
"1-3arc","1",1,"treat_all",0.94,-7.51723577993701,0.525290534710248,13
"1-3arc","1",1,"treat_all",0.95,-9.22068293592442,0.630348641652297,13
"1-3arc","1",1,"treat_all",0.96,-11.7758536699055,0.787935802065371,13
"1-3arc","1",1,"treat_all",0.97,-16.034471559874,1.05058106942049,13
"1-3arc","1",1,"treat_all",0.98,-24.551707339811,1.57587160413074,13
"1-3arc","1",1,"treat_all",0.99,-50.103414679622,3.15174320826148,13
"1-3arc","1",1,"treat_none",0.01,0,0,13
"1-3arc","1",1,"treat_none",0.02,0,0,13
"1-3arc","1",1,"treat_none",0.03,0,0,13
"1-3arc","1",1,"treat_none",0.04,0,0,13
"1-3arc","1",1,"treat_none",0.05,0,0,13
"1-3arc","1",1,"treat_none",0.06,0,0,13
"1-3arc","1",1,"treat_none",0.07,0,0,13
"1-3arc","1",1,"treat_none",0.08,0,0,13
"1-3arc","1",1,"treat_none",0.09,0,0,13
"1-3arc","1",1,"treat_none",0.1,0,0,13
"1-3arc","1",1,"treat_none",0.11,0,0,13
"1-3arc","1",1,"treat_none",0.12,0,0,13
"1-3arc","1",1,"treat_none",0.13,0,0,13
"1-3arc","1",1,"treat_none",0.14,0,0,13
"1-3arc","1",1,"treat_none",0.15,0,0,13
"1-3arc","1",1,"treat_none",0.16,0,0,13
"1-3arc","1",1,"treat_none",0.17,0,0,13
"1-3arc","1",1,"treat_none",0.18,0,0,13
"1-3arc","1",1,"treat_none",0.19,0,0,13
"1-3arc","1",1,"treat_none",0.2,0,0,13
"1-3arc","1",1,"treat_none",0.21,0,0,13
"1-3arc","1",1,"treat_none",0.22,0,0,13
"1-3arc","1",1,"treat_none",0.23,0,0,13
"1-3arc","1",1,"treat_none",0.24,0,0,13
"1-3arc","1",1,"treat_none",0.25,0,0,13
"1-3arc","1",1,"treat_none",0.26,0,0,13
"1-3arc","1",1,"treat_none",0.27,0,0,13
"1-3arc","1",1,"treat_none",0.28,0,0,13
"1-3arc","1",1,"treat_none",0.29,0,0,13
"1-3arc","1",1,"treat_none",0.3,0,0,13
"1-3arc","1",1,"treat_none",0.31,0,0,13
"1-3arc","1",1,"treat_none",0.32,0,0,13
"1-3arc","1",1,"treat_none",0.33,0,0,13
"1-3arc","1",1,"treat_none",0.34,0,0,13
"1-3arc","1",1,"treat_none",0.35,0,0,13
"1-3arc","1",1,"treat_none",0.36,0,0,13
"1-3arc","1",1,"treat_none",0.37,0,0,13
"1-3arc","1",1,"treat_none",0.38,0,0,13
"1-3arc","1",1,"treat_none",0.39,0,0,13
"1-3arc","1",1,"treat_none",0.4,0,0,13
"1-3arc","1",1,"treat_none",0.41,0,0,13
"1-3arc","1",1,"treat_none",0.42,0,0,13
"1-3arc","1",1,"treat_none",0.43,0,0,13
"1-3arc","1",1,"treat_none",0.44,0,0,13
"1-3arc","1",1,"treat_none",0.45,0,0,13
"1-3arc","1",1,"treat_none",0.46,0,0,13
"1-3arc","1",1,"treat_none",0.47,0,0,13
"1-3arc","1",1,"treat_none",0.48,0,0,13
"1-3arc","1",1,"treat_none",0.49,0,0,13
"1-3arc","1",1,"treat_none",0.5,0,0,13
"1-3arc","1",1,"treat_none",0.51,0,0,13
"1-3arc","1",1,"treat_none",0.52,0,0,13
"1-3arc","1",1,"treat_none",0.53,0,0,13
"1-3arc","1",1,"treat_none",0.54,0,0,13
"1-3arc","1",1,"treat_none",0.55,0,0,13
"1-3arc","1",1,"treat_none",0.56,0,0,13
"1-3arc","1",1,"treat_none",0.57,0,0,13
"1-3arc","1",1,"treat_none",0.58,0,0,13
"1-3arc","1",1,"treat_none",0.59,0,0,13
"1-3arc","1",1,"treat_none",0.6,0,0,13
"1-3arc","1",1,"treat_none",0.61,0,0,13
"1-3arc","1",1,"treat_none",0.62,0,0,13
"1-3arc","1",1,"treat_none",0.63,0,0,13
"1-3arc","1",1,"treat_none",0.64,0,0,13
"1-3arc","1",1,"treat_none",0.65,0,0,13
"1-3arc","1",1,"treat_none",0.66,0,0,13
"1-3arc","1",1,"treat_none",0.67,0,0,13
"1-3arc","1",1,"treat_none",0.68,0,0,13
"1-3arc","1",1,"treat_none",0.69,0,0,13
"1-3arc","1",1,"treat_none",0.7,0,0,13
"1-3arc","1",1,"treat_none",0.71,0,0,13
"1-3arc","1",1,"treat_none",0.72,0,0,13
"1-3arc","1",1,"treat_none",0.73,0,0,13
"1-3arc","1",1,"treat_none",0.74,0,0,13
"1-3arc","1",1,"treat_none",0.75,0,0,13
"1-3arc","1",1,"treat_none",0.76,0,0,13
"1-3arc","1",1,"treat_none",0.77,0,0,13
"1-3arc","1",1,"treat_none",0.78,0,0,13
"1-3arc","1",1,"treat_none",0.79,0,0,13
"1-3arc","1",1,"treat_none",0.8,0,0,13
"1-3arc","1",1,"treat_none",0.81,0,0,13
"1-3arc","1",1,"treat_none",0.82,0,0,13
"1-3arc","1",1,"treat_none",0.83,0,0,13
"1-3arc","1",1,"treat_none",0.84,0,0,13
"1-3arc","1",1,"treat_none",0.85,0,0,13
"1-3arc","1",1,"treat_none",0.86,0,0,13
"1-3arc","1",1,"treat_none",0.87,0,0,13
"1-3arc","1",1,"treat_none",0.88,0,0,13
"1-3arc","1",1,"treat_none",0.89,0,0,13
"1-3arc","1",1,"treat_none",0.9,0,0,13
"1-3arc","1",1,"treat_none",0.91,0,0,13
"1-3arc","1",1,"treat_none",0.92,0,0,13
"1-3arc","1",1,"treat_none",0.93,0,0,13
"1-3arc","1",1,"treat_none",0.94,0,0,13
"1-3arc","1",1,"treat_none",0.95,0,0,13
"1-3arc","1",1,"treat_none",0.96,0,0,13
"1-3arc","1",1,"treat_none",0.97,0,0,13
"1-3arc","1",1,"treat_none",0.98,0,0,13
"1-3arc","1",1,"treat_none",0.99,0,0,13
"1-3arc","1",2,"model",0.01,0.144064364198429,0.00442954168097154,3
"1-3arc","1",2,"model",0.02,0.112871453604651,0.013862797417912,3
"1-3arc","1",2,"model",0.03,0.0967592669332187,0.0233502306306785,3
"1-3arc","1",2,"model",0.04,0.0777694048497027,0.016549166277737,3
"1-3arc","1",2,"model",0.05,0.0706475630129444,0.00672985825595674,3
"1-3arc","1",2,"model",0.06,0.0653147866087695,0.0074673404720593,3
"1-3arc","1",2,"model",0.07,0.0646861290585317,0.00734427464642104,3
"1-3arc","1",2,"model",0.08,0.0645434580117575,0.00796126251810874,3
"1-3arc","1",2,"model",0.09,0.0629712573247848,0.00567609235324982,3
"1-3arc","1",2,"model",0.1,0.0626862091223807,0.00533231252344385,3
"1-3arc","1",2,"model",0.11,0.0622279899420092,0.00597773026829268,3
"1-3arc","1",2,"model",0.12,0.0625587354687593,0.00645735140758635,3
"1-3arc","1",2,"model",0.13,0.061066077274583,0.00701257589852272,3
"1-3arc","1",2,"model",0.14,0.0616229820713724,0.00657219875381688,3
"1-3arc","1",2,"model",0.15,0.060781756515911,0.00457792161919332,3
"1-3arc","1",2,"model",0.16,0.0611934991485659,0.00289267979135914,3
"1-3arc","1",2,"model",0.17,0.0611249394844192,0.00205229679271363,3
"1-3arc","1",2,"model",0.18,0.0618280527825927,0.000665600841783793,3
"1-3arc","1",2,"model",0.19,0.0634671044690344,0.000319108651104628,3
"1-3arc","1",2,"model",0.2,0.0642202931621603,0.000962765578602793,3
"1-3arc","1",2,"model",0.21,0.0659557010583672,0.00357019195253223,3
"1-3arc","1",2,"model",0.22,0.0645239442108613,0.0018841736422181,3
"1-3arc","1",2,"model",0.23,0.0647497812496802,0.002742835252507,3
"1-3arc","1",2,"model",0.24,0.0650004283513696,0.00222981173815481,3
"1-3arc","1",2,"model",0.25,0.0652994912484886,0.00175725974428515,3
"1-3arc","1",2,"model",0.26,0.0656760187347007,0.00285629136510678,3
"1-3arc","1",2,"model",0.27,0.0622935395521127,0.00304117212022185,3
"1-3arc","1",2,"model",0.28,0.061705950561992,0.00355165360354556,3
"1-3arc","1",2,"model",0.29,0.0600176653186649,0.00524857522824697,3
"1-3arc","1",2,"model",0.3,0.0582804953436539,0.00295675855545067,3
"1-3arc","1",2,"model",0.31,0.0581499541088944,0.00307844327342239,3
"1-3arc","1",2,"model",0.32,0.056373537301259,0.00360000005966102,3
"1-3arc","1",2,"model",0.33,0.0546248392966194,0.000838493863417461,3
"1-3arc","1",2,"model",0.34,0.0544822535517329,0.000890045518816281,3
"1-3arc","1",2,"model",0.35,0.0543352805531575,0.000968951094023903,3
"1-3arc","1",2,"model",0.36,0.0541837146483767,0.00107165150656074,3
"1-3arc","1",2,"model",0.37,0.0540273371275711,0.00119444886736307,3
"1-3arc","1",2,"model",0.38,0.0523009699436933,0.00400093180180126,3
"1-3arc","1",2,"model",0.39,0.0521342554635536,0.00417235847105259,3
"1-3arc","1",2,"model",0.4,0.051961983834076,0.0043510508473466,3
"1-3arc","1",2,"model",0.41,0.0517838724883448,0.00453726257470121,3
"1-3arc","1",2,"model",0.42,0.0515996193720712,0.00473127470378649,3
"1-3arc","1",2,"model",0.43,0.0481565591512471,0.00211954295913019,3
"1-3arc","1",2,"model",0.44,0.0479590296512821,0.00232772913647179,3
"1-3arc","1",2,"model",0.45,0.0477543172604093,0.00254636009894984,3
"1-3arc","1",2,"model",0.46,0.0475420229291338,0.00277544791519575,3
"1-3arc","1",2,"model",0.47,0.0470991931492083,0.00273454537787655,3
"1-3arc","1",2,"model",0.48,0.0467614565002491,0.00684405846703133,3
"1-3arc","1",2,"model",0.49,0.0466417260634071,0.00687998056550721,3
"1-3arc","1",2,"model",0.5,0.0465172064090915,0.00691879130577781,3
"1-3arc","1",2,"model",0.51,0.0480636370518391,0.00411932151841782,3
"1-3arc","1",2,"model",0.52,0.0496924575941406,0.00644072715599989,3
"1-3arc","1",2,"model",0.53,0.0481275123672235,0.00419884092743695,3
"1-3arc","1",2,"model",0.54,0.0465172064090915,0.00691879130577781,3
"1-3arc","1",2,"model",0.55,0.0465172064090915,0.00691879130577781,3
"1-3arc","1",2,"model",0.56,0.0449522611821744,0.00558132345229428,3
"1-3arc","1",2,"model",0.57,0.0449522611821744,0.00558132345229428,3
"1-3arc","1",2,"model",0.58,0.0433102250573797,0.00424432473778275,3
"1-3arc","1",2,"model",0.59,0.0433102250573797,0.00424432473778275,3
"1-3arc","1",2,"model",0.6,0.0417452798304626,0.00287767656586215,3
"1-3arc","1",2,"model",0.61,0.0401803346035455,0.003638966025559,3
"1-3arc","1",2,"model",0.62,0.0401803346035455,0.003638966025559,3
"1-3arc","1",2,"model",0.63,0.0401803346035455,0.003638966025559,3
"1-3arc","1",2,"model",0.64,0.0369733532518337,0.00357924487570213,3
"1-3arc","1",2,"model",0.65,0.0369733532518337,0.00357924487570213,3
"1-3arc","1",2,"model",0.66,0.0369733532518337,0.00357924487570213,3
"1-3arc","1",2,"model",0.67,0.035331317127039,0.00298366169984627,3
"1-3arc","1",2,"model",0.68,0.0337210111689069,0.000813661070229243,3
"1-3arc","1",2,"model",0.69,0.0337210111689069,0.000813661070229243,3
"1-3arc","1",2,"model",0.7,0.0337210111689069,0.000813661070229243,3
"1-3arc","1",2,"model",0.71,0.0337210111689069,0.000813661070229243,3
"1-3arc","1",2,"model",0.72,0.0337210111689069,0.000813661070229243,3
"1-3arc","1",2,"model",0.73,0.0337210111689069,0.000813661070229243,3
"1-3arc","1",2,"model",0.74,0.0337210111689069,0.000813661070229243,3
"1-3arc","1",2,"model",0.75,0.0337210111689069,0.000813661070229243,3
"1-3arc","1",2,"model",0.76,0.0337210111689069,0.000813661070229243,3
"1-3arc","1",2,"model",0.77,0.0321107052107749,0.00282495366476284,3
"1-3arc","1",2,"model",0.78,0.0304686690859802,0.0020938526563209,3
"1-3arc","1",2,"model",0.79,0.0304686690859802,0.0020938526563209,3
"1-3arc","1",2,"model",0.8,0.0288266329611854,0.004118952596898,3
"1-3arc","1",2,"model",0.81,0.0288266329611854,0.004118952596898,3
"1-3arc","1",2,"model",0.82,0.0256513817761363,0.00219328224942985,3
"1-3arc","1",2,"model",0.83,0.0240864365492192,0.000581186478735176,3
"1-3arc","1",2,"model",0.84,0.0240864365492192,0.000581186478735176,3
"1-3arc","1",2,"model",0.85,0.0240864365492192,0.000581186478735176,3
"1-3arc","1",2,"model",0.86,0.0224444004244245,0.00239714493549063,3
"1-3arc","1",2,"model",0.87,0.0224444004244245,0.00239714493549063,3
"1-3arc","1",2,"model",0.88,0.0192691492393754,0.00046494918298814,3
"1-3arc","1",2,"model",0.89,0.0177042040124583,0.0031405253608647,3
"1-3arc","1",2,"model",0.9,0.0177042040124583,0.0031405253608647,3
"1-3arc","1",2,"model",0.91,0.0160938980543263,0.00313347107178629,3
"1-3arc","1",2,"model",0.92,0.0160938980543263,0.00313347107178629,3
"1-3arc","1",2,"model",0.93,0.0144835920961942,0.00503317931788468,3
"1-3arc","1",2,"model",0.94,0.0129186468692772,0.00587823897835303,3
"1-3arc","1",2,"model",0.95,0.0112766107444824,0.00303562531544438,3
"1-3arc","1",2,"model",0.96,0.0112766107444824,0.00303562531544438,3
"1-3arc","1",2,"model",0.97,0.0112766107444824,0.00303562531544438,3
"1-3arc","1",2,"model",0.98,0.00802426866155565,0.0027751763901074,3
"1-3arc","1",2,"model",0.99,0.00802426866155565,0.0027751763901074,3
"1-3arc","1",2,"treat_all",0.01,0.335381211110013,0.00833621009902982,3
"1-3arc","1",2,"treat_all",0.02,0.328599386733585,0.00842127346738726,3
"1-3arc","1",2,"treat_all",0.03,0.321677730926715,0.00850809071962833,3
"1-3arc","1",2,"treat_all",0.04,0.314611873957201,0.00859671666462447,3
"1-3arc","1",2,"treat_all",0.05,0.307397262104119,0.00868720841898895,3
"1-3arc","1",2,"treat_all",0.06,0.300029147871184,0.00877962552982924,3
"1-3arc","1",2,"treat_all",0.07,0.292502579568724,0.00887403010541881,3
"1-3arc","1",2,"treat_all",0.08,0.28481239021621,0.00897048695439075,3
"1-3arc","1",2,"treat_all",0.09,0.276953185713091,0.00906906373410934,3
"1-3arc","1",2,"treat_all",0.1,0.268919332221015,0.00916983110893276,3
"1-3arc","1",2,"treat_all",0.11,0.260704942695408,0.00927286291914553,3
"1-3arc","1",2,"treat_all",0.12,0.252303862498765,0.00937823636140852,3
"1-3arc","1",2,"treat_all",0.13,0.243709654021739,0.0094860321816546,3
"1-3arc","1",2,"treat_all",0.14,0.234915580231294,0.00959633488144129,3
"1-3arc","1",2,"treat_all",0.15,0.225914587057545,0.00970923293887,3
"1-3arc","1",2,"treat_all",0.16,0.216699284522516,0.00982481904528512,3
"1-3arc","1",2,"treat_all",0.17,0.207261926504715,0.00994319035908374,3
"1-3arc","1",2,"treat_all",0.18,0.197594389023065,0.010064448778097,3
"1-3arc","1",2,"treat_all",0.19,0.187688146912239,0.0101887012321475,3
"1-3arc","1",2,"treat_all",0.2,0.177534248748642,0.0103160599975494,3
"1-3arc","1",2,"treat_all",0.21,0.167123289872042,0.010446643035493,3
"1-3arc","1",2,"treat_all",0.22,0.15644538333194,0.0105805743564609,3
"1-3arc","1",2,"treat_all",0.23,0.145490128570017,0.0107179844130383,3
"1-3arc","1",2,"treat_all",0.24,0.134246577630149,0.0108590105237362,3
"1-3arc","1",2,"treat_all",0.25,0.122703198665218,0.0110037973307193,3
"1-3arc","1",2,"treat_all",0.26,0.110847836485018,0.011152497294648,3
"1-3arc","1",2,"treat_all",0.27,0.098667669861525,0.0113052712301911,3
"1-3arc","1",2,"treat_all",0.28,0.0861491652762683,0.011462288886166,3
"1-3arc","1",2,"treat_all",0.29,0.0732780267590327,0.0116237295747036,3
"1-3arc","1",2,"treat_all",0.3,0.0600391414270189,0.0117897828543421,3
"1-3arc","1",2,"treat_all",0.31,0.04641652028828,0.011960649272521,3
"1-3arc","1",2,"treat_all",0.32,0.0323932338219312,0.0121365411735875,3
"1-3arc","1",2,"treat_all",0.33,0.0179513417894227,0.0123176835791635,3
"1-3arc","1",2,"treat_all",0.34,0.00307181666502001,0.0125043151485447,3
"1-3arc","1",2,"treat_all",0.35,-0.012265540001672,0.0126966892277531,3
"1-3arc","1",2,"treat_all",0.36,-0.0280821890641981,0.0128950749969367,3
"1-3arc","1",2,"treat_all",0.37,-0.044400953969979,0.0130997587270468,3
"1-3arc","1",2,"treat_all",0.38,-0.0612461306469141,0.0133110451581282,3
"1-3arc","1",2,"treat_all",0.39,-0.0786436081985029,0.0135292590131795,3
"1-3arc","1",2,"treat_all",0.4,-0.096621001668478,0.0137547466633992,3
"1-3arc","1",2,"treat_all",0.41,-0.115207798306927,0.0139878779627788,3
"1-3arc","1",2,"treat_all",0.42,-0.134435518967391,0.0142290482724819,3
"1-3arc","1",2,"treat_all",0.43,-0.154337896493135,0.0144786806983149,3
"1-3arc","1",2,"treat_all",0.44,-0.174951073216226,0.0147372285679277,3
"1-3arc","1",2,"treat_all",0.45,-0.196313820001976,0.0150051781782537,3
"1-3arc","1",2,"treat_all",0.46,-0.218467779631642,0.0152830518482213,3
"1-3arc","1",2,"treat_all",0.47,-0.2414577377379,0.0155714113170557,3
"1-3arc","1",2,"treat_all",0.48,-0.26533192500209,0.0158708615346914,3
"1-3arc","1",2,"treat_all",0.49,-0.290142354904092,0.0161820548981167,3
"1-3arc","1",2,"treat_all",0.5,-0.315945202002174,0.016505695996079,3
"1-3arc","1",2,"treat_all",0.51,-0.34280122653283,0.0168425469347745,3
"1-3arc","1",2,"treat_all",0.52,-0.370776252085598,0.017193433329249,3
"1-3arc","1",2,"treat_all",0.53,-0.399941704257632,0.0175592510596585,3
"1-3arc","1",2,"treat_all",0.54,-0.43037521956758,0.0179409739087815,3
"1-3arc","1",2,"treat_all",0.55,-0.462161335557971,0.0183396622178656,3
"1-3arc","1",2,"treat_all",0.56,-0.49539227500247,0.0187564727228171,3
"1-3arc","1",2,"treat_all",0.57,-0.530168839537411,0.0191926697628826,3
"1-3arc","1",2,"treat_all",0.58,-0.566601430954969,0.0196496380905703,3
"1-3arc","1",2,"treat_all",0.59,-0.60481122195387,0.0201288975561939,3
"1-3arc","1",2,"treat_all",0.6,-0.644931502502717,0.0206321199950988,3
"1-3arc","1",2,"treat_all",0.61,-0.68710923333612,0.0211611487129218,3
"1-3arc","1",2,"treat_all",0.62,-0.731506844739702,0.0217180210474724,3
"1-3arc","1",2,"treat_all",0.63,-0.778304327029964,0.0223049945892961,3
"1-3arc","1",2,"treat_all",0.64,-0.827701669447463,0.0229245777723319,3
"1-3arc","1",2,"treat_all",0.65,-0.879921717145962,0.0235795657086843,3
"1-3arc","1",2,"treat_all",0.66,-0.935213532356138,0.0242730823471751,3
"1-3arc","1",2,"treat_all",0.67,-0.99385636666996,0.0250086302970896,3
"1-3arc","1",2,"treat_all",0.68,-1.0561643781284,0.0257901499938736,3
"1-3arc","1",2,"treat_all",0.69,-1.12249226129383,0.0266220903162565,3
"1-3arc","1",2,"treat_all",0.7,-1.19324200333696,0.0275094933267983,3
"1-3arc","1",2,"treat_all",0.71,-1.26887103793478,0.0284580965449638,3
"1-3arc","1",2,"treat_all",0.72,-1.34990214643245,0.0294744571358556,3
"1-3arc","1",2,"treat_all",0.73,-1.43693555926328,0.0305661036964428,3
"1-3arc","1",2,"treat_all",0.74,-1.53066385000418,0.0317417230693828,3
"1-3arc","1",2,"treat_all",0.75,-1.63189040400435,0.033011391992158,3
"1-3arc","1",2,"treat_all",0.76,-1.7415525041712,0.0343868666584981,3
"1-3arc","1",2,"treat_all",0.77,-1.86075043913516,0.0358819478175631,3
"1-3arc","1",2,"treat_all",0.78,-1.99078455000494,0.037512945445634,3
"1-3arc","1",2,"treat_all",0.79,-2.13320286190994,0.0392992761811405,3
"1-3arc","1",2,"treat_all",0.8,-2.28986300500543,0.0412642399901975,3
"1-3arc","1",2,"treat_all",0.81,-2.4630136894794,0.0434360420949449,3
"1-3arc","1",2,"treat_all",0.82,-2.65540333889493,0.045849155544664,3
"1-3arc","1",2,"treat_all",0.83,-2.87042706471228,0.04854616469435,3
"1-3arc","1",2,"treat_all",0.84,-3.11232875625679,0.0515802999877469,3
"1-3arc","1",2,"treat_all",0.85,-3.38648400667391,0.0550189866535966,3
"1-3arc","1",2,"treat_all",0.86,-3.69980429286491,0.058948914271711,3
"1-3arc","1",2,"treat_all",0.87,-4.06132770000836,0.0634834461387658,3
"1-3arc","1",2,"treat_all",0.88,-4.48310500834239,0.0687737333169964,3
"1-3arc","1",2,"treat_all",0.89,-4.98156910000988,0.0750258908912689,3
"1-3arc","1",2,"treat_all",0.9,-5.57972601001087,0.0825284799803954,3
"1-3arc","1",2,"treat_all",0.91,-6.31080667778986,0.0916983110893285,3
"1-3arc","1",2,"treat_all",0.92,-7.22465751251359,0.103160599975494,3
"1-3arc","1",2,"treat_all",0.93,-8.39960858572982,0.117897828543422,3
"1-3arc","1",2,"treat_all",0.94,-9.96621001668479,0.137547466633992,3
"1-3arc","1",2,"treat_all",0.95,-12.1594520200218,0.165056959960791,3
"1-3arc","1",2,"treat_all",0.96,-15.4493150250272,0.206321199950988,3
"1-3arc","1",2,"treat_all",0.97,-20.9324200333695,0.275094933267984,3
"1-3arc","1",2,"treat_all",0.98,-31.8986300500543,0.412642399901975,3
"1-3arc","1",2,"treat_all",0.99,-64.7972601001086,0.825284799803962,3
"1-3arc","1",2,"treat_none",0.01,0,0,3
"1-3arc","1",2,"treat_none",0.02,0,0,3
"1-3arc","1",2,"treat_none",0.03,0,0,3
"1-3arc","1",2,"treat_none",0.04,0,0,3
"1-3arc","1",2,"treat_none",0.05,0,0,3
"1-3arc","1",2,"treat_none",0.06,0,0,3
"1-3arc","1",2,"treat_none",0.07,0,0,3
"1-3arc","1",2,"treat_none",0.08,0,0,3
"1-3arc","1",2,"treat_none",0.09,0,0,3
"1-3arc","1",2,"treat_none",0.1,0,0,3
"1-3arc","1",2,"treat_none",0.11,0,0,3
"1-3arc","1",2,"treat_none",0.12,0,0,3
"1-3arc","1",2,"treat_none",0.13,0,0,3
"1-3arc","1",2,"treat_none",0.14,0,0,3
"1-3arc","1",2,"treat_none",0.15,0,0,3
"1-3arc","1",2,"treat_none",0.16,0,0,3
"1-3arc","1",2,"treat_none",0.17,0,0,3
"1-3arc","1",2,"treat_none",0.18,0,0,3
"1-3arc","1",2,"treat_none",0.19,0,0,3
"1-3arc","1",2,"treat_none",0.2,0,0,3
"1-3arc","1",2,"treat_none",0.21,0,0,3
"1-3arc","1",2,"treat_none",0.22,0,0,3
"1-3arc","1",2,"treat_none",0.23,0,0,3
"1-3arc","1",2,"treat_none",0.24,0,0,3
"1-3arc","1",2,"treat_none",0.25,0,0,3
"1-3arc","1",2,"treat_none",0.26,0,0,3
"1-3arc","1",2,"treat_none",0.27,0,0,3
"1-3arc","1",2,"treat_none",0.28,0,0,3
"1-3arc","1",2,"treat_none",0.29,0,0,3
"1-3arc","1",2,"treat_none",0.3,0,0,3
"1-3arc","1",2,"treat_none",0.31,0,0,3
"1-3arc","1",2,"treat_none",0.32,0,0,3
"1-3arc","1",2,"treat_none",0.33,0,0,3
"1-3arc","1",2,"treat_none",0.34,0,0,3
"1-3arc","1",2,"treat_none",0.35,0,0,3
"1-3arc","1",2,"treat_none",0.36,0,0,3
"1-3arc","1",2,"treat_none",0.37,0,0,3
"1-3arc","1",2,"treat_none",0.38,0,0,3
"1-3arc","1",2,"treat_none",0.39,0,0,3
"1-3arc","1",2,"treat_none",0.4,0,0,3
"1-3arc","1",2,"treat_none",0.41,0,0,3
"1-3arc","1",2,"treat_none",0.42,0,0,3
"1-3arc","1",2,"treat_none",0.43,0,0,3
"1-3arc","1",2,"treat_none",0.44,0,0,3
"1-3arc","1",2,"treat_none",0.45,0,0,3
"1-3arc","1",2,"treat_none",0.46,0,0,3
"1-3arc","1",2,"treat_none",0.47,0,0,3
"1-3arc","1",2,"treat_none",0.48,0,0,3
"1-3arc","1",2,"treat_none",0.49,0,0,3
"1-3arc","1",2,"treat_none",0.5,0,0,3
"1-3arc","1",2,"treat_none",0.51,0,0,3
"1-3arc","1",2,"treat_none",0.52,0,0,3
"1-3arc","1",2,"treat_none",0.53,0,0,3
"1-3arc","1",2,"treat_none",0.54,0,0,3
"1-3arc","1",2,"treat_none",0.55,0,0,3
"1-3arc","1",2,"treat_none",0.56,0,0,3
"1-3arc","1",2,"treat_none",0.57,0,0,3
"1-3arc","1",2,"treat_none",0.58,0,0,3
"1-3arc","1",2,"treat_none",0.59,0,0,3
"1-3arc","1",2,"treat_none",0.6,0,0,3
"1-3arc","1",2,"treat_none",0.61,0,0,3
"1-3arc","1",2,"treat_none",0.62,0,0,3
"1-3arc","1",2,"treat_none",0.63,0,0,3
"1-3arc","1",2,"treat_none",0.64,0,0,3
"1-3arc","1",2,"treat_none",0.65,0,0,3
"1-3arc","1",2,"treat_none",0.66,0,0,3
"1-3arc","1",2,"treat_none",0.67,0,0,3
"1-3arc","1",2,"treat_none",0.68,0,0,3
"1-3arc","1",2,"treat_none",0.69,0,0,3
"1-3arc","1",2,"treat_none",0.7,0,0,3
"1-3arc","1",2,"treat_none",0.71,0,0,3
"1-3arc","1",2,"treat_none",0.72,0,0,3
"1-3arc","1",2,"treat_none",0.73,0,0,3
"1-3arc","1",2,"treat_none",0.74,0,0,3
"1-3arc","1",2,"treat_none",0.75,0,0,3
"1-3arc","1",2,"treat_none",0.76,0,0,3
"1-3arc","1",2,"treat_none",0.77,0,0,3
"1-3arc","1",2,"treat_none",0.78,0,0,3
"1-3arc","1",2,"treat_none",0.79,0,0,3
"1-3arc","1",2,"treat_none",0.8,0,0,3
"1-3arc","1",2,"treat_none",0.81,0,0,3
"1-3arc","1",2,"treat_none",0.82,0,0,3
"1-3arc","1",2,"treat_none",0.83,0,0,3
"1-3arc","1",2,"treat_none",0.84,0,0,3
"1-3arc","1",2,"treat_none",0.85,0,0,3
"1-3arc","1",2,"treat_none",0.86,0,0,3
"1-3arc","1",2,"treat_none",0.87,0,0,3
"1-3arc","1",2,"treat_none",0.88,0,0,3
"1-3arc","1",2,"treat_none",0.89,0,0,3
"1-3arc","1",2,"treat_none",0.9,0,0,3
"1-3arc","1",2,"treat_none",0.91,0,0,3
"1-3arc","1",2,"treat_none",0.92,0,0,3
"1-3arc","1",2,"treat_none",0.93,0,0,3
"1-3arc","1",2,"treat_none",0.94,0,0,3
"1-3arc","1",2,"treat_none",0.95,0,0,3
"1-3arc","1",2,"treat_none",0.96,0,0,3
"1-3arc","1",2,"treat_none",0.97,0,0,3
"1-3arc","1",2,"treat_none",0.98,0,0,3
"1-3arc","1",2,"treat_none",0.99,0,0,3
"1-3arc","1",3,"model",0.01,0.0800691917920712,0.0148735328448278,3
"1-3arc","1",3,"model",0.02,0.0562387833131167,0.0066722026859554,3
"1-3arc","1",3,"model",0.03,0.0475597772692725,0.00254486133283296,3
"1-3arc","1",3,"model",0.04,0.0448397216928553,0.00328774720423491,3
"1-3arc","1",3,"model",0.05,0.0442905810965874,0.00404785836701144,3
"1-3arc","1",3,"model",0.06,0.0441950299781886,0.00386223485693786,3
"1-3arc","1",3,"model",0.07,0.0436467468778309,0.00333273570592254,3
"1-3arc","1",3,"model",0.08,0.043493724983181,0.00296899634761419,3
"1-3arc","1",3,"model",0.09,0.0436952075647196,0.00150009392739068,3
"1-3arc","1",3,"model",0.1,0.0439830962169246,0.000658191884116931,3
"1-3arc","1",3,"model",0.11,0.0423664275055124,0.00236872106563083,3
"1-3arc","1",3,"model",0.12,0.0423426445607417,0.00345751048770417,3
"1-3arc","1",3,"model",0.13,0.0412950387198979,0.00550978420026174,3
"1-3arc","1",3,"model",0.14,0.0394230337725383,0.00551084084788397,3
"1-3arc","1",3,"model",0.15,0.0394788773803002,0.00545463980011596,3
"1-3arc","1",3,"model",0.16,0.0401271793221022,0.00663727200335593,3
"1-3arc","1",3,"model",0.17,0.0409238622896173,0.00584072975579206,3
"1-3arc","1",3,"model",0.18,0.0399547628840784,0.0057728305389621,3
"1-3arc","1",3,"model",0.19,0.0408359860865664,0.00674419087684826,3
"1-3arc","1",3,"model",0.2,0.0412731622978917,0.00617096410754725,3
"1-3arc","1",3,"model",0.21,0.0421480238748381,0.00581728700724201,3
"1-3arc","1",3,"model",0.22,0.0418243165789101,0.00597797246395833,3
"1-3arc","1",3,"model",0.23,0.0421788709534566,0.00518910572412604,3
"1-3arc","1",3,"model",0.24,0.0426244474766075,0.00548325154474081,3
"1-3arc","1",3,"model",0.25,0.0431363089744665,0.00495685473522135,3
"1-3arc","1",3,"model",0.26,0.0429125522631689,0.00185637746592064,3
"1-3arc","1",3,"model",0.27,0.0427375653239274,0.00188679572594082,3
"1-3arc","1",3,"model",0.28,0.0413672414458974,0.00299795020693396,3
"1-3arc","1",3,"model",0.29,0.0411823276262998,0.00303337902314081,3
"1-3arc","1",3,"model",0.3,0.0403353161047958,0.0034491454191994,3
"1-3arc","1",3,"model",0.31,0.0401634036996101,0.00346827182533255,3
"1-3arc","1",3,"model",0.32,0.0393423818054783,0.00237459487368786,3
"1-3arc","1",3,"model",0.33,0.0379702875361068,0.000384368871904205,3
"1-3arc","1",3,"model",0.34,0.0378100246650461,0.000464324393606175,3
"1-3arc","1",3,"model",0.35,0.0376448306287219,0.000546743778971064,3
"1-3arc","1",3,"model",0.36,0.0351345728009301,0.00259261284205698,3
"1-3arc","1",3,"model",0.37,0.0349588083128768,0.00267304575869112,3
"1-3arc","1",3,"model",0.38,0.035507020700017,0.00216558712606482,3
"1-3arc","1",3,"model",0.39,0.0330112136704174,0.00419266839631462,3
"1-3arc","1",3,"model",0.4,0.033616394791829,0.00360071555799505,3
"1-3arc","1",3,"model",0.41,0.0331601557080105,0.00448622438371368,3
"1-3arc","1",3,"model",0.42,0.0330562268216868,0.00448327726476708,3
"1-3arc","1",3,"model",0.43,0.0317321062956073,0.00287976244607571,3
"1-3arc","1",3,"model",0.44,0.0316206887990535,0.00287669720497111,3
"1-3arc","1",3,"model",0.45,0.0315052197571704,0.00287352076421994,3
"1-3arc","1",3,"model",0.46,0.0301689290719411,0.00231772341932295,3
"1-3arc","1",3,"model",0.47,0.0300446646942332,0.00231605641366778,3
"1-3arc","1",3,"model",0.48,0.0310385855439971,0.00276846004389927,3
"1-3arc","1",3,"model",0.49,0.0309503539648933,0.00281050070735019,3
"1-3arc","1",3,"model",0.5,0.0296420481104599,0.00231068445193345,3
"1-3arc","1",3,"model",0.51,0.0307856089830848,0.00435728508666062,3
"1-3arc","1",3,"model",0.52,0.0319819495882924,0.00336032166230539,3
"1-3arc","1",3,"model",0.53,0.0319819495882924,0.00336032166230539,3
"1-3arc","1",3,"model",0.54,0.0307914733978162,0.00148784759833909,3
"1-3arc","1",3,"model",0.55,0.0307914733978162,0.00148784759833909,3
"1-3arc","1",3,"model",0.56,0.0307914733978162,0.00148784759833909,3
"1-3arc","1",3,"model",0.57,0.0307914733978162,0.00148784759833909,3
"1-3arc","1",3,"model",0.58,0.0307914733978162,0.00148784759833909,3
"1-3arc","1",3,"model",0.59,0.0307914733978162,0.00148784759833909,3
"1-3arc","1",3,"model",0.6,0.0307914733978162,0.00148784759833909,3
"1-3arc","1",3,"model",0.61,0.0283844521951746,0.00274829315470368,3
"1-3arc","1",3,"model",0.62,0.0260856016204619,0.0022652117577411,3
"1-3arc","1",3,"model",0.63,0.0260856016204619,0.0022652117577411,3
"1-3arc","1",3,"model",0.64,0.0248690566082965,0.00339635156190496,3
"1-3arc","1",3,"model",0.65,0.0236785804178203,0.00160129560079965,3
"1-3arc","1",3,"model",0.66,0.0236785804178203,0.00160129560079965,3
"1-3arc","1",3,"model",0.67,0.0236785804178203,0.00160129560079965,3
"1-3arc","1",3,"model",0.68,0.0236785804178203,0.00160129560079965,3
"1-3arc","1",3,"model",0.69,0.0236785804178203,0.00160129560079965,3
"1-3arc","1",3,"model",0.7,0.0236785804178203,0.00160129560079965,3
"1-3arc","1",3,"model",0.71,0.0236785804178203,0.00160129560079965,3
"1-3arc","1",3,"model",0.72,0.0236785804178203,0.00160129560079965,3
"1-3arc","1",3,"model",0.73,0.0224881042273441,0.00144792701154809,3
"1-3arc","1",3,"model",0.74,0.0224881042273441,0.00144792701154809,3
"1-3arc","1",3,"model",0.75,0.0224881042273441,0.00144792701154809,3
"1-3arc","1",3,"model",0.76,0.0213386789399878,0.000609073188346462,3
"1-3arc","1",3,"model",0.77,0.0213386789399878,0.000609073188346462,3
"1-3arc","1",3,"model",0.78,0.0201221339278223,0.00166441892047414,3
"1-3arc","1",3,"model",0.79,0.0189055889156569,0.00374826641751222,3
"1-3arc","1",3,"model",0.8,0.0166067383409442,0.00419520414428269,3
"1-3arc","1",3,"model",0.81,0.0166067383409442,0.00419520414428269,3
"1-3arc","1",3,"model",0.82,0.0141997171383026,0.00347202220819728,3
"1-3arc","1",3,"model",0.83,0.0141997171383026,0.00347202220819728,3
"1-3arc","1",3,"model",0.84,0.0130092409478264,0.00180122296908056,3
"1-3arc","1",3,"model",0.85,0.0130092409478264,0.00180122296908056,3
"1-3arc","1",3,"model",0.86,0.0130092409478264,0.00180122296908056,3
"1-3arc","1",3,"model",0.87,0.0130092409478264,0.00180122296908056,3
"1-3arc","1",3,"model",0.88,0.0130092409478264,0.00180122296908056,3
"1-3arc","1",3,"model",0.89,0.0118187647573502,0.00171384699288353,3
"1-3arc","1",3,"model",0.9,0.0106693394699939,0.000304536594173231,3
"1-3arc","1",3,"model",0.91,0.00945279445782844,0.00187413320875611,3
"1-3arc","1",3,"model",0.92,0.00945279445782844,0.00187413320875611,3
"1-3arc","1",3,"model",0.93,0.0070457732551868,0.00334865193478791,3
"1-3arc","1",3,"model",0.94,0.00589634796783047,0.00194960402048482,3
"1-3arc","1",3,"model",0.95,0.00589634796783047,0.00194960402048482,3
"1-3arc","1",3,"model",0.96,0.00589634796783047,0.00194960402048482,3
"1-3arc","1",3,"model",0.97,0.00589634796783047,0.00194960402048482,3
"1-3arc","1",3,"model",0.98,0.00467980295566502,0.00405469892442225,3
"1-3arc","1",3,"model",0.99,0.00467980295566502,0.00405469892442225,3
"1-3arc","1",3,"treat_all",0.01,0.244957273525106,0.00728016773949476,3
"1-3arc","1",3,"treat_all",0.02,0.237252755908016,0.00735445516540796,3
"1-3arc","1",3,"treat_all",0.03,0.229389382257583,0.00743027429082454,3
"1-3arc","1",3,"treat_all",0.04,0.221362188322766,0.00750767298135395,3
"1-3arc","1",3,"treat_all",0.05,0.213166000831427,0.00758670111799979,3
"1-3arc","1",3,"treat_all",0.06,0.204795426372187,0.00766741070436149,3
"1-3arc","1",3,"treat_all",0.07,0.196244839558984,0.00774985598075247,3
"1-3arc","1",3,"treat_all",0.08,0.187508370423756,0.00783409354576064,3
"1-3arc","1",3,"treat_all",0.09,0.178579890977863,0.00792018248582396,3
"1-3arc","1",3,"treat_all",0.1,0.169453000877617,0.00800818451344424,3
"1-3arc","1",3,"treat_all",0.11,0.160121012123433,0.00809816411471888,3
"1-3arc","1",3,"treat_all",0.12,0.150576932715745,0.00819018870693159,3
"1-3arc","1",3,"treat_all",0.13,0.140813449183742,0.00828432880701127,3
"1-3arc","1",3,"treat_all",0.14,0.130822907895181,0.00838065821174396,3
"1-3arc","1",3,"treat_all",0.15,0.120597295046889,0.00847925419070564,3
"1-3arc","1",3,"treat_all",0.16,0.110128215226018,0.00858019769297596,3
"1-3arc","1",3,"treat_all",0.17,0.0994068684215124,0.00868357356879494,3
"1-3arc","1",3,"treat_all",0.18,0.0884240253534821,0.00878947080743878,3
"1-3arc","1",3,"treat_all",0.19,0.07717000097513,0.00889798279271581,3
"1-3arc","1",3,"treat_all",0.2,0.0656346259873192,0.00900920757762475,3
"1-3arc","1",3,"treat_all",0.21,0.0538072161896903,0.00912324817987316,3
"1-3arc","1",3,"treat_all",0.22,0.0416765394741735,0.00924021290012796,3
"1-3arc","1",3,"treat_all",0.23,0.0292307802465654,0.00936021566506468,3
"1-3arc","1",3,"treat_all",0.24,0.0164575010392833,0.00948337639749973,3
"1-3arc","1",3,"treat_all",0.25,0.00334360105314044,0.00960982141613307,3
"1-3arc","1",3,"treat_all",0.26,-0.0101247286623577,0.00973968386770244,3
"1-3arc","1",3,"treat_all",0.27,-0.023962053712527,0.00987310419465727,3
"1-3arc","1",3,"treat_all",0.28,-0.0381837489029788,0.0100102306418053,3
"1-3arc","1",3,"treat_all",0.29,-0.0528060552255559,0.0101512198057744,3
"1-3arc","1",3,"treat_all",0.3,-0.0678461417287781,0.0102962372315711,3
"1-3arc","1",3,"treat_all",0.31,-0.0833221727683257,0.0104454580610142,3
"1-3arc","1",3,"treat_all",0.32,-0.0992533811913893,0.0105990677383821,3
"1-3arc","1",3,"treat_all",0.33,-0.115660148074843,0.0107572627792535,3
"1-3arc","1",3,"treat_all",0.34,-0.132564089712341,0.0109202516092421,3
"1-3arc","1",3,"treat_all",0.35,-0.149988152630992,0.0110882554801535,3
"1-3arc","1",3,"treat_all",0.36,-0.167956717515851,0.0112615094720309,3
"1-3arc","1",3,"treat_all",0.37,-0.186495713031976,0.0114402635906346,3
"1-3arc","1",3,"treat_all",0.38,-0.205632740661524,0.0116247839711287,3
"1-3arc","1",3,"treat_all",0.39,-0.225397211819909,0.0118153542001636,3
"1-3arc","1",3,"treat_all",0.4,-0.245820498683575,0.0120122767701664,3
"1-3arc","1",3,"treat_all",0.41,-0.266936100356177,0.0122158746815251,3
"1-3arc","1",3,"treat_all",0.42,-0.288779826224387,0.0124264932105169,3
"1-3arc","1",3,"treat_all",0.43,-0.311389998614289,0.012644501863333,3
"1-3arc","1",3,"treat_all",0.44,-0.334807677160973,0.0128702965394639,3
"1-3arc","1",3,"treat_all",0.45,-0.359076907654808,0.0131043019310906,3
"1-3arc","1",3,"treat_all",0.46,-0.384244998537305,0.0133469741890737,3
"1-3arc","1",3,"treat_all",0.47,-0.410362828698386,0.0135988038907543,3
"1-3arc","1",3,"treat_all",0.48,-0.43748519078874,0.0138603193501919,3
"1-3arc","1",3,"treat_all",0.49,-0.465671174921852,0.0141320903178428,3
"1-3arc","1",3,"treat_all",0.5,-0.494984598420289,0.0144147321241996,3
"1-3arc","1",3,"treat_all",0.51,-0.525494488183969,0.0147089103308159,3
"1-3arc","1",3,"treat_all",0.52,-0.557275623354468,0.0150153459627079,3
"1-3arc","1",3,"treat_all",0.53,-0.590409147255627,0.015334821408723,3
"1-3arc","1",3,"treat_all",0.54,-0.624983259152489,0.0156681870915213,3
"1-3arc","1",3,"treat_all",0.55,-0.661093998244766,0.0160163690268885,3
"1-3arc","1",3,"treat_all",0.56,-0.698846134568511,0.0163803774138632,3
"1-3arc","1",3,"treat_all",0.57,-0.738354184209639,0.0167613164234879,3
"1-3arc","1",3,"treat_all",0.58,-0.779743569547964,0.017160395385952,3
"1-3arc","1",3,"treat_all",0.59,-0.823151949293036,0.0175789416148775,3
"1-3arc","1",3,"treat_all",0.6,-0.868730748025362,0.0180184151552496,3
"1-3arc","1",3,"treat_all",0.61,-0.916646921051653,0.0184804258002559,3
"1-3arc","1",3,"treat_all",0.62,-0.967084997921433,0.0189667527949995,3
"1-3arc","1",3,"treat_all",0.63,-1.02024945732472,0.0194793677354049,3
"1-3arc","1",3,"treat_all",0.64,-1.07636749780596,0.0200204612836107,3
"1-3arc","1",3,"treat_all",0.65,-1.13569228345756,0.0205924744631424,3
"1-3arc","1",3,"treat_all",0.66,-1.19850676238278,0.0211981354767642,3
"1-3arc","1",3,"treat_all",0.67,-1.26512817942468,0.0218405032184843,3
"1-3arc","1",3,"treat_all",0.68,-1.3359134350317,0.022523018944062,3
"1-3arc","1",3,"treat_all",0.69,-1.41126548132305,0.0232495679422575,3
"1-3arc","1",3,"treat_all",0.7,-1.49164099736715,0.0240245535403326,3
"1-3arc","1",3,"treat_all",0.71,-1.57755965244878,0.0248529864210339,3
"1-3arc","1",3,"treat_all",0.72,-1.66961535432195,0.0257405930789278,3
"1-3arc","1",3,"treat_all",0.73,-1.76848999707461,0.0266939483781474,3
"1-3arc","1",3,"treat_all",0.74,-1.87497038157748,0.0277206387003837,3
"1-3arc","1",3,"treat_all",0.75,-1.98996919684058,0.028829464248399,3
"1-3arc","1",3,"treat_all",0.76,-2.11455124670894,0.0300306919254159,3
"1-3arc","1",3,"treat_all",0.77,-2.24996651830498,0.0313363741830426,3
"1-3arc","1",3,"treat_all",0.78,-2.39769226913702,0.0327607548277262,3
"1-3arc","1",3,"treat_all",0.79,-2.55948713909593,0.0343207907719037,3
"1-3arc","1",3,"treat_all",0.8,-2.73746149605072,0.0360368303104992,3
"1-3arc","1",3,"treat_all",0.81,-2.93416999584287,0.0379335055899987,3
"1-3arc","1",3,"treat_all",0.82,-3.15273499561192,0.0400409225672209,3
"1-3arc","1",3,"treat_all",0.83,-3.39701352476556,0.0423962709535281,3
"1-3arc","1",3,"treat_all",0.84,-3.67182687006341,0.0450460378881237,3
"1-3arc","1",3,"treat_all",0.85,-3.9832819947343,0.0480491070806652,3
"1-3arc","1",3,"treat_all",0.86,-4.33923070864389,0.0514811861578561,3
"1-3arc","1",3,"treat_all",0.87,-4.74994076315496,0.0554412774007678,3
"1-3arc","1",3,"treat_all",0.88,-5.22910249341787,0.0600613838508318,3
"1-3arc","1",3,"treat_all",0.89,-5.79538453827404,0.0655215096554529,3
"1-3arc","1",3,"treat_all",0.9,-6.47492299210145,0.0720736606209983,3
"1-3arc","1",3,"treat_all",0.91,-7.30546999122383,0.0800818451344422,3
"1-3arc","1",3,"treat_all",0.92,-8.34365374012681,0.0900920757762477,3
"1-3arc","1",3,"treat_all",0.93,-9.67846141728779,0.102962372315711,3
"1-3arc","1",3,"treat_all",0.94,-11.4582049868358,0.120122767701663,3
"1-3arc","1",3,"treat_all",0.95,-13.9498459842029,0.144147321241996,3
"1-3arc","1",3,"treat_all",0.96,-17.6873074802537,0.180184151552496,3
"1-3arc","1",3,"treat_all",0.97,-23.9164099736715,0.240245535403327,3
"1-3arc","1",3,"treat_all",0.98,-36.3746149605072,0.360368303104991,3
"1-3arc","1",3,"treat_all",0.99,-73.7492299210144,0.720736606209983,3
"1-3arc","1",3,"treat_none",0.01,0,0,3
"1-3arc","1",3,"treat_none",0.02,0,0,3
"1-3arc","1",3,"treat_none",0.03,0,0,3
"1-3arc","1",3,"treat_none",0.04,0,0,3
"1-3arc","1",3,"treat_none",0.05,0,0,3
"1-3arc","1",3,"treat_none",0.06,0,0,3
"1-3arc","1",3,"treat_none",0.07,0,0,3
"1-3arc","1",3,"treat_none",0.08,0,0,3
"1-3arc","1",3,"treat_none",0.09,0,0,3
"1-3arc","1",3,"treat_none",0.1,0,0,3
"1-3arc","1",3,"treat_none",0.11,0,0,3
"1-3arc","1",3,"treat_none",0.12,0,0,3
"1-3arc","1",3,"treat_none",0.13,0,0,3
"1-3arc","1",3,"treat_none",0.14,0,0,3
"1-3arc","1",3,"treat_none",0.15,0,0,3
"1-3arc","1",3,"treat_none",0.16,0,0,3
"1-3arc","1",3,"treat_none",0.17,0,0,3
"1-3arc","1",3,"treat_none",0.18,0,0,3
"1-3arc","1",3,"treat_none",0.19,0,0,3
"1-3arc","1",3,"treat_none",0.2,0,0,3
"1-3arc","1",3,"treat_none",0.21,0,0,3
"1-3arc","1",3,"treat_none",0.22,0,0,3
"1-3arc","1",3,"treat_none",0.23,0,0,3
"1-3arc","1",3,"treat_none",0.24,0,0,3
"1-3arc","1",3,"treat_none",0.25,0,0,3
"1-3arc","1",3,"treat_none",0.26,0,0,3
"1-3arc","1",3,"treat_none",0.27,0,0,3
"1-3arc","1",3,"treat_none",0.28,0,0,3
"1-3arc","1",3,"treat_none",0.29,0,0,3
"1-3arc","1",3,"treat_none",0.3,0,0,3
"1-3arc","1",3,"treat_none",0.31,0,0,3
"1-3arc","1",3,"treat_none",0.32,0,0,3
"1-3arc","1",3,"treat_none",0.33,0,0,3
"1-3arc","1",3,"treat_none",0.34,0,0,3
"1-3arc","1",3,"treat_none",0.35,0,0,3
"1-3arc","1",3,"treat_none",0.36,0,0,3
"1-3arc","1",3,"treat_none",0.37,0,0,3
"1-3arc","1",3,"treat_none",0.38,0,0,3
"1-3arc","1",3,"treat_none",0.39,0,0,3
"1-3arc","1",3,"treat_none",0.4,0,0,3
"1-3arc","1",3,"treat_none",0.41,0,0,3
"1-3arc","1",3,"treat_none",0.42,0,0,3
"1-3arc","1",3,"treat_none",0.43,0,0,3
"1-3arc","1",3,"treat_none",0.44,0,0,3
"1-3arc","1",3,"treat_none",0.45,0,0,3
"1-3arc","1",3,"treat_none",0.46,0,0,3
"1-3arc","1",3,"treat_none",0.47,0,0,3
"1-3arc","1",3,"treat_none",0.48,0,0,3
"1-3arc","1",3,"treat_none",0.49,0,0,3
"1-3arc","1",3,"treat_none",0.5,0,0,3
"1-3arc","1",3,"treat_none",0.51,0,0,3
"1-3arc","1",3,"treat_none",0.52,0,0,3
"1-3arc","1",3,"treat_none",0.53,0,0,3
"1-3arc","1",3,"treat_none",0.54,0,0,3
"1-3arc","1",3,"treat_none",0.55,0,0,3
"1-3arc","1",3,"treat_none",0.56,0,0,3
"1-3arc","1",3,"treat_none",0.57,0,0,3
"1-3arc","1",3,"treat_none",0.58,0,0,3
"1-3arc","1",3,"treat_none",0.59,0,0,3
"1-3arc","1",3,"treat_none",0.6,0,0,3
"1-3arc","1",3,"treat_none",0.61,0,0,3
"1-3arc","1",3,"treat_none",0.62,0,0,3
"1-3arc","1",3,"treat_none",0.63,0,0,3
"1-3arc","1",3,"treat_none",0.64,0,0,3
"1-3arc","1",3,"treat_none",0.65,0,0,3
"1-3arc","1",3,"treat_none",0.66,0,0,3
"1-3arc","1",3,"treat_none",0.67,0,0,3
"1-3arc","1",3,"treat_none",0.68,0,0,3
"1-3arc","1",3,"treat_none",0.69,0,0,3
"1-3arc","1",3,"treat_none",0.7,0,0,3
"1-3arc","1",3,"treat_none",0.71,0,0,3
"1-3arc","1",3,"treat_none",0.72,0,0,3
"1-3arc","1",3,"treat_none",0.73,0,0,3
"1-3arc","1",3,"treat_none",0.74,0,0,3
"1-3arc","1",3,"treat_none",0.75,0,0,3
"1-3arc","1",3,"treat_none",0.76,0,0,3
"1-3arc","1",3,"treat_none",0.77,0,0,3
"1-3arc","1",3,"treat_none",0.78,0,0,3
"1-3arc","1",3,"treat_none",0.79,0,0,3
"1-3arc","1",3,"treat_none",0.8,0,0,3
"1-3arc","1",3,"treat_none",0.81,0,0,3
"1-3arc","1",3,"treat_none",0.82,0,0,3
"1-3arc","1",3,"treat_none",0.83,0,0,3
"1-3arc","1",3,"treat_none",0.84,0,0,3
"1-3arc","1",3,"treat_none",0.85,0,0,3
"1-3arc","1",3,"treat_none",0.86,0,0,3
"1-3arc","1",3,"treat_none",0.87,0,0,3
"1-3arc","1",3,"treat_none",0.88,0,0,3
"1-3arc","1",3,"treat_none",0.89,0,0,3
"1-3arc","1",3,"treat_none",0.9,0,0,3
"1-3arc","1",3,"treat_none",0.91,0,0,3
"1-3arc","1",3,"treat_none",0.92,0,0,3
"1-3arc","1",3,"treat_none",0.93,0,0,3
"1-3arc","1",3,"treat_none",0.94,0,0,3
"1-3arc","1",3,"treat_none",0.95,0,0,3
"1-3arc","1",3,"treat_none",0.96,0,0,3
"1-3arc","1",3,"treat_none",0.97,0,0,3
"1-3arc","1",3,"treat_none",0.98,0,0,3
"1-3arc","1",3,"treat_none",0.99,0,0,3
"1-3arc","1",3.95750708215297,"model",0.01,0.0553109441998331,0.0114614817865468,3
"1-3arc","1",3.95750708215297,"model",0.02,0.0381998953427525,0.00407332516730903,3
"1-3arc","1",3.95750708215297,"model",0.03,0.0341684534124397,0.0053856121490776,3
"1-3arc","1",3.95750708215297,"model",0.04,0.0324074074074074,0.0042154038234959,3
"1-3arc","1",3.95750708215297,"model",0.05,0.032138751436997,0.00372562506194516,3
"1-3arc","1",3.95750708215297,"model",0.06,0.031722939524358,0.00150243975227992,3
"1-3arc","1",3.95750708215297,"model",0.07,0.0326358892667136,0.000532663515638676,3
"1-3arc","1",3.95750708215297,"model",0.08,0.0330319170898881,0.000500613388372028,3
"1-3arc","1",3.95750708215297,"model",0.09,0.0334262129133924,0.000506114634398097,3
"1-3arc","1",3.95750708215297,"model",0.1,0.0339769969399599,0.00127934532583962,3
"1-3arc","1",3.95750708215297,"model",0.11,0.0329609355826584,0.000733004449378261,3
"1-3arc","1",3.95750708215297,"model",0.12,0.0336700336700337,0.00169343393299949,3
"1-3arc","1",3.95750708215297,"model",0.13,0.0328344849417646,0.00374011171918345,3
"1-3arc","1",3.95750708215297,"model",0.14,0.0335254753859405,0.00459034203291295,3
"1-3arc","1",3.95750708215297,"model",0.15,0.0337411317803475,0.00498933314595309,3
"1-3arc","1",3.95750708215297,"model",0.16,0.0336905892461448,0.00512011137262577,3
"1-3arc","1",3.95750708215297,"model",0.17,0.0340736164029337,0.00501388865221485,3
"1-3arc","1",3.95750708215297,"model",0.18,0.0337247816922614,0.00525556842914606,3
"1-3arc","1",3.95750708215297,"model",0.19,0.0333673337788564,0.00550321560797681,3
"1-3arc","1",3.95750708215297,"model",0.2,0.0318138651471985,0.00673193109152793,3
"1-3arc","1",3.95750708215297,"model",0.21,0.0305336170315073,0.00601731861213177,3
"1-3arc","1",3.95750708215297,"model",0.22,0.03019456010909,0.006284256710443,3
"1-3arc","1",3.95750708215297,"model",0.23,0.0301303634636968,0.00681708319433857,3
"1-3arc","1",3.95750708215297,"model",0.24,0.0300894686859599,0.00659485028162565,3
"1-3arc","1",3.95750708215297,"model",0.25,0.0300728078505856,0.00632319859304785,3
"1-3arc","1",3.95750708215297,"model",0.26,0.0304150304150304,0.00542454475982476,3
"1-3arc","1",3.95750708215297,"model",0.27,0.0282168364360145,0.00519944475505434,3
"1-3arc","1",3.95750708215297,"model",0.28,0.0280679539938799,0.0034725087415647,3
"1-3arc","1",3.95750708215297,"model",0.29,0.0285836576916389,0.00351065554887471,3
"1-3arc","1",3.95750708215297,"model",0.3,0.0282186948853616,0.00117490897270986,3
"1-3arc","1",3.95750708215297,"model",0.31,0.0280220763312551,0.00131113030287912,3
"1-3arc","1",3.95750708215297,"model",0.32,0.0268700072621641,0.00309623070455305,3
"1-3arc","1",3.95750708215297,"model",0.33,0.0256977222151351,2.45503367431912e-05,3
"1-3arc","1",3.95750708215297,"model",0.34,0.0260151371262482,0.000797513969354575,3
"1-3arc","1",3.95750708215297,"model",0.35,0.0258601797063336,0.000759171951597142,3
"1-3arc","1",3.95750708215297,"model",0.36,0.0257003798670465,0.000719631745784792,3
"1-3arc","1",3.95750708215297,"model",0.37,0.0255355070169885,0.000678836295343476,3
"1-3arc","1",3.95750708215297,"model",0.38,0.0249977024170573,0.00174616303648562,3
"1-3arc","1",3.95750708215297,"model",0.39,0.0248470412404839,0.00182149362477231,3
"1-3arc","1",3.95750708215297,"model",0.4,0.0259575815131371,0.00109658170786254,3
"1-3arc","1",3.95750708215297,"model",0.41,0.0249006068215108,0.00278791959626069,3
"1-3arc","1",3.95750708215297,"model",0.42,0.0247895995022432,0.00283598717550656,3
"1-3arc","1",3.95750708215297,"model",0.43,0.0246746971893171,0.00288574133648036,3
"1-3arc","1",3.95750708215297,"model",0.44,0.0245556912223579,0.00293727243177465,3
"1-3arc","1",3.95750708215297,"model",0.45,0.0215833549166882,0.00151760302436734,3
"1-3arc","1",3.95750708215297,"model",0.46,0.0221237381731209,0.00153758172377999,3
"1-3arc","1",3.95750708215297,"model",0.47,0.0220573742586321,0.00156012360379439,3
"1-3arc","1",3.95750708215297,"model",0.48,0.0219884578858938,0.00158539954811971,3
"1-3arc","1",3.95750708215297,"model",0.49,0.021916838910303,0.00161358744061895,3
"1-3arc","1",3.95750708215297,"model",0.5,0.0227920227920228,2.4532694666934e-18,3
"1-3arc","1",3.95750708215297,"model",0.51,0.0227532608484989,6.71376555834214e-05,3
"1-3arc","1",3.95750708215297,"model",0.52,0.0227128838239949,0.000137072713482818,3
"1-3arc","1",3.95750708215297,"model",0.53,0.0217211210119012,0.00185485629308663,3
"1-3arc","1",3.95750708215297,"model",0.54,0.0216771955902391,0.00193093735514925,3
"1-3arc","1",3.95750708215297,"model",0.55,0.0216313179276142,0.00201039979774799,3
"1-3arc","1",3.95750708215297,"model",0.56,0.0215833549166883,0.00209347416955575,3
"1-3arc","1",3.95750708215297,"model",0.57,0.0205834934517105,0.00382528502742746,3
"1-3arc","1",3.95750708215297,"model",0.58,0.0205309094197983,0.0039163632423662,3
"1-3arc","1",3.95750708215297,"model",0.59,0.0204757603131587,0.00401188429705806,3
"1-3arc","1",3.95750708215297,"model",0.6,0.0204178537511871,0.00411218140448451,3
"1-3arc","1",3.95750708215297,"model",0.61,0.0203569776219349,0.00421762195331745,3
"1-3arc","1",3.95750708215297,"model",0.62,0.0193432298695457,0.00378450426274523,3
"1-3arc","1",3.95750708215297,"model",0.63,0.0183260183260183,0.00280072895656783,3
"1-3arc","1",3.95750708215297,"model",0.64,0.0182547219584257,0.00292421788763343,3
"1-3arc","1",3.95750708215297,"model",0.65,0.0172296838963506,0.00469963589083944,3
"1-3arc","1",3.95750708215297,"model",0.66,0.0189933523266857,0.0016448725617938,3
"1-3arc","1",3.95750708215297,"model",0.67,0.0170940170940171,0,3
"1-3arc","1",3.95750708215297,"model",0.68,0.0170940170940171,0,3
"1-3arc","1",3.95750708215297,"model",0.69,0.0170940170940171,0,3
"1-3arc","1",3.95750708215297,"model",0.7,0.0170940170940171,0,3
"1-3arc","1",3.95750708215297,"model",0.71,0.0170940170940171,0,3
"1-3arc","1",3.95750708215297,"model",0.72,0.0170940170940171,0,3
"1-3arc","1",3.95750708215297,"model",0.73,0.0170940170940171,0,3
"1-3arc","1",3.95750708215297,"model",0.74,0.0170940170940171,0,3
"1-3arc","1",3.95750708215297,"model",0.75,0.0170940170940171,0,3
"1-3arc","1",3.95750708215297,"model",0.76,0.0170940170940171,0,3
"1-3arc","1",3.95750708215297,"model",0.77,0.0142450142450142,0.00284900284900285,3
"1-3arc","1",3.95750708215297,"model",0.78,0.0123456790123457,0.00435192373690013,3
"1-3arc","1",3.95750708215297,"model",0.79,0.0123456790123457,0.00435192373690013,3
"1-3arc","1",3.95750708215297,"model",0.8,0.0104463437796771,0.00328974512358761,3
"1-3arc","1",3.95750708215297,"model",0.81,0.0104463437796771,0.00328974512358761,3
"1-3arc","1",3.95750708215297,"model",0.82,0.0104463437796771,0.00328974512358761,3
"1-3arc","1",3.95750708215297,"model",0.83,0.00949667616334283,0.00164487256179381,3
"1-3arc","1",3.95750708215297,"model",0.84,0.00949667616334283,0.00164487256179381,3
"1-3arc","1",3.95750708215297,"model",0.85,0.00854700854700855,0,3
"1-3arc","1",3.95750708215297,"model",0.86,0.00854700854700855,0,3
"1-3arc","1",3.95750708215297,"model",0.87,0.00854700854700855,0,3
"1-3arc","1",3.95750708215297,"model",0.88,0.00854700854700855,0,3
"1-3arc","1",3.95750708215297,"model",0.89,0.00759734093067426,0.00164487256179381,3
"1-3arc","1",3.95750708215297,"model",0.9,0.00759734093067426,0.00164487256179381,3
"1-3arc","1",3.95750708215297,"model",0.91,0.00664767331433998,0.00164487256179381,3
"1-3arc","1",3.95750708215297,"model",0.92,0.00664767331433998,0.00164487256179381,3
"1-3arc","1",3.95750708215297,"model",0.93,0.00379867046533713,0.00164487256179381,3
"1-3arc","1",3.95750708215297,"model",0.94,0.00379867046533713,0.00164487256179381,3
"1-3arc","1",3.95750708215297,"model",0.95,0.00189933523266857,0.00328974512358761,3
"1-3arc","1",3.95750708215297,"model",0.96,0.00189933523266857,0.00328974512358761,3
"1-3arc","1",3.95750708215297,"model",0.97,0.00189933523266857,0.00328974512358761,3
"1-3arc","1",3.95750708215297,"model",0.98,0.00189933523266857,0.00328974512358761,3
"1-3arc","1",3.95750708215297,"model",0.99,0.00189933523266857,0.00328974512358761,3
"1-3arc","1",3.95750708215297,"treat_all",0.01,0.194221416443639,0,3
"1-3arc","1",3.95750708215297,"treat_all",0.02,0.185999185999186,0,3
"1-3arc","1",3.95750708215297,"treat_all",0.03,0.177607425030105,0,3
"1-3arc","1",3.95750708215297,"treat_all",0.04,0.169040835707502,0,3
"1-3arc","1",3.95750708215297,"treat_all",0.05,0.160293897136002,0,3
"1-3arc","1",3.95750708215297,"treat_all",0.06,0.151360853488513,0,3
"1-3arc","1",3.95750708215297,"treat_all",0.07,0.142235701375486,0,3
"1-3arc","1",3.95750708215297,"treat_all",0.08,0.132912176390437,0,3
"1-3arc","1",3.95750708215297,"treat_all",0.09,0.123383738768354,0,3
"1-3arc","1",3.95750708215297,"treat_all",0.1,0.113643558088003,0,3
"1-3arc","1",3.95750708215297,"treat_all",0.11,0.103684496942924,0,3
"1-3arc","1",3.95750708215297,"treat_all",0.12,0.0934990934990935,0,3
"1-3arc","1",3.95750708215297,"treat_all",0.13,0.0830795428496578,0,3
"1-3arc","1",3.95750708215297,"treat_all",0.14,0.0724176770688399,0,3
"1-3arc","1",3.95750708215297,"treat_all",0.15,0.061504943857885,0,3
"1-3arc","1",3.95750708215297,"treat_all",0.16,0.050332383665717,0,3
"1-3arc","1",3.95750708215297,"treat_all",0.17,0.0388906051556654,0,3
"1-3arc","1",3.95750708215297,"treat_all",0.18,0.0271697588770759,0,3
"1-3arc","1",3.95750708215297,"treat_all",0.19,0.0151595089866695,0,3
"1-3arc","1",3.95750708215297,"treat_all",0.2,0.00284900284900286,0,3
"1-3arc","1",3.95750708215297,"treat_all",0.21,-0.00977316167189587,0,3
"1-3arc","1",3.95750708215297,"treat_all",0.22,-0.0227189714369201,0,3
"1-3arc","1",3.95750708215297,"treat_all",0.23,-0.036001036001036,0,3
"1-3arc","1",3.95750708215297,"treat_all",0.24,-0.049632628579997,0,3
"1-3arc","1",3.95750708215297,"treat_all",0.25,-0.0636277302943969,0,3
"1-3arc","1",3.95750708215297,"treat_all",0.26,-0.078001078001078,0,3
"1-3arc","1",3.95750708215297,"treat_all",0.27,-0.0927682160558873,0,3
"1-3arc","1",3.95750708215297,"treat_all",0.28,-0.107945552389997,0,3
"1-3arc","1",3.95750708215297,"treat_all",0.29,-0.123550419325067,0,3
"1-3arc","1",3.95750708215297,"treat_all",0.3,-0.13960113960114,0,3
"1-3arc","1",3.95750708215297,"treat_all",0.31,-0.156117098146084,0,3
"1-3arc","1",3.95750708215297,"treat_all",0.32,-0.173118820177644,0,3
"1-3arc","1",3.95750708215297,"treat_all",0.33,-0.190628056299698,0,3
"1-3arc","1",3.95750708215297,"treat_all",0.34,-0.208667875334542,0,3
"1-3arc","1",3.95750708215297,"treat_all",0.35,-0.227262765724304,0,3
"1-3arc","1",3.95750708215297,"treat_all",0.36,-0.246438746438746,0,3
"1-3arc","1",3.95750708215297,"treat_all",0.37,-0.266223488445711,0,3
"1-3arc","1",3.95750708215297,"treat_all",0.38,-0.286646447936771,0,3
"1-3arc","1",3.95750708215297,"treat_all",0.39,-0.307739012657046,0,3
"1-3arc","1",3.95750708215297,"treat_all",0.4,-0.329534662867996,0,3
"1-3arc","1",3.95750708215297,"treat_all",0.41,-0.352069148679318,0,3
"1-3arc","1",3.95750708215297,"treat_all",0.42,-0.375380685725513,0,3
"1-3arc","1",3.95750708215297,"treat_all",0.43,-0.399510171439996,0,3
"1-3arc","1",3.95750708215297,"treat_all",0.44,-0.424501424501424,0,3
"1-3arc","1",3.95750708215297,"treat_all",0.45,-0.45040145040145,0,3
"1-3arc","1",3.95750708215297,"treat_all",0.46,-0.477260736519996,0,3
"1-3arc","1",3.95750708215297,"treat_all",0.47,-0.505133580605279,0,3
"1-3arc","1",3.95750708215297,"treat_all",0.48,-0.53407845715538,0,3
"1-3arc","1",3.95750708215297,"treat_all",0.49,-0.564158426903525,0,3
"1-3arc","1",3.95750708215297,"treat_all",0.5,-0.595441595441595,0,3
"1-3arc","1",3.95750708215297,"treat_all",0.51,-0.628001628001628,0,3
"1-3arc","1",3.95750708215297,"treat_all",0.52,-0.661918328584995,0,3
"1-3arc","1",3.95750708215297,"treat_all",0.53,-0.697278293022974,0,3
"1-3arc","1",3.95750708215297,"treat_all",0.54,-0.734175647219126,0,3
"1-3arc","1",3.95750708215297,"treat_all",0.55,-0.772712883823995,0,3
"1-3arc","1",3.95750708215297,"treat_all",0.56,-0.813001813001813,0,3
"1-3arc","1",3.95750708215297,"treat_all",0.57,-0.855164645862321,0,3
"1-3arc","1",3.95750708215297,"treat_all",0.58,-0.899335232668566,0,3
"1-3arc","1",3.95750708215297,"treat_all",0.59,-0.945660482245848,0,3
"1-3arc","1",3.95750708215297,"treat_all",0.6,-0.994301994301994,0,3
"1-3arc","1",3.95750708215297,"treat_all",0.61,-1.04543794287384,0,3
"1-3arc","1",3.95750708215297,"treat_all",0.62,-1.09926525715999,0,3
"1-3arc","1",3.95750708215297,"treat_all",0.63,-1.15600215600216,0,3
"1-3arc","1",3.95750708215297,"treat_all",0.64,-1.21589110477999,0,3
"1-3arc","1",3.95750708215297,"treat_all",0.65,-1.27920227920228,0,3
"1-3arc","1",3.95750708215297,"treat_all",0.66,-1.34623764035529,0,3
"1-3arc","1",3.95750708215297,"treat_all",0.67,-1.41733575066908,0,3
"1-3arc","1",3.95750708215297,"treat_all",0.68,-1.49287749287749,0,3
"1-3arc","1",3.95750708215297,"treat_all",0.69,-1.57329289587354,0,3
"1-3arc","1",3.95750708215297,"treat_all",0.7,-1.65906932573599,0,3
"1-3arc","1",3.95750708215297,"treat_all",0.71,-1.75076137145103,0,3
"1-3arc","1",3.95750708215297,"treat_all",0.72,-1.84900284900285,0,3
"1-3arc","1",3.95750708215297,"treat_all",0.73,-1.95452147303999,0,3
"1-3arc","1",3.95750708215297,"treat_all",0.74,-2.06815691431076,0,3
"1-3arc","1",3.95750708215297,"treat_all",0.75,-2.19088319088319,0,3
"1-3arc","1",3.95750708215297,"treat_all",0.76,-2.32383665716999,0,3
"1-3arc","1",3.95750708215297,"treat_all",0.77,-2.46835129443825,0,3
"1-3arc","1",3.95750708215297,"treat_all",0.78,-2.62600362600363,0,3
"1-3arc","1",3.95750708215297,"treat_all",0.79,-2.79867046533713,0,3
"1-3arc","1",3.95750708215297,"treat_all",0.8,-2.98860398860399,0,3
"1-3arc","1",3.95750708215297,"treat_all",0.81,-3.19853051431999,0,3
"1-3arc","1",3.95750708215297,"treat_all",0.82,-3.43178220955999,0,3
"1-3arc","1",3.95750708215297,"treat_all",0.83,-3.69247528071058,0,3
"1-3arc","1",3.95750708215297,"treat_all",0.84,-3.98575498575499,0,3
"1-3arc","1",3.95750708215297,"treat_all",0.85,-4.31813865147198,0,3
"1-3arc","1",3.95750708215297,"treat_all",0.86,-4.6980056980057,0,3
"1-3arc","1",3.95750708215297,"treat_all",0.87,-5.13631382862152,0,3
"1-3arc","1",3.95750708215297,"treat_all",0.88,-5.64767331433998,0,3
"1-3arc","1",3.95750708215297,"treat_all",0.89,-6.25200725200725,0,3
"1-3arc","1",3.95750708215297,"treat_all",0.9,-6.97720797720798,0,3
"1-3arc","1",3.95750708215297,"treat_all",0.91,-7.86356441911998,0,3
"1-3arc","1",3.95750708215297,"treat_all",0.92,-8.97150997150998,0,3
"1-3arc","1",3.95750708215297,"treat_all",0.93,-10.3960113960114,0,3
"1-3arc","1",3.95750708215297,"treat_all",0.94,-12.29534662868,0,3
"1-3arc","1",3.95750708215297,"treat_all",0.95,-14.954415954416,0,3
"1-3arc","1",3.95750708215297,"treat_all",0.96,-18.94301994302,0,3
"1-3arc","1",3.95750708215297,"treat_all",0.97,-25.5906932573599,0,3
"1-3arc","1",3.95750708215297,"treat_all",0.98,-38.8860398860399,0,3
"1-3arc","1",3.95750708215297,"treat_all",0.99,-78.7720797720797,0,3
"1-3arc","1",3.95750708215297,"treat_none",0.01,0,0,3
"1-3arc","1",3.95750708215297,"treat_none",0.02,0,0,3
"1-3arc","1",3.95750708215297,"treat_none",0.03,0,0,3
"1-3arc","1",3.95750708215297,"treat_none",0.04,0,0,3
"1-3arc","1",3.95750708215297,"treat_none",0.05,0,0,3
"1-3arc","1",3.95750708215297,"treat_none",0.06,0,0,3
"1-3arc","1",3.95750708215297,"treat_none",0.07,0,0,3
"1-3arc","1",3.95750708215297,"treat_none",0.08,0,0,3
"1-3arc","1",3.95750708215297,"treat_none",0.09,0,0,3
"1-3arc","1",3.95750708215297,"treat_none",0.1,0,0,3
"1-3arc","1",3.95750708215297,"treat_none",0.11,0,0,3
"1-3arc","1",3.95750708215297,"treat_none",0.12,0,0,3
"1-3arc","1",3.95750708215297,"treat_none",0.13,0,0,3
"1-3arc","1",3.95750708215297,"treat_none",0.14,0,0,3
"1-3arc","1",3.95750708215297,"treat_none",0.15,0,0,3
"1-3arc","1",3.95750708215297,"treat_none",0.16,0,0,3
"1-3arc","1",3.95750708215297,"treat_none",0.17,0,0,3
"1-3arc","1",3.95750708215297,"treat_none",0.18,0,0,3
"1-3arc","1",3.95750708215297,"treat_none",0.19,0,0,3
"1-3arc","1",3.95750708215297,"treat_none",0.2,0,0,3
"1-3arc","1",3.95750708215297,"treat_none",0.21,0,0,3
"1-3arc","1",3.95750708215297,"treat_none",0.22,0,0,3
"1-3arc","1",3.95750708215297,"treat_none",0.23,0,0,3
"1-3arc","1",3.95750708215297,"treat_none",0.24,0,0,3
"1-3arc","1",3.95750708215297,"treat_none",0.25,0,0,3
"1-3arc","1",3.95750708215297,"treat_none",0.26,0,0,3
"1-3arc","1",3.95750708215297,"treat_none",0.27,0,0,3
"1-3arc","1",3.95750708215297,"treat_none",0.28,0,0,3
"1-3arc","1",3.95750708215297,"treat_none",0.29,0,0,3
"1-3arc","1",3.95750708215297,"treat_none",0.3,0,0,3
"1-3arc","1",3.95750708215297,"treat_none",0.31,0,0,3
"1-3arc","1",3.95750708215297,"treat_none",0.32,0,0,3
"1-3arc","1",3.95750708215297,"treat_none",0.33,0,0,3
"1-3arc","1",3.95750708215297,"treat_none",0.34,0,0,3
"1-3arc","1",3.95750708215297,"treat_none",0.35,0,0,3
"1-3arc","1",3.95750708215297,"treat_none",0.36,0,0,3
"1-3arc","1",3.95750708215297,"treat_none",0.37,0,0,3
"1-3arc","1",3.95750708215297,"treat_none",0.38,0,0,3
"1-3arc","1",3.95750708215297,"treat_none",0.39,0,0,3
"1-3arc","1",3.95750708215297,"treat_none",0.4,0,0,3
"1-3arc","1",3.95750708215297,"treat_none",0.41,0,0,3
"1-3arc","1",3.95750708215297,"treat_none",0.42,0,0,3
"1-3arc","1",3.95750708215297,"treat_none",0.43,0,0,3
"1-3arc","1",3.95750708215297,"treat_none",0.44,0,0,3
"1-3arc","1",3.95750708215297,"treat_none",0.45,0,0,3
"1-3arc","1",3.95750708215297,"treat_none",0.46,0,0,3
"1-3arc","1",3.95750708215297,"treat_none",0.47,0,0,3
"1-3arc","1",3.95750708215297,"treat_none",0.48,0,0,3
"1-3arc","1",3.95750708215297,"treat_none",0.49,0,0,3
"1-3arc","1",3.95750708215297,"treat_none",0.5,0,0,3
"1-3arc","1",3.95750708215297,"treat_none",0.51,0,0,3
"1-3arc","1",3.95750708215297,"treat_none",0.52,0,0,3
"1-3arc","1",3.95750708215297,"treat_none",0.53,0,0,3
"1-3arc","1",3.95750708215297,"treat_none",0.54,0,0,3
"1-3arc","1",3.95750708215297,"treat_none",0.55,0,0,3
"1-3arc","1",3.95750708215297,"treat_none",0.56,0,0,3
"1-3arc","1",3.95750708215297,"treat_none",0.57,0,0,3
"1-3arc","1",3.95750708215297,"treat_none",0.58,0,0,3
"1-3arc","1",3.95750708215297,"treat_none",0.59,0,0,3
"1-3arc","1",3.95750708215297,"treat_none",0.6,0,0,3
"1-3arc","1",3.95750708215297,"treat_none",0.61,0,0,3
"1-3arc","1",3.95750708215297,"treat_none",0.62,0,0,3
"1-3arc","1",3.95750708215297,"treat_none",0.63,0,0,3
"1-3arc","1",3.95750708215297,"treat_none",0.64,0,0,3
"1-3arc","1",3.95750708215297,"treat_none",0.65,0,0,3
"1-3arc","1",3.95750708215297,"treat_none",0.66,0,0,3
"1-3arc","1",3.95750708215297,"treat_none",0.67,0,0,3
"1-3arc","1",3.95750708215297,"treat_none",0.68,0,0,3
"1-3arc","1",3.95750708215297,"treat_none",0.69,0,0,3
"1-3arc","1",3.95750708215297,"treat_none",0.7,0,0,3
"1-3arc","1",3.95750708215297,"treat_none",0.71,0,0,3
"1-3arc","1",3.95750708215297,"treat_none",0.72,0,0,3
"1-3arc","1",3.95750708215297,"treat_none",0.73,0,0,3
"1-3arc","1",3.95750708215297,"treat_none",0.74,0,0,3
"1-3arc","1",3.95750708215297,"treat_none",0.75,0,0,3
"1-3arc","1",3.95750708215297,"treat_none",0.76,0,0,3
"1-3arc","1",3.95750708215297,"treat_none",0.77,0,0,3
"1-3arc","1",3.95750708215297,"treat_none",0.78,0,0,3
"1-3arc","1",3.95750708215297,"treat_none",0.79,0,0,3
"1-3arc","1",3.95750708215297,"treat_none",0.8,0,0,3
"1-3arc","1",3.95750708215297,"treat_none",0.81,0,0,3
"1-3arc","1",3.95750708215297,"treat_none",0.82,0,0,3
"1-3arc","1",3.95750708215297,"treat_none",0.83,0,0,3
"1-3arc","1",3.95750708215297,"treat_none",0.84,0,0,3
"1-3arc","1",3.95750708215297,"treat_none",0.85,0,0,3
"1-3arc","1",3.95750708215297,"treat_none",0.86,0,0,3
"1-3arc","1",3.95750708215297,"treat_none",0.87,0,0,3
"1-3arc","1",3.95750708215297,"treat_none",0.88,0,0,3
"1-3arc","1",3.95750708215297,"treat_none",0.89,0,0,3
"1-3arc","1",3.95750708215297,"treat_none",0.9,0,0,3
"1-3arc","1",3.95750708215297,"treat_none",0.91,0,0,3
"1-3arc","1",3.95750708215297,"treat_none",0.92,0,0,3
"1-3arc","1",3.95750708215297,"treat_none",0.93,0,0,3
"1-3arc","1",3.95750708215297,"treat_none",0.94,0,0,3
"1-3arc","1",3.95750708215297,"treat_none",0.95,0,0,3
"1-3arc","1",3.95750708215297,"treat_none",0.96,0,0,3
"1-3arc","1",3.95750708215297,"treat_none",0.97,0,0,3
"1-3arc","1",3.95750708215297,"treat_none",0.98,0,0,3
"1-3arc","1",3.95750708215297,"treat_none",0.99,0,0,3
"1arc","1",1,"model",0.01,0.496585248393354,0.019136969548949,13
"1arc","1",1,"model",0.02,0.492175872694878,0.0204243738771964,13
"1arc","1",1,"model",0.03,0.488575870878844,0.020491385061993,13
"1arc","1",1,"model",0.04,0.483554063433642,0.0202690173726294,13
"1arc","1",1,"model",0.05,0.479270634289144,0.0193014975008384,13
"1arc","1",1,"model",0.06,0.475148235741744,0.0190510614188145,13
"1arc","1",1,"model",0.07,0.471692428571742,0.0192343588423871,13
"1arc","1",1,"model",0.08,0.469321131898944,0.01868516405883,13
"1arc","1",1,"model",0.09,0.467053544763235,0.0191456134149256,13
"1arc","1",1,"model",0.1,0.463360454243913,0.0227886843662954,13
"1arc","1",1,"model",0.11,0.463013069754881,0.0209482235977029,13
"1arc","1",1,"model",0.12,0.461696787718041,0.0210306169606588,13
"1arc","1",1,"model",0.13,0.459273580152238,0.0210185952470103,13
"1arc","1",1,"model",0.14,0.458913528775015,0.0209878274730897,13
"1arc","1",1,"model",0.15,0.457646653849862,0.0240222001527818,13
"1arc","1",1,"model",0.16,0.455409411022527,0.022787765842967,13
"1arc","1",1,"model",0.17,0.453652247256384,0.0239934628183806,13
"1arc","1",1,"model",0.18,0.452818857920098,0.0236788925416461,13
"1arc","1",1,"model",0.19,0.44939485524192,0.0241650595058521,13
"1arc","1",1,"model",0.2,0.448836764877933,0.0238448185990088,13
"1arc","1",1,"model",0.21,0.448174229260842,0.0250669212770867,13
"1arc","1",1,"model",0.22,0.447631714523487,0.0245352511125557,13
"1arc","1",1,"model",0.23,0.446951679340422,0.0260286054978138,13
"1arc","1",1,"model",0.24,0.446758990724888,0.0256151581479593,13
"1arc","1",1,"model",0.25,0.444278575827342,0.024917691949254,13
"1arc","1",1,"model",0.26,0.438497728029303,0.0249805969600521,13
"1arc","1",1,"model",0.27,0.43845774327575,0.0260933683053892,13
"1arc","1",1,"model",0.28,0.434392092779462,0.027121281137515,13
"1arc","1",1,"model",0.29,0.430488851134535,0.0299219746824218,13
"1arc","1",1,"model",0.3,0.425782638504851,0.0328743536832808,13
"1arc","1",1,"model",0.31,0.424244492926534,0.0351640299173392,13
"1arc","1",1,"model",0.32,0.423056300725467,0.0360612807828317,13
"1arc","1",1,"model",0.33,0.421845998236325,0.0380817013463246,13
"1arc","1",1,"model",0.34,0.418302342509711,0.040409419030875,13
"1arc","1",1,"model",0.35,0.413873481494814,0.0406542403251287,13
"1arc","1",1,"model",0.36,0.408252360781706,0.0449991799123708,13
"1arc","1",1,"model",0.37,0.406818713411529,0.0471611049636822,13
"1arc","1",1,"model",0.38,0.404988717836345,0.0508762804211184,13
"1arc","1",1,"model",0.39,0.398589357953855,0.0555060250569247,13
"1arc","1",1,"model",0.4,0.395488937554685,0.0603280844593194,13
"1arc","1",1,"model",0.41,0.389595691780789,0.0625250915653936,13
"1arc","1",1,"model",0.42,0.381984832128133,0.0618968931844274,13
"1arc","1",1,"model",0.43,0.37792496821221,0.0644055454496473,13
"1arc","1",1,"model",0.44,0.375159535055515,0.0651890825680961,13
"1arc","1",1,"model",0.45,0.371897646696393,0.066121747615598,13
"1arc","1",1,"model",0.46,0.364955006801608,0.0695264513400337,13
"1arc","1",1,"model",0.47,0.359119435290325,0.0728347245901288,13
"1arc","1",1,"model",0.48,0.35526406131959,0.074262891179852,13
"1arc","1",1,"model",0.49,0.350067611302486,0.0772042779316404,13
"1arc","1",1,"model",0.5,0.343045413701728,0.0761594192941312,13
"1arc","1",1,"model",0.51,0.334133992127102,0.0785203239754092,13
"1arc","1",1,"model",0.52,0.328464655181631,0.0771870117730405,13
"1arc","1",1,"model",0.53,0.320503226935469,0.0753213560630625,13
"1arc","1",1,"model",0.54,0.309812358431207,0.0731571890816818,13
"1arc","1",1,"model",0.55,0.295562661792919,0.0785657433463929,13
"1arc","1",1,"model",0.56,0.289918034135585,0.0803239425972849,13
"1arc","1",1,"model",0.57,0.28118924751927,0.079474030872785,13
"1arc","1",1,"model",0.58,0.27570493695953,0.0815534206281856,13
"1arc","1",1,"model",0.59,0.268793819011366,0.0792302130719931,13
"1arc","1",1,"model",0.6,0.256901838483135,0.0846171305454133,13
"1arc","1",1,"model",0.61,0.246352459295745,0.0843445772207656,13
"1arc","1",1,"model",0.62,0.237727170752548,0.0842044635305984,13
"1arc","1",1,"model",0.63,0.229080577892556,0.086923133544026,13
"1arc","1",1,"model",0.64,0.219707453846148,0.0905902658038547,13
"1arc","1",1,"model",0.65,0.207393717169406,0.0973286299853442,13
"1arc","1",1,"model",0.66,0.19804081483698,0.100361217033342,13
"1arc","1",1,"model",0.67,0.185510400026595,0.101415361070325,13
"1arc","1",1,"model",0.68,0.178655644007324,0.104858267465717,13
"1arc","1",1,"model",0.69,0.169964712628778,0.103758663727392,13
"1arc","1",1,"model",0.7,0.164997342406697,0.103298372629756,13
"1arc","1",1,"model",0.71,0.156250088459705,0.103353551184966,13
"1arc","1",1,"model",0.72,0.149494719599654,0.103751800334419,13
"1arc","1",1,"model",0.73,0.14323697688195,0.103937993897885,13
"1arc","1",1,"model",0.74,0.132705731431155,0.106340936419966,13
"1arc","1",1,"model",0.75,0.12327186989992,0.105027611064748,13
"1arc","1",1,"model",0.76,0.113302333050207,0.105206747600319,13
"1arc","1",1,"model",0.77,0.102091000154882,0.102337743751028,13
"1arc","1",1,"model",0.78,0.0921910759220803,0.0978823672523607,13
"1arc","1",1,"model",0.79,0.0827065886030598,0.0932437789230617,13
"1arc","1",1,"model",0.8,0.075729990498048,0.0931148443022547,13
"1arc","1",1,"model",0.81,0.0694338178690418,0.0897824115647041,13
"1arc","1",1,"model",0.82,0.0650864921540182,0.0885807376653715,13
"1arc","1",1,"model",0.83,0.060813512828524,0.0840429752134274,13
"1arc","1",1,"model",0.84,0.0514080428989708,0.081585038506426,13
"1arc","1",1,"model",0.85,0.0462752587101418,0.0799023226278266,13
"1arc","1",1,"model",0.86,0.0383583888789029,0.0688554257400618,13
"1arc","1",1,"model",0.87,0.030441773305482,0.0577575324288125,13
"1arc","1",1,"model",0.88,0.0262092594410677,0.0497886806784232,13
"1arc","1",1,"model",0.89,0.0208250510525625,0.038506219127264,13
"1arc","1",1,"model",0.9,0.0147726692158302,0.0263249428503216,13
"1arc","1",1,"model",0.91,0.0105598527016299,0.0191559630659799,13
"1arc","1",1,"model",0.92,0.00756371165544569,0.0160970551556115,13
"1arc","1",1,"model",0.93,0.00698534265602406,0.0153379905368313,13
"1arc","1",1,"model",0.94,0.00502335480061928,0.0109472582057061,13
"1arc","1",1,"model",0.95,0.0026525198938992,0.00956379648664188,13
"1arc","1",1,"model",0.96,0.0019893899204244,0.00717284736498141,13
"1arc","1",1,"model",0.97,0.0019893899204244,0.00717284736498141,13
"1arc","1",1,"model",0.98,0.0013262599469496,0.00478189824332094,13
"1arc","1",1,"model",0.99,0,0,13
"1arc","1",1,"treat_all",0.01,0.495936804477668,0.0190568736775492,13
"1arc","1",1,"treat_all",0.02,0.490793302482542,0.0192513315722181,13
"1arc","1",1,"treat_all",0.03,0.485543748899888,0.0194497989080142,13
"1arc","1",1,"treat_all",0.04,0.480184829617595,0.0196524009799727,13
"1arc","1",1,"treat_all",0.05,0.47471309098199,0.0198592683587092,13
"1arc","1",1,"treat_all",0.06,0.469124932375416,0.0200705371710359,13
"1arc","1",1,"treat_all",0.07,0.463416598314936,0.0202863493986814,13
"1arc","1",1,"treat_all",0.08,0.457584170035751,0.0205068531964932,13
"1arc","1",1,"treat_all",0.09,0.45162355651966,0.0207322032316195,13
"1arc","1",1,"treat_all",0.1,0.445530484925434,0.0209625610453042,13
"1arc","1",1,"treat_all",0.11,0.439300490374035,0.0211980954390716,13
"1arc","1",1,"treat_all",0.12,0.432928905037376,0.0214389828872429,13
"1arc","1",1,"treat_all",0.13,0.426410846474587,0.0216854079779009,13
"1arc","1",1,"treat_all",0.14,0.419741205154524,0.0219375638846206,13
"1arc","1",1,"treat_all",0.15,0.412914631097519,0.0221956528714985,13
"1arc","1",1,"treat_all",0.16,0.405925519562965,0.0224598868342545,13
"1arc","1",1,"treat_all",0.17,0.398767995702278,0.0227304878804503,13
"1arc","1",1,"treat_all",0.18,0.391435898088891,0.0230076889521631,13
"1arc","1",1,"treat_all",0.19,0.38392276102826,0.0232917344947824,13
"1arc","1",1,"treat_all",0.2,0.376221795541114,0.0235828811759672,13
"1arc","1",1,"treat_all",0.21,0.368325868902394,0.0238813986592073,13
"1arc","1",1,"treat_all",0.22,0.36022748260627,0.0241875704368894,13
"1arc","1",1,"treat_all",0.23,0.351918748614144,0.0245016947282776,13
"1arc","1",1,"treat_all",0.24,0.343391363727488,0.0248240854483865,13
"1arc","1",1,"treat_all",0.25,0.334636581910521,0.025155073254365,13
"1arc","1",1,"treat_all",0.26,0.325645184368771,0.0254950066767213,13
"1arc","1",1,"treat_all",0.27,0.316407447168344,0.0258442533435257,13
"1arc","1",1,"treat_all",0.28,0.306913106156793,0.0262032013066302,13
"1arc","1",1,"treat_all",0.29,0.297151318919565,0.026572260479963,13
"1arc","1",1,"treat_all",0.3,0.287110623475558,0.0269518642011053,13
"1arc","1",1,"treat_all",0.31,0.276778893381001,0.0273424709286576,13
"1arc","1",1,"treat_all",0.32,0.266143288871898,0.0277445660893732,13
"1arc","1",1,"treat_all",0.33,0.25519020363118,0.0281586640907071,13
"1arc","1",1,"treat_all",0.34,0.243905206716501,0.0285853105163239,13
"1arc","1",1,"treat_all",0.35,0.232272979127524,0.0290250845242673,13
"1arc","1",1,"treat_all",0.36,0.220277244426392,0.029478601469959,13
"1arc","1",1,"treat_all",0.37,0.207900692750621,0.0299465157790059,13
"1arc","1",1,"treat_all",0.38,0.195124897472405,0.0304295240980222,13
"1arc","1",1,"treat_all",0.39,0.181930223660477,0.0309283687553668,13
"1arc","1",1,"treat_all",0.4,0.168295727388151,0.0314438415679562,13
"1arc","1",1,"treat_all",0.41,0.15419904480151,0.0319767880352097,13
"1arc","1",1,"treat_all",0.42,0.139616269711881,0.0325281119668513,13
"1arc","1",1,"treat_all",0.43,0.124521818303317,0.0330987805978487,13
"1arc","1",1,"treat_all",0.44,0.108888279344448,0.0336898302513817,13
"1arc","1",1,"treat_all",0.45,0.0926862480598017,0.0343023726195886,13
"1arc","1",1,"treat_all",0.46,0.0758841415423906,0.0349376017421736,13
"1arc","1",1,"treat_all",0.47,0.0584479932696055,0.0355968017750448,13
"1arc","1",1,"treat_all",0.48,0.0403412239094056,0.0362813556553341,13
"1arc","1",1,"treat_all",0.49,0.0215243851625312,0.0369927547858309,13
"1arc","1",1,"treat_all",0.5,0.00195487286578184,0.0377326098815475,13
"1arc","1",1,"treat_all",0.51,-0.0184133950349165,0.0385026631444362,13
"1arc","1",1,"treat_all",0.52,-0.0396303407648107,0.0393048019599453,13
"1arc","1",1,"treat_all",0.53,-0.0617501352491683,0.0401410743420718,13
"1arc","1",1,"treat_all",0.54,-0.0848316599284981,0.0410137063929864,13
"1arc","1",1,"treat_all",0.55,-0.108939030149131,0.0419251220906083,13
"1arc","1",1,"treat_all",0.56,-0.134142189925248,0.0428779657744858,13
"1arc","1",1,"treat_all",0.57,-0.160517589690952,0.0438751277692413,13
"1arc","1",1,"treat_all",0.58,-0.188148960874069,0.0449197736685089,13
"1arc","1",1,"treat_all",0.59,-0.217128203822217,0.0460153779043262,13
"1arc","1",1,"treat_all",0.6,-0.247556408917773,0.0471657623519343,13
"1arc","1",1,"treat_all",0.61,-0.279545034787459,0.0483751408737789,13
"1arc","1",1,"treat_all",0.62,-0.313217272545024,0.049648170896773,13
"1arc","1",1,"treat_all",0.63,-0.348709631262457,0.0509900133534425,13
"1arc","1",1,"treat_all",0.64,-0.386173787686414,0.0524064026132604,13
"1arc","1",1,"treat_all",0.65,-0.425778753048883,0.0539037284022107,13
"1arc","1",1,"treat_all",0.66,-0.467713422256203,0.0554891321787463,13
"1arc","1",1,"treat_all",0.67,-0.512189586566997,0.0571706210326477,13
"1arc","1",1,"treat_all",0.68,-0.559445511147216,0.058957202939918,13
"1arc","1",1,"treat_all",0.69,-0.609750205055191,0.0608590481960444,13
"1arc","1",1,"treat_all",0.7,-0.663408545223697,0.0628876831359125,13
"1arc","1",1,"treat_all",0.71,-0.720767460576239,0.0650562239337026,13
"1arc","1",1,"treat_all",0.72,-0.782223441311104,0.0673796605027634,13
"1arc","1",1,"treat_all",0.73,-0.848231716915219,0.0698752034843472,13
"1arc","1",1,"treat_all",0.74,-0.919317552181189,0.0725627113106682,13
"1arc","1",1,"treat_all",0.75,-0.996090254268436,0.075465219763095,13
"1arc","1",1,"treat_all",0.76,-1.07926068152962,0.0786096039198906,13
"1arc","1",1,"treat_all",0.77,-1.169663319857,0.0820274127859728,13
"1arc","1",1,"treat_all",0.78,-1.2682843798505,0.0857559315489715,13
"1arc","1",1,"treat_all",0.79,-1.37629792174814,0.0898395473370179,13
"1arc","1",1,"treat_all",0.8,-1.49511281783555,0.0943315247038687,13
"1arc","1",1,"treat_all",0.81,-1.62643454509005,0.0992963417935461,13
"1arc","1",1,"treat_all",0.82,-1.77234757537283,0.104812805226521,13
"1arc","1",1,"treat_all",0.83,-1.93542684451241,0.110978264357493,13
"1arc","1",1,"treat_all",0.84,-2.11889102229443,0.117914405879836,13
"1arc","1",1,"treat_all",0.85,-2.32681709044739,0.125775366271825,13
"1arc","1",1,"treat_all",0.86,-2.56444688262221,0.134759321005527,13
"1arc","1",1,"treat_all",0.87,-2.83863510436238,0.145125422621337,13
"1arc","1",1,"treat_all",0.88,-3.15852136305924,0.157219207839781,13
"1arc","1",1,"treat_all",0.89,-3.53656875970099,0.171511863097943,13
"1arc","1",1,"treat_all",0.9,-3.99022563567109,0.188663049407737,13
"1arc","1",1,"treat_all",0.91,-4.54469515074566,0.209625610453042,13
"1arc","1",1,"treat_all",0.92,-5.23778204458887,0.235828811759672,13
"1arc","1",1,"treat_all",0.93,-6.12889376524442,0.269518642011054,13
"1arc","1",1,"treat_all",0.94,-7.31704272611849,0.314438415679563,13
"1arc","1",1,"treat_all",0.95,-8.9804512713422,0.377326098815475,13
"1arc","1",1,"treat_all",0.96,-11.4755640891777,0.471657623519345,13
"1arc","1",1,"treat_all",0.97,-15.634085452237,0.628876831359125,13
"1arc","1",1,"treat_all",0.98,-23.9511281783554,0.943315247038687,13
"1arc","1",1,"treat_all",0.99,-48.9022563567109,1.88663049407737,13
"1arc","1",1,"treat_none",0.01,0,0,13
"1arc","1",1,"treat_none",0.02,0,0,13
"1arc","1",1,"treat_none",0.03,0,0,13
"1arc","1",1,"treat_none",0.04,0,0,13
"1arc","1",1,"treat_none",0.05,0,0,13
"1arc","1",1,"treat_none",0.06,0,0,13
"1arc","1",1,"treat_none",0.07,0,0,13
"1arc","1",1,"treat_none",0.08,0,0,13
"1arc","1",1,"treat_none",0.09,0,0,13
"1arc","1",1,"treat_none",0.1,0,0,13
"1arc","1",1,"treat_none",0.11,0,0,13
"1arc","1",1,"treat_none",0.12,0,0,13
"1arc","1",1,"treat_none",0.13,0,0,13
"1arc","1",1,"treat_none",0.14,0,0,13
"1arc","1",1,"treat_none",0.15,0,0,13
"1arc","1",1,"treat_none",0.16,0,0,13
"1arc","1",1,"treat_none",0.17,0,0,13
"1arc","1",1,"treat_none",0.18,0,0,13
"1arc","1",1,"treat_none",0.19,0,0,13
"1arc","1",1,"treat_none",0.2,0,0,13
"1arc","1",1,"treat_none",0.21,0,0,13
"1arc","1",1,"treat_none",0.22,0,0,13
"1arc","1",1,"treat_none",0.23,0,0,13
"1arc","1",1,"treat_none",0.24,0,0,13
"1arc","1",1,"treat_none",0.25,0,0,13
"1arc","1",1,"treat_none",0.26,0,0,13
"1arc","1",1,"treat_none",0.27,0,0,13
"1arc","1",1,"treat_none",0.28,0,0,13
"1arc","1",1,"treat_none",0.29,0,0,13
"1arc","1",1,"treat_none",0.3,0,0,13
"1arc","1",1,"treat_none",0.31,0,0,13
"1arc","1",1,"treat_none",0.32,0,0,13
"1arc","1",1,"treat_none",0.33,0,0,13
"1arc","1",1,"treat_none",0.34,0,0,13
"1arc","1",1,"treat_none",0.35,0,0,13
"1arc","1",1,"treat_none",0.36,0,0,13
"1arc","1",1,"treat_none",0.37,0,0,13
"1arc","1",1,"treat_none",0.38,0,0,13
"1arc","1",1,"treat_none",0.39,0,0,13
"1arc","1",1,"treat_none",0.4,0,0,13
"1arc","1",1,"treat_none",0.41,0,0,13
"1arc","1",1,"treat_none",0.42,0,0,13
"1arc","1",1,"treat_none",0.43,0,0,13
"1arc","1",1,"treat_none",0.44,0,0,13
"1arc","1",1,"treat_none",0.45,0,0,13
"1arc","1",1,"treat_none",0.46,0,0,13
"1arc","1",1,"treat_none",0.47,0,0,13
"1arc","1",1,"treat_none",0.48,0,0,13
"1arc","1",1,"treat_none",0.49,0,0,13
"1arc","1",1,"treat_none",0.5,0,0,13
"1arc","1",1,"treat_none",0.51,0,0,13
"1arc","1",1,"treat_none",0.52,0,0,13
"1arc","1",1,"treat_none",0.53,0,0,13
"1arc","1",1,"treat_none",0.54,0,0,13
"1arc","1",1,"treat_none",0.55,0,0,13
"1arc","1",1,"treat_none",0.56,0,0,13
"1arc","1",1,"treat_none",0.57,0,0,13
"1arc","1",1,"treat_none",0.58,0,0,13
"1arc","1",1,"treat_none",0.59,0,0,13
"1arc","1",1,"treat_none",0.6,0,0,13
"1arc","1",1,"treat_none",0.61,0,0,13
"1arc","1",1,"treat_none",0.62,0,0,13
"1arc","1",1,"treat_none",0.63,0,0,13
"1arc","1",1,"treat_none",0.64,0,0,13
"1arc","1",1,"treat_none",0.65,0,0,13
"1arc","1",1,"treat_none",0.66,0,0,13
"1arc","1",1,"treat_none",0.67,0,0,13
"1arc","1",1,"treat_none",0.68,0,0,13
"1arc","1",1,"treat_none",0.69,0,0,13
"1arc","1",1,"treat_none",0.7,0,0,13
"1arc","1",1,"treat_none",0.71,0,0,13
"1arc","1",1,"treat_none",0.72,0,0,13
"1arc","1",1,"treat_none",0.73,0,0,13
"1arc","1",1,"treat_none",0.74,0,0,13
"1arc","1",1,"treat_none",0.75,0,0,13
"1arc","1",1,"treat_none",0.76,0,0,13
"1arc","1",1,"treat_none",0.77,0,0,13
"1arc","1",1,"treat_none",0.78,0,0,13
"1arc","1",1,"treat_none",0.79,0,0,13
"1arc","1",1,"treat_none",0.8,0,0,13
"1arc","1",1,"treat_none",0.81,0,0,13
"1arc","1",1,"treat_none",0.82,0,0,13
"1arc","1",1,"treat_none",0.83,0,0,13
"1arc","1",1,"treat_none",0.84,0,0,13
"1arc","1",1,"treat_none",0.85,0,0,13
"1arc","1",1,"treat_none",0.86,0,0,13
"1arc","1",1,"treat_none",0.87,0,0,13
"1arc","1",1,"treat_none",0.88,0,0,13
"1arc","1",1,"treat_none",0.89,0,0,13
"1arc","1",1,"treat_none",0.9,0,0,13
"1arc","1",1,"treat_none",0.91,0,0,13
"1arc","1",1,"treat_none",0.92,0,0,13
"1arc","1",1,"treat_none",0.93,0,0,13
"1arc","1",1,"treat_none",0.94,0,0,13
"1arc","1",1,"treat_none",0.95,0,0,13
"1arc","1",1,"treat_none",0.96,0,0,13
"1arc","1",1,"treat_none",0.97,0,0,13
"1arc","1",1,"treat_none",0.98,0,0,13
"1arc","1",1,"treat_none",0.99,0,0,13
"1arc","1",1.25,"model",0.01,0.439627300620162,0.0121089713117858,5
"1arc","1",1.25,"model",0.02,0.434216522285891,0.0126956658341642,5
"1arc","1",1.25,"model",0.03,0.430768019575395,0.012398544290014,5
"1arc","1",1.25,"model",0.04,0.423269752275268,0.0105059545328834,5
"1arc","1",1.25,"model",0.05,0.420732776337134,0.0101225952896524,5
"1arc","1",1.25,"model",0.06,0.412889574285877,0.00793767859128756,5
"1arc","1",1.25,"model",0.07,0.409435387180672,0.00990240349881914,5
"1arc","1",1.25,"model",0.08,0.405858588551927,0.0115341740201659,5
"1arc","1",1.25,"model",0.09,0.402832916739186,0.0123121617086146,5
"1arc","1",1.25,"model",0.1,0.401377965174201,0.0114934588173778,5
"1arc","1",1.25,"model",0.11,0.399568516777319,0.0125941724071649,5
"1arc","1",1.25,"model",0.12,0.397681711343147,0.0104803312282371,5
"1arc","1",1.25,"model",0.13,0.394468095796387,0.0115448711350109,5
"1arc","1",1.25,"model",0.14,0.390142557089269,0.0154122089796133,5
"1arc","1",1.25,"model",0.15,0.389396629505802,0.0209358785533279,5
"1arc","1",1.25,"model",0.16,0.388774779498799,0.020747788612709,5
"1arc","1",1.25,"model",0.17,0.390639938052039,0.0201855337328255,5
"1arc","1",1.25,"model",0.18,0.390691642550746,0.0229106482483627,5
"1arc","1",1.25,"model",0.19,0.390817061980808,0.0273182039192574,5
"1arc","1",1.25,"model",0.2,0.38874415979867,0.0302495417208894,5
"1arc","1",1.25,"model",0.21,0.387517472847975,0.0355695121939773,5
"1arc","1",1.25,"model",0.22,0.3867463769141,0.0357152791649542,5
"1arc","1",1.25,"model",0.23,0.387023734333038,0.0383352174362141,5
"1arc","1",1.25,"model",0.24,0.389893730596282,0.0397134133567362,5
"1arc","1",1.25,"model",0.25,0.390788440775462,0.0410105349614189,5
"1arc","1",1.25,"model",0.26,0.389459993502823,0.0440115484010873,5
"1arc","1",1.25,"model",0.27,0.390657102106615,0.0445604589198818,5
"1arc","1",1.25,"model",0.28,0.390557276381417,0.0455450952091424,5
"1arc","1",1.25,"model",0.29,0.386001331203916,0.0481780908378295,5
"1arc","1",1.25,"model",0.3,0.381271148430692,0.0517483055503206,5
"1arc","1",1.25,"model",0.31,0.3774499143043,0.0573392563667746,5
"1arc","1",1.25,"model",0.32,0.375807529112488,0.058350783384117,5
"1arc","1",1.25,"model",0.33,0.371237652678276,0.0588457705293804,5
"1arc","1",1.25,"model",0.34,0.368930207372187,0.0600143654369471,5
"1arc","1",1.25,"model",0.35,0.368730140556128,0.0600524209677413,5
"1arc","1",1.25,"model",0.36,0.363541549435855,0.0582771630622029,5
"1arc","1",1.25,"model",0.37,0.359988755754956,0.0593791618309664,5
"1arc","1",1.25,"model",0.38,0.358443329224556,0.0614743840072256,5
"1arc","1",1.25,"model",0.39,0.354971797881873,0.0603068023523547,5
"1arc","1",1.25,"model",0.4,0.350471025837671,0.0560342253351492,5
"1arc","1",1.25,"model",0.41,0.347096218380328,0.0555435470519173,5
"1arc","1",1.25,"model",0.42,0.334025478649883,0.0499134437184761,5
"1arc","1",1.25,"model",0.43,0.326784760715564,0.051068176865604,5
"1arc","1",1.25,"model",0.44,0.319178279925939,0.0486961806245495,5
"1arc","1",1.25,"model",0.45,0.307552518863356,0.0426682627752599,5
"1arc","1",1.25,"model",0.46,0.301756137246079,0.0457346519610936,5
"1arc","1",1.25,"model",0.47,0.293096771850583,0.0463692388267963,5
"1arc","1",1.25,"model",0.48,0.28444877856299,0.0482876262756694,5
"1arc","1",1.25,"model",0.49,0.27151086650495,0.0444343842587777,5
"1arc","1",1.25,"model",0.5,0.269941602848806,0.0398145639160289,5
"1arc","1",1.25,"model",0.51,0.258460185715215,0.0458480075626644,5
"1arc","1",1.25,"model",0.52,0.251322568843659,0.0489608696577611,5
"1arc","1",1.25,"model",0.53,0.236902725221998,0.0444719779492962,5
"1arc","1",1.25,"model",0.54,0.228306566891901,0.0420215079028378,5
"1arc","1",1.25,"model",0.55,0.216674659971221,0.0407776850545791,5
"1arc","1",1.25,"model",0.56,0.199345145445081,0.0383200238070987,5
"1arc","1",1.25,"model",0.57,0.192113592658693,0.0312699772263426,5
"1arc","1",1.25,"model",0.58,0.182272708904766,0.0275134854733472,5
"1arc","1",1.25,"model",0.59,0.1694093684814,0.0286791191467103,5
"1arc","1",1.25,"model",0.6,0.160705982315327,0.020142837109593,5
"1arc","1",1.25,"model",0.61,0.147718735947159,0.0178436821402048,5
"1arc","1",1.25,"model",0.62,0.139015349781086,0.0109321089796633,5
"1arc","1",1.25,"model",0.63,0.121802329187144,0.0141915070396872,5
"1arc","1",1.25,"model",0.64,0.117461915112791,0.0123665583526987,5
"1arc","1",1.25,"model",0.65,0.113172175002156,0.0099417908235035,5
"1arc","1",1.25,"model",0.66,0.105867390234684,0.0107382256338952,5
"1arc","1",1.25,"model",0.67,0.0957505786448032,0.0151433324002731,5
"1arc","1",1.25,"model",0.68,0.0885190258584159,0.0165286584902452,5
"1arc","1",1.25,"model",0.69,0.0784603002448557,0.0162806306578338,5
"1arc","1",1.25,"model",0.7,0.0756124234839355,0.0161331089263799,5
"1arc","1",1.25,"model",0.71,0.0671102010686696,0.0150473601775178,5
"1arc","1",1.25,"model",0.72,0.0613412155657451,0.0158347586395998,5
"1arc","1",1.25,"model",0.73,0.0613412155657451,0.0158347586395998,5
"1arc","1",1.25,"model",0.74,0.0584500768537109,0.0148818948910738,5
"1arc","1",1.25,"model",0.75,0.0542243026279366,0.0116744767674012,5
"1arc","1",1.25,"model",0.76,0.0485059910887296,0.010559848024815,5
"1arc","1",1.25,"model",0.77,0.0426730397009437,0.0150253688093308,5
"1arc","1",1.25,"model",0.78,0.0340635894497024,0.0172815056625575,5
"1arc","1",1.25,"model",0.79,0.0270106423967553,0.0159379679372763,5
"1arc","1",1.25,"model",0.8,0.0242134395995525,0.0183117369511041,5
"1arc","1",1.25,"model",0.81,0.0184237501628806,0.0161553400379388,5
"1arc","1",1.25,"model",0.82,0.0155758734019604,0.0134874037234072,5
"1arc","1",1.25,"model",0.83,0.0127786706047576,0.012601446522079,5
"1arc","1",1.25,"model",0.84,0.0113500991761861,0.0117519374206672,5
"1arc","1",1.25,"model",0.85,0.00990082381386729,0.0117142477079237,5
"1arc","1",1.25,"model",0.86,0.00850222241526589,0.00915521710274564,5
"1arc","1",1.25,"model",0.87,0.00705294705294705,0.00994334756549437,5
"1arc","1",1.25,"model",0.88,0.00705294705294705,0.00994334756549437,5
"1arc","1",1.25,"model",0.89,0.0041958041958042,0.00938210340209702,5
"1arc","1",1.25,"model",0.9,0.0027972027972028,0.00625473560139801,5
"1arc","1",1.25,"model",0.91,0.0027972027972028,0.00625473560139801,5
"1arc","1",1.25,"model",0.92,0.0013986013986014,0.00312736780069901,5
"1arc","1",1.25,"model",0.93,0.0013986013986014,0.00312736780069901,5
"1arc","1",1.25,"model",0.94,0,0,5
"1arc","1",1.25,"model",0.95,0,0,5
"1arc","1",1.25,"model",0.96,0,0,5
"1arc","1",1.25,"model",0.97,0,0,5
"1arc","1",1.25,"model",0.98,0,0,5
"1arc","1",1.25,"model",0.99,0,0,5
"1arc","1",1.25,"treat_all",0.01,0.438778169590511,0.0123224039911564,5
"1arc","1",1.25,"treat_all",0.02,0.433051416218986,0.0124481428073927,5
"1arc","1",1.25,"treat_all",0.03,0.427206585458357,0.012576474176541,5
"1arc","1",1.25,"treat_all",0.04,0.421239987390215,0.01270747911588,5
"1arc","1",1.25,"treat_all",0.05,0.415147776731164,0.0128412420539419,5
"1arc","1",1.25,"treat_all",0.06,0.40892594456873,0.0129778510119626,5
"1arc","1",1.25,"treat_all",0.07,0.402570309564092,0.0131173977970374,5
"1arc","1",1.25,"treat_all",0.08,0.396076508581093,0.0132599782078748,5
"1arc","1",1.25,"treat_all",0.09,0.389439986697369,0.0134056922541152,5
"1arc","1",1.25,"treat_all",0.1,0.382655986549562,0.013554644390272,5
"1arc","1",1.25,"treat_all",0.11,0.375719536960231,0.0137069437654436,5
"1arc","1",1.25,"treat_all",0.12,0.368625440789325,0.0138627044900509,5
"1arc","1",1.25,"treat_all",0.13,0.361368261947823,0.0140220459209711,5
"1arc","1",1.25,"treat_all",0.14,0.353942311505356,0.0141850929665638,5
"1arc","1",1.25,"treat_all",0.15,0.346341632817183,0.0143519764132292,5
"1arc","1",1.25,"treat_all",0.16,0.338559985588817,0.0145228332752914,5
"1arc","1",1.25,"treat_all",0.17,0.330590828788682,0.0146978071701745,5
"1arc","1",1.25,"treat_all",0.18,0.322427302310495,0.0148770487210303,5
"1arc","1",1.25,"treat_all",0.19,0.314062207277291,0.0150607159891911,5
"1arc","1",1.25,"treat_all",0.2,0.305487984868257,0.015248974939056,5
"1arc","1",1.25,"treat_all",0.21,0.296696693537476,0.0154419999382846,5
"1arc","1",1.25,"treat_all",0.22,0.287679984480264,0.0156399742964677,5
"1arc","1",1.25,"treat_all",0.23,0.2784290751878,0.0158430908457725,5
"1arc","1",1.25,"treat_all",0.24,0.268934720913955,0.0160515525674274,5
"1arc","1",1.25,"treat_all",0.25,0.259187183859475,0.0162655732683264,5
"1arc","1",1.25,"treat_all",0.26,0.249176199857576,0.016485378312493,5
"1arc","1",1.25,"treat_all",0.27,0.238890942321378,0.0167112054126642,5
"1arc","1",1.25,"treat_all",0.28,0.228319983186953,0.01694330548784,5
"1arc","1",1.25,"treat_all",0.29,0.217451250555783,0.0171819435933026,5
"1arc","1",1.25,"treat_all",0.3,0.20627198270658,0.0174273999303498,5
"1arc","1",1.25,"treat_all",0.31,0.194768678108124,0.0176799709438331,5
"1arc","1",1.25,"treat_all",0.32,0.182927041021479,0.0179399705165365,5
"1arc","1",1.25,"treat_all",0.33,0.170731922230755,0.0182077312705147,5
"1arc","1",1.25,"treat_all",0.34,0.158167254385767,0.0184836059867346,5
"1arc","1",1.25,"treat_all",0.35,0.145215981376317,0.0187679691557613,5
"1arc","1",1.25,"treat_all",0.36,0.131859981085322,0.01906121867382,5
"1arc","1",1.25,"treat_all",0.37,0.118079980785089,0.0193637777003886,5
"1arc","1",1.25,"treat_all",0.38,0.103855464346139,0.0196760966955562,5
"1arc","1",1.25,"treat_all",0.39,0.0891645703190261,0.0199986556577784,5
"1arc","1",1.25,"treat_all",0.4,0.0739839798243432,0.020331966585408,5
"1arc","1",1.25,"treat_all",0.41,0.0582887930417049,0.0206765761885506,5
"1arc","1",1.25,"treat_all",0.42,0.0420523929217343,0.0210330688814566,5
"1arc","1",1.25,"treat_all",0.43,0.0252462945519403,0.0214020700899032,5
"1arc","1",1.25,"treat_all",0.44,0.00783997838322486,0.0217842499129372,5
"1arc","1",1.25,"treat_all",0.45,-0.0101992947370801,0.0221803271840815,5
"1arc","1",1.25,"treat_all",0.46,-0.0289066890840631,0.0225910739837867,5
"1arc","1",1.25,"treat_all",0.47,-0.0483200228403662,0.0230173206627261,5
"1arc","1",1.25,"treat_all",0.48,-0.068480023279604,0.0234599614447016,5
"1arc","1",1.25,"treat_all",0.49,-0.0894306119713609,0.0239199606887154,5
"1arc","1",1.25,"treat_all",0.5,-0.111219224210788,0.0243983599024897,5
"1arc","1",1.25,"treat_all",0.51,-0.133897167562029,0.0248962856147853,5
"1arc","1",1.25,"treat_all",0.52,-0.157520025219571,0.02541495823176,5
"1arc","1",1.25,"treat_all",0.53,-0.182148110862541,0.0259557020239252,5
"1arc","1",1.25,"treat_all",0.54,-0.207846982837813,0.0265199564157496,5
"1arc","1",1.25,"treat_all",0.55,-0.234688026900876,0.0271092887805441,5
"1arc","1",1.25,"treat_all",0.56,-0.26274911842135,0.0277254089801019,5
"1arc","1",1.25,"treat_all",0.57,-0.292115376989289,0.0283701859331275,5
"1arc","1",1.25,"treat_all",0.58,-0.322880028822367,0.0290456665505829,5
"1arc","1",1.25,"treat_all",0.59,-0.35514539537901,0.0297540974420606,5
"1arc","1",1.25,"treat_all",0.6,-0.389024030263485,0.0304979498781121,5
"1arc","1",1.25,"treat_all",0.61,-0.424640031039472,0.0312799485929354,5
"1arc","1",1.25,"treat_all",0.62,-0.46213055817209,0.0321031051348548,5
"1arc","1",1.25,"treat_all",0.63,-0.501647600284849,0.032970756624986,5
"1arc","1",1.25,"treat_all",0.64,-0.543360033626095,0.03388661097568,5
"1arc","1",1.25,"treat_all",0.65,-0.58745603458684,0.0348547998606995,5
"1arc","1",1.25,"treat_all",0.66,-0.634145917957041,0.035879941033073,5
"1arc","1",1.25,"treat_all",0.67,-0.683665491228467,0.0369672119734692,5
"1arc","1",1.25,"treat_all",0.68,-0.736280037829357,0.0381224373476401,5
"1arc","1",1.25,"treat_all",0.69,-0.792289071307723,0.0393521933911124,5
"1arc","1",1.25,"treat_all",0.7,-0.852032040351314,0.0406639331708161,5
"1arc","1",1.25,"treat_all",0.71,-0.915895214156532,0.0420661377629131,5
"1arc","1",1.25,"treat_all",0.72,-0.98432004323355,0.0435684998258744,5
"1arc","1",1.25,"treat_all",0.73,-1.05781337816813,0.0451821479675734,5
"1arc","1",1.25,"treat_all",0.74,-1.13696004655921,0.0469199228894032,5
"1arc","1",1.25,"treat_all",0.75,-1.22243844842158,0.0487967198049793,5
"1arc","1",1.25,"treat_all",0.76,-1.31504005043914,0.0508299164635201,5
"1arc","1",1.25,"treat_all",0.77,-1.41569396567563,0.0530399128314993,5
"1arc","1",1.25,"treat_all",0.78,-1.5254982368427,0.0554508179602037,5
"1arc","1",1.25,"treat_all",0.79,-1.64576005764473,0.058091333101166,5
"1arc","1",1.25,"treat_all",0.8,-1.77804806052697,0.0609958997562241,5
"1arc","1",1.25,"treat_all",0.81,-1.92426111634418,0.0642062102697096,5
"1arc","1",1.25,"treat_all",0.82,-2.08672006725219,0.06777322195136,5
"1arc","1",1.25,"treat_all",0.83,-2.26829183591408,0.071759882066146,5
"1arc","1",1.25,"treat_all",0.84,-2.47256007565872,0.0762448746952803,5
"1arc","1",1.25,"treat_all",0.85,-2.70406408070263,0.0813278663416321,5
"1arc","1",1.25,"treat_all",0.86,-2.9686400864671,0.0871369996517487,5
"1arc","1",1.25,"treat_all",0.87,-3.27392009311842,0.0938398457788063,5
"1arc","1",1.25,"treat_all",0.88,-3.63008010087828,0.10165983292704,5
"1arc","1",1.25,"treat_all",0.89,-4.0509964736854,0.110901635920408,5
"1arc","1",1.25,"treat_all",0.9,-4.55609612105394,0.121991799512449,5
"1arc","1",1.25,"treat_all",0.91,-5.17344013450438,0.135546443902721,5
"1arc","1",1.25,"treat_all",0.92,-5.94512015131743,0.152489749390561,5
"1arc","1",1.25,"treat_all",0.93,-6.93728017293421,0.174273999303498,5
"1arc","1",1.25,"treat_all",0.94,-8.26016020175658,0.203319665854081,5
"1arc","1",1.25,"treat_all",0.95,-10.1121922421079,0.243983599024897,5
"1arc","1",1.25,"treat_all",0.96,-12.8902403026349,0.304979498781121,5
"1arc","1",1.25,"treat_all",0.97,-17.5203204035131,0.406639331708161,5
"1arc","1",1.25,"treat_all",0.98,-26.7804806052697,0.609958997562241,5
"1arc","1",1.25,"treat_all",0.99,-54.5609612105394,1.21991799512448,5
"1arc","1",1.25,"treat_none",0.01,0,0,5
"1arc","1",1.25,"treat_none",0.02,0,0,5
"1arc","1",1.25,"treat_none",0.03,0,0,5
"1arc","1",1.25,"treat_none",0.04,0,0,5
"1arc","1",1.25,"treat_none",0.05,0,0,5
"1arc","1",1.25,"treat_none",0.06,0,0,5
"1arc","1",1.25,"treat_none",0.07,0,0,5
"1arc","1",1.25,"treat_none",0.08,0,0,5
"1arc","1",1.25,"treat_none",0.09,0,0,5
"1arc","1",1.25,"treat_none",0.1,0,0,5
"1arc","1",1.25,"treat_none",0.11,0,0,5
"1arc","1",1.25,"treat_none",0.12,0,0,5
"1arc","1",1.25,"treat_none",0.13,0,0,5
"1arc","1",1.25,"treat_none",0.14,0,0,5
"1arc","1",1.25,"treat_none",0.15,0,0,5
"1arc","1",1.25,"treat_none",0.16,0,0,5
"1arc","1",1.25,"treat_none",0.17,0,0,5
"1arc","1",1.25,"treat_none",0.18,0,0,5
"1arc","1",1.25,"treat_none",0.19,0,0,5
"1arc","1",1.25,"treat_none",0.2,0,0,5
"1arc","1",1.25,"treat_none",0.21,0,0,5
"1arc","1",1.25,"treat_none",0.22,0,0,5
"1arc","1",1.25,"treat_none",0.23,0,0,5
"1arc","1",1.25,"treat_none",0.24,0,0,5
"1arc","1",1.25,"treat_none",0.25,0,0,5
"1arc","1",1.25,"treat_none",0.26,0,0,5
"1arc","1",1.25,"treat_none",0.27,0,0,5
"1arc","1",1.25,"treat_none",0.28,0,0,5
"1arc","1",1.25,"treat_none",0.29,0,0,5
"1arc","1",1.25,"treat_none",0.3,0,0,5
"1arc","1",1.25,"treat_none",0.31,0,0,5
"1arc","1",1.25,"treat_none",0.32,0,0,5
"1arc","1",1.25,"treat_none",0.33,0,0,5
"1arc","1",1.25,"treat_none",0.34,0,0,5
"1arc","1",1.25,"treat_none",0.35,0,0,5
"1arc","1",1.25,"treat_none",0.36,0,0,5
"1arc","1",1.25,"treat_none",0.37,0,0,5
"1arc","1",1.25,"treat_none",0.38,0,0,5
"1arc","1",1.25,"treat_none",0.39,0,0,5
"1arc","1",1.25,"treat_none",0.4,0,0,5
"1arc","1",1.25,"treat_none",0.41,0,0,5
"1arc","1",1.25,"treat_none",0.42,0,0,5
"1arc","1",1.25,"treat_none",0.43,0,0,5
"1arc","1",1.25,"treat_none",0.44,0,0,5
"1arc","1",1.25,"treat_none",0.45,0,0,5
"1arc","1",1.25,"treat_none",0.46,0,0,5
"1arc","1",1.25,"treat_none",0.47,0,0,5
"1arc","1",1.25,"treat_none",0.48,0,0,5
"1arc","1",1.25,"treat_none",0.49,0,0,5
"1arc","1",1.25,"treat_none",0.5,0,0,5
"1arc","1",1.25,"treat_none",0.51,0,0,5
"1arc","1",1.25,"treat_none",0.52,0,0,5
"1arc","1",1.25,"treat_none",0.53,0,0,5
"1arc","1",1.25,"treat_none",0.54,0,0,5
"1arc","1",1.25,"treat_none",0.55,0,0,5
"1arc","1",1.25,"treat_none",0.56,0,0,5
"1arc","1",1.25,"treat_none",0.57,0,0,5
"1arc","1",1.25,"treat_none",0.58,0,0,5
"1arc","1",1.25,"treat_none",0.59,0,0,5
"1arc","1",1.25,"treat_none",0.6,0,0,5
"1arc","1",1.25,"treat_none",0.61,0,0,5
"1arc","1",1.25,"treat_none",0.62,0,0,5
"1arc","1",1.25,"treat_none",0.63,0,0,5
"1arc","1",1.25,"treat_none",0.64,0,0,5
"1arc","1",1.25,"treat_none",0.65,0,0,5
"1arc","1",1.25,"treat_none",0.66,0,0,5
"1arc","1",1.25,"treat_none",0.67,0,0,5
"1arc","1",1.25,"treat_none",0.68,0,0,5
"1arc","1",1.25,"treat_none",0.69,0,0,5
"1arc","1",1.25,"treat_none",0.7,0,0,5
"1arc","1",1.25,"treat_none",0.71,0,0,5
"1arc","1",1.25,"treat_none",0.72,0,0,5
"1arc","1",1.25,"treat_none",0.73,0,0,5
"1arc","1",1.25,"treat_none",0.74,0,0,5
"1arc","1",1.25,"treat_none",0.75,0,0,5
"1arc","1",1.25,"treat_none",0.76,0,0,5
"1arc","1",1.25,"treat_none",0.77,0,0,5
"1arc","1",1.25,"treat_none",0.78,0,0,5
"1arc","1",1.25,"treat_none",0.79,0,0,5
"1arc","1",1.25,"treat_none",0.8,0,0,5
"1arc","1",1.25,"treat_none",0.81,0,0,5
"1arc","1",1.25,"treat_none",0.82,0,0,5
"1arc","1",1.25,"treat_none",0.83,0,0,5
"1arc","1",1.25,"treat_none",0.84,0,0,5
"1arc","1",1.25,"treat_none",0.85,0,0,5
"1arc","1",1.25,"treat_none",0.86,0,0,5
"1arc","1",1.25,"treat_none",0.87,0,0,5
"1arc","1",1.25,"treat_none",0.88,0,0,5
"1arc","1",1.25,"treat_none",0.89,0,0,5
"1arc","1",1.25,"treat_none",0.9,0,0,5
"1arc","1",1.25,"treat_none",0.91,0,0,5
"1arc","1",1.25,"treat_none",0.92,0,0,5
"1arc","1",1.25,"treat_none",0.93,0,0,5
"1arc","1",1.25,"treat_none",0.94,0,0,5
"1arc","1",1.25,"treat_none",0.95,0,0,5
"1arc","1",1.25,"treat_none",0.96,0,0,5
"1arc","1",1.25,"treat_none",0.97,0,0,5
"1arc","1",1.25,"treat_none",0.98,0,0,5
"1arc","1",1.25,"treat_none",0.99,0,0,5
"1arc","1",1.5,"model",0.01,0.381153555857113,0.0110721228495803,3
"1arc","1",1.5,"model",0.02,0.375040384046595,0.00852558693581507,3
"1arc","1",1.5,"model",0.03,0.371790953704894,0.00902933596303072,3
"1arc","1",1.5,"model",0.04,0.363214452616626,0.0124402737917105,3
"1arc","1",1.5,"model",0.05,0.361339766259675,0.012584122441672,3
"1arc","1",1.5,"model",0.06,0.355475565651329,0.0097584791013537,3
"1arc","1",1.5,"model",0.07,0.354107811050308,0.0100301088862832,3
"1arc","1",1.5,"model",0.08,0.34724847721067,0.0128600138865985,3
"1arc","1",1.5,"model",0.09,0.347171538977559,0.014439717446413,3
"1arc","1",1.5,"model",0.1,0.346319515160095,0.0164821323044766,3
"1arc","1",1.5,"model",0.11,0.344897424672706,0.0160750221162863,3
"1arc","1",1.5,"model",0.12,0.342654578622958,0.0179314081030208,3
"1arc","1",1.5,"model",0.13,0.343026167014173,0.0172985588860953,3
"1arc","1",1.5,"model",0.14,0.343472160914021,0.0203046727614169,3
"1arc","1",1.5,"model",0.15,0.34450298209889,0.0190306637670536,3
"1arc","1",1.5,"model",0.16,0.345126336741244,0.0179514704306868,3
"1arc","1",1.5,"model",0.17,0.344779177518832,0.0168369889003132,3
"1arc","1",1.5,"model",0.18,0.339215762439516,0.0279046737185524,3
"1arc","1",1.5,"model",0.19,0.338224145390007,0.0294923552205316,3
"1arc","1",1.5,"model",0.2,0.336642584468671,0.0306934703328672,3
"1arc","1",1.5,"model",0.21,0.337806940200996,0.0324112097056772,3
"1arc","1",1.5,"model",0.22,0.337374510785882,0.0326407622443331,3
"1arc","1",1.5,"model",0.23,0.338172537043232,0.0333180884878602,3
"1arc","1",1.5,"model",0.24,0.33768190873454,0.0336956862189347,3
"1arc","1",1.5,"model",0.25,0.336737014997885,0.0349843416667626,3
"1arc","1",1.5,"model",0.26,0.336514706079923,0.0350862505031247,3
"1arc","1",1.5,"model",0.27,0.332129352349722,0.0341574195210432,3
"1arc","1",1.5,"model",0.28,0.330914362073782,0.0312678495326037,3
"1arc","1",1.5,"model",0.29,0.322587774884162,0.0338547731249829,3
"1arc","1",1.5,"model",0.3,0.318232974754714,0.0272189728371012,3
"1arc","1",1.5,"model",0.31,0.314058727102205,0.0304962416472769,3
"1arc","1",1.5,"model",0.32,0.307811625714439,0.0345365153863747,3
"1arc","1",1.5,"model",0.33,0.300586968010719,0.0419128189170366,3
"1arc","1",1.5,"model",0.34,0.294313935223026,0.0417986647555987,3
"1arc","1",1.5,"model",0.35,0.283932733932734,0.043908234299749,3
"1arc","1",1.5,"model",0.36,0.277656823852476,0.043808326263235,3
"1arc","1",1.5,"model",0.37,0.267105867830505,0.0376522863179429,3
"1arc","1",1.5,"model",0.38,0.264983753973936,0.0373909210421591,3
"1arc","1",1.5,"model",0.39,0.264930337738606,0.0374732215267121,3
"1arc","1",1.5,"model",0.4,0.254440647918909,0.0341302800364012,3
"1arc","1",1.5,"model",0.41,0.250242793315748,0.0349109177512127,3
"1arc","1",1.5,"model",0.42,0.249509910379476,0.0295829016218951,3
"1arc","1",1.5,"model",0.43,0.239125608690826,0.02868076761895,3
"1arc","1",1.5,"model",0.44,0.23283190239712,0.0253262311269032,3
"1arc","1",1.5,"model",0.45,0.224351252612122,0.0162626765643363,3
"1arc","1",1.5,"model",0.46,0.222280859237381,0.0156014810344547,3
"1arc","1",1.5,"model",0.47,0.20999290564508,0.0253002673083823,3
"1arc","1",1.5,"model",0.48,0.201795547447721,0.0332299501686025,3
"1arc","1",1.5,"model",0.49,0.197522043174217,0.0294914123185777,3
"1arc","1",1.5,"model",0.5,0.18915794350577,0.0280517790108188,3
"1arc","1",1.5,"model",0.51,0.183047146090624,0.032705832090813,3
"1arc","1",1.5,"model",0.52,0.183047146090624,0.032705832090813,3
"1arc","1",1.5,"model",0.53,0.178840000579131,0.0290919630918169,3
"1arc","1",1.5,"model",0.54,0.170492068318155,0.0218744293276415,3
"1arc","1",1.5,"model",0.55,0.166451664277751,0.0288262099218513,3
"1arc","1",1.5,"model",0.56,0.160107766629506,0.0231911078450292,3
"1arc","1",1.5,"model",0.57,0.145349577958274,0.0111208425328395,3
"1arc","1",1.5,"model",0.58,0.143212825821521,0.011135368198523,3
"1arc","1",1.5,"model",0.59,0.139122230426578,0.0110217615200603,3
"1arc","1",1.5,"model",0.6,0.128621378621379,0.0123319762038621,3
"1arc","1",1.5,"model",0.61,0.122394031089683,0.0123430851330723,3
"1arc","1",1.5,"model",0.62,0.116116492203449,0.00767028307435588,3
"1arc","1",1.5,"model",0.63,0.112025896808505,0.00518481071194218,3
"1arc","1",1.5,"model",0.64,0.112025896808505,0.00518481071194218,3
"1arc","1",1.5,"model",0.65,0.107818751297012,0.00474815505423735,3
"1arc","1",1.5,"model",0.66,0.0954142475881606,0.00883176081856543,3
"1arc","1",1.5,"model",0.67,0.084913395782961,0.014433140210577,3
"1arc","1",1.5,"model",0.68,0.0746116202637942,0.004138072892066,3
"1arc","1",1.5,"model",0.69,0.0621067338458643,0.00924118064934123,3
"1arc","1",1.5,"model",0.7,0.0538591842939669,0.005896978621344,3
"1arc","1",1.5,"model",0.71,0.0497022301370127,0.00483684251780908,3
"1arc","1",1.5,"model",0.72,0.0456116347420695,0.00258398958252795,3
"1arc","1",1.5,"model",0.73,0.0415210393471263,0.00388197772857515,3
"1arc","1",1.5,"model",0.74,0.0351771416988808,0.00629587545465532,3
"1arc","1",1.5,"model",0.75,0.0351771416988808,0.00629587545465532,3
"1arc","1",1.5,"model",0.76,0.0289497941671855,0.00643290894977143,3
"1arc","1",1.5,"model",0.77,0.0269295921469835,0.002948489310672,3
"1arc","1",1.5,"model",0.78,0.0228389967520402,0.00370856023102318,3
"1arc","1",1.5,"model",0.79,0.0207022446152881,0.00308039354978041,3
"1arc","1",1.5,"model",0.8,0.0144085383215818,0.00693039669746281,3
"1arc","1",1.5,"model",0.81,0.0102515841646276,0.00945641783272186,3
"1arc","1",1.5,"model",0.82,0.0102515841646276,0.00945641783272186,3
"1arc","1",1.5,"model",0.83,0.00818119078988644,0.00708671888845793,3
"1arc","1",1.5,"model",0.84,0.0041407867494824,0.0071720530334115,3
"1arc","1",1.5,"model",0.85,0.0041407867494824,0.0071720530334115,3
"1arc","1",1.5,"model",0.86,0.0020703933747412,0.00358602651670575,3
"1arc","1",1.5,"model",0.87,0.0020703933747412,0.00358602651670575,3
"1arc","1",1.5,"model",0.88,0.0020703933747412,0.00358602651670575,3
"1arc","1",1.5,"model",0.89,0.0020703933747412,0.00358602651670575,3
"1arc","1",1.5,"model",0.9,0.0020703933747412,0.00358602651670575,3
"1arc","1",1.5,"model",0.91,0,0,3
"1arc","1",1.5,"model",0.92,0,0,3
"1arc","1",1.5,"model",0.93,0,0,3
"1arc","1",1.5,"model",0.94,0,0,3
"1arc","1",1.5,"model",0.95,0,0,3
"1arc","1",1.5,"model",0.96,0,0,3
"1arc","1",1.5,"model",0.97,0,0,3
"1arc","1",1.5,"model",0.98,0,0,3
"1arc","1",1.5,"model",0.99,0,0,3
"1arc","1",1.5,"treat_all",0.01,0.379894491883952,0.0109837039151873,3
"1arc","1",1.5,"treat_all",0.02,0.373566884658278,0.0110957825265668,3
"1arc","1",1.5,"treat_all",0.03,0.367108811304239,0.01121017203715,3
"1arc","1",1.5,"treat_all",0.04,0.360516194755325,0.0113269446625369,3
"1arc","1",1.5,"treat_all",0.05,0.353784786279065,0.0114461756589847,3
"1arc","1",1.5,"treat_all",0.06,0.346910156345864,0.0115679434851441,3
"1arc","1",1.5,"treat_all",0.07,0.339887684908723,0.0116923299742317,3
"1arc","1",1.5,"treat_all",0.08,0.332712551049035,0.0118194205174298,3
"1arc","1",1.5,"treat_all",0.09,0.325379721939684,0.0119493042593796,3
"1arc","1",1.5,"treat_all",0.1,0.317883941072347,0.0120820743067061,3
"1arc","1",1.5,"treat_all",0.11,0.310219715691137,0.0122178279506016,3
"1arc","1",1.5,"treat_all",0.12,0.302381303369446,0.0123566669045857,3
"1arc","1",1.5,"treat_all",0.13,0.294362697661048,0.0124986975586614,3
"1arc","1",1.5,"treat_all",0.14,0.28615761275013,0.012644031251204,3
"1arc","1",1.5,"treat_all",0.15,0.277759467017779,0.0127927845600417,3
"1arc","1",1.5,"treat_all",0.16,0.269161365434657,0.0129450796143279,3
"1arc","1",1.5,"treat_all",0.17,0.260356080680858,0.0131010444289584,3
"1arc","1",1.5,"treat_all",0.18,0.251336032884283,0.0132608132634579,3
"1arc","1",1.5,"treat_all",0.19,0.242093267858163,0.0134245270074512,3
"1arc","1",1.5,"treat_all",0.2,0.23261943370639,0.0135923335950443,3
"1arc","1",1.5,"treat_all",0.21,0.222905755652041,0.0137643884506778,3
"1arc","1",1.5,"treat_all",0.22,0.212943008929631,0.0139408549692762,3
"1arc","1",1.5,"treat_all",0.23,0.202721489565081,0.0141219050338123,3
"1arc","1",1.5,"treat_all",0.24,0.192230982848832,0.0143077195737309,3
"1arc","1",1.5,"treat_all",0.25,0.181460729286816,0.0144984891680473,3
"1arc","1",1.5,"treat_all",0.26,0.170399387790692,0.0146944146973452,3
"1arc","1",1.5,"treat_all",0.27,0.159034995842619,0.0148957080493636,3
"1arc","1",1.5,"treat_all",0.28,0.147354926340434,0.0151025928833826,3
"1arc","1",1.5,"treat_all",0.29,0.135345840795933,0.0153153054592049,3
"1arc","1",1.5,"treat_all",0.3,0.122993638521589,0.0155340955371935,3
"1arc","1",1.5,"treat_all",0.31,0.110283401398713,0.0157592273565731,3
"1arc","1",1.5,"treat_all",0.32,0.0971993337722237,0.0159909807000522,3
"1arc","1",1.5,"treat_all",0.33,0.0837246969628539,0.0162296520537843,3
"1arc","1",1.5,"treat_all",0.34,0.0698417378259275,0.016475555872781,3
"1arc","1",1.5,"treat_all",0.35,0.0555316107155571,0.0167290259631315,3
"1arc","1",1.5,"treat_all",0.36,0.0407742921329877,0.0169904169938054,3
"1arc","1",1.5,"treat_all",0.37,0.0255484872462098,0.0172601061524372,3
"1arc","1",1.5,"treat_all",0.38,0.00983152736308414,0.0175384949613475,3
"1arc","1",1.5,"treat_all",0.39,-0.00640074268014401,0.0178260112721893,3
"1arc","1",1.5,"treat_all",0.4,-0.0231740883914798,0.0181231114600591,3
"1arc","1",1.5,"treat_all",0.41,-0.0405160220930303,0.0184302828407381,3
"1arc","1",1.5,"treat_all",0.42,-0.0584559535084274,0.0187480463379921,3
"1arc","1",1.5,"treat_all",0.43,-0.0770253562015575,0.0190769594316411,3
"1arc","1",1.5,"treat_all",0.44,-0.096257951848014,0.0194176194214919,3
"1arc","1",1.5,"treat_all",0.45,-0.116189914608887,0.0197706670473372,3
"1arc","1",1.5,"treat_all",0.46,-0.136860098212755,0.0201367905111768,3
"1arc","1",1.5,"treat_all",0.47,-0.158310288745071,0.0205167299547839,3
"1arc","1",1.5,"treat_all",0.48,-0.180585486605554,0.0209112824539144,3
"1arc","1",1.5,"treat_all",0.49,-0.203734221637035,0.0213213076000695,3
"1arc","1",1.5,"treat_all",0.5,-0.227808906069776,0.0217477337520709,3
"1arc","1",1.5,"treat_all",0.51,-0.252866230683445,0.0221915650531336,3
"1arc","1",1.5,"treat_all",0.52,-0.27896761048935,0.0226538893250739,3
"1arc","1",1.5,"treat_all",0.53,-0.306179687308272,0.0231358869702882,3
"1arc","1",1.5,"treat_all",0.54,-0.33457489790193,0.0236388410348597,3
"1arc","1",1.5,"treat_all",0.55,-0.364232117855306,0.0241641486134121,3
"1arc","1",1.5,"treat_all",0.56,-0.395237393261109,0.0247133338091714,3
"1arc","1",1.5,"treat_all",0.57,-0.427684774499739,0.025288062502408,3
"1arc","1",1.5,"treat_all",0.58,-0.461677269130686,0.0258901592286559,3
"1arc","1",1.5,"treat_all",0.59,-0.497327934231434,0.0265216265269157,3
"1arc","1",1.5,"treat_all",0.6,-0.534761132587219,0.0271846671900886,3
"1arc","1",1.5,"treat_all",0.61,-0.574113982140738,0.0278817099385525,3
"1arc","1",1.5,"treat_all",0.62,-0.615538034302336,0.0286154391474617,3
"1arc","1",1.5,"treat_all",0.63,-0.659201224418616,0.0293888293946903,3
"1arc","1",1.5,"treat_all",0.64,-0.705290147319133,0.0302051857667651,3
"1arc","1",1.5,"treat_all",0.65,-0.754012722956823,0.031068191074387,3
"1arc","1",1.5,"treat_all",0.66,-0.805601332455553,0.0319819614001042,3
"1arc","1",1.5,"treat_all",0.67,-0.860316524348145,0.032951111745562,3
"1arc","1",1.5,"treat_all",0.68,-0.918451415734025,0.0339808339876108,3
"1arc","1",1.5,"treat_all",0.69,-0.980336945273832,0.035076989922695,3
"1arc","1",1.5,"treat_all",0.7,-1.04634817678296,0.0362462229201181,3
"1arc","1",1.5,"treat_all",0.71,-1.11691190701686,0.0374960926759842,3
"1arc","1",1.5,"treat_all",0.72,-1.19251590369603,0.0388352388429837,3
"1arc","1",1.5,"treat_all",0.73,-1.27372019642551,0.0402735810223535,3
"1arc","1",1.5,"treat_all",0.74,-1.36117097321111,0.0418225649078287,3
"1arc","1",1.5,"treat_all",0.75,-1.45561781213955,0.0434954675041417,3
"1arc","1",1.5,"treat_all",0.76,-1.5579352209787,0.0453077786501477,3
"1arc","1",1.5,"treat_all",0.77,-1.66914979580386,0.0472776820697194,3
"1arc","1",1.5,"treat_all",0.78,-1.79047478652222,0.0494266676183429,3
"1arc","1",1.5,"treat_all",0.79,-1.92335453826137,0.0517803184573115,3
"1arc","1",1.5,"treat_all",0.8,-2.06952226517444,0.0543693343801773,3
"1arc","1",1.5,"treat_all",0.81,-2.23107606860467,0.0572308782949233,3
"1arc","1",1.5,"treat_all",0.82,-2.41058029463827,0.06041037153353,3
"1arc","1",1.5,"treat_all",0.83,-2.61120266491111,0.0639639228002086,3
"1arc","1",1.5,"treat_all",0.84,-2.83690283146805,0.0679616679752216,3
"1arc","1",1.5,"treat_all",0.85,-3.09269635356592,0.0724924458402363,3
"1arc","1",1.5,"treat_all",0.86,-3.38503180739206,0.0776704776859676,3
"1arc","1",1.5,"treat_all",0.87,-3.72234194642221,0.0836451298156569,3
"1arc","1",1.5,"treat_all",0.88,-4.1158704419574,0.0906155573002953,3
"1arc","1",1.5,"treat_all",0.89,-4.58094957304444,0.0988533352366857,3
"1arc","1",1.5,"treat_all",0.9,-5.13904453034888,0.108738668760354,3
"1arc","1",1.5,"treat_all",0.91,-5.82116058927653,0.12082074306706,3
"1arc","1",1.5,"treat_all",0.92,-6.6738056629361,0.135923335950443,3
"1arc","1",1.5,"treat_all",0.93,-7.77006361478412,0.155340955371935,3
"1arc","1",1.5,"treat_all",0.94,-9.23174088391481,0.181231114600592,3
"1arc","1",1.5,"treat_all",0.95,-11.2780890606978,0.21747733752071,3
"1arc","1",1.5,"treat_all",0.96,-14.3476113258722,0.271846671900886,3
"1arc","1",1.5,"treat_all",0.97,-19.4634817678296,0.362462229201181,3
"1arc","1",1.5,"treat_all",0.98,-29.6952226517444,0.543693343801771,3
"1arc","1",1.5,"treat_all",0.99,-60.3904453034887,1.08738668760354,3
"1arc","1",1.5,"treat_none",0.01,0,0,3
"1arc","1",1.5,"treat_none",0.02,0,0,3
"1arc","1",1.5,"treat_none",0.03,0,0,3
"1arc","1",1.5,"treat_none",0.04,0,0,3
"1arc","1",1.5,"treat_none",0.05,0,0,3
"1arc","1",1.5,"treat_none",0.06,0,0,3
"1arc","1",1.5,"treat_none",0.07,0,0,3
"1arc","1",1.5,"treat_none",0.08,0,0,3
"1arc","1",1.5,"treat_none",0.09,0,0,3
"1arc","1",1.5,"treat_none",0.1,0,0,3
"1arc","1",1.5,"treat_none",0.11,0,0,3
"1arc","1",1.5,"treat_none",0.12,0,0,3
"1arc","1",1.5,"treat_none",0.13,0,0,3
"1arc","1",1.5,"treat_none",0.14,0,0,3
"1arc","1",1.5,"treat_none",0.15,0,0,3
"1arc","1",1.5,"treat_none",0.16,0,0,3
"1arc","1",1.5,"treat_none",0.17,0,0,3
"1arc","1",1.5,"treat_none",0.18,0,0,3
"1arc","1",1.5,"treat_none",0.19,0,0,3
"1arc","1",1.5,"treat_none",0.2,0,0,3
"1arc","1",1.5,"treat_none",0.21,0,0,3
"1arc","1",1.5,"treat_none",0.22,0,0,3
"1arc","1",1.5,"treat_none",0.23,0,0,3
"1arc","1",1.5,"treat_none",0.24,0,0,3
"1arc","1",1.5,"treat_none",0.25,0,0,3
"1arc","1",1.5,"treat_none",0.26,0,0,3
"1arc","1",1.5,"treat_none",0.27,0,0,3
"1arc","1",1.5,"treat_none",0.28,0,0,3
"1arc","1",1.5,"treat_none",0.29,0,0,3
"1arc","1",1.5,"treat_none",0.3,0,0,3
"1arc","1",1.5,"treat_none",0.31,0,0,3
"1arc","1",1.5,"treat_none",0.32,0,0,3
"1arc","1",1.5,"treat_none",0.33,0,0,3
"1arc","1",1.5,"treat_none",0.34,0,0,3
"1arc","1",1.5,"treat_none",0.35,0,0,3
"1arc","1",1.5,"treat_none",0.36,0,0,3
"1arc","1",1.5,"treat_none",0.37,0,0,3
"1arc","1",1.5,"treat_none",0.38,0,0,3
"1arc","1",1.5,"treat_none",0.39,0,0,3
"1arc","1",1.5,"treat_none",0.4,0,0,3
"1arc","1",1.5,"treat_none",0.41,0,0,3
"1arc","1",1.5,"treat_none",0.42,0,0,3
"1arc","1",1.5,"treat_none",0.43,0,0,3
"1arc","1",1.5,"treat_none",0.44,0,0,3
"1arc","1",1.5,"treat_none",0.45,0,0,3
"1arc","1",1.5,"treat_none",0.46,0,0,3
"1arc","1",1.5,"treat_none",0.47,0,0,3
"1arc","1",1.5,"treat_none",0.48,0,0,3
"1arc","1",1.5,"treat_none",0.49,0,0,3
"1arc","1",1.5,"treat_none",0.5,0,0,3
"1arc","1",1.5,"treat_none",0.51,0,0,3
"1arc","1",1.5,"treat_none",0.52,0,0,3
"1arc","1",1.5,"treat_none",0.53,0,0,3
"1arc","1",1.5,"treat_none",0.54,0,0,3
"1arc","1",1.5,"treat_none",0.55,0,0,3
"1arc","1",1.5,"treat_none",0.56,0,0,3
"1arc","1",1.5,"treat_none",0.57,0,0,3
"1arc","1",1.5,"treat_none",0.58,0,0,3
"1arc","1",1.5,"treat_none",0.59,0,0,3
"1arc","1",1.5,"treat_none",0.6,0,0,3
"1arc","1",1.5,"treat_none",0.61,0,0,3
"1arc","1",1.5,"treat_none",0.62,0,0,3
"1arc","1",1.5,"treat_none",0.63,0,0,3
"1arc","1",1.5,"treat_none",0.64,0,0,3
"1arc","1",1.5,"treat_none",0.65,0,0,3
"1arc","1",1.5,"treat_none",0.66,0,0,3
"1arc","1",1.5,"treat_none",0.67,0,0,3
"1arc","1",1.5,"treat_none",0.68,0,0,3
"1arc","1",1.5,"treat_none",0.69,0,0,3
"1arc","1",1.5,"treat_none",0.7,0,0,3
"1arc","1",1.5,"treat_none",0.71,0,0,3
"1arc","1",1.5,"treat_none",0.72,0,0,3
"1arc","1",1.5,"treat_none",0.73,0,0,3
"1arc","1",1.5,"treat_none",0.74,0,0,3
"1arc","1",1.5,"treat_none",0.75,0,0,3
"1arc","1",1.5,"treat_none",0.76,0,0,3
"1arc","1",1.5,"treat_none",0.77,0,0,3
"1arc","1",1.5,"treat_none",0.78,0,0,3
"1arc","1",1.5,"treat_none",0.79,0,0,3
"1arc","1",1.5,"treat_none",0.8,0,0,3
"1arc","1",1.5,"treat_none",0.81,0,0,3
"1arc","1",1.5,"treat_none",0.82,0,0,3
"1arc","1",1.5,"treat_none",0.83,0,0,3
"1arc","1",1.5,"treat_none",0.84,0,0,3
"1arc","1",1.5,"treat_none",0.85,0,0,3
"1arc","1",1.5,"treat_none",0.86,0,0,3
"1arc","1",1.5,"treat_none",0.87,0,0,3
"1arc","1",1.5,"treat_none",0.88,0,0,3
"1arc","1",1.5,"treat_none",0.89,0,0,3
"1arc","1",1.5,"treat_none",0.9,0,0,3
"1arc","1",1.5,"treat_none",0.91,0,0,3
"1arc","1",1.5,"treat_none",0.92,0,0,3
"1arc","1",1.5,"treat_none",0.93,0,0,3
"1arc","1",1.5,"treat_none",0.94,0,0,3
"1arc","1",1.5,"treat_none",0.95,0,0,3
"1arc","1",1.5,"treat_none",0.96,0,0,3
"1arc","1",1.5,"treat_none",0.97,0,0,3
"1arc","1",1.5,"treat_none",0.98,0,0,3
"1arc","1",1.5,"treat_none",0.99,0,0,3
"1arc","1",1.75,"model",0.01,0.369918836142293,0.00830217393278218,5
"1arc","1",1.75,"model",0.02,0.36523172702699,0.00755156892069856,5
"1arc","1",1.75,"model",0.03,0.360213767863452,0.00521500026739806,5
"1arc","1",1.75,"model",0.04,0.354399329398289,0.00702131162099507,5
"1arc","1",1.75,"model",0.05,0.346419504943311,0.00750383594927708,5
"1arc","1",1.75,"model",0.06,0.342407408304933,0.00618863771950206,5
"1arc","1",1.75,"model",0.07,0.342058756701962,0.00670623983917928,5
"1arc","1",1.75,"model",0.08,0.342589959538001,0.00695990385622144,5
"1arc","1",1.75,"model",0.09,0.342321391637391,0.00709050416322483,5
"1arc","1",1.75,"model",0.1,0.341617679524199,0.0057784484734417,5
"1arc","1",1.75,"model",0.11,0.33933498065799,0.00522241662262106,5
"1arc","1",1.75,"model",0.12,0.338958875026268,0.0058676996804059,5
"1arc","1",1.75,"model",0.13,0.338141119220642,0.00769839226554826,5
"1arc","1",1.75,"model",0.14,0.334435504852354,0.0101881943662613,5
"1arc","1",1.75,"model",0.15,0.333446255198015,0.0101909475855436,5
"1arc","1",1.75,"model",0.16,0.334620440597238,0.0108102851796691,5
"1arc","1",1.75,"model",0.17,0.33393017703516,0.0135009687881749,5
"1arc","1",1.75,"model",0.18,0.330167898755297,0.0189231864942777,5
"1arc","1",1.75,"model",0.19,0.32722501057255,0.0228798495496852,5
"1arc","1",1.75,"model",0.2,0.326483354279649,0.0239022438988126,5
"1arc","1",1.75,"model",0.21,0.320686559289596,0.0182396155770321,5
"1arc","1",1.75,"model",0.22,0.315965152018637,0.0190533960824308,5
"1arc","1",1.75,"model",0.23,0.311261900307704,0.0173910729486224,5
"1arc","1",1.75,"model",0.24,0.310268524926078,0.0154697056748904,5
"1arc","1",1.75,"model",0.25,0.306961734608477,0.0158649258345774,5
"1arc","1",1.75,"model",0.26,0.299768899892344,0.0191688021729951,5
"1arc","1",1.75,"model",0.27,0.294270547035118,0.0237687327523085,5
"1arc","1",1.75,"model",0.28,0.293583213364119,0.0246288633513915,5
"1arc","1",1.75,"model",0.29,0.294183474382148,0.0247823550484079,5
"1arc","1",1.75,"model",0.3,0.290168900310156,0.0212136673329559,5
"1arc","1",1.75,"model",0.31,0.282594146850306,0.0250388955601223,5
"1arc","1",1.75,"model",0.32,0.281502913367922,0.0248842437500596,5
"1arc","1",1.75,"model",0.33,0.278184078169982,0.0267229095810624,5
"1arc","1",1.75,"model",0.34,0.275545994860038,0.0276827567015984,5
"1arc","1",1.75,"model",0.35,0.269469443403129,0.0247534864481439,5
"1arc","1",1.75,"model",0.36,0.264473116105483,0.0232077161979393,5
"1arc","1",1.75,"model",0.37,0.261471827219077,0.0277443472697788,5
"1arc","1",1.75,"model",0.38,0.256936139586622,0.0328380774604044,5
"1arc","1",1.75,"model",0.39,0.251702829222187,0.0371196422218987,5
"1arc","1",1.75,"model",0.4,0.245749068910933,0.0436338829713022,5
"1arc","1",1.75,"model",0.41,0.238524660455985,0.0460568287717351,5
"1arc","1",1.75,"model",0.42,0.231314267096187,0.0442515885025563,5
"1arc","1",1.75,"model",0.43,0.220393821340035,0.0452364016128027,5
"1arc","1",1.75,"model",0.44,0.209588865171809,0.0455058837422123,5
"1arc","1",1.75,"model",0.45,0.201086939575035,0.0466600536013872,5
"1arc","1",1.75,"model",0.46,0.191387426487384,0.0422868749030174,5
"1arc","1",1.75,"model",0.47,0.184068932843273,0.0420493679434544,5
"1arc","1",1.75,"model",0.48,0.176844004082844,0.0437946395208675,5
"1arc","1",1.75,"model",0.49,0.165887478084232,0.0442445427650624,5
"1arc","1",1.75,"model",0.5,0.153711867829684,0.0393544767747235,5
"1arc","1",1.75,"model",0.51,0.139081749539594,0.0371008094878472,5
"1arc","1",1.75,"model",0.52,0.128241846106167,0.0360099459961997,5
"1arc","1",1.75,"model",0.53,0.118534851348607,0.0353511148923245,5
"1arc","1",1.75,"model",0.54,0.111215745032719,0.0332261331294972,5
"1arc","1",1.75,"model",0.55,0.106307584840006,0.0292682979524061,5
"1arc","1",1.75,"model",0.56,0.100265995665945,0.0234399703994379,5
"1arc","1",1.75,"model",0.57,0.0894035548564961,0.0241814085615109,5
"1arc","1",1.75,"model",0.58,0.0858241401204761,0.0239924840968146,5
"1arc","1",1.75,"model",0.59,0.0834642375795781,0.0249689187655385,5
"1arc","1",1.75,"model",0.6,0.079775589581987,0.0218701768134698,5
"1arc","1",1.75,"model",0.61,0.0761600946035078,0.0194176430554744,5
"1arc","1",1.75,"model",0.62,0.0725656241613752,0.0192240728867181,5
"1arc","1",1.75,"model",0.63,0.0689350734767834,0.0164705354236058,5
"1arc","1",1.75,"model",0.64,0.0665751709358854,0.0179906003797401,5
"1arc","1",1.75,"model",0.65,0.061761280664926,0.0201737971308052,5
"1arc","1",1.75,"model",0.66,0.0593652978815688,0.0188945815597813,5
"1arc","1",1.75,"model",0.67,0.0545443538798868,0.0216805944366613,5
"1arc","1",1.75,"model",0.68,0.0520978478197342,0.0214384496315302,5
"1arc","1",1.75,"model",0.69,0.0459982536989684,0.0185275703875042,5
"1arc","1",1.75,"model",0.7,0.0411337477849185,0.0196674518941272,5
"1arc","1",1.75,"model",0.71,0.0398991798836839,0.0187060872750848,5
"1arc","1",1.75,"model",0.72,0.0374881413942141,0.0166101715498438,5
"1arc","1",1.75,"model",0.73,0.0363116708059788,0.0154067553681607,5
"1arc","1",1.75,"model",0.74,0.027808612231947,0.0158257492871359,5
"1arc","1",1.75,"model",0.75,0.0230527269076917,0.0146329015806311,5
"1arc","1",1.75,"model",0.76,0.021869294955029,0.0164870042401732,5
"1arc","1",1.75,"model",0.77,0.0133887737570186,0.01397570569149,5
"1arc","1",1.75,"model",0.78,0.012154205855784,0.0129636653668733,5
"1arc","1",1.75,"model",0.79,0.012154205855784,0.0129636653668733,5
"1arc","1",1.75,"model",0.8,0.0109346936606621,0.0109360665115117,5
"1arc","1",1.75,"model",0.81,0.00971518146554014,0.00927418900414775,5
"1arc","1",1.75,"model",0.82,0.00849566927041819,0.00820339640427151,5
"1arc","1",1.75,"model",0.83,0.00727615707529624,0.00796573558355323,5
"1arc","1",1.75,"model",0.84,0.00609968648706095,0.00756119993609464,5
"1arc","1",1.75,"model",0.85,0.0037037037037037,0.00828173324999922,5
"1arc","1",1.75,"model",0.86,0.00246913580246914,0.00552115549999948,5
"1arc","1",1.75,"model",0.87,0,0,5
"1arc","1",1.75,"model",0.88,0,0,5
"1arc","1",1.75,"model",0.89,0,0,5
"1arc","1",1.75,"model",0.9,0,0,5
"1arc","1",1.75,"model",0.91,0,0,5
"1arc","1",1.75,"model",0.92,0,0,5
"1arc","1",1.75,"model",0.93,0,0,5
"1arc","1",1.75,"model",0.94,0,0,5
"1arc","1",1.75,"model",0.95,0,0,5
"1arc","1",1.75,"model",0.96,0,0,5
"1arc","1",1.75,"model",0.97,0,0,5
"1arc","1",1.75,"model",0.98,0,0,5
"1arc","1",1.75,"model",0.99,0,0,5
"1arc","1",1.75,"treat_all",0.01,0.368222770850185,0.00827972271865924,5
"1arc","1",1.75,"treat_all",0.02,0.361776064430289,0.00836420968517617,5
"1arc","1",1.75,"treat_all",0.03,0.355196436228539,0.00845043865100273,5
"1arc","1",1.75,"treat_all",0.04,0.348479732439253,0.00853846405361734,5
"1arc","1",1.75,"treat_all",0.05,0.341621624359666,0.00862834262260278,5
"1arc","1",1.75,"treat_all",0.06,0.334617599086897,0.00872013350156665,5
"1arc","1",1.75,"treat_all",0.07,0.327462949614713,0.00881389837792757,5
"1arc","1",1.75,"treat_all",0.08,0.320152764284438,0.00890970162116591,5
"1arc","1",1.75,"treat_all",0.09,0.312681915540311,0.00900761043018972,5
"1arc","1",1.75,"treat_all",0.1,0.305045047935203,0.00910769499052516,5
"1arc","1",1.75,"treat_all",0.11,0.297236565327734,0.0092100286421041,5
"1arc","1",1.75,"treat_all",0.12,0.289250617206458,0.00931468805849165,5
"1arc","1",1.75,"treat_all",0.13,0.2810810840709,0.00942175343847429,5
"1arc","1",1.75,"treat_all",0.14,0.272721561792655,0.0095313087110147,5
"1arc","1",1.75,"treat_all",0.15,0.264165344872568,0.00964344175467369,5
"1arc","1",1.75,"treat_all",0.16,0.255405408502004,0.00975824463270553,5
"1arc","1",1.75,"treat_all",0.17,0.246434389327329,0.00987581384514776,5
"1arc","1",1.75,"treat_all",0.18,0.23724456480693,0.00999625059935688,5
"1arc","1",1.75,"treat_all",0.19,0.227827831039115,0.0101196611005835,5
"1arc","1",1.75,"treat_all",0.2,0.218175678927104,0.0102461568643408,5
"1arc","1",1.75,"treat_all",0.21,0.208279168533776,0.010375855052497,5
"1arc","1",1.75,"treat_all",0.22,0.198128901463696,0.0105088788352213,5
"1arc","1",1.75,"treat_all",0.23,0.187714991093095,0.0106453577811333,5
"1arc","1",1.75,"treat_all",0.24,0.177027030449583,0.0107854282782535,5
"1arc","1",1.75,"treat_all",0.25,0.166054057522244,0.0109292339886302,5
"1arc","1",1.75,"treat_all",0.26,0.154784517759031,0.0110769263398279,5
"1arc","1",1.75,"treat_all",0.27,0.143206223481758,0.0112286650568118,5
"1arc","1",1.75,"treat_all",0.28,0.131306309919004,0.0113846187381564,5
"1arc","1",1.75,"treat_all",0.29,0.119071187523497,0.0115449654809474,5
"1arc","1",1.75,"treat_all",0.3,0.106486490202404,0.0117098935592466,5
"1arc","1",1.75,"treat_all",0.31,0.0935370190459174,0.0118796021615545,5
"1arc","1",1.75,"treat_all",0.32,0.0802066810907103,0.0120543021933421,5
"1arc","1",1.75,"treat_all",0.33,0.0664784225995268,0.0122342171514517,5
"1arc","1",1.75,"treat_all",0.34,0.0523341562752772,0.0124195840779889,5
"1arc","1",1.75,"treat_all",0.35,0.0377546817564354,0.0126106546022656,5
"1arc","1",1.75,"treat_all",0.36,0.0227195986588796,0.012807696080426,5
"1arc","1",1.75,"treat_all",0.37,0.00720721133600477,0.0130109928436074,5
"1arc","1",1.75,"treat_all",0.38,-0.00880557557793064,0.0132208475668913,5
"1arc","1",1.75,"treat_all",0.39,-0.0253433718988803,0.013437582772906,5
"1arc","1",1.75,"treat_all",0.4,-0.042432428097195,0.0136615424857877,5
"1arc","1",1.75,"treat_all",0.41,-0.0601007743361305,0.0138930940533434,5
"1arc","1",1.75,"treat_all",0.42,-0.07837837389365,0.0141326301577114,5
"1arc","1",1.75,"treat_all",0.43,-0.0972972927338894,0.0143805710376713,5
"1arc","1",1.75,"treat_all",0.44,-0.116891887246995,0.0146373669490583,5
"1arc","1",1.75,"treat_all",0.45,-0.137199012469667,0.0149035008935866,5
"1arc","1",1.75,"treat_all",0.46,-0.158258253441328,0.0151794916508752,5
"1arc","1",1.75,"treat_all",0.47,-0.180112182751541,0.015465897153722,5
"1arc","1",1.75,"treat_all",0.48,-0.202806647804456,0.015763318252832,5
"1arc","1",1.75,"treat_all",0.49,-0.226391091879053,0.0160724029244561,5
"1arc","1",1.75,"treat_all",0.5,-0.250918913716634,0.0163938509829453,5
"1arc","1",1.75,"treat_all",0.51,-0.276447871139422,0.0167284193703524,5
"1arc","1",1.75,"treat_all",0.52,-0.303040535121494,0.0170769281072347,5
"1arc","1",1.75,"treat_all",0.53,-0.330764801826206,0.0174402670031333,5
"1arc","1",1.75,"treat_all",0.54,-0.359694471431124,0.0178194032423318,5
"1arc","1",1.75,"treat_all",0.55,-0.389909904129593,0.0182153899810503,5
"1arc","1",1.75,"treat_all",0.56,-0.421498765587084,0.0186293761169832,5
"1arc","1",1.75,"treat_all",0.57,-0.454556876414691,0.0190626174220293,5
"1arc","1",1.75,"treat_all",0.58,-0.489189182995993,0.019516489265411,5
"1arc","1",1.75,"treat_all",0.59,-0.525510870386139,0.0199925011987138,5
"1arc","1",1.75,"treat_all",0.6,-0.563648642145792,0.0204923137286816,5
"1arc","1",1.75,"treat_all",0.61,-0.603742197072608,0.0210177576704426,5
"1arc","1",1.75,"treat_all",0.62,-0.645945939100834,0.0215708565565069,5
"1arc","1",1.75,"treat_all",0.63,-0.690430964481938,0.0221538526796558,5
"1arc","1",1.75,"treat_all",0.64,-0.737387380161992,0.0227692374763128,5
"1arc","1",1.75,"treat_all",0.65,-0.787027019595192,0.0234197871184932,5
"1arc","1",1.75,"treat_all",0.66,-0.83958663781858,0.0241086043866841,5
"1arc","1",1.75,"treat_all",0.67,-0.895331687449446,0.0248391681559776,5
"1arc","1",1.75,"treat_all",0.68,-0.954560802682241,0.025615392160852,5
"1arc","1",1.75,"treat_all",0.69,-1.01761115115586,0.0264416951337826,5
"1arc","1",1.75,"treat_all",0.7,-1.08486485619439,0.0273230849715754,5
"1arc","1",1.75,"treat_all",0.71,-1.1567567477873,0.0282652603154228,5
"1arc","1",1.75,"treat_all",0.72,-1.23378377449399,0.0292747338981165,5
"1arc","1",1.75,"treat_all",0.73,-1.31651650688266,0.0303589833017504,5
"1arc","1",1.75,"treat_all",0.74,-1.40561329560891,0.0315266365056638,5
"1arc","1",1.75,"treat_all",0.75,-1.50183782743327,0.0327877019658905,5
"1arc","1",1.75,"treat_all",0.76,-1.60608107024299,0.0341538562144692,5
"1arc","1",1.75,"treat_all",0.77,-1.71938894286225,0.0356388064846635,5
"1arc","1",1.75,"treat_all",0.78,-1.84299753117417,0.0372587522339664,5
"1arc","1",1.75,"treat_all",0.79,-1.97837836599199,0.0390329785308219,5
"1arc","1",1.75,"treat_all",0.8,-2.12729728429159,0.040984627457363,5
"1arc","1",1.75,"treat_all",0.81,-2.29189187820167,0.0431417131130136,5
"1arc","1",1.75,"treat_all",0.82,-2.47477476032398,0.0455384749526255,5
"1arc","1",1.75,"treat_all",0.83,-2.67917327563716,0.0482172087733684,5
"1arc","1",1.75,"treat_all",0.84,-2.90912160536448,0.0512307843217039,5
"1arc","1",1.75,"treat_all",0.85,-3.16972971238878,0.0546461699431507,5
"1arc","1",1.75,"treat_all",0.86,-3.46756754898798,0.0585494677962329,5
"1arc","1",1.75,"treat_all",0.87,-3.81122659121782,0.0630532730113279,5
"1arc","1",1.75,"treat_all",0.88,-4.21216214048598,0.0683077124289387,5
"1arc","1",1.75,"treat_all",0.89,-4.68599506234834,0.0745175044679334,5
"1arc","1",1.75,"treat_all",0.9,-5.25459456858317,0.0819692549147266,5
"1arc","1",1.75,"treat_all",0.91,-5.94954952064797,0.0910769499052514,5
"1arc","1",1.75,"treat_all",0.92,-6.81824321072897,0.102461568643408,5
"1arc","1",1.75,"treat_all",0.93,-7.93513509797596,0.117098935592466,5
"1arc","1",1.75,"treat_all",0.94,-9.42432428097196,0.136615424857877,5
"1arc","1",1.75,"treat_all",0.95,-11.5091891371664,0.163938509829453,5
"1arc","1",1.75,"treat_all",0.96,-14.636486421458,0.204923137286816,5
"1arc","1",1.75,"treat_all",0.97,-19.8486485619439,0.273230849715753,5
"1arc","1",1.75,"treat_all",0.98,-30.2729728429158,0.40984627457363,5
"1arc","1",1.75,"treat_all",0.99,-61.5459456858316,0.81969254914726,5
"1arc","1",1.75,"treat_none",0.01,0,0,5
"1arc","1",1.75,"treat_none",0.02,0,0,5
"1arc","1",1.75,"treat_none",0.03,0,0,5
"1arc","1",1.75,"treat_none",0.04,0,0,5
"1arc","1",1.75,"treat_none",0.05,0,0,5
"1arc","1",1.75,"treat_none",0.06,0,0,5
"1arc","1",1.75,"treat_none",0.07,0,0,5
"1arc","1",1.75,"treat_none",0.08,0,0,5
"1arc","1",1.75,"treat_none",0.09,0,0,5
"1arc","1",1.75,"treat_none",0.1,0,0,5
"1arc","1",1.75,"treat_none",0.11,0,0,5
"1arc","1",1.75,"treat_none",0.12,0,0,5
"1arc","1",1.75,"treat_none",0.13,0,0,5
"1arc","1",1.75,"treat_none",0.14,0,0,5
"1arc","1",1.75,"treat_none",0.15,0,0,5
"1arc","1",1.75,"treat_none",0.16,0,0,5
"1arc","1",1.75,"treat_none",0.17,0,0,5
"1arc","1",1.75,"treat_none",0.18,0,0,5
"1arc","1",1.75,"treat_none",0.19,0,0,5
"1arc","1",1.75,"treat_none",0.2,0,0,5
"1arc","1",1.75,"treat_none",0.21,0,0,5
"1arc","1",1.75,"treat_none",0.22,0,0,5
"1arc","1",1.75,"treat_none",0.23,0,0,5
"1arc","1",1.75,"treat_none",0.24,0,0,5
"1arc","1",1.75,"treat_none",0.25,0,0,5
"1arc","1",1.75,"treat_none",0.26,0,0,5
"1arc","1",1.75,"treat_none",0.27,0,0,5
"1arc","1",1.75,"treat_none",0.28,0,0,5
"1arc","1",1.75,"treat_none",0.29,0,0,5
"1arc","1",1.75,"treat_none",0.3,0,0,5
"1arc","1",1.75,"treat_none",0.31,0,0,5
"1arc","1",1.75,"treat_none",0.32,0,0,5
"1arc","1",1.75,"treat_none",0.33,0,0,5
"1arc","1",1.75,"treat_none",0.34,0,0,5
"1arc","1",1.75,"treat_none",0.35,0,0,5
"1arc","1",1.75,"treat_none",0.36,0,0,5
"1arc","1",1.75,"treat_none",0.37,0,0,5
"1arc","1",1.75,"treat_none",0.38,0,0,5
"1arc","1",1.75,"treat_none",0.39,0,0,5
"1arc","1",1.75,"treat_none",0.4,0,0,5
"1arc","1",1.75,"treat_none",0.41,0,0,5
"1arc","1",1.75,"treat_none",0.42,0,0,5
"1arc","1",1.75,"treat_none",0.43,0,0,5
"1arc","1",1.75,"treat_none",0.44,0,0,5
"1arc","1",1.75,"treat_none",0.45,0,0,5
"1arc","1",1.75,"treat_none",0.46,0,0,5
"1arc","1",1.75,"treat_none",0.47,0,0,5
"1arc","1",1.75,"treat_none",0.48,0,0,5
"1arc","1",1.75,"treat_none",0.49,0,0,5
"1arc","1",1.75,"treat_none",0.5,0,0,5
"1arc","1",1.75,"treat_none",0.51,0,0,5
"1arc","1",1.75,"treat_none",0.52,0,0,5
"1arc","1",1.75,"treat_none",0.53,0,0,5
"1arc","1",1.75,"treat_none",0.54,0,0,5
"1arc","1",1.75,"treat_none",0.55,0,0,5
"1arc","1",1.75,"treat_none",0.56,0,0,5
"1arc","1",1.75,"treat_none",0.57,0,0,5
"1arc","1",1.75,"treat_none",0.58,0,0,5
"1arc","1",1.75,"treat_none",0.59,0,0,5
"1arc","1",1.75,"treat_none",0.6,0,0,5
"1arc","1",1.75,"treat_none",0.61,0,0,5
"1arc","1",1.75,"treat_none",0.62,0,0,5
"1arc","1",1.75,"treat_none",0.63,0,0,5
"1arc","1",1.75,"treat_none",0.64,0,0,5
"1arc","1",1.75,"treat_none",0.65,0,0,5
"1arc","1",1.75,"treat_none",0.66,0,0,5
"1arc","1",1.75,"treat_none",0.67,0,0,5
"1arc","1",1.75,"treat_none",0.68,0,0,5
"1arc","1",1.75,"treat_none",0.69,0,0,5
"1arc","1",1.75,"treat_none",0.7,0,0,5
"1arc","1",1.75,"treat_none",0.71,0,0,5
"1arc","1",1.75,"treat_none",0.72,0,0,5
"1arc","1",1.75,"treat_none",0.73,0,0,5
"1arc","1",1.75,"treat_none",0.74,0,0,5
"1arc","1",1.75,"treat_none",0.75,0,0,5
"1arc","1",1.75,"treat_none",0.76,0,0,5
"1arc","1",1.75,"treat_none",0.77,0,0,5
"1arc","1",1.75,"treat_none",0.78,0,0,5
"1arc","1",1.75,"treat_none",0.79,0,0,5
"1arc","1",1.75,"treat_none",0.8,0,0,5
"1arc","1",1.75,"treat_none",0.81,0,0,5
"1arc","1",1.75,"treat_none",0.82,0,0,5
"1arc","1",1.75,"treat_none",0.83,0,0,5
"1arc","1",1.75,"treat_none",0.84,0,0,5
"1arc","1",1.75,"treat_none",0.85,0,0,5
"1arc","1",1.75,"treat_none",0.86,0,0,5
"1arc","1",1.75,"treat_none",0.87,0,0,5
"1arc","1",1.75,"treat_none",0.88,0,0,5
"1arc","1",1.75,"treat_none",0.89,0,0,5
"1arc","1",1.75,"treat_none",0.9,0,0,5
"1arc","1",1.75,"treat_none",0.91,0,0,5
"1arc","1",1.75,"treat_none",0.92,0,0,5
"1arc","1",1.75,"treat_none",0.93,0,0,5
"1arc","1",1.75,"treat_none",0.94,0,0,5
"1arc","1",1.75,"treat_none",0.95,0,0,5
"1arc","1",1.75,"treat_none",0.96,0,0,5
"1arc","1",1.75,"treat_none",0.97,0,0,5
"1arc","1",1.75,"treat_none",0.98,0,0,5
"1arc","1",1.75,"treat_none",0.99,0,0,5
"1arc","1",2,"model",0.01,0.328440890275943,0.0200985033014691,3
"1arc","1",2,"model",0.02,0.320555927658517,0.0174884365459525,3
"1arc","1",2,"model",0.03,0.316167615450608,0.0201999209031692,3
"1arc","1",2,"model",0.04,0.314179417668856,0.019937129663535,3
"1arc","1",2,"model",0.05,0.308497473146323,0.023480830613847,3
"1arc","1",2,"model",0.06,0.30372375514072,0.0198433241871011,3
"1arc","1",2,"model",0.07,0.29808516009639,0.0146327455480323,3
"1arc","1",2,"model",0.08,0.296898830754919,0.0146285855858533,3
"1arc","1",2,"model",0.09,0.294552299790317,0.0103831388726739,3
"1arc","1",2,"model",0.1,0.294381796238682,0.0120543979264127,3
"1arc","1",2,"model",0.11,0.294582334083846,0.0110162978032815,3
"1arc","1",2,"model",0.12,0.2950256855202,0.0122021585751186,3
"1arc","1",2,"model",0.13,0.294920314657417,0.014245482216066,3
"1arc","1",2,"model",0.14,0.295666276975335,0.0139720579755012,3
"1arc","1",2,"model",0.15,0.296764937512585,0.0128994973063224,3
"1arc","1",2,"model",0.16,0.297579960099317,0.013740244638759,3
"1arc","1",2,"model",0.17,0.299693221880481,0.0121193880287238,3
"1arc","1",2,"model",0.18,0.29977841792968,0.0104413778605223,3
"1arc","1",2,"model",0.19,0.297976282970673,0.0100138201589125,3
"1arc","1",2,"model",0.2,0.294524238383744,0.011187376712942,3
"1arc","1",2,"model",0.21,0.289999069898708,0.0184381583599185,3
"1arc","1",2,"model",0.22,0.287499028150739,0.0193891274570301,3
"1arc","1",2,"model",0.23,0.282047249394322,0.0112262296449366,3
"1arc","1",2,"model",0.24,0.280293342931041,0.0127580589412751,3
"1arc","1",2,"model",0.25,0.278018892363088,0.0150572012025647,3
"1arc","1",2,"model",0.26,0.272660281044103,0.026108609022877,3
"1arc","1",2,"model",0.27,0.267938622150115,0.0276151587582097,3
"1arc","1",2,"model",0.28,0.266486915151289,0.0311568505944983,3
"1arc","1",2,"model",0.29,0.265616874655498,0.0301365913190457,3
"1arc","1",2,"model",0.3,0.263442716751566,0.0362959998181778,3
"1arc","1",2,"model",0.31,0.257845107845749,0.0413428949037938,3
"1arc","1",2,"model",0.32,0.257527877042417,0.0389897456112243,3
"1arc","1",2,"model",0.33,0.24808572403835,0.0385355404041835,3
"1arc","1",2,"model",0.34,0.246965729719946,0.0372073628572177,3
"1arc","1",2,"model",0.35,0.241672545746559,0.0449385433302051,3
"1arc","1",2,"model",0.36,0.23798293527334,0.0382540271065068,3
"1arc","1",2,"model",0.37,0.23097295509001,0.0439681670971687,3
"1arc","1",2,"model",0.38,0.227129783412737,0.0409517733709991,3
"1arc","1",2,"model",0.39,0.225717412365253,0.038770329028741,3
"1arc","1",2,"model",0.4,0.216692216322149,0.0342807970659519,3
"1arc","1",2,"model",0.41,0.209557438133926,0.0368994982663235,3
"1arc","1",2,"model",0.42,0.200628689842311,0.037638617482913,3
"1arc","1",2,"model",0.43,0.19708691246702,0.0388116619792157,3
"1arc","1",2,"model",0.44,0.186362038729579,0.0385313185470482,3
"1arc","1",2,"model",0.45,0.179532006301287,0.0501401832910417,3
"1arc","1",2,"model",0.46,0.170494719535711,0.0474426588393798,3
"1arc","1",2,"model",0.47,0.161555079959942,0.0489898868691291,3
"1arc","1",2,"model",0.48,0.15225364595923,0.0452787527723297,3
"1arc","1",2,"model",0.49,0.150561598581903,0.0481276562250759,3
"1arc","1",2,"model",0.5,0.145285321813896,0.0494644169967917,3
"1arc","1",2,"model",0.51,0.127451662287097,0.0514364692522362,3
"1arc","1",2,"model",0.52,0.113202232150979,0.0562996338541504,3
"1arc","1",2,"model",0.53,0.107925955382972,0.0603898101580106,3
"1arc","1",2,"model",0.54,0.104441793310305,0.0633687684841532,3
"1arc","1",2,"model",0.55,0.0934512308280116,0.0577960498984457,3
"1arc","1",2,"model",0.56,0.0898544215459231,0.05622136256935,3
"1arc","1",2,"model",0.57,0.0860448977363993,0.0496791847035395,3
"1arc","1",2,"model",0.58,0.0769716770502754,0.0522536735680827,3
"1arc","1",2,"model",0.59,0.073274800450173,0.050788536353968,3
"1arc","1",2,"model",0.6,0.0695779238500706,0.049487997491953,3
"1arc","1",2,"model",0.61,0.0639762853452063,0.0451756461922271,3
"1arc","1",2,"model",0.62,0.0584747141583559,0.0395694760944701,3
"1arc","1",2,"model",0.63,0.0566825994630154,0.0417759891399975,3
"1arc","1",2,"model",0.64,0.0530857901809269,0.0393320134279822,3
"1arc","1",2,"model",0.65,0.0438873423939741,0.0327447930412061,3
"1arc","1",2,"model",0.66,0.034476180079586,0.0232131339438792,3
"1arc","1",2,"model",0.67,0.0287618943653003,0.0157555439249495,3
"1arc","1",2,"model",0.68,0.0269697796699598,0.0188333714142168,3
"1arc","1",2,"model",0.69,0.0269697796699598,0.0188333714142168,3
"1arc","1",2,"model",0.7,0.0234856175972927,0.020891352041064,3
"1arc","1",2,"model",0.71,0.0217935702199662,0.0202398291099962,3
"1arc","1",2,"model",0.72,0.0198888083152043,0.0177903989427767,3
"1arc","1",2,"model",0.73,0.0198888083152043,0.0177903989427767,3
"1arc","1",2,"model",0.74,0.0162919990331158,0.0147022844522893,3
"1arc","1",2,"model",0.75,0.0126951897510273,0.0116372338131663,3
"1arc","1",2,"model",0.76,0.0107904278462654,0.0093936819778126,3
"1arc","1",2,"model",0.77,0.0107904278462654,0.0093936819778126,3
"1arc","1",2,"model",0.78,0.00550157118685037,0.00572615085681786,3
"1arc","1",2,"model",0.79,0.0019047619047619,0.00329914439536929,3
"1arc","1",2,"model",0.8,0.0019047619047619,0.00329914439536929,3
"1arc","1",2,"model",0.81,0.0019047619047619,0.00329914439536929,3
"1arc","1",2,"model",0.82,0.0019047619047619,0.00329914439536929,3
"1arc","1",2,"model",0.83,0.0019047619047619,0.00329914439536929,3
"1arc","1",2,"model",0.84,0.0019047619047619,0.00329914439536929,3
"1arc","1",2,"model",0.85,0.0019047619047619,0.00329914439536929,3
"1arc","1",2,"model",0.86,0.0019047619047619,0.00329914439536929,3
"1arc","1",2,"model",0.87,0,0,3
"1arc","1",2,"model",0.88,0,0,3
"1arc","1",2,"model",0.89,0,0,3
"1arc","1",2,"model",0.9,0,0,3
"1arc","1",2,"model",0.91,0,0,3
"1arc","1",2,"model",0.92,0,0,3
"1arc","1",2,"model",0.93,0,0,3
"1arc","1",2,"model",0.94,0,0,3
"1arc","1",2,"model",0.95,0,0,3
"1arc","1",2,"model",0.96,0,0,3
"1arc","1",2,"model",0.97,0,0,3
"1arc","1",2,"model",0.98,0,0,3
"1arc","1",2,"model",0.99,0,0,3
"1arc","1",2,"treat_all",0.01,0.32738715818242,0.0199939184440231,3
"1arc","1",2,"treat_all",0.02,0.320523761837343,0.0201979380199825,3
"1arc","1",2,"treat_all",0.03,0.313518852165563,0.020406164185137,3
"1arc","1",2,"treat_all",0.04,0.306368006875621,0.0206187283953988,3
"1arc","1",2,"treat_all",0.05,0.299066617474312,0.0208357676416662,3
"1arc","1",2,"treat_all",0.06,0.291609879362336,0.0210574247442371,3
"1arc","1",2,"treat_all",0.07,0.283992781290964,0.0212838486662182,3
"1arc","1",2,"treat_all",0.08,0.276210094131083,0.0215151948473727,3
"1arc","1",2,"treat_all",0.09,0.268256358901754,0.0217516255599812,3
"1arc","1",2,"treat_all",0.1,0.260125874000663,0.0219933102884255,3
"1arc","1",2,"treat_all",0.11,0.251812681573704,0.0222404261343628,3
"1arc","1",2,"treat_all",0.12,0.243310552955223,0.022493158249526,3
"1arc","1",2,"treat_all",0.13,0.234612973104134,0.0227517002983711,3
"1arc","1",2,"treat_all",0.14,0.225713123954182,0.0230162549530034,3
"1arc","1",2,"treat_all",0.15,0.216603866588937,0.0232870344230387,3
"1arc","1",2,"treat_all",0.16,0.207277722143567,0.023564261023313,3
"1arc","1",2,"treat_all",0.17,0.19772685132602,0.02384816778263,3
"1arc","1",2,"treat_all",0.18,0.187943032439751,0.0241389990970523,3
"1arc","1",2,"treat_all",0.19,0.177917637778514,0.0244370114315838,3
"1arc","1",2,"treat_all",0.2,0.167641608250745,0.0247424740744786,3
"1arc","1",2,"treat_all",0.21,0.157105426076704,0.0250556699488391,3
"1arc","1",2,"treat_all",0.22,0.14629908538538,0.0253768964866447,3
"1arc","1",2,"treat_all",0.23,0.135212060520255,0.0257064665708869,3
"1arc","1",2,"treat_all",0.24,0.12383327184289,0.0260447095520828,3
"1arc","1",2,"treat_all",0.25,0.112151048800795,0.0263919723461105,3
"1arc","1",2,"treat_all",0.26,0.100153090000806,0.026748620621058,3
"1arc","1",2,"treat_all",0.27,0.0878264200008167,0.0271150400816204,3
"1arc","1",2,"treat_all",0.28,0.0751573425008281,0.0274916378605318,3
"1arc","1",2,"treat_all",0.29,0.0621313895783045,0.0278788440275815,3
"1arc","1",2,"treat_all",0.3,0.0487332665722803,0.0282771132279756,3
"1arc","1",2,"treat_all",0.31,0.0349467921747771,0.0286869264631636,3
"1arc","1",2,"treat_all",0.32,0.0207548332361709,0.0291087930287983,3
"1arc","1",2,"treat_all",0.33,0.00613923373223311,0.0295432526262431,3
"1arc","1",2,"treat_all",0.34,-0.00891926272636939,0.0299908776660347,3
"1arc","1",2,"treat_all",0.35,-0.0244410975375443,0.0304522757839737,3
"1arc","1",2,"treat_all",0.36,-0.0404479896865685,0.0309280925930983,3
"1arc","1",2,"treat_all",0.37,-0.0569630371419108,0.0314190146977506,3
"1arc","1",2,"treat_all",0.38,-0.0740108280635545,0.0319257729993272,3
"1arc","1",2,"treat_all",0.39,-0.0916175629498423,0.0324491463271851,3
"1arc","1",2,"treat_all",0.4,-0.109811188999006,0.0329899654326382,3
"1arc","1",2,"treat_all",0.41,-0.128621548134583,0.0335491173891235,3
"1arc","1",2,"treat_all",0.42,-0.1480805403438,0.0341275504475567,3
"1arc","1",2,"treat_all",0.43,-0.16822230420948,0.034726279402777,3
"1arc","1",2,"treat_all",0.44,-0.18908341678465,0.0353463915349694,3
"1arc","1",2,"treat_all",0.45,-0.210703115271643,0.0359890531992416,3
"1arc","1",2,"treat_all",0.46,-0.233123543332229,0.0366555171473757,3
"1arc","1",2,"treat_all",0.47,-0.256390025281894,0.0373471306784583,3
"1arc","1",2,"treat_all",0.48,-0.28055137192193,0.0380653447299671,3
"1arc","1",2,"treat_all",0.49,-0.305660222351772,0.0388117240383978,3
"1arc","1",2,"treat_all",0.5,-0.331773426798808,0.0395879585191658,3
"1arc","1",2,"treat_all",0.51,-0.358952476325314,0.0403958760399651,3
"1arc","1",2,"treat_all",0.52,-0.387263986248758,0.0412374567907977,3
"1arc","1",2,"treat_all",0.53,-0.416780241275327,0.0421148494884743,3
"1arc","1",2,"treat_all",0.54,-0.447579811737834,0.0430303896947454,3
"1arc","1",2,"treat_all",0.55,-0.479748251998675,0.0439866205768509,3
"1arc","1",2,"treat_all",0.56,-0.513378894089554,0.044986316499052,3
"1arc","1",2,"treat_all",0.57,-0.548573752091637,0.0460325099060067,3
"1arc","1",2,"treat_all",0.58,-0.585444555712866,0.047128522046626,3
"1arc","1",2,"treat_all",0.59,-0.624113935120497,0.0482779981941046,3
"1arc","1",2,"treat_all",0.6,-0.664716783498509,0.0494849481489572,3
"1arc","1",2,"treat_all",0.61,-0.70740182922924,0.0507537929732894,3
"1arc","1",2,"treat_all",0.62,-0.75233345631422,0.0520894191041656,3
"1arc","1",2,"treat_all",0.63,-0.799693819998389,0.053497241242116,3
"1arc","1",2,"treat_all",0.64,-0.849685314998344,0.0549832757210635,3
"1arc","1",2,"treat_all",0.65,-0.902533466855439,0.0565542264559511,3
"1arc","1",2,"treat_all",0.66,-0.958490333527658,0.0582175860575968,3
"1arc","1",2,"treat_all",0.67,-1.01783852545274,0.0599817553320694,3
"1arc","1",2,"treat_all",0.68,-1.08089597937314,0.0618561851861966,3
"1arc","1",2,"treat_all",0.69,-1.14802165612711,0.0638515459986545,3
"1arc","1",2,"treat_all",0.7,-1.21962237799801,0.0659799308652763,3
"1arc","1",2,"treat_all",0.71,-1.2961610806876,0.0682551008951135,3
"1arc","1",2,"treat_all",0.72,-1.3781668335693,0.070692783069939,3
"1arc","1",2,"treat_all",0.73,-1.46624708666446,0.0733110342947514,3
"1arc","1",2,"treat_all",0.74,-1.56110274384386,0.0761306894599343,3
"1arc","1",2,"treat_all",0.75,-1.66354685359761,0.0791759170383315,3
"1arc","1",2,"treat_all",0.76,-1.77452797249752,0.0824749135815955,3
"1arc","1",2,"treat_all",0.77,-1.89515962347567,0.0860607793894907,3
"1arc","1",2,"treat_all",0.78,-2.02675778817911,0.0899726329981042,3
"1arc","1",2,"treat_all",0.79,-2.17088911142573,0.0942570440932518,3
"1arc","1",2,"treat_all",0.8,-2.32943356699702,0.0989698962979145,3
"1arc","1",2,"treat_all",0.81,-2.50466691262844,0.104178838208331,3
"1arc","1",2,"treat_all",0.82,-2.69937062999669,0.109966551442127,3
"1arc","1",2,"treat_all",0.83,-2.91698066705532,0.116435172115194,3
"1arc","1",2,"treat_all",0.84,-3.16179195874628,0.123712370372393,3
"1arc","1",2,"treat_all",0.85,-3.43924475599602,0.131959861730553,3
"1arc","1",2,"treat_all",0.86,-3.7563336671386,0.141385566139878,3
"1arc","1",2,"treat_all",0.87,-4.12220548768772,0.152261378919869,3
"1arc","1",2,"treat_all",0.88,-4.54905594499503,0.164949827163191,3
"1arc","1",2,"treat_all",0.89,-5.05351557635822,0.179945265996208,3
"1arc","1",2,"treat_all",0.9,-5.65886713399404,0.197939792595829,3
"1arc","1",2,"treat_all",0.91,-6.39874125999338,0.219933102884254,3
"1arc","1",2,"treat_all",0.92,-7.32358391749255,0.247424740744786,3
"1arc","1",2,"treat_all",0.93,-8.5126673342772,0.282771132279756,3
"1arc","1",2,"treat_all",0.94,-10.0981118899901,0.329899654326381,3
"1arc","1",2,"treat_all",0.95,-12.3177342679881,0.395879585191658,3
"1arc","1",2,"treat_all",0.96,-15.6471678349851,0.494849481489572,3
"1arc","1",2,"treat_all",0.97,-21.1962237799801,0.659799308652763,3
"1arc","1",2,"treat_all",0.98,-32.2943356699702,0.989698962979142,3
"1arc","1",2,"treat_all",0.99,-65.5886713399403,1.97939792595829,3
"1arc","1",2,"treat_none",0.01,0,0,3
"1arc","1",2,"treat_none",0.02,0,0,3
"1arc","1",2,"treat_none",0.03,0,0,3
"1arc","1",2,"treat_none",0.04,0,0,3
"1arc","1",2,"treat_none",0.05,0,0,3
"1arc","1",2,"treat_none",0.06,0,0,3
"1arc","1",2,"treat_none",0.07,0,0,3
"1arc","1",2,"treat_none",0.08,0,0,3
"1arc","1",2,"treat_none",0.09,0,0,3
"1arc","1",2,"treat_none",0.1,0,0,3
"1arc","1",2,"treat_none",0.11,0,0,3
"1arc","1",2,"treat_none",0.12,0,0,3
"1arc","1",2,"treat_none",0.13,0,0,3
"1arc","1",2,"treat_none",0.14,0,0,3
"1arc","1",2,"treat_none",0.15,0,0,3
"1arc","1",2,"treat_none",0.16,0,0,3
"1arc","1",2,"treat_none",0.17,0,0,3
"1arc","1",2,"treat_none",0.18,0,0,3
"1arc","1",2,"treat_none",0.19,0,0,3
"1arc","1",2,"treat_none",0.2,0,0,3
"1arc","1",2,"treat_none",0.21,0,0,3
"1arc","1",2,"treat_none",0.22,0,0,3
"1arc","1",2,"treat_none",0.23,0,0,3
"1arc","1",2,"treat_none",0.24,0,0,3
"1arc","1",2,"treat_none",0.25,0,0,3
"1arc","1",2,"treat_none",0.26,0,0,3
"1arc","1",2,"treat_none",0.27,0,0,3
"1arc","1",2,"treat_none",0.28,0,0,3
"1arc","1",2,"treat_none",0.29,0,0,3
"1arc","1",2,"treat_none",0.3,0,0,3
"1arc","1",2,"treat_none",0.31,0,0,3
"1arc","1",2,"treat_none",0.32,0,0,3
"1arc","1",2,"treat_none",0.33,0,0,3
"1arc","1",2,"treat_none",0.34,0,0,3
"1arc","1",2,"treat_none",0.35,0,0,3
"1arc","1",2,"treat_none",0.36,0,0,3
"1arc","1",2,"treat_none",0.37,0,0,3
"1arc","1",2,"treat_none",0.38,0,0,3
"1arc","1",2,"treat_none",0.39,0,0,3
"1arc","1",2,"treat_none",0.4,0,0,3
"1arc","1",2,"treat_none",0.41,0,0,3
"1arc","1",2,"treat_none",0.42,0,0,3
"1arc","1",2,"treat_none",0.43,0,0,3
"1arc","1",2,"treat_none",0.44,0,0,3
"1arc","1",2,"treat_none",0.45,0,0,3
"1arc","1",2,"treat_none",0.46,0,0,3
"1arc","1",2,"treat_none",0.47,0,0,3
"1arc","1",2,"treat_none",0.48,0,0,3
"1arc","1",2,"treat_none",0.49,0,0,3
"1arc","1",2,"treat_none",0.5,0,0,3
"1arc","1",2,"treat_none",0.51,0,0,3
"1arc","1",2,"treat_none",0.52,0,0,3
"1arc","1",2,"treat_none",0.53,0,0,3
"1arc","1",2,"treat_none",0.54,0,0,3
"1arc","1",2,"treat_none",0.55,0,0,3
"1arc","1",2,"treat_none",0.56,0,0,3
"1arc","1",2,"treat_none",0.57,0,0,3
"1arc","1",2,"treat_none",0.58,0,0,3
"1arc","1",2,"treat_none",0.59,0,0,3
"1arc","1",2,"treat_none",0.6,0,0,3
"1arc","1",2,"treat_none",0.61,0,0,3
"1arc","1",2,"treat_none",0.62,0,0,3
"1arc","1",2,"treat_none",0.63,0,0,3
"1arc","1",2,"treat_none",0.64,0,0,3
"1arc","1",2,"treat_none",0.65,0,0,3
"1arc","1",2,"treat_none",0.66,0,0,3
"1arc","1",2,"treat_none",0.67,0,0,3
"1arc","1",2,"treat_none",0.68,0,0,3
"1arc","1",2,"treat_none",0.69,0,0,3
"1arc","1",2,"treat_none",0.7,0,0,3
"1arc","1",2,"treat_none",0.71,0,0,3
"1arc","1",2,"treat_none",0.72,0,0,3
"1arc","1",2,"treat_none",0.73,0,0,3
"1arc","1",2,"treat_none",0.74,0,0,3
"1arc","1",2,"treat_none",0.75,0,0,3
"1arc","1",2,"treat_none",0.76,0,0,3
"1arc","1",2,"treat_none",0.77,0,0,3
"1arc","1",2,"treat_none",0.78,0,0,3
"1arc","1",2,"treat_none",0.79,0,0,3
"1arc","1",2,"treat_none",0.8,0,0,3
"1arc","1",2,"treat_none",0.81,0,0,3
"1arc","1",2,"treat_none",0.82,0,0,3
"1arc","1",2,"treat_none",0.83,0,0,3
"1arc","1",2,"treat_none",0.84,0,0,3
"1arc","1",2,"treat_none",0.85,0,0,3
"1arc","1",2,"treat_none",0.86,0,0,3
"1arc","1",2,"treat_none",0.87,0,0,3
"1arc","1",2,"treat_none",0.88,0,0,3
"1arc","1",2,"treat_none",0.89,0,0,3
"1arc","1",2,"treat_none",0.9,0,0,3
"1arc","1",2,"treat_none",0.91,0,0,3
"1arc","1",2,"treat_none",0.92,0,0,3
"1arc","1",2,"treat_none",0.93,0,0,3
"1arc","1",2,"treat_none",0.94,0,0,3
"1arc","1",2,"treat_none",0.95,0,0,3
"1arc","1",2,"treat_none",0.96,0,0,3
"1arc","1",2,"treat_none",0.97,0,0,3
"1arc","1",2,"treat_none",0.98,0,0,3
"1arc","1",2,"treat_none",0.99,0,0,3
"1arc","1",2.25,"model",0.01,0.302491342918286,0.00721290085976918,5
"1arc","1",2.25,"model",0.02,0.293556029072295,0.00780000555566186,5
"1arc","1",2.25,"model",0.03,0.287943391682547,0.00918080789784493,5
"1arc","1",2.25,"model",0.04,0.284137873242452,0.00815651101519997,5
"1arc","1",2.25,"model",0.05,0.280716301387224,0.00792365251353238,5
"1arc","1",2.25,"model",0.06,0.277825975314389,0.00702912304282894,5
"1arc","1",2.25,"model",0.07,0.273814634234308,0.0100916976980076,5
"1arc","1",2.25,"model",0.08,0.274187837345607,0.00987176085124796,5
"1arc","1",2.25,"model",0.09,0.274384469765658,0.00975775323369898,5
"1arc","1",2.25,"model",0.1,0.273795125666413,0.0088999309530584,5
"1arc","1",2.25,"model",0.11,0.275053081583007,0.00879003757613508,5
"1arc","1",2.25,"model",0.12,0.275290399669338,0.00879722532299871,5
"1arc","1",2.25,"model",0.13,0.27324289794143,0.0114862901585647,5
"1arc","1",2.25,"model",0.14,0.273404096134121,0.0132972117667673,5
"1arc","1",2.25,"model",0.15,0.273297932508183,0.0149018508362643,5
"1arc","1",2.25,"model",0.16,0.272503191344775,0.0117998679657153,5
"1arc","1",2.25,"model",0.17,0.272881107202472,0.0129669686723577,5
"1arc","1",2.25,"model",0.18,0.27311841109064,0.0139717773384044,5
"1arc","1",2.25,"model",0.19,0.27324933998623,0.0139658306851828,5
"1arc","1",2.25,"model",0.2,0.274280714609923,0.0144800952563356,5
"1arc","1",2.25,"model",0.21,0.274222255818571,0.0159901360035245,5
"1arc","1",2.25,"model",0.22,0.272914355143601,0.0160338063513152,5
"1arc","1",2.25,"model",0.23,0.273072356886038,0.0135240833434746,5
"1arc","1",2.25,"model",0.24,0.270452148858611,0.0156068960559731,5
"1arc","1",2.25,"model",0.25,0.269006453209424,0.0146054346123421,5
"1arc","1",2.25,"model",0.26,0.263305478988647,0.0167200189618651,5
"1arc","1",2.25,"model",0.27,0.259976089969376,0.0168412624547997,5
"1arc","1",2.25,"model",0.28,0.252321132113211,0.0152387654808576,5
"1arc","1",2.25,"model",0.29,0.246108113844971,0.0153358860378796,5
"1arc","1",2.25,"model",0.3,0.243077891305614,0.0169773199467406,5
"1arc","1",2.25,"model",0.31,0.241041652325768,0.0155406310833024,5
"1arc","1",2.25,"model",0.32,0.235997628948415,0.0126640153906379,5
"1arc","1",2.25,"model",0.33,0.230927334639319,0.00943488851782462,5
"1arc","1",2.25,"model",0.34,0.224920484356128,0.0100248777400295,5
"1arc","1",2.25,"model",0.35,0.219871564079485,0.00734823272488507,5
"1arc","1",2.25,"model",0.36,0.214962948217899,0.0124582714203191,5
"1arc","1",2.25,"model",0.37,0.209979573232048,0.0148135041808009,5
"1arc","1",2.25,"model",0.38,0.202979866100754,0.0155608490945006,5
"1arc","1",2.25,"model",0.39,0.196994867897887,0.0187524091588429,5
"1arc","1",2.25,"model",0.4,0.194977717002469,0.017514842849267,5
"1arc","1",2.25,"model",0.41,0.190046473161006,0.0193306629034554,5
"1arc","1",2.25,"model",0.42,0.187030360330463,0.020718970504808,5
"1arc","1",2.25,"model",0.43,0.18403887332053,0.0237170700795985,5
"1arc","1",2.25,"model",0.44,0.180813950625832,0.0242432397620908,5
"1arc","1",2.25,"model",0.45,0.171887954180033,0.0286446809126499,5
"1arc","1",2.25,"model",0.46,0.16388483463731,0.0274817716997568,5
"1arc","1",2.25,"model",0.47,0.1508500350035,0.0207106213364808,5
"1arc","1",2.25,"model",0.48,0.142931020025079,0.0234145292370265,5
"1arc","1",2.25,"model",0.49,0.131080169555417,0.0293921176579359,5
"1arc","1",2.25,"model",0.5,0.121044427519675,0.0299404990979829,5
"1arc","1",2.25,"model",0.51,0.111979924915568,0.0272920357811808,5
"1arc","1",2.25,"model",0.52,0.102012147368583,0.0265586827071478,5
"1arc","1",2.25,"model",0.53,0.0961073299637656,0.0268234509966059,5
"1arc","1",2.25,"model",0.54,0.0911584119950457,0.0281382021389501,5
"1arc","1",2.25,"model",0.55,0.0861426719595036,0.0289686300737582,5
"1arc","1",2.25,"model",0.56,0.0861426719595036,0.0289686300737582,5
"1arc","1",2.25,"model",0.57,0.0841424719395016,0.0273821600305325,5
"1arc","1",2.25,"model",0.58,0.0792007354581612,0.0307299516173866,5
"1arc","1",2.25,"model",0.59,0.0752088939663197,0.0265682025805137,5
"1arc","1",2.25,"model",0.6,0.0742473555047812,0.0280583357659674,5
"1arc","1",2.25,"model",0.61,0.0662826975005193,0.0292052274672159,5
"1arc","1",2.25,"model",0.62,0.0552747159331318,0.0241968794059484,5
"1arc","1",2.25,"model",0.63,0.0513030764614923,0.0247973685104286,5
"1arc","1",2.25,"model",0.64,0.0441904113488272,0.0198805229094393,5
"1arc","1",2.25,"model",0.65,0.0401645703031842,0.0183395406502134,5
"1arc","1",2.25,"model",0.66,0.0371387292575411,0.0162706405246306,5
"1arc","1",2.25,"model",0.67,0.0321414487602606,0.016541243340542,5
"1arc","1",2.25,"model",0.68,0.0250726841914961,0.011417894725283,5
"1arc","1",2.25,"model",0.69,0.0200623831613931,0.0095966192364612,5
"1arc","1",2.25,"model",0.7,0.018011101110111,0.00919377333126621,5
"1arc","1",2.25,"model",0.71,0.015005262064668,0.00881334756442861,5
"1arc","1",2.25,"model",0.72,0.015005262064668,0.00881334756442861,5
"1arc","1",2.25,"model",0.73,0.011979421019025,0.00769644570489448,5
"1arc","1",2.25,"model",0.74,0.00997922099902298,0.00619392589316388,5
"1arc","1",2.25,"model",0.75,0.0070019425019425,0.00845723849086881,5
"1arc","1",2.25,"model",0.76,0.00303030303030303,0.00677596356818118,5
"1arc","1",2.25,"model",0.77,0.00202020202020202,0.00451730904545412,5
"1arc","1",2.25,"model",0.78,0.00202020202020202,0.00451730904545412,5
"1arc","1",2.25,"model",0.79,0.00202020202020202,0.00451730904545412,5
"1arc","1",2.25,"model",0.8,0.00202020202020202,0.00451730904545412,5
"1arc","1",2.25,"model",0.81,0.00202020202020202,0.00451730904545412,5
"1arc","1",2.25,"model",0.82,0,0,5
"1arc","1",2.25,"model",0.83,0,0,5
"1arc","1",2.25,"model",0.84,0,0,5
"1arc","1",2.25,"model",0.85,0,0,5
"1arc","1",2.25,"model",0.86,0,0,5
"1arc","1",2.25,"model",0.87,0,0,5
"1arc","1",2.25,"model",0.88,0,0,5
"1arc","1",2.25,"model",0.89,0,0,5
"1arc","1",2.25,"model",0.9,0,0,5
"1arc","1",2.25,"model",0.91,0,0,5
"1arc","1",2.25,"model",0.92,0,0,5
"1arc","1",2.25,"model",0.93,0,0,5
"1arc","1",2.25,"model",0.94,0,0,5
"1arc","1",2.25,"model",0.95,0,0,5
"1arc","1",2.25,"model",0.96,0,0,5
"1arc","1",2.25,"model",0.97,0,0,5
"1arc","1",2.25,"model",0.98,0,0,5
"1arc","1",2.25,"model",0.99,0,0,5
"1arc","1",2.25,"treat_all",0.01,0.302239928732578,0.00751671175658026,5
"1arc","1",2.25,"treat_all",0.02,0.295119928005359,0.00759341289695351,5
"1arc","1",2.25,"treat_all",0.03,0.287853123139435,0.0076716955041386,5
"1arc","1",2.25,"treat_all",0.04,0.280434926505471,0.00775160899897338,5
"1arc","1",2.25,"treat_all",0.05,0.272860557310792,0.00783320488317311,5
"1arc","1",2.25,"treat_all",0.06,0.265125031324736,0.00791653685001536,5
"1arc","1",2.25,"treat_all",0.07,0.257223149941131,0.00800166090216606,5
"1arc","1",2.25,"treat_all",0.08,0.249149488527448,0.0080886354771896,5
"1arc","1",2.25,"treat_all",0.09,0.240898384005772,0.00817752158133456,5
"1arc","1",2.25,"treat_all",0.1,0.232463921605836,0.00826838293223827,5
"1arc","1",2.25,"treat_all",0.11,0.223839920725003,0.00836128611125218,5
"1arc","1",2.25,"treat_all",0.12,0.21501991982415,0.00845630072615277,5
"1arc","1",2.25,"treat_all",0.13,0.205997160281899,0.00855349958507407,5
"1arc","1",2.25,"treat_all",0.14,0.196764569122386,0.00865295888257492,5
"1arc","1",2.25,"treat_all",0.15,0.187314740523826,0.00875475839884052,5
"1arc","1",2.25,"treat_all",0.16,0.177639916006253,0.00885898171311243,5
"1arc","1",2.25,"treat_all",0.17,0.167731963187051,0.00896571643254752,5
"1arc","1",2.25,"treat_all",0.18,0.157582352982015,0.00907505443782249,5
"1arc","1",2.25,"treat_all",0.19,0.147182135117595,0.0091870921469314,5
"1arc","1",2.25,"treat_all",0.2,0.136521911806565,0.00930193079876805,5
"1arc","1",2.25,"treat_all",0.21,0.12559180942437,0.00941967675824612,5
"1arc","1",2.25,"treat_all",0.22,0.114381448006734,0.0095404418448903,5
"1arc","1",2.25,"treat_all",0.23,0.102879908370457,0.00966434368703173,5
"1arc","1",2.25,"treat_all",0.24,0.0910756966384897,0.00979150610396636,5
"1arc","1",2.25,"treat_all",0.25,0.078956705927003,0.00992205951868591,5
"1arc","1",2.25,"treat_all",0.26,0.0665101749260165,0.0100561414040736,5
"1arc","1",2.25,"treat_all",0.27,0.053722643075688,0.0101938967657732,5
"1arc","1",2.25,"treat_all",0.28,0.0405799020072947,0.0103354786652978,5
"1arc","1",2.25,"treat_all",0.29,0.0270669428806369,0.0104810487873443,5
"1arc","1",2.25,"treat_all",0.3,0.0131678992075032,0.0106307780557349,5
"1arc","1",2.25,"treat_all",0.31,-0.00113401529673594,0.0107848473029195,5
"1arc","1",2.25,"treat_all",0.32,-0.0158565743452173,0.0109434479985506,5
"1arc","1",2.25,"treat_all",0.33,-0.0310186127682803,0.0111067830433051,5
"1arc","1",2.25,"treat_all",0.34,-0.0466401069011331,0.0112750676348704,5
"1arc","1",2.25,"treat_all",0.35,-0.0627422623919197,0.0114485302138684,5
"1arc","1",2.25,"treat_all",0.36,-0.0793476102417935,0.0116274134984601,5
"1arc","1",2.25,"treat_all",0.37,-0.0964801119916631,0.0118119756174832,5
"1arc","1",2.25,"treat_all",0.38,-0.114165275088303,0.0120024913532491,5
"1arc","1",2.25,"treat_all",0.39,-0.132430279597947,0.012199253506581,5
"1arc","1",2.25,"treat_all",0.4,-0.151304117591246,0.0124025743983574,5
"1arc","1",2.25,"treat_all",0.41,-0.170817746702962,0.0126127875237533,5
"1arc","1",2.25,"treat_all",0.42,-0.191004259577151,0.0128302493776111,5
"1arc","1",2.25,"treat_all",0.43,-0.21189907114868,0.0130553414719551,5
"1arc","1",2.25,"treat_all",0.44,-0.233540125990621,0.0132884725696686,5
"1arc","1",2.25,"treat_all",0.45,-0.25596812828136,0.0135300811618445,5
"1arc","1",2.25,"treat_all",0.46,-0.279226797323607,0.0137806382203971,5
"1arc","1",2.25,"treat_all",0.47,-0.30336315199009,0.0140406502622914,5
"1arc","1",2.25,"treat_all",0.48,-0.3284278279899,0.0143106627673354,5
"1arc","1",2.25,"treat_all",0.49,-0.35447543246029,0.0145912639980675,5
"1arc","1",2.25,"treat_all",0.5,-0.381564941109496,0.0148830892780289,5
"1arc","1",2.25,"treat_all",0.51,-0.409760143989281,0.015186825793907,5
"1arc","1",2.25,"treat_all",0.52,-0.439130146989058,0.0155032179979467,5
"1arc","1",2.25,"treat_all",0.53,-0.469749937350527,0.0158330737000307,5
"1arc","1",2.25,"treat_all",0.54,-0.501701022945104,0.0161772709543792,5
"1arc","1",2.25,"treat_all",0.55,-0.535072156788329,0.0165367658644765,5
"1arc","1",2.25,"treat_all",0.56,-0.5699601603517,0.0169126014523056,5
"1arc","1",2.25,"treat_all",0.57,-0.606470861755228,0.0173059177651498,5
"1arc","1",2.25,"treat_all",0.58,-0.644720167987495,0.0177179634262249,5
"1arc","1",2.25,"treat_all",0.59,-0.68483529403597,0.0181501088756449,5
"1arc","1",2.25,"treat_all",0.6,-0.726956176386869,0.0186038615975361,5
"1arc","1",2.25,"treat_all",0.61,-0.771237103986533,0.0190808836897805,5
"1arc","1",2.25,"treat_all",0.62,-0.81784860672302,0.0195830122079327,5
"1arc","1",2.25,"treat_all",0.63,-0.866979650147967,0.0201122828081471,5
"1arc","1",2.25,"treat_all",0.64,-0.91884019598541,0.0206709573305956,5
"1arc","1",2.25,"treat_all",0.65,-0.973664201584994,0.0212615561114697,5
"1arc","1",2.25,"treat_all",0.66,-1.03171314869043,0.0218868959971012,5
"1arc","1",2.25,"treat_all",0.67,-1.09328021380227,0.0225501352697407,5
"1arc","1",2.25,"treat_all",0.68,-1.15869522048359,0.0232548269969201,5
"1arc","1",2.25,"treat_all",0.69,-1.22833055017661,0.0240049827064981,5
"1arc","1",2.25,"treat_all",0.7,-1.30260823518249,0.0248051487967148,5
"1arc","1",2.25,"treat_all",0.71,-1.3820085191543,0.0256604987552221,5
"1arc","1",2.25,"treat_all",0.72,-1.46708025198124,0.0265769451393371,5
"1arc","1",2.25,"treat_all",0.73,-1.55845359464721,0.0275612764407941,5
"1arc","1",2.25,"treat_all",0.74,-1.6568556559798,0.0286213255346709,5
"1arc","1",2.25,"treat_all",0.75,-1.76312988221899,0.0297661785560578,5
"1arc","1",2.25,"treat_all",0.76,-1.87826029397812,0.0310064359958933,5
"1arc","1",2.25,"treat_all",0.77,-2.00340204589021,0.0323545419087585,5
"1arc","1",2.25,"treat_all",0.78,-2.1399203207034,0.0338252029046112,5
"1arc","1",2.25,"treat_all",0.79,-2.28944033597499,0.0354359268524496,5
"1arc","1",2.25,"treat_all",0.8,-2.45391235277374,0.0372077231950723,5
"1arc","1",2.25,"treat_all",0.81,-2.63569721344604,0.0391660244158656,5
"1arc","1",2.25,"treat_all",0.82,-2.83768039197082,0.0413419146611915,5
"1arc","1",2.25,"treat_all",0.83,-3.06342629738087,0.0437737919942024,5
"1arc","1",2.25,"treat_all",0.84,-3.31739044096718,0.0465096539938402,5
"1arc","1",2.25,"treat_all",0.85,-3.60521647036498,0.0496102975934295,5
"1arc","1",2.25,"treat_all",0.86,-3.93416050396248,0.0531538902786742,5
"1arc","1",2.25,"treat_all",0.87,-4.3137113119596,0.0572426510693416,5
"1arc","1",2.25,"treat_all",0.88,-4.75652058795623,0.0620128719917867,5
"1arc","1",2.25,"treat_all",0.89,-5.2798406414068,0.0676504058092217,5
"1arc","1",2.25,"treat_all",0.9,-5.90782470554748,0.0744154463901442,5
"1arc","1",2.25,"treat_all",0.91,-6.67536078394164,0.0826838293223822,5
"1arc","1",2.25,"treat_all",0.92,-7.63478088193435,0.09301930798768,5
"1arc","1",2.25,"treat_all",0.93,-8.86832100792497,0.106307780557349,5
"1arc","1",2.25,"treat_all",0.94,-10.5130411759125,0.124025743983574,5
"1arc","1",2.25,"treat_all",0.95,-12.815649411095,0.148830892780289,5
"1arc","1",2.25,"treat_all",0.96,-16.2695617638687,0.186038615975361,5
"1arc","1",2.25,"treat_all",0.97,-22.0260823518249,0.248051487967146,5
"1arc","1",2.25,"treat_all",0.98,-33.5391235277374,0.372077231950723,5
"1arc","1",2.25,"treat_all",0.99,-68.0782470554747,0.744154463901444,5
"1arc","1",2.25,"treat_none",0.01,0,0,5
"1arc","1",2.25,"treat_none",0.02,0,0,5
"1arc","1",2.25,"treat_none",0.03,0,0,5
"1arc","1",2.25,"treat_none",0.04,0,0,5
"1arc","1",2.25,"treat_none",0.05,0,0,5
"1arc","1",2.25,"treat_none",0.06,0,0,5
"1arc","1",2.25,"treat_none",0.07,0,0,5
"1arc","1",2.25,"treat_none",0.08,0,0,5
"1arc","1",2.25,"treat_none",0.09,0,0,5
"1arc","1",2.25,"treat_none",0.1,0,0,5
"1arc","1",2.25,"treat_none",0.11,0,0,5
"1arc","1",2.25,"treat_none",0.12,0,0,5
"1arc","1",2.25,"treat_none",0.13,0,0,5
"1arc","1",2.25,"treat_none",0.14,0,0,5
"1arc","1",2.25,"treat_none",0.15,0,0,5
"1arc","1",2.25,"treat_none",0.16,0,0,5
"1arc","1",2.25,"treat_none",0.17,0,0,5
"1arc","1",2.25,"treat_none",0.18,0,0,5
"1arc","1",2.25,"treat_none",0.19,0,0,5
"1arc","1",2.25,"treat_none",0.2,0,0,5
"1arc","1",2.25,"treat_none",0.21,0,0,5
"1arc","1",2.25,"treat_none",0.22,0,0,5
"1arc","1",2.25,"treat_none",0.23,0,0,5
"1arc","1",2.25,"treat_none",0.24,0,0,5
"1arc","1",2.25,"treat_none",0.25,0,0,5
"1arc","1",2.25,"treat_none",0.26,0,0,5
"1arc","1",2.25,"treat_none",0.27,0,0,5
"1arc","1",2.25,"treat_none",0.28,0,0,5
"1arc","1",2.25,"treat_none",0.29,0,0,5
"1arc","1",2.25,"treat_none",0.3,0,0,5
"1arc","1",2.25,"treat_none",0.31,0,0,5
"1arc","1",2.25,"treat_none",0.32,0,0,5
"1arc","1",2.25,"treat_none",0.33,0,0,5
"1arc","1",2.25,"treat_none",0.34,0,0,5
"1arc","1",2.25,"treat_none",0.35,0,0,5
"1arc","1",2.25,"treat_none",0.36,0,0,5
"1arc","1",2.25,"treat_none",0.37,0,0,5
"1arc","1",2.25,"treat_none",0.38,0,0,5
"1arc","1",2.25,"treat_none",0.39,0,0,5
"1arc","1",2.25,"treat_none",0.4,0,0,5
"1arc","1",2.25,"treat_none",0.41,0,0,5
"1arc","1",2.25,"treat_none",0.42,0,0,5
"1arc","1",2.25,"treat_none",0.43,0,0,5
"1arc","1",2.25,"treat_none",0.44,0,0,5
"1arc","1",2.25,"treat_none",0.45,0,0,5
"1arc","1",2.25,"treat_none",0.46,0,0,5
"1arc","1",2.25,"treat_none",0.47,0,0,5
"1arc","1",2.25,"treat_none",0.48,0,0,5
"1arc","1",2.25,"treat_none",0.49,0,0,5
"1arc","1",2.25,"treat_none",0.5,0,0,5
"1arc","1",2.25,"treat_none",0.51,0,0,5
"1arc","1",2.25,"treat_none",0.52,0,0,5
"1arc","1",2.25,"treat_none",0.53,0,0,5
"1arc","1",2.25,"treat_none",0.54,0,0,5
"1arc","1",2.25,"treat_none",0.55,0,0,5
"1arc","1",2.25,"treat_none",0.56,0,0,5
"1arc","1",2.25,"treat_none",0.57,0,0,5
"1arc","1",2.25,"treat_none",0.58,0,0,5
"1arc","1",2.25,"treat_none",0.59,0,0,5
"1arc","1",2.25,"treat_none",0.6,0,0,5
"1arc","1",2.25,"treat_none",0.61,0,0,5
"1arc","1",2.25,"treat_none",0.62,0,0,5
"1arc","1",2.25,"treat_none",0.63,0,0,5
"1arc","1",2.25,"treat_none",0.64,0,0,5
"1arc","1",2.25,"treat_none",0.65,0,0,5
"1arc","1",2.25,"treat_none",0.66,0,0,5
"1arc","1",2.25,"treat_none",0.67,0,0,5
"1arc","1",2.25,"treat_none",0.68,0,0,5
"1arc","1",2.25,"treat_none",0.69,0,0,5
"1arc","1",2.25,"treat_none",0.7,0,0,5
"1arc","1",2.25,"treat_none",0.71,0,0,5
"1arc","1",2.25,"treat_none",0.72,0,0,5
"1arc","1",2.25,"treat_none",0.73,0,0,5
"1arc","1",2.25,"treat_none",0.74,0,0,5
"1arc","1",2.25,"treat_none",0.75,0,0,5
"1arc","1",2.25,"treat_none",0.76,0,0,5
"1arc","1",2.25,"treat_none",0.77,0,0,5
"1arc","1",2.25,"treat_none",0.78,0,0,5
"1arc","1",2.25,"treat_none",0.79,0,0,5
"1arc","1",2.25,"treat_none",0.8,0,0,5
"1arc","1",2.25,"treat_none",0.81,0,0,5
"1arc","1",2.25,"treat_none",0.82,0,0,5
"1arc","1",2.25,"treat_none",0.83,0,0,5
"1arc","1",2.25,"treat_none",0.84,0,0,5
"1arc","1",2.25,"treat_none",0.85,0,0,5
"1arc","1",2.25,"treat_none",0.86,0,0,5
"1arc","1",2.25,"treat_none",0.87,0,0,5
"1arc","1",2.25,"treat_none",0.88,0,0,5
"1arc","1",2.25,"treat_none",0.89,0,0,5
"1arc","1",2.25,"treat_none",0.9,0,0,5
"1arc","1",2.25,"treat_none",0.91,0,0,5
"1arc","1",2.25,"treat_none",0.92,0,0,5
"1arc","1",2.25,"treat_none",0.93,0,0,5
"1arc","1",2.25,"treat_none",0.94,0,0,5
"1arc","1",2.25,"treat_none",0.95,0,0,5
"1arc","1",2.25,"treat_none",0.96,0,0,5
"1arc","1",2.25,"treat_none",0.97,0,0,5
"1arc","1",2.25,"treat_none",0.98,0,0,5
"1arc","1",2.25,"treat_none",0.99,0,0,5
"1arc","1",2.5,"model",0.01,0.290722316721284,0.0132157836494908,3
"1arc","1",2.5,"model",0.02,0.28452305729968,0.013668576978011,3
"1arc","1",2.5,"model",0.03,0.27909725701216,0.0120582258932319,3
"1arc","1",2.5,"model",0.04,0.27600440681789,0.012650683839465,3
"1arc","1",2.5,"model",0.05,0.273386838473568,0.0109105197987554,3
"1arc","1",2.5,"model",0.06,0.270356576929946,0.0151393312812192,3
"1arc","1",2.5,"model",0.07,0.269879613990879,0.0146109571568362,3
"1arc","1",2.5,"model",0.08,0.269887251098902,0.0136001629508299,3
"1arc","1",2.5,"model",0.09,0.269827004662328,0.0131835639593259,3
"1arc","1",2.5,"model",0.1,0.26976891337109,0.01171082816454,3
"1arc","1",2.5,"model",0.11,0.266885504851892,0.0100422455268393,3
"1arc","1",2.5,"model",0.12,0.266654846463313,0.0102094868638958,3
"1arc","1",2.5,"model",0.13,0.263369261981657,0.00873057094344847,3
"1arc","1",2.5,"model",0.14,0.25623753910453,0.00339302817935251,3
"1arc","1",2.5,"model",0.15,0.251921002159675,0.004505054461591,3
"1arc","1",2.5,"model",0.16,0.252041475167984,0.00481658292385662,3
"1arc","1",2.5,"model",0.17,0.247224925972825,0.0100021816383745,3
"1arc","1",2.5,"model",0.18,0.248652609941589,0.0115589126343539,3
"1arc","1",2.5,"model",0.19,0.245466312925551,0.0164102918805372,3
"1arc","1",2.5,"model",0.2,0.24030769381638,0.0170873016617274,3
"1arc","1",2.5,"model",0.21,0.237773685074021,0.0148076080624274,3
"1arc","1",2.5,"model",0.22,0.235274627334178,0.0171612449513562,3
"1arc","1",2.5,"model",0.23,0.232344635746341,0.0189374932217471,3
"1arc","1",2.5,"model",0.24,0.229127190554558,0.0215919412873771,3
"1arc","1",2.5,"model",0.25,0.225954520915431,0.0242099416654008,3
"1arc","1",2.5,"model",0.26,0.226711294985516,0.0233930370314168,3
"1arc","1",2.5,"model",0.27,0.22490321078194,0.0247712965269548,3
"1arc","1",2.5,"model",0.28,0.219682086465284,0.0303571516394101,3
"1arc","1",2.5,"model",0.29,0.21425475641682,0.036182864965338,3
"1arc","1",2.5,"model",0.3,0.210949902861881,0.0345851502287747,3
"1arc","1",2.5,"model",0.31,0.209078774517009,0.0356560183214698,3
"1arc","1",2.5,"model",0.32,0.204876437032044,0.0353337077069903,3
"1arc","1",2.5,"model",0.33,0.200782695673361,0.0349480527987492,3
"1arc","1",2.5,"model",0.34,0.197523187780714,0.0341194061647181,3
"1arc","1",2.5,"model",0.35,0.194340057969431,0.0324489009611758,3
"1arc","1",2.5,"model",0.36,0.190946687547955,0.0362321092791528,3
"1arc","1",2.5,"model",0.37,0.187550884718986,0.0404901710067168,3
"1arc","1",2.5,"model",0.38,0.179722567745561,0.0340228550481563,3
"1arc","1",2.5,"model",0.39,0.172743928894298,0.0324485439808252,3
"1arc","1",2.5,"model",0.4,0.161458638658815,0.0379660810543128,3
"1arc","1",2.5,"model",0.41,0.153640862356065,0.0303024578285163,3
"1arc","1",2.5,"model",0.42,0.147299921764819,0.0280891147721443,3
"1arc","1",2.5,"model",0.43,0.147253670948492,0.0280193009160698,3
"1arc","1",2.5,"model",0.44,0.139431185573523,0.0222263141008931,3
"1arc","1",2.5,"model",0.45,0.131376181793364,0.0244373426060012,3
"1arc","1",2.5,"model",0.46,0.118709325638396,0.0221116051801118,3
"1arc","1",2.5,"model",0.47,0.11223726866198,0.0170066400963791,3
"1arc","1",2.5,"model",0.48,0.104282636270075,0.0178200545264984,3
"1arc","1",2.5,"model",0.49,0.0996954803067723,0.0132093340656596,3
"1arc","1",2.5,"model",0.5,0.0965080535263016,0.015189219037139,3
"1arc","1",2.5,"model",0.51,0.0933992227075703,0.0125902456022143,3
"1arc","1",2.5,"model",0.52,0.0886320170961359,0.0127378085300375,3
"1arc","1",2.5,"model",0.53,0.0823357594969339,0.0125691147661398,3
"1arc","1",2.5,"model",0.54,0.0726720254691296,0.0159672795612315,3
"1arc","1",2.5,"model",0.55,0.0693552758837233,0.021599079942234,3
"1arc","1",2.5,"model",0.56,0.0630868874030647,0.0158993958606349,3
"1arc","1",2.5,"model",0.57,0.0552387200914424,0.0123130174292747,3
"1arc","1",2.5,"model",0.58,0.0488131396873049,0.0147484991473581,3
"1arc","1",2.5,"model",0.59,0.0457043088685736,0.0126817552455345,3
"1arc","1",2.5,"model",0.6,0.0425447512066463,0.0148218737243268,3
"1arc","1",2.5,"model",0.61,0.0346408456579372,0.010574407623275,3
"1arc","1",2.5,"model",0.62,0.0284231840204748,0.00718975465172019,3
"1arc","1",2.5,"model",0.63,0.0237345743707798,0.0090004524342504,3
"1arc","1",2.5,"model",0.64,0.0220761995780767,0.00914231434311068,3
"1arc","1",2.5,"model",0.65,0.0220761995780767,0.00914231434311068,3
"1arc","1",2.5,"model",0.66,0.0220761995780767,0.00914231434311068,3
"1arc","1",2.5,"model",0.67,0.0204178247853735,0.0101319751674454,3
"1arc","1",2.5,"model",0.68,0.0173597208098384,0.00484194344966769,3
"1arc","1",2.5,"model",0.69,0.0173597208098384,0.00484194344966769,3
"1arc","1",2.5,"model",0.7,0.0141722940293676,0.00419937417887156,3
"1arc","1",2.5,"model",0.71,0.0126432420416,0.00234334529719777,3
"1arc","1",2.5,"model",0.72,0.0126432420416,0.00234334529719777,3
"1arc","1",2.5,"model",0.73,0.0126432420416,0.00234334529719777,3
"1arc","1",2.5,"model",0.74,0.0126432420416,0.00234334529719777,3
"1arc","1",2.5,"model",0.75,0.00958513806606488,0.0048257967446504,3
"1arc","1",2.5,"model",0.76,0.00958513806606488,0.0048257967446504,3
"1arc","1",2.5,"model",0.77,0.00647630724733363,0.00561360068033124,3
"1arc","1",2.5,"model",0.78,0.0033167495854063,0.00574477879790672,3
"1arc","1",2.5,"model",0.79,0.0033167495854063,0.00574477879790672,3
"1arc","1",2.5,"model",0.8,0.0033167495854063,0.00574477879790672,3
"1arc","1",2.5,"model",0.81,0.0033167495854063,0.00574477879790672,3
"1arc","1",2.5,"model",0.82,0.00165837479270315,0.00287238939895336,3
"1arc","1",2.5,"model",0.83,0,0,3
"1arc","1",2.5,"model",0.84,0,0,3
"1arc","1",2.5,"model",0.85,0,0,3
"1arc","1",2.5,"model",0.86,0,0,3
"1arc","1",2.5,"model",0.87,0,0,3
"1arc","1",2.5,"model",0.88,0,0,3
"1arc","1",2.5,"model",0.89,0,0,3
"1arc","1",2.5,"model",0.9,0,0,3
"1arc","1",2.5,"model",0.91,0,0,3
"1arc","1",2.5,"model",0.92,0,0,3
"1arc","1",2.5,"model",0.93,0,0,3
"1arc","1",2.5,"model",0.94,0,0,3
"1arc","1",2.5,"model",0.95,0,0,3
"1arc","1",2.5,"model",0.96,0,0,3
"1arc","1",2.5,"model",0.97,0,0,3
"1arc","1",2.5,"model",0.98,0,0,3
"1arc","1",2.5,"model",0.99,0,0,3
"1arc","1",2.5,"treat_all",0.01,0.288451260514074,0.0122421751141128,3
"1arc","1",2.5,"treat_all",0.02,0.281190559090748,0.0123670952683385,3
"1arc","1",2.5,"treat_all",0.03,0.273780152483436,0.0124945910958471,3
"1arc","1",2.5,"treat_all",0.04,0.266215362405138,0.0126247430864289,3
"1arc","1",2.5,"treat_all",0.05,0.25849131358835,0.0127576351189176,3
"1arc","1",2.5,"treat_all",0.06,0.250602923307375,0.0128933546414593,3
"1arc","1",2.5,"treat_all",0.07,0.242544890224659,0.0130319928634105,3
"1arc","1",2.5,"treat_all",0.08,0.23431168250971,0.0131736449597519,3
"1arc","1",2.5,"treat_all",0.09,0.225897525174651,0.0133184102889799,3
"1arc","1",2.5,"treat_all",0.1,0.217296386565481,0.0134663926255241,3
"1arc","1",2.5,"treat_all",0.11,0.208501963942621,0.0136177004078334,3
"1arc","1",2.5,"treat_all",0.12,0.199507668078333,0.0137724470033769,3
"1arc","1",2.5,"treat_all",0.13,0.190306606791877,0.0139307509919215,3
"1arc","1",2.5,"treat_all",0.14,0.180891567335968,0.0140927364685718,3
"1arc","1",2.5,"treat_all",0.15,0.171254997539921,0.014258533368202,3
"1arc","1",2.5,"treat_all",0.16,0.161388985605872,0.0144282778130616,3
"1arc","1",2.5,"treat_all",0.17,0.151285238444497,0.0146021124855081,3
"1arc","1",2.5,"treat_all",0.18,0.140935058425528,0.0147801870280143,3
"1arc","1",2.5,"treat_all",0.19,0.13032931840609,0.0149626584728046,3
"1arc","1",2.5,"treat_all",0.2,0.119458434886166,0.0151496917037146,3
"1arc","1",2.5,"treat_all",0.21,0.108312339125231,0.0153414599531287,3
"1arc","1",2.5,"treat_all",0.22,0.0968804460370933,0.0155381453371432,3
"1arc","1",2.5,"treat_all",0.23,0.0851516206609517,0.0157399394324308,3
"1arc","1",2.5,"treat_all",0.24,0.0731141419854378,0.015947043898647,3
"1arc","1",2.5,"treat_all",0.25,0.0607556638785771,0.0161596711506289,3
"1arc","1",2.5,"treat_all",0.26,0.0480631728499092,0.0163780450850969,3
"1arc","1",2.5,"treat_all",0.27,0.0350229423410038,0.0166024018670845,3
"1arc","1",2.5,"treat_all",0.28,0.0216204832068511,0.0168329907819052,3
"1arc","1",2.5,"treat_all",0.29,0.00784049001258134,0.0170700751591151,3
"1arc","1",2.5,"treat_all",0.3,-0.00633321727295316,0.0173139333756739,3
"1arc","1",2.5,"treat_all",0.31,-0.0209177566537206,0.0175648599463358,3
"1arc","1",2.5,"treat_all",0.32,-0.0359312530750989,0.0178231667102525,3
"1arc","1",2.5,"treat_all",0.33,-0.0513929135687571,0.0180891841238384,3
"1arc","1",2.5,"treat_all",0.34,-0.0673231092288898,0.0183632626711692,3
"1arc","1",2.5,"treat_all",0.35,-0.0837434647554881,0.0186457744045718,3
"1arc","1",2.5,"treat_all",0.36,-0.100676956392293,0.0189371146296433,3
"1arc","1",2.5,"treat_all",0.37,-0.11814801919217,0.0192377037507487,3
"1arc","1",2.5,"treat_all",0.38,-0.136182664663012,0.0195479892951156,3
"1arc","1",2.5,"treat_all",0.39,-0.154808609985356,0.0198684481360192,3
"1arc","1",2.5,"treat_all",0.4,-0.174055420151779,0.0201995889382862,3
"1arc","1",2.5,"treat_all",0.41,-0.193954664561131,0.0205419548524944,3
"1arc","1",2.5,"treat_all",0.42,-0.214540089812185,0.0208961264878822,3
"1arc","1",2.5,"treat_all",0.43,-0.235847810686083,0.0212627251981959,3
"1arc","1",2.5,"treat_all",0.44,-0.257916521591191,0.0216424167195923,3
"1arc","1",2.5,"treat_all",0.45,-0.280787731074668,0.0220359152054031,3
"1arc","1",2.5,"treat_all",0.46,-0.304506022390865,0.0224439877092068,3
"1arc","1",2.5,"treat_all",0.47,-0.329119343568051,0.0228674591754183,3
"1arc","1",2.5,"treat_all",0.48,-0.35467933094436,0.0233072180057147,3
"1arc","1",2.5,"treat_all",0.49,-0.381241670766798,0.0237642222803366,3
"1arc","1",2.5,"treat_all",0.5,-0.408866504182134,0.0242395067259434,3
"1arc","1",2.5,"treat_all",0.51,-0.437618881818505,0.0247341905366769,3
"1arc","1",2.5,"treat_all",0.52,-0.467569275189723,0.0252494861728577,3
"1arc","1",2.5,"treat_all",0.53,-0.49879415338525,0.0257867092829185,3
"1arc","1",2.5,"treat_all",0.54,-0.531376634980581,0.0263472899195036,3
"1arc","1",2.5,"treat_all",0.55,-0.565407226869039,0.0269327852510482,3
"1arc","1",2.5,"treat_all",0.56,-0.600984663843335,0.0275448940067538,3
"1arc","1",2.5,"treat_all",0.57,-0.638216865328064,0.0281854729371435,3
"1arc","1",2.5,"treat_all",0.58,-0.677222028788256,0.028856555626123,3
"1arc","1",2.5,"treat_all",0.59,-0.718129883148944,0.0295603740560285,3
"1arc","1",2.5,"treat_all",0.6,-0.761083130227668,0.0302993834074292,3
"1arc","1",2.5,"treat_all",0.61,-0.806239107925813,0.0310762906742863,3
"1arc","1",2.5,"treat_all",0.62,-0.853771716029124,0.0318940877972938,3
"1arc","1",2.5,"treat_all",0.63,-0.903873654300182,0.0327560901701936,3
"1arc","1",2.5,"treat_all",0.64,-0.956759033586298,0.0336659815638102,3
"1arc","1",2.5,"treat_all",0.65,-1.01266643454591,0.0346278667513476,3
"1arc","1",2.5,"treat_all",0.66,-1.0718625061502,0.0356463334205048,3
"1arc","1",2.5,"treat_all",0.67,-1.13464621845778,0.0367265253423384,3
"1arc","1",2.5,"treat_all",0.68,-1.20135391278459,0.0378742292592864,3
"1arc","1",2.5,"treat_all",0.69,-1.27236532932602,0.0390959785902311,3
"1arc","1",2.5,"treat_all",0.7,-1.34811084030356,0.0403991778765722,3
"1arc","1",2.5,"treat_all",0.71,-1.42908017962437,0.0417922529757644,3
"1arc","1",2.5,"treat_all",0.72,-1.51583304318238,0.0432848334391845,3
"1arc","1",2.5,"treat_all",0.73,-1.60901204478173,0.0448879754184136,3
"1arc","1",2.5,"treat_all",0.74,-1.70935866188872,0.0466144360114294,3
"1arc","1",2.5,"treat_all",0.75,-1.81773300836427,0.0484790134518866,3
"1arc","1",2.5,"treat_all",0.76,-1.93513855037945,0.0504989723457153,3
"1arc","1",2.5,"treat_all",0.77,-2.06275326996116,0.0526945798390072,3
"1arc","1",2.5,"treat_all",0.78,-2.20196932768667,0.0550897880135078,3
"1arc","1",2.5,"treat_all",0.79,-2.35444405757651,0.0577131112522463,3
"1arc","1",2.5,"treat_all",0.8,-2.52216626045534,0.0605987668148585,3
"1arc","1",2.5,"treat_all",0.81,-2.70754343205825,0.0637881755945881,3
"1arc","1",2.5,"treat_all",0.82,-2.9135180671726,0.0673319631276204,3
"1arc","1",2.5,"treat_all",0.83,-3.1437250123004,0.0712926668410099,3
"1arc","1",2.5,"treat_all",0.84,-3.40270782556917,0.0757484585185731,3
"1arc","1",2.5,"treat_all",0.85,-3.69622168060711,0.0807983557531446,3
"1arc","1",2.5,"treat_all",0.86,-4.03166608636477,0.0865696668783689,3
"1arc","1",2.5,"treat_all",0.87,-4.41871732377744,0.0932288720228592,3
"1arc","1",2.5,"treat_all",0.88,-4.87027710075889,0.100997944691431,3
"1arc","1",2.5,"treat_all",0.89,-5.40393865537334,0.110179576027015,3
"1arc","1",2.5,"treat_all",0.9,-6.04433252091067,0.121197533629717,3
"1arc","1",2.5,"treat_all",0.91,-6.82703613434519,0.134663926255241,3
"1arc","1",2.5,"treat_all",0.92,-7.80541565113835,0.151496917037146,3
"1arc","1",2.5,"treat_all",0.93,-9.06333217272954,0.173139333756738,3
"1arc","1",2.5,"treat_all",0.94,-10.7405542015178,0.201995889382861,3
"1arc","1",2.5,"treat_all",0.95,-13.0886650418214,0.242395067259434,3
"1arc","1",2.5,"treat_all",0.96,-16.6108313022767,0.302993834074293,3
"1arc","1",2.5,"treat_all",0.97,-22.4811084030356,0.403991778765722,3
"1arc","1",2.5,"treat_all",0.98,-34.2216626045533,0.605987668148585,3
"1arc","1",2.5,"treat_all",0.99,-69.4433252091067,1.21197533629717,3
"1arc","1",2.5,"treat_none",0.01,0,0,3
"1arc","1",2.5,"treat_none",0.02,0,0,3
"1arc","1",2.5,"treat_none",0.03,0,0,3
"1arc","1",2.5,"treat_none",0.04,0,0,3
"1arc","1",2.5,"treat_none",0.05,0,0,3
"1arc","1",2.5,"treat_none",0.06,0,0,3
"1arc","1",2.5,"treat_none",0.07,0,0,3
"1arc","1",2.5,"treat_none",0.08,0,0,3
"1arc","1",2.5,"treat_none",0.09,0,0,3
"1arc","1",2.5,"treat_none",0.1,0,0,3
"1arc","1",2.5,"treat_none",0.11,0,0,3
"1arc","1",2.5,"treat_none",0.12,0,0,3
"1arc","1",2.5,"treat_none",0.13,0,0,3
"1arc","1",2.5,"treat_none",0.14,0,0,3
"1arc","1",2.5,"treat_none",0.15,0,0,3
"1arc","1",2.5,"treat_none",0.16,0,0,3
"1arc","1",2.5,"treat_none",0.17,0,0,3
"1arc","1",2.5,"treat_none",0.18,0,0,3
"1arc","1",2.5,"treat_none",0.19,0,0,3
"1arc","1",2.5,"treat_none",0.2,0,0,3
"1arc","1",2.5,"treat_none",0.21,0,0,3
"1arc","1",2.5,"treat_none",0.22,0,0,3
"1arc","1",2.5,"treat_none",0.23,0,0,3
"1arc","1",2.5,"treat_none",0.24,0,0,3
"1arc","1",2.5,"treat_none",0.25,0,0,3
"1arc","1",2.5,"treat_none",0.26,0,0,3
"1arc","1",2.5,"treat_none",0.27,0,0,3
"1arc","1",2.5,"treat_none",0.28,0,0,3
"1arc","1",2.5,"treat_none",0.29,0,0,3
"1arc","1",2.5,"treat_none",0.3,0,0,3
"1arc","1",2.5,"treat_none",0.31,0,0,3
"1arc","1",2.5,"treat_none",0.32,0,0,3
"1arc","1",2.5,"treat_none",0.33,0,0,3
"1arc","1",2.5,"treat_none",0.34,0,0,3
"1arc","1",2.5,"treat_none",0.35,0,0,3
"1arc","1",2.5,"treat_none",0.36,0,0,3
"1arc","1",2.5,"treat_none",0.37,0,0,3
"1arc","1",2.5,"treat_none",0.38,0,0,3
"1arc","1",2.5,"treat_none",0.39,0,0,3
"1arc","1",2.5,"treat_none",0.4,0,0,3
"1arc","1",2.5,"treat_none",0.41,0,0,3
"1arc","1",2.5,"treat_none",0.42,0,0,3
"1arc","1",2.5,"treat_none",0.43,0,0,3
"1arc","1",2.5,"treat_none",0.44,0,0,3
"1arc","1",2.5,"treat_none",0.45,0,0,3
"1arc","1",2.5,"treat_none",0.46,0,0,3
"1arc","1",2.5,"treat_none",0.47,0,0,3
"1arc","1",2.5,"treat_none",0.48,0,0,3
"1arc","1",2.5,"treat_none",0.49,0,0,3
"1arc","1",2.5,"treat_none",0.5,0,0,3
"1arc","1",2.5,"treat_none",0.51,0,0,3
"1arc","1",2.5,"treat_none",0.52,0,0,3
"1arc","1",2.5,"treat_none",0.53,0,0,3
"1arc","1",2.5,"treat_none",0.54,0,0,3
"1arc","1",2.5,"treat_none",0.55,0,0,3
"1arc","1",2.5,"treat_none",0.56,0,0,3
"1arc","1",2.5,"treat_none",0.57,0,0,3
"1arc","1",2.5,"treat_none",0.58,0,0,3
"1arc","1",2.5,"treat_none",0.59,0,0,3
"1arc","1",2.5,"treat_none",0.6,0,0,3
"1arc","1",2.5,"treat_none",0.61,0,0,3
"1arc","1",2.5,"treat_none",0.62,0,0,3
"1arc","1",2.5,"treat_none",0.63,0,0,3
"1arc","1",2.5,"treat_none",0.64,0,0,3
"1arc","1",2.5,"treat_none",0.65,0,0,3
"1arc","1",2.5,"treat_none",0.66,0,0,3
"1arc","1",2.5,"treat_none",0.67,0,0,3
"1arc","1",2.5,"treat_none",0.68,0,0,3
"1arc","1",2.5,"treat_none",0.69,0,0,3
"1arc","1",2.5,"treat_none",0.7,0,0,3
"1arc","1",2.5,"treat_none",0.71,0,0,3
"1arc","1",2.5,"treat_none",0.72,0,0,3
"1arc","1",2.5,"treat_none",0.73,0,0,3
"1arc","1",2.5,"treat_none",0.74,0,0,3
"1arc","1",2.5,"treat_none",0.75,0,0,3
"1arc","1",2.5,"treat_none",0.76,0,0,3
"1arc","1",2.5,"treat_none",0.77,0,0,3
"1arc","1",2.5,"treat_none",0.78,0,0,3
"1arc","1",2.5,"treat_none",0.79,0,0,3
"1arc","1",2.5,"treat_none",0.8,0,0,3
"1arc","1",2.5,"treat_none",0.81,0,0,3
"1arc","1",2.5,"treat_none",0.82,0,0,3
"1arc","1",2.5,"treat_none",0.83,0,0,3
"1arc","1",2.5,"treat_none",0.84,0,0,3
"1arc","1",2.5,"treat_none",0.85,0,0,3
"1arc","1",2.5,"treat_none",0.86,0,0,3
"1arc","1",2.5,"treat_none",0.87,0,0,3
"1arc","1",2.5,"treat_none",0.88,0,0,3
"1arc","1",2.5,"treat_none",0.89,0,0,3
"1arc","1",2.5,"treat_none",0.9,0,0,3
"1arc","1",2.5,"treat_none",0.91,0,0,3
"1arc","1",2.5,"treat_none",0.92,0,0,3
"1arc","1",2.5,"treat_none",0.93,0,0,3
"1arc","1",2.5,"treat_none",0.94,0,0,3
"1arc","1",2.5,"treat_none",0.95,0,0,3
"1arc","1",2.5,"treat_none",0.96,0,0,3
"1arc","1",2.5,"treat_none",0.97,0,0,3
"1arc","1",2.5,"treat_none",0.98,0,0,3
"1arc","1",2.5,"treat_none",0.99,0,0,3
"1arc","1",2.75,"model",0.01,0.260952687507959,0.0106506435280158,5
"1arc","1",2.75,"model",0.02,0.25582781884938,0.0110639009358856,5
"1arc","1",2.75,"model",0.03,0.250879472243922,0.00974188693012778,5
"1arc","1",2.75,"model",0.04,0.246568061615355,0.0097569684382298,5
"1arc","1",2.75,"model",0.05,0.242120101296772,0.0112697097089525,5
"1arc","1",2.75,"model",0.06,0.241315650291107,0.0114299490917694,5
"1arc","1",2.75,"model",0.07,0.239550433665902,0.0115356829087342,5
"1arc","1",2.75,"model",0.08,0.238452945050026,0.0107569152031225,5
"1arc","1",2.75,"model",0.09,0.238735514343302,0.0105492332579651,5
"1arc","1",2.75,"model",0.1,0.238641644598449,0.00925481778515547,5
"1arc","1",2.75,"model",0.11,0.238922329045115,0.00993311035212338,5
"1arc","1",2.75,"model",0.12,0.237160353463396,0.00995380431072179,5
"1arc","1",2.75,"model",0.13,0.238728122051597,0.00993736148763659,5
"1arc","1",2.75,"model",0.14,0.237578407595649,0.00906991094819636,5
"1arc","1",2.75,"model",0.15,0.234273407245612,0.0113811784810001,5
"1arc","1",2.75,"model",0.16,0.233784840202904,0.0123591167776038,5
"1arc","1",2.75,"model",0.17,0.230501079355702,0.0120761007170901,5
"1arc","1",2.75,"model",0.18,0.228082038146061,0.0125337573470673,5
"1arc","1",2.75,"model",0.19,0.222823160514204,0.0128341775052652,5
"1arc","1",2.75,"model",0.2,0.221525372933642,0.0135441043654749,5
"1arc","1",2.75,"model",0.21,0.217575012505355,0.0137562963611682,5
"1arc","1",2.75,"model",0.22,0.21417181686044,0.0152562033980454,5
"1arc","1",2.75,"model",0.23,0.210929574404456,0.0121161114179388,5
"1arc","1",2.75,"model",0.24,0.202908525249282,0.0125671183150406,5
"1arc","1",2.75,"model",0.25,0.19956988598133,0.00962405112828625,5
"1arc","1",2.75,"model",0.26,0.191311882329782,0.0111348962615231,5
"1arc","1",2.75,"model",0.27,0.188357923611467,0.0140734690256714,5
"1arc","1",2.75,"model",0.28,0.183423390864843,0.0123303323413881,5
"1arc","1",2.75,"model",0.29,0.174678040357471,0.0115919960772846,5
"1arc","1",2.75,"model",0.3,0.173620400191792,0.0112354084452946,5
"1arc","1",2.75,"model",0.31,0.168214918750796,0.0141270659253474,5
"1arc","1",2.75,"model",0.32,0.165646315059165,0.012043655590318,5
"1arc","1",2.75,"model",0.33,0.161412288601991,0.0114205162572637,5
"1arc","1",2.75,"model",0.34,0.157984432658949,0.0134824663165305,5
"1arc","1",2.75,"model",0.35,0.151013443149639,0.0175232817616814,5
"1arc","1",2.75,"model",0.36,0.147486433046064,0.0192677623719218,5
"1arc","1",2.75,"model",0.37,0.142195342900977,0.01776995640805,5
"1arc","1",2.75,"model",0.38,0.136130376729372,0.0179499290754663,5
"1arc","1",2.75,"model",0.39,0.131791387510339,0.0186666945629641,5
"1arc","1",2.75,"model",0.4,0.12559005931882,0.013643616196446,5
"1arc","1",2.75,"model",0.41,0.120374176228001,0.0111286643865421,5
"1arc","1",2.75,"model",0.42,0.116258853388918,0.0108676604467128,5
"1arc","1",2.75,"model",0.43,0.113671969394365,0.0113919577638302,5
"1arc","1",2.75,"model",0.44,0.109303127230188,0.0103837008367222,5
"1arc","1",2.75,"model",0.45,0.0973058258550483,0.0140487416500702,5
"1arc","1",2.75,"model",0.46,0.0964474567563359,0.0153255507587626,5
"1arc","1",2.75,"model",0.47,0.0910845831531189,0.0184843580777824,5
"1arc","1",2.75,"model",0.48,0.0818093388787721,0.0192978720486663,5
"1arc","1",2.75,"model",0.49,0.074034817644332,0.0155049887456715,5
"1arc","1",2.75,"model",0.5,0.0697954369563755,0.0175421421869394,5
"1arc","1",2.75,"model",0.51,0.0621217146467468,0.0186355166902352,5
"1arc","1",2.75,"model",0.52,0.0560494010604821,0.0212427131174803,5
"1arc","1",2.75,"model",0.53,0.0518012014532951,0.0234665783161394,5
"1arc","1",2.75,"model",0.54,0.050083974021782,0.0240251272056801,5
"1arc","1",2.75,"model",0.55,0.0492029167530595,0.0220824912231878,5
"1arc","1",2.75,"model",0.56,0.0466807634966162,0.0236025987988243,5
"1arc","1",2.75,"model",0.57,0.0396375051884114,0.0176351006675493,5
"1arc","1",2.75,"model",0.58,0.0361922520951454,0.017587282220765,5
"1arc","1",2.75,"model",0.59,0.0328117297399896,0.0199515239338011,5
"1arc","1",2.75,"model",0.6,0.0277022032549044,0.0195364426992054,5
"1arc","1",2.75,"model",0.61,0.0250926310903409,0.0164372082852461,5
"1arc","1",2.75,"model",0.62,0.0215485583832725,0.0112026619727503,5
"1arc","1",2.75,"model",0.63,0.0206675011145501,0.00946125070237829,5
"1arc","1",2.75,"model",0.64,0.0189701173152154,0.00741800383272578,5
"1arc","1",2.75,"model",0.65,0.0172080027777704,0.0042749249629238,5
"1arc","1",2.75,"model",0.66,0.0172080027777704,0.0042749249629238,5
"1arc","1",2.75,"model",0.67,0.016326945509048,0.00339750105052328,5
"1arc","1",2.75,"model",0.68,0.0154458882403255,0.00354593604647228,5
"1arc","1",2.75,"model",0.69,0.0137485044409908,0.00357403241273738,5
"1arc","1",2.75,"model",0.7,0.0104411557504416,0.00522296539627923,5
"1arc","1",2.75,"model",0.71,0.00877737159271072,0.00637499211627873,5
"1arc","1",2.75,"model",0.72,0.00877737159271072,0.00637499211627873,5
"1arc","1",2.75,"model",0.73,0.00701810159309737,0.00510418625782722,5
"1arc","1",2.75,"model",0.74,0.00521629979129557,0.00360923174170717,5
"1arc","1",2.75,"model",0.75,0.0034343416216722,0.00355919290760679,5
"1arc","1",2.75,"model",0.76,0.00169491525423729,0.00378994572457591,5
"1arc","1",2.75,"model",0.77,0,0,5
"1arc","1",2.75,"model",0.78,0,0,5
"1arc","1",2.75,"model",0.79,0,0,5
"1arc","1",2.75,"model",0.8,0,0,5
"1arc","1",2.75,"model",0.81,0,0,5
"1arc","1",2.75,"model",0.82,0,0,5
"1arc","1",2.75,"model",0.83,0,0,5
"1arc","1",2.75,"model",0.84,0,0,5
"1arc","1",2.75,"model",0.85,0,0,5
"1arc","1",2.75,"model",0.86,0,0,5
"1arc","1",2.75,"model",0.87,0,0,5
"1arc","1",2.75,"model",0.88,0,0,5
"1arc","1",2.75,"model",0.89,0,0,5
"1arc","1",2.75,"model",0.9,0,0,5
"1arc","1",2.75,"model",0.91,0,0,5
"1arc","1",2.75,"model",0.92,0,0,5
"1arc","1",2.75,"model",0.93,0,0,5
"1arc","1",2.75,"model",0.94,0,0,5
"1arc","1",2.75,"model",0.95,0,0,5
"1arc","1",2.75,"model",0.96,0,0,5
"1arc","1",2.75,"model",0.97,0,0,5
"1arc","1",2.75,"model",0.98,0,0,5
"1arc","1",2.75,"model",0.99,0,0,5
"1arc","1",2.75,"treat_all",0.01,0.259449402440541,0.0101227347940801,5
"1arc","1",2.75,"treat_all",0.02,0.251892763689934,0.0102260280062646,5
"1arc","1",2.75,"treat_all",0.03,0.244180317954779,0.0103314509754014,5
"1arc","1",2.75,"treat_all",0.04,0.236307196266808,0.0104390702563952,5
"1arc","1",2.75,"treat_all",0.05,0.228268324648564,0.0105489552064625,5
"1arc","1",2.75,"treat_all",0.06,0.220058413208655,0.0106611781341908,5
"1arc","1",2.75,"treat_all",0.07,0.211671944533479,0.0107758144582143,5
"1arc","1",2.75,"treat_all",0.08,0.203103161321887,0.0108929428762384,5
"1arc","1",2.75,"treat_all",0.09,0.194346053204545,0.0110126455452081,5
"1arc","1",2.75,"treat_all",0.1,0.185394342684595,0.0111350082734882,5
"1arc","1",2.75,"treat_all",0.11,0.176241470130489,0.0112601207259993,5
"1arc","1",2.75,"treat_all",0.12,0.166880577745609,0.0113880766433402,5
"1arc","1",2.75,"treat_all",0.13,0.15730449243234,0.0115189740760222,5
"1arc","1",2.75,"treat_all",0.14,0.147505707460623,0.0116529156350457,5
"1arc","1",2.75,"treat_all",0.15,0.137476362842512,0.0117900087601639,5
"1arc","1",2.75,"treat_all",0.16,0.127208224304923,0.0119303660073087,5
"1arc","1",2.75,"treat_all",0.17,0.116692660742332,0.0120741053567944,5
"1arc","1",2.75,"treat_all",0.18,0.105920620019678,0.0122213505440724,5
"1arc","1",2.75,"treat_all",0.19,0.0948826029828835,0.0123722314149869,5
"1arc","1",2.75,"treat_all",0.2,0.0835686355201695,0.0125268843076742,5
"1arc","1",2.75,"treat_all",0.21,0.0719682385014374,0.0126854524634675,5
"1arc","1",2.75,"treat_all",0.22,0.0600703954053021,0.0128480864694094,5
"1arc","1",2.75,"treat_all",0.23,0.0478635174235527,0.0130149447352459,5
"1arc","1",2.75,"treat_all",0.24,0.0353354058107047,0.0131861940080781,5
"1arc","1",2.75,"treat_all",0.25,0.0224732112215141,0.0133620099281858,5
"1arc","1",2.75,"treat_all",0.26,0.00926338975153457,0.0135425776299181,5
"1arc","1",2.75,"treat_all",0.27,-0.0043083446354307,0.0137280923919717,5
"1arc","1",2.75,"treat_all",0.28,-0.0182570716442562,0.0139187603418602,5
"1arc","1",2.75,"treat_all",0.29,-0.0325987205406541,0.0141147992199146,5
"1arc","1",2.75,"treat_all",0.3,-0.047350130834092,0.0143164392087705,5
"1arc","1",2.75,"treat_all",0.31,-0.0625291182374847,0.0145239238349846,5
"1arc","1",2.75,"treat_all",0.32,-0.0781545464468595,0.0147375109502049,5
"1arc","1",2.75,"treat_all",0.33,-0.0942464053490514,0.014957473800208,5
"1arc","1",2.75,"treat_all",0.34,-0.110825896339189,0.0151841021911202,5
"1arc","1",2.75,"treat_all",0.35,-0.127915525513638,0.0154177037632913,5
"1arc","1",2.75,"treat_all",0.36,-0.145539205599788,0.0156586053845927,5
"1arc","1",2.75,"treat_all",0.37,-0.163722367593436,0.0159071546764117,5
"1arc","1",2.75,"treat_all",0.38,-0.182492083199781,0.0161637216873215,5
"1arc","1",2.75,"treat_all",0.39,-0.201877199317811,0.016428700731376,5
"1arc","1",2.75,"treat_all",0.4,-0.221908485973107,0.0167025124102322,5
"1arc","1",2.75,"treat_all",0.41,-0.242618799294685,0.0169856058409142,5
"1arc","1",2.75,"treat_all",0.42,-0.26404326135149,0.0172784611140334,5
"1arc","1",2.75,"treat_all",0.43,-0.28621945891906,0.0175815920107708,5
"1arc","1",2.75,"treat_all",0.44,-0.309187663542615,0.0178955490109632,5
"1arc","1",2.75,"treat_all",0.45,-0.332991075607026,0.0182209226293443,5
"1arc","1",2.75,"treat_all",0.46,-0.357676095525675,0.0185583471224803,5
"1arc","1",2.75,"treat_all",0.47,-0.383292625629933,0.0189085046153573,5
"1arc","1",2.75,"treat_all",0.48,-0.409894406892047,0.0192721297041142,5
"1arc","1",2.75,"treat_all",0.49,-0.437539395262479,0.0196500146002732,5
"1arc","1",2.75,"treat_all",0.5,-0.466290183167729,0.0200430148922787,5
"1arc","1",2.75,"treat_all",0.51,-0.496214472620131,0.0204520560125293,5
"1arc","1",2.75,"treat_all",0.52,-0.527385607466384,0.0208781405127903,5
"1arc","1",2.75,"treat_all",0.53,-0.55988317358269,0.0213223562683816,5
"1arc","1",2.75,"treat_all",0.54,-0.593793677356227,0.0217858857524769,5
"1arc","1",2.75,"treat_all",0.55,-0.62921131463081,0.0222700165469763,5
"1arc","1",2.75,"treat_all",0.56,-0.666238844508783,0.0227761532866803,5
"1arc","1",2.75,"treat_all",0.57,-0.704988585078755,0.0233058312700915,5
"1arc","1",2.75,"treat_all",0.58,-0.745583551390154,0.0238607320146176,5
"1arc","1",2.75,"treat_all",0.59,-0.788158759960645,0.0244427010881448,5
"1arc","1",2.75,"treat_all",0.6,-0.832862728959661,0.0250537686153484,5
"1arc","1",2.75,"treat_all",0.61,-0.879859209189396,0.0256961729388189,5
"1arc","1",2.75,"treat_all",0.62,-0.92932918837859,0.0263723880161563,5
"1arc","1",2.75,"treat_all",0.63,-0.981473220496931,0.0270851552598362,5
"1arc","1",2.75,"treat_all",0.64,-1.03651414328851,0.0278375206837205,5
"1arc","1",2.75,"treat_all",0.65,-1.09470026166818,0.0286328784175412,5
"1arc","1",2.75,"treat_all",0.66,-1.15630909289372,0.0294750219004099,5
"1arc","1",2.75,"treat_all",0.67,-1.22165179267838,0.0303682043822406,5
"1arc","1",2.75,"treat_all",0.68,-1.29107841119958,0.0313172107691855,5
"1arc","1",2.75,"treat_all",0.69,-1.36498416639956,0.0323274433746432,5
"1arc","1",2.75,"treat_all",0.7,-1.44381697194622,0.0334050248204647,5
"1arc","1",2.75,"treat_all",0.71,-1.52808652270298,0.0345569222280668,5
"1arc","1",2.75,"treat_all",0.72,-1.61837532708523,0.0357910980219264,5
"1arc","1",2.75,"treat_all",0.73,-1.71535219105135,0.0371166942449606,5
"1arc","1",2.75,"treat_all",0.74,-1.81978881378409,0.0385442594082283,5
"1arc","1",2.75,"treat_all",0.75,-1.93258036633546,0.0400860297845574,5
"1arc","1",2.75,"treat_all",0.76,-2.05477121493277,0.0417562810255807,5
"1arc","1",2.75,"treat_all",0.77,-2.18758735471245,0.0435717715049537,5
"1arc","1",2.75,"treat_all",0.78,-2.33247768901757,0.0455523065733607,5
"1arc","1",2.75,"treat_all",0.79,-2.49116710278031,0.0477214640292352,5
"1arc","1",2.75,"treat_all",0.8,-2.66572545791932,0.0501075372306968,5
"1arc","1",2.75,"treat_all",0.81,-2.85865837675718,0.0527447760323124,5
"1arc","1",2.75,"treat_all",0.82,-3.07302828657703,0.0556750413674409,5
"1arc","1",2.75,"treat_all",0.83,-3.31261818578744,0.0589500438008198,5
"1arc","1",2.75,"treat_all",0.84,-3.58215682239916,0.0626344215383711,5
"1arc","1",2.75,"treat_all",0.85,-3.88763394389243,0.066810049640929,5
"1arc","1",2.75,"treat_all",0.86,-4.23675065417046,0.0715821960438526,5
"1arc","1",2.75,"treat_all",0.87,-4.63957762756819,0.0770885188164568,5
"1arc","1",2.75,"treat_all",0.88,-5.10954242986554,0.0835125620511615,5
"1arc","1",2.75,"treat_all",0.89,-5.66495537803513,0.0911046131467216,5
"1arc","1",2.75,"treat_all",0.9,-6.33145091583865,0.100215074461394,5
"1arc","1",2.75,"treat_all",0.91,-7.14605657315405,0.111350082734882,5
"1arc","1",2.75,"treat_all",0.92,-8.16431364479831,0.125268843076742,5
"1arc","1",2.75,"treat_all",0.93,-9.47350130834093,0.143164392087706,5
"1arc","1",2.75,"treat_all",0.94,-11.2190848597311,0.167025124102323,5
"1arc","1",2.75,"treat_all",0.95,-13.6629018316773,0.200430148922788,5
"1arc","1",2.75,"treat_all",0.96,-17.3286272895966,0.250537686153486,5
"1arc","1",2.75,"treat_all",0.97,-23.4381697194621,0.334050248204646,5
"1arc","1",2.75,"treat_all",0.98,-35.6572545791932,0.501075372306969,5
"1arc","1",2.75,"treat_all",0.99,-72.3145091583864,1.00215074461394,5
"1arc","1",2.75,"treat_none",0.01,0,0,5
"1arc","1",2.75,"treat_none",0.02,0,0,5
"1arc","1",2.75,"treat_none",0.03,0,0,5
"1arc","1",2.75,"treat_none",0.04,0,0,5
"1arc","1",2.75,"treat_none",0.05,0,0,5
"1arc","1",2.75,"treat_none",0.06,0,0,5
"1arc","1",2.75,"treat_none",0.07,0,0,5
"1arc","1",2.75,"treat_none",0.08,0,0,5
"1arc","1",2.75,"treat_none",0.09,0,0,5
"1arc","1",2.75,"treat_none",0.1,0,0,5
"1arc","1",2.75,"treat_none",0.11,0,0,5
"1arc","1",2.75,"treat_none",0.12,0,0,5
"1arc","1",2.75,"treat_none",0.13,0,0,5
"1arc","1",2.75,"treat_none",0.14,0,0,5
"1arc","1",2.75,"treat_none",0.15,0,0,5
"1arc","1",2.75,"treat_none",0.16,0,0,5
"1arc","1",2.75,"treat_none",0.17,0,0,5
"1arc","1",2.75,"treat_none",0.18,0,0,5
"1arc","1",2.75,"treat_none",0.19,0,0,5
"1arc","1",2.75,"treat_none",0.2,0,0,5
"1arc","1",2.75,"treat_none",0.21,0,0,5
"1arc","1",2.75,"treat_none",0.22,0,0,5
"1arc","1",2.75,"treat_none",0.23,0,0,5
"1arc","1",2.75,"treat_none",0.24,0,0,5
"1arc","1",2.75,"treat_none",0.25,0,0,5
"1arc","1",2.75,"treat_none",0.26,0,0,5
"1arc","1",2.75,"treat_none",0.27,0,0,5
"1arc","1",2.75,"treat_none",0.28,0,0,5
"1arc","1",2.75,"treat_none",0.29,0,0,5
"1arc","1",2.75,"treat_none",0.3,0,0,5
"1arc","1",2.75,"treat_none",0.31,0,0,5
"1arc","1",2.75,"treat_none",0.32,0,0,5
"1arc","1",2.75,"treat_none",0.33,0,0,5
"1arc","1",2.75,"treat_none",0.34,0,0,5
"1arc","1",2.75,"treat_none",0.35,0,0,5
"1arc","1",2.75,"treat_none",0.36,0,0,5
"1arc","1",2.75,"treat_none",0.37,0,0,5
"1arc","1",2.75,"treat_none",0.38,0,0,5
"1arc","1",2.75,"treat_none",0.39,0,0,5
"1arc","1",2.75,"treat_none",0.4,0,0,5
"1arc","1",2.75,"treat_none",0.41,0,0,5
"1arc","1",2.75,"treat_none",0.42,0,0,5
"1arc","1",2.75,"treat_none",0.43,0,0,5
"1arc","1",2.75,"treat_none",0.44,0,0,5
"1arc","1",2.75,"treat_none",0.45,0,0,5
"1arc","1",2.75,"treat_none",0.46,0,0,5
"1arc","1",2.75,"treat_none",0.47,0,0,5
"1arc","1",2.75,"treat_none",0.48,0,0,5
"1arc","1",2.75,"treat_none",0.49,0,0,5
"1arc","1",2.75,"treat_none",0.5,0,0,5
"1arc","1",2.75,"treat_none",0.51,0,0,5
"1arc","1",2.75,"treat_none",0.52,0,0,5
"1arc","1",2.75,"treat_none",0.53,0,0,5
"1arc","1",2.75,"treat_none",0.54,0,0,5
"1arc","1",2.75,"treat_none",0.55,0,0,5
"1arc","1",2.75,"treat_none",0.56,0,0,5
"1arc","1",2.75,"treat_none",0.57,0,0,5
"1arc","1",2.75,"treat_none",0.58,0,0,5
"1arc","1",2.75,"treat_none",0.59,0,0,5
"1arc","1",2.75,"treat_none",0.6,0,0,5
"1arc","1",2.75,"treat_none",0.61,0,0,5
"1arc","1",2.75,"treat_none",0.62,0,0,5
"1arc","1",2.75,"treat_none",0.63,0,0,5
"1arc","1",2.75,"treat_none",0.64,0,0,5
"1arc","1",2.75,"treat_none",0.65,0,0,5
"1arc","1",2.75,"treat_none",0.66,0,0,5
"1arc","1",2.75,"treat_none",0.67,0,0,5
"1arc","1",2.75,"treat_none",0.68,0,0,5
"1arc","1",2.75,"treat_none",0.69,0,0,5
"1arc","1",2.75,"treat_none",0.7,0,0,5
"1arc","1",2.75,"treat_none",0.71,0,0,5
"1arc","1",2.75,"treat_none",0.72,0,0,5
"1arc","1",2.75,"treat_none",0.73,0,0,5
"1arc","1",2.75,"treat_none",0.74,0,0,5
"1arc","1",2.75,"treat_none",0.75,0,0,5
"1arc","1",2.75,"treat_none",0.76,0,0,5
"1arc","1",2.75,"treat_none",0.77,0,0,5
"1arc","1",2.75,"treat_none",0.78,0,0,5
"1arc","1",2.75,"treat_none",0.79,0,0,5
"1arc","1",2.75,"treat_none",0.8,0,0,5
"1arc","1",2.75,"treat_none",0.81,0,0,5
"1arc","1",2.75,"treat_none",0.82,0,0,5
"1arc","1",2.75,"treat_none",0.83,0,0,5
"1arc","1",2.75,"treat_none",0.84,0,0,5
"1arc","1",2.75,"treat_none",0.85,0,0,5
"1arc","1",2.75,"treat_none",0.86,0,0,5
"1arc","1",2.75,"treat_none",0.87,0,0,5
"1arc","1",2.75,"treat_none",0.88,0,0,5
"1arc","1",2.75,"treat_none",0.89,0,0,5
"1arc","1",2.75,"treat_none",0.9,0,0,5
"1arc","1",2.75,"treat_none",0.91,0,0,5
"1arc","1",2.75,"treat_none",0.92,0,0,5
"1arc","1",2.75,"treat_none",0.93,0,0,5
"1arc","1",2.75,"treat_none",0.94,0,0,5
"1arc","1",2.75,"treat_none",0.95,0,0,5
"1arc","1",2.75,"treat_none",0.96,0,0,5
"1arc","1",2.75,"treat_none",0.97,0,0,5
"1arc","1",2.75,"treat_none",0.98,0,0,5
"1arc","1",2.75,"treat_none",0.99,0,0,5
"1arc","1",3,"model",0.01,0.243938578684341,0.0120278465062554,3
"1arc","1",3,"model",0.02,0.238655268402761,0.0106563093617109,3
"1arc","1",3,"model",0.03,0.235527625926018,0.0119540902982109,3
"1arc","1",3,"model",0.04,0.231928937613966,0.0137112370303171,3
"1arc","1",3,"model",0.05,0.229645441286833,0.0109283164312647,3
"1arc","1",3,"model",0.06,0.229320621945937,0.0101701339206713,3
"1arc","1",3,"model",0.07,0.227362799806758,0.0115488958750272,3
"1arc","1",3,"model",0.08,0.227709154569877,0.0114104215639294,3
"1arc","1",3,"model",0.09,0.22486895670915,0.00723370085471416,3
"1arc","1",3,"model",0.1,0.226399724987296,0.00825775961979574,3
"1arc","1",3,"model",0.11,0.225459448893081,0.0118175048540086,3
"1arc","1",3,"model",0.12,0.226650076226347,0.0132170089971557,3
"1arc","1",3,"model",0.13,0.222894292249445,0.0142610877245311,3
"1arc","1",3,"model",0.14,0.220967772209396,0.0141994351161936,3
"1arc","1",3,"model",0.15,0.216043667937985,0.0124220839616432,3
"1arc","1",3,"model",0.16,0.214560086432564,0.0102623117421313,3
"1arc","1",3,"model",0.17,0.211363344148723,0.00981531892002623,3
"1arc","1",3,"model",0.18,0.210292306716449,0.00708315788253795,3
"1arc","1",3,"model",0.19,0.209569312833594,0.00695243972151962,3
"1arc","1",3,"model",0.2,0.207632723522554,0.00848138502027311,3
"1arc","1",3,"model",0.21,0.205766582777954,0.0110943857294268,3
"1arc","1",3,"model",0.22,0.202696550154177,0.0126766396864673,3
"1arc","1",3,"model",0.23,0.199374699374699,0.0156629167141855,3
"1arc","1",3,"model",0.24,0.197711793608315,0.013899150176509,3
"1arc","1",3,"model",0.25,0.196507039727379,0.014376363634472,3
"1arc","1",3,"model",0.26,0.195010991621161,0.0142287327878992,3
"1arc","1",3,"model",0.27,0.188129512311077,0.0150018813008424,3
"1arc","1",3,"model",0.28,0.185211341284788,0.0148128110332587,3
"1arc","1",3,"model",0.29,0.180965264278704,0.0131605840871449,3
"1arc","1",3,"model",0.3,0.175301382323174,0.0173770968209261,3
"1arc","1",3,"model",0.31,0.168764353362732,0.0251111079436929,3
"1arc","1",3,"model",0.32,0.161886035016643,0.0232950030638765,3
"1arc","1",3,"model",0.33,0.15641492564083,0.0194541197139719,3
"1arc","1",3,"model",0.34,0.153670142370707,0.0169721209682202,3
"1arc","1",3,"model",0.35,0.145337086015052,0.0212325683023604,3
"1arc","1",3,"model",0.36,0.141273764684782,0.0261478652360399,3
"1arc","1",3,"model",0.37,0.135825244515048,0.0302310263968467,3
"1arc","1",3,"model",0.38,0.127729033415201,0.0339072782941457,3
"1arc","1",3,"model",0.39,0.12218635099991,0.035108285095805,3
"1arc","1",3,"model",0.4,0.122111619286761,0.035172825949085,3
"1arc","1",3,"model",0.41,0.113487579589274,0.0392518760317939,3
"1arc","1",3,"model",0.42,0.110438525692763,0.0350736367774706,3
"1arc","1",3,"model",0.43,0.102232983588916,0.0386223941106978,3
"1arc","1",3,"model",0.44,0.0942964756524079,0.0320679389002996,3
"1arc","1",3,"model",0.45,0.0901488655725944,0.0319017079103739,3
"1arc","1",3,"model",0.46,0.0806205721459959,0.0270905294804355,3
"1arc","1",3,"model",0.47,0.0737377813649,0.0307507151685684,3
"1arc","1",3,"model",0.48,0.068357098018115,0.0287273769718165,3
"1arc","1",3,"model",0.49,0.0642991659940813,0.0265763172727728,3
"1arc","1",3,"model",0.5,0.0549502286790422,0.0255198974583653,3
"1arc","1",3,"model",0.51,0.0456012913640032,0.0225709284774899,3
"1arc","1",3,"model",0.52,0.0428661106627208,0.0219118722690231,3
"1arc","1",3,"model",0.53,0.037395749260156,0.0265936736258613,3
"1arc","1",3,"model",0.54,0.0333378172361223,0.0238961310779322,3
"1arc","1",3,"model",0.55,0.0293695632678684,0.0200252448943312,3
"1arc","1",3,"model",0.56,0.0267240606223657,0.0184433583345324,3
"1arc","1",3,"model",0.57,0.0161420500403551,0.0103558499090665,3
"1arc","1",3,"model",0.58,0.0134965473948525,0.0059910461979604,3
"1arc","1",3,"model",0.59,0.0121737960721012,0.00399551970413752,3
"1arc","1",3,"model",0.6,0.0108510447493498,0.0025561195663053,3
"1arc","1",3,"model",0.61,0.00529100529100529,0.00458214499356846,3
"1arc","1",3,"model",0.62,0.00529100529100529,0.00458214499356846,3
"1arc","1",3,"model",0.63,0.00529100529100529,0.00458214499356846,3
"1arc","1",3,"model",0.64,0.00529100529100529,0.00458214499356846,3
"1arc","1",3,"model",0.65,0.00529100529100529,0.00458214499356846,3
"1arc","1",3,"model",0.66,0.00529100529100529,0.00458214499356846,3
"1arc","1",3,"model",0.67,0.00264550264550265,0.00458214499356846,3
"1arc","1",3,"model",0.68,0.00264550264550265,0.00458214499356846,3
"1arc","1",3,"model",0.69,0.00132275132275132,0.00229107249678423,3
"1arc","1",3,"model",0.7,0.00132275132275132,0.00229107249678423,3
"1arc","1",3,"model",0.71,0.00132275132275132,0.00229107249678423,3
"1arc","1",3,"model",0.72,0.00132275132275132,0.00229107249678423,3
"1arc","1",3,"model",0.73,0.00132275132275132,0.00229107249678423,3
"1arc","1",3,"model",0.74,0.00132275132275132,0.00229107249678423,3
"1arc","1",3,"model",0.75,0.00132275132275132,0.00229107249678423,3
"1arc","1",3,"model",0.76,0,0,3
"1arc","1",3,"model",0.77,0,0,3
"1arc","1",3,"model",0.78,0,0,3
"1arc","1",3,"model",0.79,0,0,3
"1arc","1",3,"model",0.8,0,0,3
"1arc","1",3,"model",0.81,0,0,3
"1arc","1",3,"model",0.82,0,0,3
"1arc","1",3,"model",0.83,0,0,3
"1arc","1",3,"model",0.84,0,0,3
"1arc","1",3,"model",0.85,0,0,3
"1arc","1",3,"model",0.86,0,0,3
"1arc","1",3,"model",0.87,0,0,3
"1arc","1",3,"model",0.88,0,0,3
"1arc","1",3,"model",0.89,0,0,3
"1arc","1",3,"model",0.9,0,0,3
"1arc","1",3,"model",0.91,0,0,3
"1arc","1",3,"model",0.92,0,0,3
"1arc","1",3,"model",0.93,0,0,3
"1arc","1",3,"model",0.94,0,0,3
"1arc","1",3,"model",0.95,0,0,3
"1arc","1",3,"model",0.96,0,0,3
"1arc","1",3,"model",0.97,0,0,3
"1arc","1",3,"model",0.98,0,0,3
"1arc","1",3,"model",0.99,0,0,3
"1arc","1",3,"treat_all",0.01,0.244032106555647,0.00972754629690959,3
"1arc","1",3,"treat_all",0.02,0.236318148459276,0.00982680697340869,3
"1arc","1",3,"treat_all",0.03,0.228445139680506,0.00992811426179434,3
"1arc","1",3,"treat_all",0.04,0.220408109885511,0.010031532118688,3
"1arc","1",3,"treat_all",0.05,0.212201879463253,0.0101371271936216,3
"1arc","1",3,"treat_all",0.06,0.203821048393713,0.0102449689722771,3
"1arc","1",3,"treat_all",0.07,0.195259984397947,0.0103551299289683,3
"1arc","1",3,"treat_all",0.08,0.186512810315316,0.0104676856890658,3
"1arc","1",3,"treat_all",0.09,0.177573390648451,0.0105827152021324,3
"1arc","1",3,"treat_all",0.1,0.168435317211212,0.0107003009266006,3
"1arc","1",3,"treat_all",0.11,0.159091893809091,0.0108205290268995,3
"1arc","1",3,"treat_all",0.12,0.149536119875103,0.0109434895840233,3
"1arc","1",3,"treat_all",0.13,0.139760672977116,0.0110692768206213,3
"1arc","1",3,"treat_all",0.14,0.129757890104756,0.0111979893417913,3
"1arc","1",3,"treat_all",0.15,0.119519747635401,0.0113297303928712,3
"1arc","1",3,"treat_all",0.16,0.109037839869155,0.0114646081356435,3
"1arc","1",3,"treat_all",0.17,0.0983033560121573,0.0116027359445066,3
"1arc","1",3,"treat_all",0.18,0.0873070554757202,0.0117442327243177,3
"1arc","1",3,"treat_all",0.19,0.0760392413457908,0.0118892232517784,3
"1arc","1",3,"treat_all",0.2,0.0644897318626132,0.0120378385424256,3
"1arc","1",3,"treat_all",0.21,0.0526478297342918,0.0121902162454943,3
"1arc","1",3,"treat_all",0.22,0.0405022890898597,0.0123465010691545,3
"1arc","1",3,"treat_all",0.23,0.0280412798572605,0.0125068452388838,3
"1arc","1",3,"treat_all",0.24,0.0152523493290665,0.012671408992027,3
"1arc","1",3,"treat_all",0.25,0.00212238065345412,0.0128403611119206,3
"1arc","1",3,"treat_all",0.26,-0.0113624520404182,0.013013879505325,3
"1arc","1",3,"treat_all",0.27,-0.0252167322053554,0.0131921518273157,3
"1arc","1",3,"treat_all",0.28,-0.0394558534859853,0.0133753761582507,3
"1arc","1",3,"treat_all",0.29,-0.0540960767745204,0.0135637617379444,3
"1arc","1",3,"treat_all",0.3,-0.0691545921570135,0.0137575297627722,3
"1arc","1",3,"treat_all",0.31,-0.0846495862462456,0.0139569142520877,3
"1arc","1",3,"treat_all",0.32,-0.100600315455749,0.0141621629910889,3
"1arc","1",3,"treat_all",0.33,-0.117027185835686,0.0143735385581202,3
"1arc","1",3,"treat_all",0.34,-0.13395184016653,0.0145913194453644,3
"1arc","1",3,"treat_all",0.35,-0.151397253092168,0.0148158012829854,3
"1arc","1",3,"treat_all",0.36,-0.169387835171734,0.015047298178032,3
"1arc","1",3,"treat_all",0.37,-0.187949546841126,0.0152861441808579,3
"1arc","1",3,"treat_all",0.38,-0.20711002340308,0.0155326948934524,3
"1arc","1",3,"treat_all",0.39,-0.226898712311327,0.015787329235968,3
"1arc","1",3,"treat_all",0.4,-0.247347024183182,0.0160504513899008,3
"1arc","1",3,"treat_all",0.41,-0.268488499169338,0.0163224929388822,3
"1arc","1",3,"treat_all",0.42,-0.290358990534327,0.0166039152309318,3
"1arc","1",3,"treat_all",0.43,-0.312996867561245,0.0168952119893693,3
"1arc","1",3,"treat_all",0.44,-0.336443240196267,0.0171969122034652,3
"1arc","1",3,"treat_all",0.45,-0.360742208199835,0.0175095833344372,3
"1arc","1",3,"treat_all",0.46,-0.385941137981314,0.0178338348776675,3
"1arc","1",3,"treat_all",0.47,-0.412090970773414,0.0181703223281896,3
"1arc","1",3,"treat_all",0.48,-0.43924656636521,0.0185197516037317,3
"1arc","1",3,"treat_all",0.49,-0.467467087274332,0.0188828839881186,3
"1arc","1",3,"treat_all",0.5,-0.496816429019819,0.019260541667881,3
"1arc","1",3,"treat_all",0.51,-0.527363703081448,0.0196536139468174,3
"1arc","1",3,"treat_all",0.52,-0.559183780228978,0.020063064237376,3
"1arc","1",3,"treat_all",0.53,-0.592357903212573,0.0204899379445542,3
"1arc","1",3,"treat_all",0.54,-0.626974379369368,0.0209353713781315,3
"1arc","1",3,"treat_all",0.55,-0.663129365577577,0.0214006018532011,3
"1arc","1",3,"treat_all",0.56,-0.700927760249794,0.0218869791680466,3
"1arc","1",3,"treat_all",0.57,-0.740484219790487,0.0223959786835825,3
"1arc","1",3,"treat_all",0.58,-0.781924320261689,0.0229292162712868,3
"1arc","1",3,"treat_all",0.59,-0.825385889048559,0.0234884654486352,3
"1arc","1",3,"treat_all",0.6,-0.871020536274773,0.0240756770848511,3
"1arc","1",3,"treat_all",0.61,-0.91899542182028,0.0246930021383089,3
"1arc","1",3,"treat_all",0.62,-0.969495301341867,0.0253428179840538,3
"1arc","1",3,"treat_all",0.63,-1.02272490408084,0.0260277590106499,3
"1arc","1",3,"treat_all",0.64,-1.07891170697197,0.0267507523165013,3
"1arc","1",3,"treat_all",0.65,-1.13830918431403,0.0275150595255443,3
"1arc","1",3,"treat_all",0.66,-1.2012006309115,0.0283243259821778,3
"1arc","1",3,"treat_all",0.67,-1.26790368033306,0.0291826388907287,3
"1arc","1",3,"treat_all",0.68,-1.33877567034347,0.0300945963560639,3
"1arc","1",3,"treat_all",0.69,-1.41422004680616,0.0310653897869046,3
"1arc","1",3,"treat_all",0.7,-1.49469404836637,0.0321009027798016,3
"1arc","1",3,"treat_all",0.71,-1.58071798106865,0.0332078304618636,3
"1arc","1",3,"treat_all",0.72,-1.67288648039253,0.0343938244069302,3
"1arc","1",3,"treat_all",0.73,-1.77188227596263,0.0356676697553349,3
"1arc","1",3,"treat_all",0.74,-1.87849313273042,0.0370395032074633,3
"1arc","1",3,"treat_all",0.75,-1.99363285803964,0.038521083335762,3
"1arc","1",3,"treat_all",0.76,-2.11836756045796,0.0401261284747521,3
"1arc","1",3,"treat_all",0.77,-2.25394875873874,0.041870742756263,3
"1arc","1",3,"treat_all",0.78,-2.40185552049959,0.0437739583360932,3
"1arc","1",3,"treat_all",0.79,-2.56384864052338,0.0458584325425737,3
"1arc","1",3,"treat_all",0.8,-2.74204107254955,0.0481513541697027,3
"1arc","1",3,"treat_all",0.81,-2.93899060268373,0.0506856359681079,3
"1arc","1",3,"treat_all",0.82,-3.15782341394394,0.0535015046330027,3
"1arc","1",3,"treat_all",0.83,-3.402401261823,0.0566486519643558,3
"1arc","1",3,"treat_all",0.84,-3.67755134068694,0.0601891927121281,3
"1arc","1",3,"treat_all",0.85,-3.98938809673273,0.0642018055596032,3
"1arc","1",3,"treat_all",0.86,-4.34577296078507,0.0687876488138605,3
"1arc","1",3,"treat_all",0.87,-4.75698626546084,0.0740790064149263,3
"1arc","1",3,"treat_all",0.88,-5.23673512091591,0.0802522569495036,3
"1arc","1",3,"treat_all",0.89,-5.80371104099918,0.0875479166721858,3
"1arc","1",3,"treat_all",0.9,-6.4840821450991,0.0963027083394049,3
"1arc","1",3,"treat_all",0.91,-7.31564682788789,0.107003009266005,3
"1arc","1",3,"treat_all",0.92,-8.35510268137387,0.120378385424257,3
"1arc","1",3,"treat_all",0.93,-9.69154592157014,0.137575297627722,3
"1arc","1",3,"treat_all",0.94,-11.4734702418318,0.160504513899009,3
"1arc","1",3,"treat_all",0.95,-13.9681642901982,0.192605416678811,3
"1arc","1",3,"treat_all",0.96,-17.7102053627478,0.240756770848511,3
"1arc","1",3,"treat_all",0.97,-23.9469404836636,0.321009027798015,3
"1arc","1",3,"treat_all",0.98,-36.4204107254954,0.481513541697027,3
"1arc","1",3,"treat_all",0.99,-73.8408214509909,0.963027083394046,3
"1arc","1",3,"treat_none",0.01,0,0,3
"1arc","1",3,"treat_none",0.02,0,0,3
"1arc","1",3,"treat_none",0.03,0,0,3
"1arc","1",3,"treat_none",0.04,0,0,3
"1arc","1",3,"treat_none",0.05,0,0,3
"1arc","1",3,"treat_none",0.06,0,0,3
"1arc","1",3,"treat_none",0.07,0,0,3
"1arc","1",3,"treat_none",0.08,0,0,3
"1arc","1",3,"treat_none",0.09,0,0,3
"1arc","1",3,"treat_none",0.1,0,0,3
"1arc","1",3,"treat_none",0.11,0,0,3
"1arc","1",3,"treat_none",0.12,0,0,3
"1arc","1",3,"treat_none",0.13,0,0,3
"1arc","1",3,"treat_none",0.14,0,0,3
"1arc","1",3,"treat_none",0.15,0,0,3
"1arc","1",3,"treat_none",0.16,0,0,3
"1arc","1",3,"treat_none",0.17,0,0,3
"1arc","1",3,"treat_none",0.18,0,0,3
"1arc","1",3,"treat_none",0.19,0,0,3
"1arc","1",3,"treat_none",0.2,0,0,3
"1arc","1",3,"treat_none",0.21,0,0,3
"1arc","1",3,"treat_none",0.22,0,0,3
"1arc","1",3,"treat_none",0.23,0,0,3
"1arc","1",3,"treat_none",0.24,0,0,3
"1arc","1",3,"treat_none",0.25,0,0,3
"1arc","1",3,"treat_none",0.26,0,0,3
"1arc","1",3,"treat_none",0.27,0,0,3
"1arc","1",3,"treat_none",0.28,0,0,3
"1arc","1",3,"treat_none",0.29,0,0,3
"1arc","1",3,"treat_none",0.3,0,0,3
"1arc","1",3,"treat_none",0.31,0,0,3
"1arc","1",3,"treat_none",0.32,0,0,3
"1arc","1",3,"treat_none",0.33,0,0,3
"1arc","1",3,"treat_none",0.34,0,0,3
"1arc","1",3,"treat_none",0.35,0,0,3
"1arc","1",3,"treat_none",0.36,0,0,3
"1arc","1",3,"treat_none",0.37,0,0,3
"1arc","1",3,"treat_none",0.38,0,0,3
"1arc","1",3,"treat_none",0.39,0,0,3
"1arc","1",3,"treat_none",0.4,0,0,3
"1arc","1",3,"treat_none",0.41,0,0,3
"1arc","1",3,"treat_none",0.42,0,0,3
"1arc","1",3,"treat_none",0.43,0,0,3
"1arc","1",3,"treat_none",0.44,0,0,3
"1arc","1",3,"treat_none",0.45,0,0,3
"1arc","1",3,"treat_none",0.46,0,0,3
"1arc","1",3,"treat_none",0.47,0,0,3
"1arc","1",3,"treat_none",0.48,0,0,3
"1arc","1",3,"treat_none",0.49,0,0,3
"1arc","1",3,"treat_none",0.5,0,0,3
"1arc","1",3,"treat_none",0.51,0,0,3
"1arc","1",3,"treat_none",0.52,0,0,3
"1arc","1",3,"treat_none",0.53,0,0,3
"1arc","1",3,"treat_none",0.54,0,0,3
"1arc","1",3,"treat_none",0.55,0,0,3
"1arc","1",3,"treat_none",0.56,0,0,3
"1arc","1",3,"treat_none",0.57,0,0,3
"1arc","1",3,"treat_none",0.58,0,0,3
"1arc","1",3,"treat_none",0.59,0,0,3
"1arc","1",3,"treat_none",0.6,0,0,3
"1arc","1",3,"treat_none",0.61,0,0,3
"1arc","1",3,"treat_none",0.62,0,0,3
"1arc","1",3,"treat_none",0.63,0,0,3
"1arc","1",3,"treat_none",0.64,0,0,3
"1arc","1",3,"treat_none",0.65,0,0,3
"1arc","1",3,"treat_none",0.66,0,0,3
"1arc","1",3,"treat_none",0.67,0,0,3
"1arc","1",3,"treat_none",0.68,0,0,3
"1arc","1",3,"treat_none",0.69,0,0,3
"1arc","1",3,"treat_none",0.7,0,0,3
"1arc","1",3,"treat_none",0.71,0,0,3
"1arc","1",3,"treat_none",0.72,0,0,3
"1arc","1",3,"treat_none",0.73,0,0,3
"1arc","1",3,"treat_none",0.74,0,0,3
"1arc","1",3,"treat_none",0.75,0,0,3
"1arc","1",3,"treat_none",0.76,0,0,3
"1arc","1",3,"treat_none",0.77,0,0,3
"1arc","1",3,"treat_none",0.78,0,0,3
"1arc","1",3,"treat_none",0.79,0,0,3
"1arc","1",3,"treat_none",0.8,0,0,3
"1arc","1",3,"treat_none",0.81,0,0,3
"1arc","1",3,"treat_none",0.82,0,0,3
"1arc","1",3,"treat_none",0.83,0,0,3
"1arc","1",3,"treat_none",0.84,0,0,3
"1arc","1",3,"treat_none",0.85,0,0,3
"1arc","1",3,"treat_none",0.86,0,0,3
"1arc","1",3,"treat_none",0.87,0,0,3
"1arc","1",3,"treat_none",0.88,0,0,3
"1arc","1",3,"treat_none",0.89,0,0,3
"1arc","1",3,"treat_none",0.9,0,0,3
"1arc","1",3,"treat_none",0.91,0,0,3
"1arc","1",3,"treat_none",0.92,0,0,3
"1arc","1",3,"treat_none",0.93,0,0,3
"1arc","1",3,"treat_none",0.94,0,0,3
"1arc","1",3,"treat_none",0.95,0,0,3
"1arc","1",3,"treat_none",0.96,0,0,3
"1arc","1",3,"treat_none",0.97,0,0,3
"1arc","1",3,"treat_none",0.98,0,0,3
"1arc","1",3,"treat_none",0.99,0,0,3
"1arc","1",3.25,"model",0.01,0.22993561403216,0.00467629428791475,5
"1arc","1",3.25,"model",0.02,0.224873893180061,0.00661160700167815,5
"1arc","1",3.25,"model",0.03,0.220398495959792,0.00638841098731737,5
"1arc","1",3.25,"model",0.04,0.216900197957512,0.00701424232705523,5
"1arc","1",3.25,"model",0.05,0.216236590166084,0.00664606667025743,5
"1arc","1",3.25,"model",0.06,0.213827103416131,0.00600394409994903,5
"1arc","1",3.25,"model",0.07,0.213201768300303,0.00580860018097281,5
"1arc","1",3.25,"model",0.08,0.212994841243291,0.0070426181293514,5
"1arc","1",3.25,"model",0.09,0.213169542972211,0.00745999640284453,5
"1arc","1",3.25,"model",0.1,0.212491054787394,0.00717045288911773,5
"1arc","1",3.25,"model",0.11,0.211319328115252,0.00577414289417861,5
"1arc","1",3.25,"model",0.12,0.21095440935603,0.0068215757740255,5
"1arc","1",3.25,"model",0.13,0.209551748076606,0.00925421433720419,5
"1arc","1",3.25,"model",0.14,0.208544447928071,0.0103951831650772,5
"1arc","1",3.25,"model",0.15,0.20189937153296,0.0104672168540544,5
"1arc","1",3.25,"model",0.16,0.199009562555763,0.0115184701430535,5
"1arc","1",3.25,"model",0.17,0.196928623447096,0.0101289997389476,5
"1arc","1",3.25,"model",0.18,0.192665001258264,0.0128164323882345,5
"1arc","1",3.25,"model",0.19,0.190032705910845,0.0106692041812058,5
"1arc","1",3.25,"model",0.2,0.187657201490309,0.0117891755616751,5
"1arc","1",3.25,"model",0.21,0.183974716540921,0.0140864157950801,5
"1arc","1",3.25,"model",0.22,0.181554651587326,0.0119286839595092,5
"1arc","1",3.25,"model",0.23,0.177836720763142,0.0140429067553693,5
"1arc","1",3.25,"model",0.24,0.174773323976449,0.0093356227104059,5
"1arc","1",3.25,"model",0.25,0.171564656425438,0.0041715034919172,5
"1arc","1",3.25,"model",0.26,0.169805008588287,0.00668084385040192,5
"1arc","1",3.25,"model",0.27,0.164769468334307,0.0085174008910754,5
"1arc","1",3.25,"model",0.28,0.161343005231961,0.0135448924960956,5
"1arc","1",3.25,"model",0.29,0.155786082707993,0.0137357060538716,5
"1arc","1",3.25,"model",0.3,0.151422520222932,0.0178716438506976,5
"1arc","1",3.25,"model",0.31,0.147026363386218,0.0167731687133077,5
"1arc","1",3.25,"model",0.32,0.142688764329483,0.0196608268162858,5
"1arc","1",3.25,"model",0.33,0.139461467521167,0.0187666050326814,5
"1arc","1",3.25,"model",0.34,0.136302917119677,0.0220149309903626,5
"1arc","1",3.25,"model",0.35,0.131262160700701,0.0219910331572269,5
"1arc","1",3.25,"model",0.36,0.127367000721764,0.0217897355411395,5
"1arc","1",3.25,"model",0.37,0.124656710353083,0.0233491462868085,5
"1arc","1",3.25,"model",0.38,0.122737787910293,0.0244356361567503,5
"1arc","1",3.25,"model",0.39,0.118120501662213,0.0246206282562909,5
"1arc","1",3.25,"model",0.4,0.115285140707251,0.0265846843982446,5
"1arc","1",3.25,"model",0.41,0.111441022693443,0.0288853644479258,5
"1arc","1",3.25,"model",0.42,0.106070436573184,0.028989186426757,5
"1arc","1",3.25,"model",0.43,0.10527837709914,0.0280892536436639,5
"1arc","1",3.25,"model",0.44,0.100672485338499,0.0275284414155793,5
"1arc","1",3.25,"model",0.45,0.0921586779993576,0.0242434994362341,5
"1arc","1",3.25,"model",0.46,0.0882989666127195,0.0249590802598251,5
"1arc","1",3.25,"model",0.47,0.0852291541277822,0.0245656575431008,5
"1arc","1",3.25,"model",0.48,0.0813576882320988,0.027178296456366,5
"1arc","1",3.25,"model",0.49,0.0774434570927122,0.024910607091638,5
"1arc","1",3.25,"model",0.5,0.0735295936533552,0.0227093112764954,5
"1arc","1",3.25,"model",0.51,0.0697100022119922,0.0255052967400411,5
"1arc","1",3.25,"model",0.52,0.0620190870695386,0.0195621100110393,5
"1arc","1",3.25,"model",0.53,0.0566099244793843,0.0180975100748647,5
"1arc","1",3.25,"model",0.54,0.0512055458527109,0.0163116732183128,5
"1arc","1",3.25,"model",0.55,0.048076774442137,0.0178088058608356,5
"1arc","1",3.25,"model",0.56,0.0450064377601801,0.0175418486097001,5
"1arc","1",3.25,"model",0.57,0.0421170107667674,0.0178045650506597,5
"1arc","1",3.25,"model",0.58,0.0367185128423949,0.0185385959364225,5
"1arc","1",3.25,"model",0.59,0.0359637958612628,0.0171688154795323,5
"1arc","1",3.25,"model",0.6,0.0321540701163105,0.0159039010825552,5
"1arc","1",3.25,"model",0.61,0.0275605998140288,0.0158360758925879,5
"1arc","1",3.25,"model",0.62,0.024502643805882,0.0146704671978416,5
"1arc","1",3.25,"model",0.63,0.0222236350879552,0.0165063627638722,5
"1arc","1",3.25,"model",0.64,0.0183964483105777,0.0158074203800033,5
"1arc","1",3.25,"model",0.65,0.0176272175413469,0.0163101672294315,5
"1arc","1",3.25,"model",0.66,0.0168367037073548,0.0157893224462647,5
"1arc","1",3.25,"model",0.67,0.0160819867262227,0.0143387018479528,5
"1arc","1",3.25,"model",0.68,0.0137917554509557,0.0144470152536126,5
"1arc","1",3.25,"model",0.69,0.0122465246358315,0.0124710755110248,5
"1arc","1",3.25,"model",0.7,0.00999359624977552,0.0103978446549891,5
"1arc","1",3.25,"model",0.71,0.0077149315182806,0.00914641899902822,5
"1arc","1",3.25,"model",0.72,0.00696021453714852,0.00851948106378363,5
"1arc","1",3.25,"model",0.73,0.00616970070315643,0.00709961092556833,5
"1arc","1",3.25,"model",0.74,0.00616970070315643,0.00709961092556833,5
"1arc","1",3.25,"model",0.75,0.00458867303517224,0.00497972633213897,5
"1arc","1",3.25,"model",0.76,0.00458867303517224,0.00497972633213897,5
"1arc","1",3.25,"model",0.77,0.00458867303517224,0.00497972633213897,5
"1arc","1",3.25,"model",0.78,0.00305466477738832,0.00492766186680581,5
"1arc","1",3.25,"model",0.79,0.00305466477738832,0.00492766186680581,5
"1arc","1",3.25,"model",0.8,0.00305466477738832,0.00492766186680581,5
"1arc","1",3.25,"model",0.81,0.00150943396226415,0.00337519694716949,5
"1arc","1",3.25,"model",0.82,0.000754716981132075,0.00168759847358475,5
"1arc","1",3.25,"model",0.83,0,0,5
"1arc","1",3.25,"model",0.84,0,0,5
"1arc","1",3.25,"model",0.85,0,0,5
"1arc","1",3.25,"model",0.86,0,0,5
"1arc","1",3.25,"model",0.87,0,0,5
"1arc","1",3.25,"model",0.88,0,0,5
"1arc","1",3.25,"model",0.89,0,0,5
"1arc","1",3.25,"model",0.9,0,0,5
"1arc","1",3.25,"model",0.91,0,0,5
"1arc","1",3.25,"model",0.92,0,0,5
"1arc","1",3.25,"model",0.93,0,0,5
"1arc","1",3.25,"model",0.94,0,0,5
"1arc","1",3.25,"model",0.95,0,0,5
"1arc","1",3.25,"model",0.96,0,0,5
"1arc","1",3.25,"model",0.97,0,0,5
"1arc","1",3.25,"model",0.98,0,0,5
"1arc","1",3.25,"model",0.99,0,0,5
"1arc","1",3.25,"treat_all",0.01,0.229396819241576,0.00551017073074591,5
"1arc","1",3.25,"treat_all",0.02,0.221533521478735,0.0055663969626923,5
"1arc","1",3.25,"treat_all",0.03,0.213508093865114,0.00562378249839016,5
"1arc","1",3.25,"treat_all",0.04,0.205315469842876,0.00568236356608172,5
"1arc","1",3.25,"treat_all",0.05,0.196950369525432,0.0057421779194089,5
"1arc","1",3.25,"treat_all",0.06,0.188407288350171,0.00580326491855155,5
"1arc","1",3.25,"treat_all",0.07,0.179680484999097,0.00586566561660049,5
"1arc","1",3.25,"treat_all",0.08,0.170763968531696,0.00592942285156354,5
"1arc","1",3.25,"treat_all",0.09,0.161651484669407,0.00599458134443786,5
"1arc","1",3.25,"treat_all",0.1,0.152336501165734,0.00606118780382051,5
"1arc","1",3.25,"treat_all",0.11,0.142812192190068,0.00612929103757129,5
"1arc","1",3.25,"treat_all",0.12,0.133071421646773,0.00619894207208915,5
"1arc","1",3.25,"treat_all",0.13,0.123106725343863,0.00627019427981432,5
"1arc","1",3.25,"treat_all",0.14,0.112910291917628,0.00634310351562611,5
"1arc","1",3.25,"treat_all",0.15,0.102473942410777,0.00641772826286877,5
"1arc","1",3.25,"treat_all",0.16,0.0917891083918577,0.00649412978980769,5
"1arc","1",3.25,"treat_all",0.17,0.0808468084929644,0.00657237231739573,5
"1arc","1",3.25,"treat_all",0.18,0.0696376232306835,0.00665252319931519,5
"1arc","1",3.25,"treat_all",0.19,0.0581516679619265,0.00673465311535611,5
"1arc","1",3.25,"treat_all",0.2,0.0463785638114506,0.00681883627929807,5
"1arc","1",3.25,"treat_all",0.21,0.0343074063913424,0.00690515066258033,5
"1arc","1",3.25,"treat_all",0.22,0.0219267321143083,0.00699367823517752,5
"1arc","1",3.25,"treat_all",0.23,0.00922448188202663,0.00708450522524475,5
"1arc","1",3.25,"treat_all",0.24,-0.0038120380932099,0.00717772239926113,5
"1arc","1",3.25,"treat_all",0.25,-0.0171961986011193,0.00727342536458461,5
"1arc","1",3.25,"treat_all",0.26,-0.0309420931768102,0.00737171489653844,5
"1arc","1",3.25,"treat_all",0.27,-0.0450645876038898,0.00747269729238145,5
"1arc","1",3.25,"treat_all",0.28,-0.0595793735428327,0.00757648475477564,5
"1arc","1",3.25,"treat_all",0.29,-0.0745030266913233,0.0076831958076598,5
"1arc","1",3.25,"treat_all",0.3,-0.0898530699297708,0.00779295574776921,5
"1arc","1",3.25,"treat_all",0.31,-0.105648041957738,0.00790589713541806,5
"1arc","1",3.25,"treat_all",0.32,-0.121907571986529,0.00802216032858599,5
"1arc","1",3.25,"treat_all",0.33,-0.138652461120656,0.00814189406483353,5
"1arc","1",3.25,"treat_all",0.34,-0.155904771137636,0.00826525609611889,5
"1arc","1",3.25,"treat_all",0.35,-0.17368792146283,0.00839241388221301,5
"1arc","1",3.25,"treat_all",0.36,-0.192026795235687,0.0085235453491226,5
"1arc","1",3.25,"treat_all",0.37,-0.210947855477523,0.00865883971974359,5
"1arc","1",3.25,"treat_all",0.38,-0.230479272501354,0.00879849842490076,5
"1arc","1",3.25,"treat_all",0.39,-0.250651063853835,0.00894273610399748,5
"1arc","1",3.25,"treat_all",0.4,-0.271495248251399,0.00909178170573079,5
"1arc","1",3.25,"treat_all",0.41,-0.293046015170914,0.0092458797007432,5
"1arc","1",3.25,"treat_all",0.42,-0.315339911984206,0.0094052914197215,5
"1arc","1",3.25,"treat_all",0.43,-0.338416050790946,0.00957029653234823,5
"1arc","1",3.25,"treat_all",0.44,-0.362316337412213,0.00974119468471157,5
"1arc","1",3.25,"treat_all",0.45,-0.387085725365163,0.0099183073153427,5
"1arc","1",3.25,"treat_all",0.46,-0.41277249805711,0.0101019796730342,5
"1arc","1",3.25,"treat_all",0.47,-0.439428582926112,0.0102925830630915,5
"1arc","1",3.25,"treat_all",0.48,-0.467109901828538,0.0104905173527663,5
"1arc","1",3.25,"treat_all",0.49,-0.495876762648705,0.010696213771448,5
"1arc","1",3.25,"treat_all",0.5,-0.525794297901679,0.010910138046877,5
"1arc","1",3.25,"treat_all",0.51,-0.55693295704253,0.0111327939253846,5
"1arc","1",3.25,"treat_all",0.52,-0.589369060314249,0.0113647271321635,5
"1arc","1",3.25,"treat_all",0.53,-0.623185423299659,0.0116065298371031,5
"1arc","1",3.25,"treat_all",0.54,-0.658472062936608,0.0118588457031271,5
"1arc","1",3.25,"treat_all",0.55,-0.695326997668532,0.0121223756076411,5
"1arc","1",3.25,"treat_all",0.56,-0.733857156706454,0.0123978841441784,5
"1arc","1",3.25,"treat_all",0.57,-0.774179416164743,0.0126862070312522,5
"1arc","1",3.25,"treat_all",0.58,-0.816421783216285,0.0129882595796154,5
"1arc","1",3.25,"treat_all",0.59,-0.860724753538633,0.0133050463986305,5
"1arc","1",3.25,"treat_all",0.6,-0.907242872377099,0.0136376725585962,5
"1arc","1",3.25,"treat_all",0.61,-0.956146535771383,0.0139873564703551,5
"1arc","1",3.25,"treat_all",0.62,-1.00762407618642,0.0143554447985223,5
"1arc","1",3.25,"treat_all",0.63,-1.06188418635362,0.0147434297930769,5
"1arc","1",3.25,"treat_all",0.64,-1.11915874708567,0.0151529695095512,5
"1arc","1",3.25,"treat_all",0.65,-1.17970613985954,0.0155859114955385,5
"1arc","1",3.25,"treat_all",0.66,-1.24381514397306,0.0160443206571719,5
"1arc","1",3.25,"treat_all",0.67,-1.31180954227527,0.0165305121922378,5
"1arc","1",3.25,"treat_all",0.68,-1.38405359047137,0.0170470906982452,5
"1arc","1",3.25,"treat_all",0.69,-1.46095854500271,0.0175969968498015,5
"1arc","1",3.25,"treat_all",0.7,-1.5429904965028,0.0181835634114615,5
"1arc","1",3.25,"treat_all",0.71,-1.63067982396841,0.0188105828394429,5
"1arc","1",3.25,"treat_all",0.72,-1.72463267482443,0.019482389369423,5
"1arc","1",3.25,"treat_all",0.73,-1.82554499611422,0.0202039593460683,5
"1arc","1",3.25,"treat_all",0.74,-1.93421980365707,0.0209810347055325,5
"1arc","1",3.25,"treat_all",0.75,-2.05158859580336,0.0218202760937539,5
"1arc","1",3.25,"treat_all",0.76,-2.1787381206285,0.0227294542643269,5
"1arc","1",3.25,"treat_all",0.77,-2.31694412587322,0.0237176914062542,5
"1arc","1",3.25,"treat_all",0.78,-2.46771431341291,0.0247957682883567,5
"1arc","1",3.25,"treat_all",0.79,-2.63284356643257,0.0259765191592309,5
"1arc","1",3.25,"treat_all",0.8,-2.8144857447542,0.0272753451171923,5
"1arc","1",3.25,"treat_all",0.81,-3.01524815237284,0.0287108895970445,5
"1arc","1",3.25,"treat_all",0.82,-3.23831749417133,0.0303059390191025,5
"1arc","1",3.25,"treat_all",0.83,-3.48763028794612,0.0320886413143439,5
"1arc","1",3.25,"treat_all",0.84,-3.76810718094275,0.0340941813964905,5
"1arc","1",3.25,"treat_all",0.85,-4.0859809930056,0.0363671268229235,5
"1arc","1",3.25,"treat_all",0.86,-4.44926534964885,0.0389647787388463,5
"1arc","1",3.25,"treat_all",0.87,-4.86843960731415,0.0419620694110651,5
"1arc","1",3.25,"treat_all",0.88,-5.357476241257,0.0454589085286539,5
"1arc","1",3.25,"treat_all",0.89,-5.93542862682581,0.0495915365767133,5
"1arc","1",3.25,"treat_all",0.9,-6.6289714895084,0.0545506902343849,5
"1arc","1",3.25,"treat_all",0.91,-7.47663498834266,0.0606118780382054,5
"1arc","1",3.25,"treat_all",0.92,-8.5362143618855,0.0681883627929812,5
"1arc","1",3.25,"treat_all",0.93,-9.89853069929772,0.0779295574776927,5
"1arc","1",3.25,"treat_all",0.94,-11.714952482514,0.0909178170573085,5
"1arc","1",3.25,"treat_all",0.95,-14.2579429790168,0.10910138046877,5
"1arc","1",3.25,"treat_all",0.96,-18.072428723771,0.136376725585963,5
"1arc","1",3.25,"treat_all",0.97,-24.429904965028,0.181835634114616,5
"1arc","1",3.25,"treat_all",0.98,-37.1448574475419,0.272753451171925,5
"1arc","1",3.25,"treat_all",0.99,-75.2897148950839,0.545506902343849,5
"1arc","1",3.25,"treat_none",0.01,0,0,5
"1arc","1",3.25,"treat_none",0.02,0,0,5
"1arc","1",3.25,"treat_none",0.03,0,0,5
"1arc","1",3.25,"treat_none",0.04,0,0,5
"1arc","1",3.25,"treat_none",0.05,0,0,5
"1arc","1",3.25,"treat_none",0.06,0,0,5
"1arc","1",3.25,"treat_none",0.07,0,0,5
"1arc","1",3.25,"treat_none",0.08,0,0,5
"1arc","1",3.25,"treat_none",0.09,0,0,5
"1arc","1",3.25,"treat_none",0.1,0,0,5
"1arc","1",3.25,"treat_none",0.11,0,0,5
"1arc","1",3.25,"treat_none",0.12,0,0,5
"1arc","1",3.25,"treat_none",0.13,0,0,5
"1arc","1",3.25,"treat_none",0.14,0,0,5
"1arc","1",3.25,"treat_none",0.15,0,0,5
"1arc","1",3.25,"treat_none",0.16,0,0,5
"1arc","1",3.25,"treat_none",0.17,0,0,5
"1arc","1",3.25,"treat_none",0.18,0,0,5
"1arc","1",3.25,"treat_none",0.19,0,0,5
"1arc","1",3.25,"treat_none",0.2,0,0,5
"1arc","1",3.25,"treat_none",0.21,0,0,5
"1arc","1",3.25,"treat_none",0.22,0,0,5
"1arc","1",3.25,"treat_none",0.23,0,0,5
"1arc","1",3.25,"treat_none",0.24,0,0,5
"1arc","1",3.25,"treat_none",0.25,0,0,5
"1arc","1",3.25,"treat_none",0.26,0,0,5
"1arc","1",3.25,"treat_none",0.27,0,0,5
"1arc","1",3.25,"treat_none",0.28,0,0,5
"1arc","1",3.25,"treat_none",0.29,0,0,5
"1arc","1",3.25,"treat_none",0.3,0,0,5
"1arc","1",3.25,"treat_none",0.31,0,0,5
"1arc","1",3.25,"treat_none",0.32,0,0,5
"1arc","1",3.25,"treat_none",0.33,0,0,5
"1arc","1",3.25,"treat_none",0.34,0,0,5
"1arc","1",3.25,"treat_none",0.35,0,0,5
"1arc","1",3.25,"treat_none",0.36,0,0,5
"1arc","1",3.25,"treat_none",0.37,0,0,5
"1arc","1",3.25,"treat_none",0.38,0,0,5
"1arc","1",3.25,"treat_none",0.39,0,0,5
"1arc","1",3.25,"treat_none",0.4,0,0,5
"1arc","1",3.25,"treat_none",0.41,0,0,5
"1arc","1",3.25,"treat_none",0.42,0,0,5
"1arc","1",3.25,"treat_none",0.43,0,0,5
"1arc","1",3.25,"treat_none",0.44,0,0,5
"1arc","1",3.25,"treat_none",0.45,0,0,5
"1arc","1",3.25,"treat_none",0.46,0,0,5
"1arc","1",3.25,"treat_none",0.47,0,0,5
"1arc","1",3.25,"treat_none",0.48,0,0,5
"1arc","1",3.25,"treat_none",0.49,0,0,5
"1arc","1",3.25,"treat_none",0.5,0,0,5
"1arc","1",3.25,"treat_none",0.51,0,0,5
"1arc","1",3.25,"treat_none",0.52,0,0,5
"1arc","1",3.25,"treat_none",0.53,0,0,5
"1arc","1",3.25,"treat_none",0.54,0,0,5
"1arc","1",3.25,"treat_none",0.55,0,0,5
"1arc","1",3.25,"treat_none",0.56,0,0,5
"1arc","1",3.25,"treat_none",0.57,0,0,5
"1arc","1",3.25,"treat_none",0.58,0,0,5
"1arc","1",3.25,"treat_none",0.59,0,0,5
"1arc","1",3.25,"treat_none",0.6,0,0,5
"1arc","1",3.25,"treat_none",0.61,0,0,5
"1arc","1",3.25,"treat_none",0.62,0,0,5
"1arc","1",3.25,"treat_none",0.63,0,0,5
"1arc","1",3.25,"treat_none",0.64,0,0,5
"1arc","1",3.25,"treat_none",0.65,0,0,5
"1arc","1",3.25,"treat_none",0.66,0,0,5
"1arc","1",3.25,"treat_none",0.67,0,0,5
"1arc","1",3.25,"treat_none",0.68,0,0,5
"1arc","1",3.25,"treat_none",0.69,0,0,5
"1arc","1",3.25,"treat_none",0.7,0,0,5
"1arc","1",3.25,"treat_none",0.71,0,0,5
"1arc","1",3.25,"treat_none",0.72,0,0,5
"1arc","1",3.25,"treat_none",0.73,0,0,5
"1arc","1",3.25,"treat_none",0.74,0,0,5
"1arc","1",3.25,"treat_none",0.75,0,0,5
"1arc","1",3.25,"treat_none",0.76,0,0,5
"1arc","1",3.25,"treat_none",0.77,0,0,5
"1arc","1",3.25,"treat_none",0.78,0,0,5
"1arc","1",3.25,"treat_none",0.79,0,0,5
"1arc","1",3.25,"treat_none",0.8,0,0,5
"1arc","1",3.25,"treat_none",0.81,0,0,5
"1arc","1",3.25,"treat_none",0.82,0,0,5
"1arc","1",3.25,"treat_none",0.83,0,0,5
"1arc","1",3.25,"treat_none",0.84,0,0,5
"1arc","1",3.25,"treat_none",0.85,0,0,5
"1arc","1",3.25,"treat_none",0.86,0,0,5
"1arc","1",3.25,"treat_none",0.87,0,0,5
"1arc","1",3.25,"treat_none",0.88,0,0,5
"1arc","1",3.25,"treat_none",0.89,0,0,5
"1arc","1",3.25,"treat_none",0.9,0,0,5
"1arc","1",3.25,"treat_none",0.91,0,0,5
"1arc","1",3.25,"treat_none",0.92,0,0,5
"1arc","1",3.25,"treat_none",0.93,0,0,5
"1arc","1",3.25,"treat_none",0.94,0,0,5
"1arc","1",3.25,"treat_none",0.95,0,0,5
"1arc","1",3.25,"treat_none",0.96,0,0,5
"1arc","1",3.25,"treat_none",0.97,0,0,5
"1arc","1",3.25,"treat_none",0.98,0,0,5
"1arc","1",3.25,"treat_none",0.99,0,0,5
"1arc","1",3.5,"model",0.01,0.216446424962644,0.00261041198561824,3
"1arc","1",3.5,"model",0.02,0.211519961073799,0.00508953207633038,3
"1arc","1",3.5,"model",0.03,0.206077975090619,0.00295598519836808,3
"1arc","1",3.5,"model",0.04,0.203679835914662,0.00393062334084386,3
"1arc","1",3.5,"model",0.05,0.200474695296015,0.00481609185619516,3
"1arc","1",3.5,"model",0.06,0.200726921343331,0.00420664765796475,3
"1arc","1",3.5,"model",0.07,0.199693325577107,0.0043848374132118,3
"1arc","1",3.5,"model",0.08,0.197430315047915,0.00336896328093777,3
"1arc","1",3.5,"model",0.09,0.19496011870632,0.00397592275914127,3
"1arc","1",3.5,"model",0.1,0.192439069201919,0.00563639531973132,3
"1arc","1",3.5,"model",0.11,0.189734571001374,0.00765577491549623,3
"1arc","1",3.5,"model",0.12,0.187707530070463,0.00998493693127929,3
"1arc","1",3.5,"model",0.13,0.183746442407881,0.012328292609823,3
"1arc","1",3.5,"model",0.14,0.178738715014052,0.0126417445956639,3
"1arc","1",3.5,"model",0.15,0.177874094862993,0.0112273759309246,3
"1arc","1",3.5,"model",0.16,0.176959000102651,0.0108257571812646,3
"1arc","1",3.5,"model",0.17,0.17113969213477,0.0104371642535482,3
"1arc","1",3.5,"model",0.18,0.169726611948092,0.0085027533978832,3
"1arc","1",3.5,"model",0.19,0.159309589365545,0.013767835603215,3
"1arc","1",3.5,"model",0.2,0.157143599200062,0.0126178648497751,3
"1arc","1",3.5,"model",0.21,0.156347836778788,0.0132394327040316,3
"1arc","1",3.5,"model",0.22,0.153257011164187,0.00965597784800268,3
"1arc","1",3.5,"model",0.23,0.149420638837048,0.00736040935381018,3
"1arc","1",3.5,"model",0.24,0.147703004231614,0.0070682957740865,3
"1arc","1",3.5,"model",0.25,0.143430382048152,0.00307674454222279,3
"1arc","1",3.5,"model",0.26,0.14326133005197,0.00507983072824804,3
"1arc","1",3.5,"model",0.27,0.139159885187147,0.00475077944669891,3
"1arc","1",3.5,"model",0.28,0.137088163404295,0.00269953688767142,3
"1arc","1",3.5,"model",0.29,0.133851956417273,0.00159583315342418,3
"1arc","1",3.5,"model",0.3,0.129470430875516,0.00571298753236904,3
"1arc","1",3.5,"model",0.31,0.124586627982185,0.00638238264608604,3
"1arc","1",3.5,"model",0.32,0.11849293128674,0.00404875850491245,3
"1arc","1",3.5,"model",0.33,0.114812336778565,0.00556401172983435,3
"1arc","1",3.5,"model",0.34,0.112324056081685,0.00547483043845296,3
"1arc","1",3.5,"model",0.35,0.106227486769263,0.00341423168648891,3
"1arc","1",3.5,"model",0.36,0.101335988970556,0.00547824100853366,3
"1arc","1",3.5,"model",0.37,0.0952297127400366,0.00941336967459228,3
"1arc","1",3.5,"model",0.38,0.0898597763224148,0.00940473116368301,3
"1arc","1",3.5,"model",0.39,0.0861903600159465,0.00946733960795674,3
"1arc","1",3.5,"model",0.4,0.083722191921553,0.00867940953200012,3
"1arc","1",3.5,"model",0.41,0.0836542049478572,0.00873700919765399,3
"1arc","1",3.5,"model",0.42,0.0775756837577368,0.010470069216006,3
"1arc","1",3.5,"model",0.43,0.0762995152044809,0.0125270728177703,3
"1arc","1",3.5,"model",0.44,0.0714149670464763,0.0146076398533566,3
"1arc","1",3.5,"model",0.45,0.0629218974672576,0.0141724989344796,3
"1arc","1",3.5,"model",0.46,0.0580403707519344,0.01228992197062,3
"1arc","1",3.5,"model",0.47,0.0566210065800639,0.0117113246330991,3
"1arc","1",3.5,"model",0.48,0.0541792614228528,0.0109708664424454,3
"1arc","1",3.5,"model",0.49,0.0505324345323062,0.00966421506165283,3
"1arc","1",3.5,"model",0.5,0.0492818741396774,0.0146043214865737,3
"1arc","1",3.5,"model",0.51,0.0432693556346259,0.0144407134836814,3
"1arc","1",3.5,"model",0.52,0.0396635759984071,0.0108306389152137,3
"1arc","1",3.5,"model",0.53,0.0348587555948021,0.0145998713612933,3
"1arc","1",3.5,"model",0.54,0.0300539351911972,0.0150447198880201,3
"1arc","1",3.5,"model",0.55,0.025244786120562,0.0130273087916239,3
"1arc","1",3.5,"model",0.56,0.0216390064843432,0.0130254856012793,3
"1arc","1",3.5,"model",0.57,0.0204399657169571,0.0136791110812308,3
"1arc","1",3.5,"model",0.58,0.0180332268481244,0.00956130726433206,3
"1arc","1",3.5,"model",0.59,0.0132284064445195,0.00752544458806216,3
"1arc","1",3.5,"model",0.6,0.0120250370101031,0.00552587535256107,3
"1arc","1",3.5,"model",0.61,0.00961829814127038,0.00209929194313554,3
"1arc","1",3.5,"model",0.62,0.00841492870685401,0.00209183478050677,3
"1arc","1",3.5,"model",0.63,0.00721155927243765,0.00361013944460421,3
"1arc","1",3.5,"model",0.64,0.00600818983802128,0.00551171741330794,3
"1arc","1",3.5,"model",0.65,0.00600818983802128,0.00551171741330794,3
"1arc","1",3.5,"model",0.66,0.00480914907063519,0.00551595332452167,3
"1arc","1",3.5,"model",0.67,0.00360577963621882,0.00361011608861306,3
"1arc","1",3.5,"model",0.68,0.00360577963621882,0.00361011608861306,3
"1arc","1",3.5,"model",0.69,0.00360577963621882,0.00361011608861306,3
"1arc","1",3.5,"model",0.7,0.00240673886883273,0.00416859400136914,3
"1arc","1",3.5,"model",0.71,0.00240673886883273,0.00416859400136914,3
"1arc","1",3.5,"model",0.72,0.00240673886883273,0.00416859400136914,3
"1arc","1",3.5,"model",0.73,0.00240673886883273,0.00416859400136914,3
"1arc","1",3.5,"model",0.74,0.00240673886883273,0.00416859400136914,3
"1arc","1",3.5,"model",0.75,0.00240673886883273,0.00416859400136914,3
"1arc","1",3.5,"model",0.76,0.00240673886883273,0.00416859400136914,3
"1arc","1",3.5,"model",0.77,0.00240673886883273,0.00416859400136914,3
"1arc","1",3.5,"model",0.78,0.00240673886883273,0.00416859400136914,3
"1arc","1",3.5,"model",0.79,0.00240673886883273,0.00416859400136914,3
"1arc","1",3.5,"model",0.8,0,0,3
"1arc","1",3.5,"model",0.81,0,0,3
"1arc","1",3.5,"model",0.82,0,0,3
"1arc","1",3.5,"model",0.83,0,0,3
"1arc","1",3.5,"model",0.84,0,0,3
"1arc","1",3.5,"model",0.85,0,0,3
"1arc","1",3.5,"model",0.86,0,0,3
"1arc","1",3.5,"model",0.87,0,0,3
"1arc","1",3.5,"model",0.88,0,0,3
"1arc","1",3.5,"model",0.89,0,0,3
"1arc","1",3.5,"model",0.9,0,0,3
"1arc","1",3.5,"model",0.91,0,0,3
"1arc","1",3.5,"model",0.92,0,0,3
"1arc","1",3.5,"model",0.93,0,0,3
"1arc","1",3.5,"model",0.94,0,0,3
"1arc","1",3.5,"model",0.95,0,0,3
"1arc","1",3.5,"model",0.96,0,0,3
"1arc","1",3.5,"model",0.97,0,0,3
"1arc","1",3.5,"model",0.98,0,0,3
"1arc","1",3.5,"model",0.99,0,0,3
"1arc","1",3.5,"treat_all",0.01,0.21571549236926,0.000469538601999996,3
"1arc","1",3.5,"treat_all",0.02,0.20771258923017,0.000474329812224496,3
"1arc","1",3.5,"treat_all",0.03,0.199544677778935,0.000479219810288662,3
"1arc","1",3.5,"treat_all",0.04,0.191206601505799,0.000484211683312514,3
"1arc","1",3.5,"treat_all",0.05,0.182692986784807,0.000489308648400013,3
"1arc","1",3.5,"treat_all",0.06,0.173998231325071,0.000494514059553192,3
"1arc","1",3.5,"treat_all",0.07,0.165116491876954,0.000499831415032259,3
"1arc","1",3.5,"treat_all",0.08,0.156041671136486,0.000505264365195649,3
"1arc","1",3.5,"treat_all",0.09,0.146767403786337,0.00051081672085715,3
"1arc","1",3.5,"treat_all",0.1,0.137287041606186,0.000516492462200023,3
"1arc","1",3.5,"treat_all",0.11,0.127593637579289,0.000522295748292146,3
"1arc","1",3.5,"treat_all",0.12,0.117679928915417,0.000528230927250002,3
"1arc","1",3.5,"treat_all",0.13,0.107538318902951,0.000534302547103457,3
"1arc","1",3.5,"treat_all",0.14,0.0971608574948453,0.000540515367418607,3
"1arc","1",3.5,"treat_all",0.15,0.0865392205241964,0.000546874371741176,3
"1arc","1",3.5,"treat_all",0.16,0.0756646874351988,0.000553384780928589,3
"1arc","1",3.5,"treat_all",0.17,0.0645281174042976,0.000560052067445796,3
"1arc","1",3.5,"treat_all",0.18,0.0531199237141061,0.000566881970707317,3
"1arc","1",3.5,"treat_all",0.19,0.0414300462290951,0.000573880513555563,3
"1arc","1",3.5,"treat_all",0.2,0.0294479218069587,0.00058105401997501,3
"1arc","1",3.5,"treat_all",0.21,0.017162452462743,0.000588409134151909,3
"1arc","1",3.5,"treat_all",0.22,0.00456197108406025,0.000595952841000013,3
"1arc","1",3.5,"treat_all",0.23,-0.00836579552523765,0.000603692488285732,3
"1arc","1",3.5,"treat_all",0.24,-0.0216337665189908,0.00061163581050002,3
"1arc","1",3.5,"treat_all",0.25,-0.0352555500725773,0.000619790954640012,3
"1arc","1",3.5,"treat_all",0.26,-0.049245489938423,0.000628166508081106,3
"1arc","1",3.5,"treat_all",0.27,-0.0636187158279904,0.000636771528739722,3
"1arc","1",3.5,"treat_all",0.28,-0.0783911979922681,0.000645615577750013,3
"1arc","1",3.5,"treat_all",0.29,-0.0935798064146944,0.000654708754901439,3
"1arc","1",3.5,"treat_all",0.3,-0.109202375077761,0.000664061737114304,3
"1arc","1",3.5,"treat_all",0.31,-0.125277771818019,0.000673685820260892,3
"1arc","1",3.5,"treat_all",0.32,-0.141825974344754,0.000683592964676481,3
"1arc","1",3.5,"treat_all",0.33,-0.158868153066318,0.000693795844746271,3
"1arc","1",3.5,"treat_all",0.34,-0.176426761446111,0.000704307903000018,3
"1arc","1",3.5,"treat_all",0.35,-0.194525634699128,0.000715143409200006,3
"1arc","1",3.5,"treat_all",0.36,-0.213190097741302,0.00072631752496877,3
"1arc","1",3.5,"treat_all",0.37,-0.232447083419735,0.000737846374571468,3
"1arc","1",3.5,"treat_all",0.38,-0.252325262184569,0.000749747122548365,3
"1arc","1",3.5,"treat_all",0.39,-0.272855184515464,0.000762038058983613,3
"1arc","1",3.5,"treat_all",0.4,-0.294069437590722,0.000774738693300003,3
"1arc","1",3.5,"treat_all",0.41,-0.31600281788887,0.000787869857593271,3
"1arc","1",3.5,"treat_all",0.42,-0.338692521645574,0.000801453820655185,3
"1arc","1",3.5,"treat_all",0.43,-0.362178355358654,0.000815514413999994,3
"1arc","1",3.5,"treat_all",0.44,-0.386502968847202,0.000830077171392876,3
"1arc","1",3.5,"treat_all",0.45,-0.411712113735333,0.000845169483600035,3
"1arc","1",3.5,"treat_all",0.46,-0.437854930656357,0.000860820770333361,3
"1arc","1",3.5,"treat_all",0.47,-0.464984268970628,0.000877062671660341,3
"1arc","1",3.5,"treat_all",0.48,-0.49315704337391,0.000893929261500028,3
"1arc","1",3.5,"treat_all",0.49,-0.522434632459673,0.000911457286235373,3
"1arc","1",3.5,"treat_all",0.5,-0.552883325108866,0.000929686431960042,3
"1arc","1",3.5,"treat_all",0.51,-0.584574821539659,0.000948659624448992,3
"1arc","1",3.5,"treat_all",0.52,-0.617586796988402,0.000968423366625027,3
"1arc","1",3.5,"treat_all",0.53,-0.652003537349858,0.000989028119106415,3
"1arc","1",3.5,"treat_all",0.54,-0.687916657727028,0.00101052873039127,3
"1arc","1",3.5,"treat_all",0.55,-0.725425916787629,0.00103298492440005,3
"1arc","1",3.5,"treat_all",0.56,-0.764640142169166,0.00105646185449997,3
"1arc","1",3.5,"treat_all",0.57,-0.80567828501031,0.00108103073483718,3
"1arc","1",3.5,"treat_all",0.58,-0.848670625129603,0.00110676956185727,3
"1arc","1",3.5,"treat_all",0.59,-0.893760152571788,0.00113376394141476,3
"1arc","1",3.5,"treat_all",0.6,-0.941104156386082,0.00116210803995002,3
"1arc","1",3.5,"treat_all",0.61,-0.990876057831879,0.00119190568200006,3
"1arc","1",3.5,"treat_all",0.62,-1.04326753303798,0.00122327162100014,3
"1arc","1",3.5,"treat_all",0.63,-1.09849097987685,0.00125633301616218,3
"1arc","1",3.5,"treat_all",0.64,-1.15678239598454,0.00129123115550012,3
"1arc","1",3.5,"treat_all",0.65,-1.21840475015552,0.0013281234742287,3
"1arc","1",3.5,"treat_all",0.66,-1.28365194868951,0.00136718592935312,3
"1arc","1",3.5,"treat_all",0.67,-1.35285352289222,0.00140861580600013,3
"1arc","1",3.5,"treat_all",0.68,-1.4263801954826,0.00145263504993764,3
"1arc","1",3.5,"treat_all",0.69,-1.50465052436914,0.00149949424509686,3
"1arc","1",3.5,"treat_all",0.7,-1.58813887518144,0.00154947738660007,3
"1arc","1",3.5,"treat_all",0.71,-1.67738504329115,0.00160290764131043,3
"1arc","1",3.5,"treat_all",0.72,-1.7730059376944,0.00166015434278582,3
"1arc","1",3.5,"treat_all",0.73,-1.87570986131271,0.00172164154066691,3
"1arc","1",3.5,"treat_all",0.74,-1.98631408674782,0.00178785852300025,3
"1arc","1",3.5,"treat_all",0.75,-2.10576665021773,0.00185937286392008,3
"1arc","1",3.5,"treat_all",0.76,-2.2351735939768,0.00193684673325018,3
"1arc","1",3.5,"treat_all",0.77,-2.37583331545406,0.00202105746078279,3
"1arc","1",3.5,"treat_all",0.78,-2.52928028433833,0.00211292370899994,3
"1arc","1",3.5,"treat_all",0.79,-2.69734125025921,0.00221353912371468,3
"1arc","1",3.5,"treat_all",0.8,-2.88220831277217,0.00232421607990017,3
"1arc","1",3.5,"treat_all",0.81,-3.08653506607596,0.00244654324200027,3
"1arc","1",3.5,"treat_all",0.82,-3.31356479196907,0.00258246231100024,3
"1arc","1",3.5,"treat_all",0.83,-3.56730389737902,0.00273437185870599,3
"1arc","1",3.5,"treat_all",0.84,-3.85276039096521,0.00290527009987527,3
"1arc","1",3.5,"treat_all",0.85,-4.17627775036289,0.00309895477319988,3
"1arc","1",3.5,"treat_all",0.86,-4.54601187538881,0.00332030868557138,3
"1arc","1",3.5,"treat_all",0.87,-4.97262817349564,0.00357571704599947,3
"1arc","1",3.5,"treat_all",0.88,-5.47034718795361,0.00387369346649985,3
"1arc","1",3.5,"treat_all",0.89,-6.05856056867666,0.00422584741799989,3
"1arc","1",3.5,"treat_all",0.9,-6.76441662554433,0.00464843215979982,3
"1arc","1",3.5,"treat_all",0.91,-7.62712958393815,0.00516492462199946,3
"1arc","1",3.5,"treat_all",0.92,-8.70552078193042,0.00581054019975055,3
"1arc","1",3.5,"treat_all",0.93,-10.0920237507776,0.00664061737114275,3
"1arc","1",3.5,"treat_all",0.94,-11.9406943759072,0.00774738693300073,3
"1arc","1",3.5,"treat_all",0.95,-14.5288332510887,0.00929686431960067,3
"1arc","1",3.5,"treat_all",0.96,-18.4110415638609,0.011621080399499,3
"1arc","1",3.5,"treat_all",0.97,-24.8813887518144,0.0154947738659994,3
"1arc","1",3.5,"treat_all",0.98,-37.8220831277216,0.0232421607990022,3
"1arc","1",3.5,"treat_all",0.99,-76.6441662554432,0.0464843215980044,3
"1arc","1",3.5,"treat_none",0.01,0,0,3
"1arc","1",3.5,"treat_none",0.02,0,0,3
"1arc","1",3.5,"treat_none",0.03,0,0,3
"1arc","1",3.5,"treat_none",0.04,0,0,3
"1arc","1",3.5,"treat_none",0.05,0,0,3
"1arc","1",3.5,"treat_none",0.06,0,0,3
"1arc","1",3.5,"treat_none",0.07,0,0,3
"1arc","1",3.5,"treat_none",0.08,0,0,3
"1arc","1",3.5,"treat_none",0.09,0,0,3
"1arc","1",3.5,"treat_none",0.1,0,0,3
"1arc","1",3.5,"treat_none",0.11,0,0,3
"1arc","1",3.5,"treat_none",0.12,0,0,3
"1arc","1",3.5,"treat_none",0.13,0,0,3
"1arc","1",3.5,"treat_none",0.14,0,0,3
"1arc","1",3.5,"treat_none",0.15,0,0,3
"1arc","1",3.5,"treat_none",0.16,0,0,3
"1arc","1",3.5,"treat_none",0.17,0,0,3
"1arc","1",3.5,"treat_none",0.18,0,0,3
"1arc","1",3.5,"treat_none",0.19,0,0,3
"1arc","1",3.5,"treat_none",0.2,0,0,3
"1arc","1",3.5,"treat_none",0.21,0,0,3
"1arc","1",3.5,"treat_none",0.22,0,0,3
"1arc","1",3.5,"treat_none",0.23,0,0,3
"1arc","1",3.5,"treat_none",0.24,0,0,3
"1arc","1",3.5,"treat_none",0.25,0,0,3
"1arc","1",3.5,"treat_none",0.26,0,0,3
"1arc","1",3.5,"treat_none",0.27,0,0,3
"1arc","1",3.5,"treat_none",0.28,0,0,3
"1arc","1",3.5,"treat_none",0.29,0,0,3
"1arc","1",3.5,"treat_none",0.3,0,0,3
"1arc","1",3.5,"treat_none",0.31,0,0,3
"1arc","1",3.5,"treat_none",0.32,0,0,3
"1arc","1",3.5,"treat_none",0.33,0,0,3
"1arc","1",3.5,"treat_none",0.34,0,0,3
"1arc","1",3.5,"treat_none",0.35,0,0,3
"1arc","1",3.5,"treat_none",0.36,0,0,3
"1arc","1",3.5,"treat_none",0.37,0,0,3
"1arc","1",3.5,"treat_none",0.38,0,0,3
"1arc","1",3.5,"treat_none",0.39,0,0,3
"1arc","1",3.5,"treat_none",0.4,0,0,3
"1arc","1",3.5,"treat_none",0.41,0,0,3
"1arc","1",3.5,"treat_none",0.42,0,0,3
"1arc","1",3.5,"treat_none",0.43,0,0,3
"1arc","1",3.5,"treat_none",0.44,0,0,3
"1arc","1",3.5,"treat_none",0.45,0,0,3
"1arc","1",3.5,"treat_none",0.46,0,0,3
"1arc","1",3.5,"treat_none",0.47,0,0,3
"1arc","1",3.5,"treat_none",0.48,0,0,3
"1arc","1",3.5,"treat_none",0.49,0,0,3
"1arc","1",3.5,"treat_none",0.5,0,0,3
"1arc","1",3.5,"treat_none",0.51,0,0,3
"1arc","1",3.5,"treat_none",0.52,0,0,3
"1arc","1",3.5,"treat_none",0.53,0,0,3
"1arc","1",3.5,"treat_none",0.54,0,0,3
"1arc","1",3.5,"treat_none",0.55,0,0,3
"1arc","1",3.5,"treat_none",0.56,0,0,3
"1arc","1",3.5,"treat_none",0.57,0,0,3
"1arc","1",3.5,"treat_none",0.58,0,0,3
"1arc","1",3.5,"treat_none",0.59,0,0,3
"1arc","1",3.5,"treat_none",0.6,0,0,3
"1arc","1",3.5,"treat_none",0.61,0,0,3
"1arc","1",3.5,"treat_none",0.62,0,0,3
"1arc","1",3.5,"treat_none",0.63,0,0,3
"1arc","1",3.5,"treat_none",0.64,0,0,3
"1arc","1",3.5,"treat_none",0.65,0,0,3
"1arc","1",3.5,"treat_none",0.66,0,0,3
"1arc","1",3.5,"treat_none",0.67,0,0,3
"1arc","1",3.5,"treat_none",0.68,0,0,3
"1arc","1",3.5,"treat_none",0.69,0,0,3
"1arc","1",3.5,"treat_none",0.7,0,0,3
"1arc","1",3.5,"treat_none",0.71,0,0,3
"1arc","1",3.5,"treat_none",0.72,0,0,3
"1arc","1",3.5,"treat_none",0.73,0,0,3
"1arc","1",3.5,"treat_none",0.74,0,0,3
"1arc","1",3.5,"treat_none",0.75,0,0,3
"1arc","1",3.5,"treat_none",0.76,0,0,3
"1arc","1",3.5,"treat_none",0.77,0,0,3
"1arc","1",3.5,"treat_none",0.78,0,0,3
"1arc","1",3.5,"treat_none",0.79,0,0,3
"1arc","1",3.5,"treat_none",0.8,0,0,3
"1arc","1",3.5,"treat_none",0.81,0,0,3
"1arc","1",3.5,"treat_none",0.82,0,0,3
"1arc","1",3.5,"treat_none",0.83,0,0,3
"1arc","1",3.5,"treat_none",0.84,0,0,3
"1arc","1",3.5,"treat_none",0.85,0,0,3
"1arc","1",3.5,"treat_none",0.86,0,0,3
"1arc","1",3.5,"treat_none",0.87,0,0,3
"1arc","1",3.5,"treat_none",0.88,0,0,3
"1arc","1",3.5,"treat_none",0.89,0,0,3
"1arc","1",3.5,"treat_none",0.9,0,0,3
"1arc","1",3.5,"treat_none",0.91,0,0,3
"1arc","1",3.5,"treat_none",0.92,0,0,3
"1arc","1",3.5,"treat_none",0.93,0,0,3
"1arc","1",3.5,"treat_none",0.94,0,0,3
"1arc","1",3.5,"treat_none",0.95,0,0,3
"1arc","1",3.5,"treat_none",0.96,0,0,3
"1arc","1",3.5,"treat_none",0.97,0,0,3
"1arc","1",3.5,"treat_none",0.98,0,0,3
"1arc","1",3.5,"treat_none",0.99,0,0,3
"1arc","1",3.75,"model",0.01,0.204566673011545,0.00442128435493981,5
"1arc","1",3.75,"model",0.02,0.198822418874071,0.0053293452605391,5
"1arc","1",3.75,"model",0.03,0.194609456461048,0.00693433303044438,5
"1arc","1",3.75,"model",0.04,0.191270010179893,0.00654238137462978,5
"1arc","1",3.75,"model",0.05,0.188982701742962,0.00692743680498764,5
"1arc","1",3.75,"model",0.06,0.187440201863126,0.00505700285430224,5
"1arc","1",3.75,"model",0.07,0.185848616798838,0.00427679318610475,5
"1arc","1",3.75,"model",0.08,0.186329347084983,0.00470663732018305,5
"1arc","1",3.75,"model",0.09,0.184968661814769,0.00572309189122961,5
"1arc","1",3.75,"model",0.1,0.184104515410966,0.006722783075039,5
"1arc","1",3.75,"model",0.11,0.182481703300558,0.00733258298643916,5
"1arc","1",3.75,"model",0.12,0.178031979237229,0.0102000638242167,5
"1arc","1",3.75,"model",0.13,0.17661039568403,0.0113808319265224,5
"1arc","1",3.75,"model",0.14,0.175251545898717,0.0114072915532843,5
"1arc","1",3.75,"model",0.15,0.173680107172842,0.00965729709342675,5
"1arc","1",3.75,"model",0.16,0.172327664595319,0.00992076255168233,5
"1arc","1",3.75,"model",0.17,0.166418907967465,0.00986064736962253,5
"1arc","1",3.75,"model",0.18,0.160871232175279,0.00481586653087258,5
"1arc","1",3.75,"model",0.19,0.157543826320168,0.00566132084052773,5
"1arc","1",3.75,"model",0.2,0.154755591812955,0.00605708555634276,5
"1arc","1",3.75,"model",0.21,0.151856579198117,0.00421461410812908,5
"1arc","1",3.75,"model",0.22,0.150156281197646,0.00461534362343809,5
"1arc","1",3.75,"model",0.23,0.14771534476606,0.00312434145474936,5
"1arc","1",3.75,"model",0.24,0.145886229135808,0.00374075287415134,5
"1arc","1",3.75,"model",0.25,0.140857064961397,0.00510378064035174,5
"1arc","1",3.75,"model",0.26,0.138735311778202,0.00675949973965621,5
"1arc","1",3.75,"model",0.27,0.133930198816477,0.00706687642152174,5
"1arc","1",3.75,"model",0.28,0.130725666731504,0.00969344093042091,5
"1arc","1",3.75,"model",0.29,0.127227046612471,0.0119233860627677,5
"1arc","1",3.75,"model",0.3,0.122357704630129,0.0106930168825417,5
"1arc","1",3.75,"model",0.31,0.118855198203811,0.013665546059125,5
"1arc","1",3.75,"model",0.32,0.114039288929454,0.0131471944582416,5
"1arc","1",3.75,"model",0.33,0.110598187857449,0.0123990657257238,5
"1arc","1",3.75,"model",0.34,0.105143298259407,0.0117850087081477,5
"1arc","1",3.75,"model",0.35,0.101603773202698,0.0133356293503577,5
"1arc","1",3.75,"model",0.36,0.099554763973558,0.014341364937703,5
"1arc","1",3.75,"model",0.37,0.0947492119836929,0.0142103967776024,5
"1arc","1",3.75,"model",0.38,0.0926222760684454,0.0149378592388341,5
"1arc","1",3.75,"model",0.39,0.0884445101923873,0.0184649027937342,5
"1arc","1",3.75,"model",0.4,0.0829020352319351,0.0181101175209482,5
"1arc","1",3.75,"model",0.41,0.0782928564648916,0.018514895055305,5
"1arc","1",3.75,"model",0.42,0.0721626796711566,0.0189575508326588,5
"1arc","1",3.75,"model",0.43,0.0680490311444956,0.020462099699192,5
"1arc","1",3.75,"model",0.44,0.0624835820294741,0.0206775924113888,5
"1arc","1",3.75,"model",0.45,0.0583001641697805,0.0146022349741099,5
"1arc","1",3.75,"model",0.46,0.0541139860223354,0.0138164728946653,5
"1arc","1",3.75,"model",0.47,0.0451886301608644,0.0179125555480916,5
"1arc","1",3.75,"model",0.48,0.0396937570715367,0.0186076871639617,5
"1arc","1",3.75,"model",0.49,0.0368835100567208,0.0146057659948493,5
"1arc","1",3.75,"model",0.5,0.030689673624534,0.010761523830234,5
"1arc","1",3.75,"model",0.51,0.0279298549641072,0.0115361121823925,5
"1arc","1",3.75,"model",0.52,0.0244981599786138,0.00857764533625108,5
"1arc","1",3.75,"model",0.53,0.0230908265101397,0.00698121483149437,5
"1arc","1",3.75,"model",0.54,0.0211525192457396,0.00865449253232277,5
"1arc","1",3.75,"model",0.55,0.0204675877388903,0.00740436141099654,5
"1arc","1",3.75,"model",0.56,0.0170719793960874,0.00699788123874485,5
"1arc","1",3.75,"model",0.57,0.0150462340669831,0.00721770296505837,5
"1arc","1",3.75,"model",0.58,0.0136762264427968,0.00694605704192226,5
"1arc","1",3.75,"model",0.59,0.0129841849203055,0.00666115721133823,5
"1arc","1",3.75,"model",0.6,0.0116072118909648,0.0057978379339946,5
"1arc","1",3.75,"model",0.61,0.0095814665618605,0.00662492686959822,5
"1arc","1",3.75,"model",0.62,0.00820449353251984,0.00522341616574931,5
"1arc","1",3.75,"model",0.63,0.00751245201002849,0.0056480326267079,5
"1arc","1",3.75,"model",0.64,0.00751245201002849,0.0056480326267079,5
"1arc","1",3.75,"model",0.65,0.00617178279826114,0.00507510936327108,5
"1arc","1",3.75,"model",0.66,0.00478769975327844,0.00572230205464289,5
"1arc","1",3.75,"model",0.67,0.00478769975327844,0.00572230205464289,5
"1arc","1",3.75,"model",0.68,0.00478769975327844,0.00572230205464289,5
"1arc","1",3.75,"model",0.69,0.00410973365158352,0.00562731956158187,5
"1arc","1",3.75,"model",0.7,0.00341769212909218,0.00593170129599935,5
"1arc","1",3.75,"model",0.71,0.00273972602739726,0.00612621363698572,5
"1arc","1",3.75,"model",0.72,0.00205479452054795,0.00459466022773929,5
"1arc","1",3.75,"model",0.73,0.00136986301369863,0.00306310681849286,5
"1arc","1",3.75,"model",0.74,0.00136986301369863,0.00306310681849286,5
"1arc","1",3.75,"model",0.75,0.00136986301369863,0.00306310681849286,5
"1arc","1",3.75,"model",0.76,0.000684931506849315,0.00153155340924643,5
"1arc","1",3.75,"model",0.77,0.000684931506849315,0.00153155340924643,5
"1arc","1",3.75,"model",0.78,0.000684931506849315,0.00153155340924643,5
"1arc","1",3.75,"model",0.79,0,0,5
"1arc","1",3.75,"model",0.8,0,0,5
"1arc","1",3.75,"model",0.81,0,0,5
"1arc","1",3.75,"model",0.82,0,0,5
"1arc","1",3.75,"model",0.83,0,0,5
"1arc","1",3.75,"model",0.84,0,0,5
"1arc","1",3.75,"model",0.85,0,0,5
"1arc","1",3.75,"model",0.86,0,0,5
"1arc","1",3.75,"model",0.87,0,0,5
"1arc","1",3.75,"model",0.88,0,0,5
"1arc","1",3.75,"model",0.89,0,0,5
"1arc","1",3.75,"model",0.9,0,0,5
"1arc","1",3.75,"model",0.91,0,0,5
"1arc","1",3.75,"model",0.92,0,0,5
"1arc","1",3.75,"model",0.93,0,0,5
"1arc","1",3.75,"model",0.94,0,0,5
"1arc","1",3.75,"model",0.95,0,0,5
"1arc","1",3.75,"model",0.96,0,0,5
"1arc","1",3.75,"model",0.97,0,0,5
"1arc","1",3.75,"model",0.98,0,0,5
"1arc","1",3.75,"model",0.99,0,0,5
"1arc","1",3.75,"treat_all",0.01,0.202998523458169,0.00471164853105963,5
"1arc","1",3.75,"treat_all",0.02,0.194865855330191,0.00475972657729494,5
"1arc","1",3.75,"treat_all",0.03,0.186565503323286,0.00480879592345261,5
"1arc","1",3.75,"treat_all",0.04,0.178092227316237,0.00485888754765525,5
"1arc","1",3.75,"treat_all",0.05,0.169440566551145,0.00491003373236741,5
"1arc","1",3.75,"treat_all",0.06,0.160604827897434,0.00496226813377556,5
"1arc","1",3.75,"treat_all",0.07,0.151579073358696,0.00501562585564413,5
"1arc","1",3.75,"treat_all",0.08,0.142357106764769,0.00507014352798808,5
"1arc","1",3.75,"treat_all",0.09,0.13293245958636,0.00512585939093301,5
"1arc","1",3.75,"treat_all",0.1,0.123298375803986,0.00518281338416559,5
"1arc","1",3.75,"treat_all",0.11,0.11344779575684,0.00524104724241465,5
"1arc","1",3.75,"treat_all",0.12,0.103373338890441,0.00530060459744208,5
"1arc","1",3.75,"treat_all",0.13,0.0930672853144685,0.00536153108706786,5
"1arc","1",3.75,"treat_all",0.14,0.0825215560739391,0.0054238744718012,5
"1arc","1",3.75,"treat_all",0.15,0.0717276920277501,0.00548768475970474,5
"1arc","1",3.75,"treat_all",0.16,0.0606768312185567,0.00555301434017741,5
"1arc","1",3.75,"treat_all",0.17,0.0493596846067321,0.00561991812740847,5
"1arc","1",3.75,"treat_all",0.18,0.0377665100287654,0.00568845371432809,5
"1arc","1",3.75,"treat_all",0.19,0.0258870842266514,0.00575868153796176,5
"1arc","1",3.75,"treat_all",0.2,0.0137106727794846,0.00583066505718629,5
"1arc","1",3.75,"treat_all",0.21,0.00122599775137675,0.00590447094398612,5
"1arc","1",3.75,"treat_all",0.22,-0.0115787971492466,0.00598016928942183,5
"1arc","1",3.75,"treat_all",0.23,-0.0247161841252108,0.00605783382564809,5
"1arc","1",3.75,"treat_all",0.24,-0.0381992918110689,0.00613754216545924,5
"1arc","1",3.75,"treat_all",0.25,-0.0520419490352165,0.00621937606099871,5
"1arc","1",3.75,"treat_all",0.26,-0.066258732130287,0.00630342168344462,5
"1arc","1",3.75,"treat_all",0.27,-0.0808650161320718,0.00638976992568362,5
"1arc","1",3.75,"treat_all",0.28,-0.0958770302450172,0.00647851673020699,5
"1arc","1",3.75,"treat_all",0.29,-0.111311917994947,0.00656976344471695,5
"1arc","1",3.75,"treat_all",0.3,-0.127187802537732,0.0066636172082129,5
"1arc","1",3.75,"treat_all",0.31,-0.143523857646974,0.00676019137065076,5
"1arc","1",3.75,"treat_all",0.32,-0.160340384965312,0.00685960594963093,5
"1arc","1",3.75,"treat_all",0.33,-0.17765889817375,0.00696198812798364,5
"1arc","1",3.75,"treat_all",0.34,-0.195502214812746,0.00706747279658943,5
"1arc","1",3.75,"treat_all",0.35,-0.213894556579096,0.0071762031473062,5
"1arc","1",3.75,"treat_all",0.36,-0.232861659025644,0.00728833132148285,5
"1arc","1",3.75,"treat_all",0.37,-0.252430891708591,0.00740401912023652,5
"1arc","1",3.75,"treat_all",0.38,-0.272631389961955,0.00752343878346616,5
"1arc","1",3.75,"treat_all",0.39,-0.293494199633463,0.00764677384549021,5
"1arc","1",3.75,"treat_all",0.4,-0.315052436294021,0.00777422007624837,5
"1arc","1",3.75,"treat_all",0.41,-0.337341460637987,0.00790598651821869,5
"1arc","1",3.75,"treat_all",0.42,-0.360399072028297,0.00804229663060174,5
"1arc","1",3.75,"treat_all",0.43,-0.384265722414758,0.00818338955394561,5
"1arc","1",3.75,"treat_all",0.44,-0.408984753172165,0.00832952151026608,5
"1arc","1",3.75,"treat_all",0.45,-0.434602657775295,0.00848096735590731,5
"1arc","1",3.75,"treat_all",0.46,-0.461169373660023,0.00863802230694262,5
"1arc","1",3.75,"treat_all",0.47,-0.488738607125306,0.00880100385990381,5
"1arc","1",3.75,"treat_all",0.48,-0.51736819572387,0.00897025393413273,5
"1arc","1",3.75,"treat_all",0.49,-0.547120513287083,0.00914614126617456,5
"1arc","1",3.75,"treat_all",0.5,-0.578062923552825,0.00932906409149801,5
"1arc","1",3.75,"treat_all",0.51,-0.610268289339617,0.00951945315458983,5
"1arc","1",3.75,"treat_all",0.52,-0.643815545367526,0.00971777509531039,5
"1arc","1",3.75,"treat_all",0.53,-0.678790344205133,0.0099245362675511,5
"1arc","1",3.75,"treat_all",0.54,-0.715285786470462,0.0101402870559761,5
"1arc","1",3.75,"treat_all",0.55,-0.753403248392028,0.0103656267683311,5
"1arc","1",3.75,"treat_all",0.56,-0.793253322219119,0.0106012091948841,5
"1arc","1",3.75,"treat_all",0.57,-0.834956887852122,0.0108477489436023,5
"1arc","1",3.75,"treat_all",0.58,-0.878646337562887,0.0111060286803547,5
"1arc","1",3.75,"treat_all",0.59,-0.924466979942469,0.0113769074286561,5
"1arc","1",3.75,"treat_all",0.6,-0.972578654441031,0.0116613301143725,5
"1arc","1",3.75,"treat_all",0.61,-1.02315759429849,0.0119603385788437,5
"1arc","1",3.75,"treat_all",0.62,-1.07639858362214,0.0122750843309184,5
"1arc","1",3.75,"treat_all",0.63,-1.13251746426057,0.0126068433668893,5
"1arc","1",3.75,"treat_all",0.64,-1.19175406049003,0.012957033460414,5
"1arc","1",3.75,"treat_all",0.65,-1.25437560507546,0.0133272344164258,5
"1arc","1",3.75,"treat_all",0.66,-1.32068076993062,0.0137192118992618,5
"1arc","1",3.75,"treat_all",0.67,-1.39100442962549,0.0141349455931788,5
"1arc","1",3.75,"treat_all",0.68,-1.46572331805129,0.0145766626429656,5
"1arc","1",3.75,"treat_all",0.69,-1.54526277992391,0.0150468775669323,5
"1arc","1",3.75,"treat_all",0.7,-1.63010487258804,0.0155484401524967,5
"1arc","1",3.75,"treat_all",0.71,-1.7207981440566,0.0160845932612035,5
"1arc","1",3.75,"treat_all",0.72,-1.81796950634433,0.016659043020532,5
"1arc","1",3.75,"treat_all",0.73,-1.92233874732005,0.0172760446138852,5
"1arc","1",3.75,"treat_all",0.74,-2.03473639144774,0.0179405078682654,5
"1arc","1",3.75,"treat_all",0.75,-2.15612584710565,0.018658128182996,5
"1arc","1",3.75,"treat_all",0.76,-2.28763109073505,0.019435550190621,5
"1arc","1",3.75,"treat_all",0.77,-2.43057157294092,0.0202805741119524,5
"1arc","1",3.75,"treat_all",0.78,-2.58650664443824,0.0212024183897682,5
"1arc","1",3.75,"treat_all",0.79,-2.75729267512577,0.0222120573607097,5
"1arc","1",3.75,"treat_all",0.8,-2.94515730888206,0.0233226602287451,5
"1arc","1",3.75,"treat_all",0.81,-3.15279716724428,0.0245501686618369,5
"1arc","1",3.75,"treat_all",0.82,-3.38350812098007,0.0259140669208277,5
"1arc","1",3.75,"treat_all",0.83,-3.64136153986125,0.0274384237985236,5
"1arc","1",3.75,"treat_all",0.84,-3.93144663610258,0.0291533252859313,5
"1arc","1",3.75,"treat_all",0.85,-4.26020974517608,0.0310968803049935,5
"1arc","1",3.75,"treat_all",0.86,-4.63593901268866,0.0333180860410644,5
"1arc","1",3.75,"treat_all",0.87,-5.06947278289548,0.0358810157365308,5
"1arc","1",3.75,"treat_all",0.88,-5.5752621814701,0.0388711003812416,5
"1arc","1",3.75,"treat_all",0.89,-6.17301328887648,0.0424048367795363,5
"1arc","1",3.75,"treat_all",0.9,-6.89031461776413,0.0466453204574901,5
"1arc","1",3.75,"treat_all",0.91,-7.76701624196014,0.0518281338416559,5
"1arc","1",3.75,"treat_all",0.92,-8.86289327220516,0.0583066505718633,5
"1arc","1",3.75,"treat_all",0.93,-10.2718780253773,0.0666361720821288,5
"1arc","1",3.75,"treat_all",0.94,-12.1505243629402,0.0777422007624838,5
"1arc","1",3.75,"treat_all",0.95,-14.7806292355283,0.0932906409149802,5
"1arc","1",3.75,"treat_all",0.96,-18.7257865444103,0.116613301143724,5
"1arc","1",3.75,"treat_all",0.97,-25.3010487258804,0.155484401524966,5
"1arc","1",3.75,"treat_all",0.98,-38.4515730888206,0.233226602287447,5
"1arc","1",3.75,"treat_all",0.99,-77.9031461776412,0.4664532045749,5
"1arc","1",3.75,"treat_none",0.01,0,0,5
"1arc","1",3.75,"treat_none",0.02,0,0,5
"1arc","1",3.75,"treat_none",0.03,0,0,5
"1arc","1",3.75,"treat_none",0.04,0,0,5
"1arc","1",3.75,"treat_none",0.05,0,0,5
"1arc","1",3.75,"treat_none",0.06,0,0,5
"1arc","1",3.75,"treat_none",0.07,0,0,5
"1arc","1",3.75,"treat_none",0.08,0,0,5
"1arc","1",3.75,"treat_none",0.09,0,0,5
"1arc","1",3.75,"treat_none",0.1,0,0,5
"1arc","1",3.75,"treat_none",0.11,0,0,5
"1arc","1",3.75,"treat_none",0.12,0,0,5
"1arc","1",3.75,"treat_none",0.13,0,0,5
"1arc","1",3.75,"treat_none",0.14,0,0,5
"1arc","1",3.75,"treat_none",0.15,0,0,5
"1arc","1",3.75,"treat_none",0.16,0,0,5
"1arc","1",3.75,"treat_none",0.17,0,0,5
"1arc","1",3.75,"treat_none",0.18,0,0,5
"1arc","1",3.75,"treat_none",0.19,0,0,5
"1arc","1",3.75,"treat_none",0.2,0,0,5
"1arc","1",3.75,"treat_none",0.21,0,0,5
"1arc","1",3.75,"treat_none",0.22,0,0,5
"1arc","1",3.75,"treat_none",0.23,0,0,5
"1arc","1",3.75,"treat_none",0.24,0,0,5
"1arc","1",3.75,"treat_none",0.25,0,0,5
"1arc","1",3.75,"treat_none",0.26,0,0,5
"1arc","1",3.75,"treat_none",0.27,0,0,5
"1arc","1",3.75,"treat_none",0.28,0,0,5
"1arc","1",3.75,"treat_none",0.29,0,0,5
"1arc","1",3.75,"treat_none",0.3,0,0,5
"1arc","1",3.75,"treat_none",0.31,0,0,5
"1arc","1",3.75,"treat_none",0.32,0,0,5
"1arc","1",3.75,"treat_none",0.33,0,0,5
"1arc","1",3.75,"treat_none",0.34,0,0,5
"1arc","1",3.75,"treat_none",0.35,0,0,5
"1arc","1",3.75,"treat_none",0.36,0,0,5
"1arc","1",3.75,"treat_none",0.37,0,0,5
"1arc","1",3.75,"treat_none",0.38,0,0,5
"1arc","1",3.75,"treat_none",0.39,0,0,5
"1arc","1",3.75,"treat_none",0.4,0,0,5
"1arc","1",3.75,"treat_none",0.41,0,0,5
"1arc","1",3.75,"treat_none",0.42,0,0,5
"1arc","1",3.75,"treat_none",0.43,0,0,5
"1arc","1",3.75,"treat_none",0.44,0,0,5
"1arc","1",3.75,"treat_none",0.45,0,0,5
"1arc","1",3.75,"treat_none",0.46,0,0,5
"1arc","1",3.75,"treat_none",0.47,0,0,5
"1arc","1",3.75,"treat_none",0.48,0,0,5
"1arc","1",3.75,"treat_none",0.49,0,0,5
"1arc","1",3.75,"treat_none",0.5,0,0,5
"1arc","1",3.75,"treat_none",0.51,0,0,5
"1arc","1",3.75,"treat_none",0.52,0,0,5
"1arc","1",3.75,"treat_none",0.53,0,0,5
"1arc","1",3.75,"treat_none",0.54,0,0,5
"1arc","1",3.75,"treat_none",0.55,0,0,5
"1arc","1",3.75,"treat_none",0.56,0,0,5
"1arc","1",3.75,"treat_none",0.57,0,0,5
"1arc","1",3.75,"treat_none",0.58,0,0,5
"1arc","1",3.75,"treat_none",0.59,0,0,5
"1arc","1",3.75,"treat_none",0.6,0,0,5
"1arc","1",3.75,"treat_none",0.61,0,0,5
"1arc","1",3.75,"treat_none",0.62,0,0,5
"1arc","1",3.75,"treat_none",0.63,0,0,5
"1arc","1",3.75,"treat_none",0.64,0,0,5
"1arc","1",3.75,"treat_none",0.65,0,0,5
"1arc","1",3.75,"treat_none",0.66,0,0,5
"1arc","1",3.75,"treat_none",0.67,0,0,5
"1arc","1",3.75,"treat_none",0.68,0,0,5
"1arc","1",3.75,"treat_none",0.69,0,0,5
"1arc","1",3.75,"treat_none",0.7,0,0,5
"1arc","1",3.75,"treat_none",0.71,0,0,5
"1arc","1",3.75,"treat_none",0.72,0,0,5
"1arc","1",3.75,"treat_none",0.73,0,0,5
"1arc","1",3.75,"treat_none",0.74,0,0,5
"1arc","1",3.75,"treat_none",0.75,0,0,5
"1arc","1",3.75,"treat_none",0.76,0,0,5
"1arc","1",3.75,"treat_none",0.77,0,0,5
"1arc","1",3.75,"treat_none",0.78,0,0,5
"1arc","1",3.75,"treat_none",0.79,0,0,5
"1arc","1",3.75,"treat_none",0.8,0,0,5
"1arc","1",3.75,"treat_none",0.81,0,0,5
"1arc","1",3.75,"treat_none",0.82,0,0,5
"1arc","1",3.75,"treat_none",0.83,0,0,5
"1arc","1",3.75,"treat_none",0.84,0,0,5
"1arc","1",3.75,"treat_none",0.85,0,0,5
"1arc","1",3.75,"treat_none",0.86,0,0,5
"1arc","1",3.75,"treat_none",0.87,0,0,5
"1arc","1",3.75,"treat_none",0.88,0,0,5
"1arc","1",3.75,"treat_none",0.89,0,0,5
"1arc","1",3.75,"treat_none",0.9,0,0,5
"1arc","1",3.75,"treat_none",0.91,0,0,5
"1arc","1",3.75,"treat_none",0.92,0,0,5
"1arc","1",3.75,"treat_none",0.93,0,0,5
"1arc","1",3.75,"treat_none",0.94,0,0,5
"1arc","1",3.75,"treat_none",0.95,0,0,5
"1arc","1",3.75,"treat_none",0.96,0,0,5
"1arc","1",3.75,"treat_none",0.97,0,0,5
"1arc","1",3.75,"treat_none",0.98,0,0,5
"1arc","1",3.75,"treat_none",0.99,0,0,5
"1arc","1",4,"model",0.01,0.194427046190458,0.00158630756074262,3
"1arc","1",4,"model",0.02,0.190969373305943,0.0015817807155709,3
"1arc","1",4,"model",0.03,0.184175215515774,0.00291130213035663,3
"1arc","1",4,"model",0.04,0.18297891142688,0.00465741088228958,3
"1arc","1",4,"model",0.05,0.182038864694086,0.00475128925119156,3
"1arc","1",4,"model",0.06,0.182048695402061,0.00435293931567392,3
"1arc","1",4,"model",0.07,0.182265048646833,0.00482607034003291,3
"1arc","1",4,"model",0.08,0.181614037431574,0.00719673975402307,3
"1arc","1",4,"model",0.09,0.179678842139623,0.00917199143604708,3
"1arc","1",4,"model",0.1,0.174534374514126,0.00942516203695429,3
"1arc","1",4,"model",0.11,0.172470306962897,0.0080046784678494,3
"1arc","1",4,"model",0.12,0.171687336349068,0.00916412185843276,3
"1arc","1",4,"model",0.13,0.17136146114048,0.0093968890123817,3
"1arc","1",4,"model",0.14,0.171788943158911,0.0104198299264276,3
"1arc","1",4,"model",0.15,0.170411649566192,0.0121058424591933,3
"1arc","1",4,"model",0.16,0.169277033121824,0.0132248318531622,3
"1arc","1",4,"model",0.17,0.166880706192442,0.0148290648064795,3
"1arc","1",4,"model",0.18,0.16451900909688,0.0174232784739973,3
"1arc","1",4,"model",0.19,0.162900587229602,0.0144413862241851,3
"1arc","1",4,"model",0.2,0.157049923841214,0.0112353143517199,3
"1arc","1",4,"model",0.21,0.154822160331951,0.010068460548668,3
"1arc","1",4,"model",0.22,0.153257801331148,0.0110845861081967,3
"1arc","1",4,"model",0.23,0.151472365995071,0.0126655251047913,3
"1arc","1",4,"model",0.24,0.144285014739365,0.0103934932201987,3
"1arc","1",4,"model",0.25,0.137884073037285,0.00703698970341907,3
"1arc","1",4,"model",0.26,0.13485205949181,0.00545676817031841,3
"1arc","1",4,"model",0.27,0.131480741326193,0.00722989971024891,3
"1arc","1",4,"model",0.28,0.128504856248503,0.00757005064688468,3
"1arc","1",4,"model",0.29,0.125109104704735,0.00575743299184674,3
"1arc","1",4,"model",0.3,0.120624264468554,0.00923109317783338,3
"1arc","1",4,"model",0.31,0.118805513823298,0.00856256894680126,3
"1arc","1",4,"model",0.32,0.116534067738731,0.00534499750501363,3
"1arc","1",4,"model",0.33,0.10991987933488,0.00228287220833976,3
"1arc","1",4,"model",0.34,0.103867232601396,0.00483899326236428,3
"1arc","1",4,"model",0.35,0.102701807669211,0.00296732484190202,3
"1arc","1",4,"model",0.36,0.0961047077193488,0.00110005803847215,3
"1arc","1",4,"model",0.37,0.0927698198371186,0.00386654450600246,3
"1arc","1",4,"model",0.38,0.0857558233430411,0.00578683600643185,3
"1arc","1",4,"model",0.39,0.0813337757910754,0.00390918257604511,3
"1arc","1",4,"model",0.4,0.0721570575779906,0.00298954201538078,3
"1arc","1",4,"model",0.41,0.0677510839024382,0.00722716124087375,3
"1arc","1",4,"model",0.42,0.0579255513284976,0.00729258908650653,3
"1arc","1",4,"model",0.43,0.0546531643077421,0.00473562238037914,3
"1arc","1",4,"model",0.44,0.052199628565007,0.00520418664338384,3
"1arc","1",4,"model",0.45,0.0402193540037116,0.00977199814842847,3
"1arc","1",4,"model",0.46,0.0358653259380334,0.00840937283631852,3
"1arc","1",4,"model",0.47,0.0315005124800905,0.0103016190250341,3
"1arc","1",4,"model",0.48,0.0282325386238814,0.00790717112137632,3
"1arc","1",4,"model",0.49,0.0260431039941439,0.00949151094573529,3
"1arc","1",4,"model",0.5,0.0249678351769396,0.00794375868900623,3
"1arc","1",4,"model",0.51,0.0228032417409989,0.00626561919990382,3
"1arc","1",4,"model",0.52,0.0174020564611806,0.00496129170144682,3
"1arc","1",4,"model",0.53,0.0152266776329752,0.00679230112170349,3
"1arc","1",4,"model",0.54,0.0141265676219741,0.008206254148608,3
"1arc","1",4,"model",0.55,0.0130372430032377,0.00650462706994167,3
"1arc","1",4,"model",0.56,0.00868321493755954,0.00496106887366237,3
"1arc","1",4,"model",0.57,0.00541851149061775,0.00498294023920609,3
"1arc","1",4,"model",0.58,0.00541851149061775,0.00498294023920609,3
"1arc","1",4,"model",0.59,0.00541851149061775,0.00498294023920609,3
"1arc","1",4,"model",0.6,0.00434324267341345,0.0049965705552202,3
"1arc","1",4,"model",0.61,0.00434324267341345,0.0049965705552202,3
"1arc","1",4,"model",0.62,0.00325391805467707,0.00326806453754155,3
"1arc","1",4,"model",0.63,0.00325391805467707,0.00326806453754155,3
"1arc","1",4,"model",0.64,0.00108932461873638,0.00188676558558701,3
"1arc","1",4,"model",0.65,0.00108932461873638,0.00188676558558701,3
"1arc","1",4,"model",0.66,0.00108932461873638,0.00188676558558701,3
"1arc","1",4,"model",0.67,0.00108932461873638,0.00188676558558701,3
"1arc","1",4,"model",0.68,0.00108932461873638,0.00188676558558701,3
"1arc","1",4,"model",0.69,0,0,3
"1arc","1",4,"model",0.7,0,0,3
"1arc","1",4,"model",0.71,0,0,3
"1arc","1",4,"model",0.72,0,0,3
"1arc","1",4,"model",0.73,0,0,3
"1arc","1",4,"model",0.74,0,0,3
"1arc","1",4,"model",0.75,0,0,3
"1arc","1",4,"model",0.76,0,0,3
"1arc","1",4,"model",0.77,0,0,3
"1arc","1",4,"model",0.78,0,0,3
"1arc","1",4,"model",0.79,0,0,3
"1arc","1",4,"model",0.8,0,0,3
"1arc","1",4,"model",0.81,0,0,3
"1arc","1",4,"model",0.82,0,0,3
"1arc","1",4,"model",0.83,0,0,3
"1arc","1",4,"model",0.84,0,0,3
"1arc","1",4,"model",0.85,0,0,3
"1arc","1",4,"model",0.86,0,0,3
"1arc","1",4,"model",0.87,0,0,3
"1arc","1",4,"model",0.88,0,0,3
"1arc","1",4,"model",0.89,0,0,3
"1arc","1",4,"model",0.9,0,0,3
"1arc","1",4,"model",0.91,0,0,3
"1arc","1",4,"model",0.92,0,0,3
"1arc","1",4,"model",0.93,0,0,3
"1arc","1",4,"model",0.94,0,0,3
"1arc","1",4,"model",0.95,0,0,3
"1arc","1",4,"model",0.96,0,0,3
"1arc","1",4,"model",0.97,0,0,3
"1arc","1",4,"model",0.98,0,0,3
"1arc","1",4,"model",0.99,0,0,3
"1arc","1",4,"treat_all",0.01,0.194355165364031,0.00234029804234353,3
"1arc","1",4,"treat_all",0.02,0.18613429970448,0.00236417863461235,3
"1arc","1",4,"treat_all",0.03,0.177743931660197,0.0023885516102269,3
"1arc","1",4,"treat_all",0.04,0.169178764281657,0.00241343235616676,3
"1arc","1",4,"treat_all",0.05,0.160433277589885,0.00243883690728433,3
"1arc","1",4,"treat_all",0.06,0.151501716713182,0.00246478198076608,3
"1arc","1",4,"treat_all",0.07,0.142378079258485,0.00249128501281732,3
"1arc","1",4,"treat_all",0.08,0.13305610185912,0.00251836419773924,3
"1arc","1",4,"treat_all",0.09,0.123529245835594,0.00254603852958252,3
"1arc","1",4,"treat_all",0.1,0.113790681900434,0.0025743278465779,3
"1arc","1",4,"treat_all",0.11,0.1038332738319,0.00260325287856192,3
"1arc","1",4,"treat_all",0.12,0.0936495610345348,0.00263283529763648,3
"1arc","1",4,"treat_all",0.13,0.0832317398970007,0.00266309777232196,3
"1arc","1",4,"treat_all",0.14,0.0725716438492914,0.0026940640254885,3
"1arc","1",4,"treat_all",0.15,0.0616607220122243,0.00272575889637659,3
"1arc","1",4,"treat_all",0.16,0.0504900163218936,0.00275820840704774,3
"1arc","1",4,"treat_all",0.17,0.0390501370004706,0.00279143983363868,3
"1arc","1",4,"treat_all",0.18,0.0273312362321837,0.00282548178282941,3
"1arc","1",4,"treat_all",0.19,0.0153229798893712,0.00286036427397545,3
"1arc","1",4,"treat_all",0.2,0.00301451713798831,0.00289611882740014,3
"1arc","1",4,"treat_all",0.21,-0.00960555226532831,0.00293277855939254,3
"1arc","1",4,"treat_all",0.22,-0.0225492131918069,0.00297037828451295,3
"1arc","1",4,"treat_all",0.23,-0.0358290731033888,0.00300895462587027,3
"1arc","1",4,"treat_all",0.24,-0.0494584030126439,0.00304854613410541,3
"1arc","1",4,"treat_all",0.25,-0.0634511817194791,0.00308919341589349,3
"1arc","1",4,"treat_all",0.26,-0.0778221436346072,0.00313093927286501,3
"1arc","1",4,"treat_all",0.27,-0.0925868305337115,0.00317382885194537,3
"1arc","1",4,"treat_all",0.28,-0.107761647624457,0.00321790980822238,3
"1arc","1",4,"treat_all",0.29,-0.123363924351563,0.00326323248157761,3
"1arc","1",4,"treat_all",0.3,-0.139411980413728,0.00330985008845732,3
"1arc","1",4,"treat_all",0.31,-0.155925197521173,0.003357818930319,3
"1arc","1",4,"treat_all",0.32,-0.17292409748472,0.00340719862047075,3
"1arc","1",4,"treat_all",0.33,-0.190430427297924,0.00345805233122404,3
"1arc","1",4,"treat_all",0.34,-0.208467251953954,0.00351044706351533,3
"1arc","1",4,"treat_all",0.35,-0.227059055830168,0.00356445394141555,3
"1arc","1",4,"treat_all",0.36,-0.246231853577515,0.00362014853425019,3
"1arc","1",4,"treat_all",0.37,-0.266013311570809,0.003677611209397,3
"1arc","1",4,"treat_all",0.38,-0.286432881112273,0.00373692751922597,3
"1arc","1",4,"treat_all",0.39,-0.307521944737065,0.00379818862609858,3
"1arc","1",4,"treat_all",0.4,-0.329313977149349,0.00386149176986689,3
"1arc","1",4,"treat_all",0.41,-0.351844722524762,0.00392694078291545,3
"1arc","1",4,"treat_all",0.42,-0.375152390154499,0.00399464665848302,3
"1arc","1",4,"treat_all",0.43,-0.399277870683525,0.00406472817880724,3
"1arc","1",4,"treat_all",0.44,-0.42426497551716,0.00413731261057166,3
"1arc","1",4,"treat_all",0.45,-0.450160702344744,0.00421253647621841,3
"1arc","1",4,"treat_all",0.46,-0.477015530165943,0.0042905464109632,3
"1arc","1",4,"treat_all",0.47,-0.504883747716244,0.00437150011683046,3
"1arc","1",4,"treat_all",0.48,-0.53382381978771,0.00445556742676947,3
"1arc","1",4,"treat_all",0.49,-0.563898796646293,0.00454293149396104,3
"1arc","1",4,"treat_all",0.5,-0.595176772579219,0.00463379012384028,3
"1arc","1",4,"treat_all",0.51,-0.627731400591039,0.00472835726922473,3
"1arc","1",4,"treat_all",0.52,-0.661642471436686,0.00482686471233358,3
"1arc","1",4,"treat_all",0.53,-0.696996566573637,0.00492956396153222,3
"1arc","1",4,"treat_all",0.54,-0.73388779628176,0.00503672839547854,3
"1arc","1",4,"treat_all",0.55,-0.772418636199132,0.00514865569315586,3
"1arc","1",4,"treat_all",0.56,-0.81270087793093,0.00526567059527304,3
"1arc","1",4,"treat_all",0.57,-0.854856712301417,0.00538812805097708,3
"1arc","1",4,"treat_all",0.58,-0.899019967356213,0.00551641681409547,3
"1arc","1",4,"treat_all",0.59,-0.945337527535632,0.00565096356565887,3
"1arc","1",4,"treat_all",0.6,-0.993970965724023,0.0057922376548004,3
"1arc","1",4,"treat_all",0.61,-1.04509842638361,0.00594075656902596,3
"1arc","1",4,"treat_all",0.62,-1.09891680602529,0.00609709226821089,3
"1arc","1",4,"treat_all",0.63,-1.15564428726921,0.00626187854573016,3
"1arc","1",4,"treat_all",0.64,-1.21552329524892,0.00643581961644485,3
"1arc","1",4,"treat_all",0.65,-1.27882396082746,0.00661970017691466,3
"1arc","1",4,"treat_all",0.66,-1.34584819496944,0.00681439724094164,3
"1arc","1",4,"treat_all",0.67,-1.41693450390791,0.0070208941270308,3
"1arc","1",4,"treat_all",0.68,-1.49246370715503,0.00724029706850045,3
"1arc","1",4,"treat_all",0.69,-1.57286576222455,0.007473855038452,3
"1arc","1",4,"treat_all",0.7,-1.6586279542987,0.00772298353973373,3
"1arc","1",4,"treat_all",0.71,-1.750304780309,0.00798929331696598,3
"1arc","1",4,"treat_all",0.72,-1.84852995103432,0.00827462522114327,3
"1arc","1",4,"treat_all",0.73,-1.95403106033189,0.00858109282192634,3
"1arc","1",4,"treat_all",0.74,-2.06764763957542,0.00891113485353884,3
"1arc","1",4,"treat_all",0.75,-2.19035354515844,0.00926758024768056,3
"1arc","1",4,"treat_all",0.76,-2.32328494287337,0.00965372942466705,3
"1arc","1",4,"treat_all",0.77,-2.46777559256352,0.0100734567909571,3
"1arc","1",4,"treat_all",0.78,-2.62540175586186,0.0105313411905461,3
"1arc","1",4,"treat_all",0.79,-2.79803993471243,0.011032833628191,3
"1arc","1",4,"treat_all",0.8,-2.98794193144805,0.0115844753096006,3
"1arc","1",4,"treat_all",0.81,-3.19783361205058,0.0121941845364218,3
"1arc","1",4,"treat_all",0.82,-3.43104659049783,0.0128716392328895,3
"1arc","1",4,"treat_all",0.83,-3.69169638993888,0.0136287944818831,3
"1arc","1",4,"treat_all",0.84,-3.98492741431006,0.0144805941370005,3
"1arc","1",4,"treat_all",0.85,-4.31725590859739,0.0154459670794675,3
"1arc","1",4,"treat_all",0.86,-4.69705990206864,0.0165492504422868,3
"1arc","1",4,"treat_all",0.87,-5.13529527915084,0.0178222697070777,3
"1arc","1",4,"treat_all",0.88,-5.64656988574674,0.0193074588493341,3
"1arc","1",4,"treat_all",0.89,-6.25080351172372,0.0210626823810918,3
"1arc","1",4,"treat_all",0.9,-6.9758838628961,0.0231689506192012,3
"1arc","1",4,"treat_all",0.91,-7.86209318099566,0.0257432784657789,3
"1arc","1",4,"treat_all",0.92,-8.96985482862012,0.0289611882740022,3
"1arc","1",4,"treat_all",0.93,-10.3941198041373,0.0330985008845735,3
"1arc","1",4,"treat_all",0.94,-12.2931397714935,0.0386149176986691,3
"1arc","1",4,"treat_all",0.95,-14.9517677257922,0.0463379012384032,3
"1arc","1",4,"treat_all",0.96,-18.9397096572403,0.0579223765480045,3
"1arc","1",4,"treat_all",0.97,-25.586279542987,0.0772298353973381,3
"1arc","1",4,"treat_all",0.98,-38.8794193144804,0.115844753096006,3
"1arc","1",4,"treat_all",0.99,-78.7588386289609,0.23168950619201,3
"1arc","1",4,"treat_none",0.01,0,0,3
"1arc","1",4,"treat_none",0.02,0,0,3
"1arc","1",4,"treat_none",0.03,0,0,3
"1arc","1",4,"treat_none",0.04,0,0,3
"1arc","1",4,"treat_none",0.05,0,0,3
"1arc","1",4,"treat_none",0.06,0,0,3
"1arc","1",4,"treat_none",0.07,0,0,3
"1arc","1",4,"treat_none",0.08,0,0,3
"1arc","1",4,"treat_none",0.09,0,0,3
"1arc","1",4,"treat_none",0.1,0,0,3
"1arc","1",4,"treat_none",0.11,0,0,3
"1arc","1",4,"treat_none",0.12,0,0,3
"1arc","1",4,"treat_none",0.13,0,0,3
"1arc","1",4,"treat_none",0.14,0,0,3
"1arc","1",4,"treat_none",0.15,0,0,3
"1arc","1",4,"treat_none",0.16,0,0,3
"1arc","1",4,"treat_none",0.17,0,0,3
"1arc","1",4,"treat_none",0.18,0,0,3
"1arc","1",4,"treat_none",0.19,0,0,3
"1arc","1",4,"treat_none",0.2,0,0,3
"1arc","1",4,"treat_none",0.21,0,0,3
"1arc","1",4,"treat_none",0.22,0,0,3
"1arc","1",4,"treat_none",0.23,0,0,3
"1arc","1",4,"treat_none",0.24,0,0,3
"1arc","1",4,"treat_none",0.25,0,0,3
"1arc","1",4,"treat_none",0.26,0,0,3
"1arc","1",4,"treat_none",0.27,0,0,3
"1arc","1",4,"treat_none",0.28,0,0,3
"1arc","1",4,"treat_none",0.29,0,0,3
"1arc","1",4,"treat_none",0.3,0,0,3
"1arc","1",4,"treat_none",0.31,0,0,3
"1arc","1",4,"treat_none",0.32,0,0,3
"1arc","1",4,"treat_none",0.33,0,0,3
"1arc","1",4,"treat_none",0.34,0,0,3
"1arc","1",4,"treat_none",0.35,0,0,3
"1arc","1",4,"treat_none",0.36,0,0,3
"1arc","1",4,"treat_none",0.37,0,0,3
"1arc","1",4,"treat_none",0.38,0,0,3
"1arc","1",4,"treat_none",0.39,0,0,3
"1arc","1",4,"treat_none",0.4,0,0,3
"1arc","1",4,"treat_none",0.41,0,0,3
"1arc","1",4,"treat_none",0.42,0,0,3
"1arc","1",4,"treat_none",0.43,0,0,3
"1arc","1",4,"treat_none",0.44,0,0,3
"1arc","1",4,"treat_none",0.45,0,0,3
"1arc","1",4,"treat_none",0.46,0,0,3
"1arc","1",4,"treat_none",0.47,0,0,3
"1arc","1",4,"treat_none",0.48,0,0,3
"1arc","1",4,"treat_none",0.49,0,0,3
"1arc","1",4,"treat_none",0.5,0,0,3
"1arc","1",4,"treat_none",0.51,0,0,3
"1arc","1",4,"treat_none",0.52,0,0,3
"1arc","1",4,"treat_none",0.53,0,0,3
"1arc","1",4,"treat_none",0.54,0,0,3
"1arc","1",4,"treat_none",0.55,0,0,3
"1arc","1",4,"treat_none",0.56,0,0,3
"1arc","1",4,"treat_none",0.57,0,0,3
"1arc","1",4,"treat_none",0.58,0,0,3
"1arc","1",4,"treat_none",0.59,0,0,3
"1arc","1",4,"treat_none",0.6,0,0,3
"1arc","1",4,"treat_none",0.61,0,0,3
"1arc","1",4,"treat_none",0.62,0,0,3
"1arc","1",4,"treat_none",0.63,0,0,3
"1arc","1",4,"treat_none",0.64,0,0,3
"1arc","1",4,"treat_none",0.65,0,0,3
"1arc","1",4,"treat_none",0.66,0,0,3
"1arc","1",4,"treat_none",0.67,0,0,3
"1arc","1",4,"treat_none",0.68,0,0,3
"1arc","1",4,"treat_none",0.69,0,0,3
"1arc","1",4,"treat_none",0.7,0,0,3
"1arc","1",4,"treat_none",0.71,0,0,3
"1arc","1",4,"treat_none",0.72,0,0,3
"1arc","1",4,"treat_none",0.73,0,0,3
"1arc","1",4,"treat_none",0.74,0,0,3
"1arc","1",4,"treat_none",0.75,0,0,3
"1arc","1",4,"treat_none",0.76,0,0,3
"1arc","1",4,"treat_none",0.77,0,0,3
"1arc","1",4,"treat_none",0.78,0,0,3
"1arc","1",4,"treat_none",0.79,0,0,3
"1arc","1",4,"treat_none",0.8,0,0,3
"1arc","1",4,"treat_none",0.81,0,0,3
"1arc","1",4,"treat_none",0.82,0,0,3
"1arc","1",4,"treat_none",0.83,0,0,3
"1arc","1",4,"treat_none",0.84,0,0,3
"1arc","1",4,"treat_none",0.85,0,0,3
"1arc","1",4,"treat_none",0.86,0,0,3
"1arc","1",4,"treat_none",0.87,0,0,3
"1arc","1",4,"treat_none",0.88,0,0,3
"1arc","1",4,"treat_none",0.89,0,0,3
"1arc","1",4,"treat_none",0.9,0,0,3
"1arc","1",4,"treat_none",0.91,0,0,3
"1arc","1",4,"treat_none",0.92,0,0,3
"1arc","1",4,"treat_none",0.93,0,0,3
"1arc","1",4,"treat_none",0.94,0,0,3
"1arc","1",4,"treat_none",0.95,0,0,3
"1arc","1",4,"treat_none",0.96,0,0,3
"1arc","1",4,"treat_none",0.97,0,0,3
"1arc","1",4,"treat_none",0.98,0,0,3
"1arc","1",4,"treat_none",0.99,0,0,3
"3arc","1",1,"model",0.01,0.494972747224272,0.0253432802218313,23
"3arc","1",1,"model",0.02,0.489877402777637,0.0274982843829503,23
"3arc","1",1,"model",0.03,0.48589530483741,0.0291738348488284,23
"3arc","1",1,"model",0.04,0.479596425925819,0.0291596476191696,23
"3arc","1",1,"model",0.05,0.474393538116516,0.0296036852567716,23
"3arc","1",1,"model",0.06,0.471350062666707,0.0295379930845542,23
"3arc","1",1,"model",0.07,0.468228571198685,0.030135622684642,23
"3arc","1",1,"model",0.08,0.465835981873567,0.0297677219831322,23
"3arc","1",1,"model",0.09,0.461916041052652,0.0298432574976322,23
"3arc","1",1,"model",0.1,0.459660712176101,0.030020685980366,23
"3arc","1",1,"model",0.11,0.457727414938304,0.0297424263592031,23
"3arc","1",1,"model",0.12,0.456574915479414,0.0295644951091435,23
"3arc","1",1,"model",0.13,0.452450555030832,0.0293752358454627,23
"3arc","1",1,"model",0.14,0.451222902096153,0.0293584207340228,23
"3arc","1",1,"model",0.15,0.450986059734634,0.028710368091982,23
"3arc","1",1,"model",0.16,0.448861768382039,0.0283698284269116,23
"3arc","1",1,"model",0.17,0.447663737161611,0.0291565527691416,23
"3arc","1",1,"model",0.18,0.445083903312289,0.0287861107542603,23
"3arc","1",1,"model",0.19,0.444858250026685,0.0288065465369481,23
"3arc","1",1,"model",0.2,0.444819084915529,0.0286585108293776,23
"3arc","1",1,"model",0.21,0.444981720983543,0.0287879704883267,23
"3arc","1",1,"model",0.22,0.444078089234834,0.0284840797801868,23
"3arc","1",1,"model",0.23,0.444002226641731,0.0278955376580105,23
"3arc","1",1,"model",0.24,0.444045978743972,0.0283509619113583,23
"3arc","1",1,"model",0.25,0.44278439190924,0.0283869835458026,23
"3arc","1",1,"model",0.26,0.441597461642224,0.0282560406543552,23
"3arc","1",1,"model",0.27,0.43926761393668,0.0284599255396736,23
"3arc","1",1,"model",0.28,0.438899841643976,0.0290180687141775,23
"3arc","1",1,"model",0.29,0.438757466004056,0.0306352102039504,23
"3arc","1",1,"model",0.3,0.436887996824606,0.0320030199318441,23
"3arc","1",1,"model",0.31,0.436513193641392,0.0324590189835441,23
"3arc","1",1,"model",0.32,0.435083776278008,0.0320701288966325,23
"3arc","1",1,"model",0.33,0.432263506454393,0.0336618339858219,23
"3arc","1",1,"model",0.34,0.430626709566406,0.0336636788402006,23
"3arc","1",1,"model",0.35,0.427371887049959,0.0347459725361815,23
"3arc","1",1,"model",0.36,0.425115659625201,0.037047971706922,23
"3arc","1",1,"model",0.37,0.421824065251686,0.0396845850399811,23
"3arc","1",1,"model",0.38,0.418213352844366,0.0429762919323749,23
"3arc","1",1,"model",0.39,0.414630299095617,0.0431930801630631,23
"3arc","1",1,"model",0.4,0.41225353214168,0.0449419141987076,23
"3arc","1",1,"model",0.41,0.408736219502909,0.0485156447803674,23
"3arc","1",1,"model",0.42,0.405681619388979,0.0504565965473882,23
"3arc","1",1,"model",0.43,0.403687396094354,0.0506229070340366,23
"3arc","1",1,"model",0.44,0.398829457248424,0.0564638148922238,23
"3arc","1",1,"model",0.45,0.395841925474332,0.0591378024996748,23
"3arc","1",1,"model",0.46,0.393223652468491,0.0601203914067889,23
"3arc","1",1,"model",0.47,0.388313013940462,0.0666850159269917,23
"3arc","1",1,"model",0.48,0.384675308031985,0.0665090823392182,23
"3arc","1",1,"model",0.49,0.383373185491455,0.0669932199707255,23
"3arc","1",1,"model",0.5,0.382052197394687,0.0682995632893219,23
"3arc","1",1,"model",0.51,0.375545223163735,0.0709095277842793,23
"3arc","1",1,"model",0.52,0.371397715903893,0.0733873962040763,23
"3arc","1",1,"model",0.53,0.366529399239849,0.0723070851799713,23
"3arc","1",1,"model",0.54,0.360153021822593,0.0742099814470301,23
"3arc","1",1,"model",0.55,0.355991185242062,0.0787870873354072,23
"3arc","1",1,"model",0.56,0.350542686295136,0.0871642260928638,23
"3arc","1",1,"model",0.57,0.348071395505991,0.0902592952530062,23
"3arc","1",1,"model",0.58,0.337347043640049,0.0899661378447305,23
"3arc","1",1,"model",0.59,0.328461805166205,0.0910298731186236,23
"3arc","1",1,"model",0.6,0.321827840528376,0.0925884183864768,23
"3arc","1",1,"model",0.61,0.315807478793538,0.0955276466843886,23
"3arc","1",1,"model",0.62,0.308253536507531,0.0997549215772139,23
"3arc","1",1,"model",0.63,0.300058499421865,0.103207745668111,23
"3arc","1",1,"model",0.64,0.294286691144698,0.103660856697089,23
"3arc","1",1,"model",0.65,0.286604384177407,0.10776857726576,23
"3arc","1",1,"model",0.66,0.277242341987219,0.109688402647116,23
"3arc","1",1,"model",0.67,0.27252315080803,0.113080369310935,23
"3arc","1",1,"model",0.68,0.260553001941123,0.114593007085845,23
"3arc","1",1,"model",0.69,0.249134219077691,0.11516226145663,23
"3arc","1",1,"model",0.7,0.238601378541406,0.116288219986061,23
"3arc","1",1,"model",0.71,0.226593861402351,0.120150902989582,23
"3arc","1",1,"model",0.72,0.211910681880268,0.121220075870792,23
"3arc","1",1,"model",0.73,0.201876592109573,0.118781915967995,23
"3arc","1",1,"model",0.74,0.189658406235538,0.118687939225144,23
"3arc","1",1,"model",0.75,0.176172255473728,0.120565940373332,23
"3arc","1",1,"model",0.76,0.162272733678007,0.121116881823614,23
"3arc","1",1,"model",0.77,0.147564358283625,0.123760014017129,23
"3arc","1",1,"model",0.78,0.136494272568455,0.127426194729504,23
"3arc","1",1,"model",0.79,0.122973819916101,0.125778696704663,23
"3arc","1",1,"model",0.8,0.107654871389254,0.128251426484257,23
"3arc","1",1,"model",0.81,0.0934758767086921,0.131877632453736,23
"3arc","1",1,"model",0.82,0.072239336075855,0.125573869989612,23
"3arc","1",1,"model",0.83,0.0522088511327819,0.12852642780683,23
"3arc","1",1,"model",0.84,0.0370229625497357,0.135897023274573,23
"3arc","1",1,"model",0.85,0.0246919616931061,0.146138540318094,23
"3arc","1",1,"model",0.86,0.000724535803219824,0.14934361510508,23
"3arc","1",1,"model",0.87,-0.00862465090730977,0.158326566380895,23
"3arc","1",1,"model",0.88,-0.0297698895177407,0.165543893517181,23
"3arc","1",1,"model",0.89,-0.0452538895289523,0.192531865182081,23
"3arc","1",1,"model",0.9,-0.0749850386377439,0.200881683441194,23
"3arc","1",1,"model",0.91,-0.102246978445811,0.219144495338648,23
"3arc","1",1,"model",0.92,-0.125956372019565,0.240772886739427,23
"3arc","1",1,"model",0.93,-0.148361375484613,0.254819831458886,23
"3arc","1",1,"model",0.94,-0.195708226353105,0.263451819840372,23
"3arc","1",1,"model",0.95,-0.229261876216742,0.291330069290998,23
"3arc","1",1,"model",0.96,-0.288956647455411,0.306397741120566,23
"3arc","1",1,"model",0.97,-0.313061313107984,0.330285641298853,23
"3arc","1",1,"model",0.98,-0.469044702371422,0.468916679351762,23
"3arc","1",1,"model",0.99,-0.307998492536961,0.606981836562788,23
"3arc","1",1,"treat_all",0.01,0.496819726724452,0.0246308042303962,23
"3arc","1",1,"treat_all",0.02,0.491685234140008,0.0248821389674411,23
"3arc","1",1,"treat_all",0.03,0.48644487572908,0.0251386558640126,23
"3arc","1",1,"treat_all",0.04,0.481095343184591,0.0254005168625961,23
"3arc","1",1,"treat_all",0.05,0.475633188902324,0.0256678907243076,23
"3arc","1",1,"treat_all",0.06,0.470054818571498,0.0259409533915875,23
"3arc","1",1,"treat_all",0.07,0.46435648328732,0.0262198883742927,23
"3arc","1",1,"treat_all",0.08,0.458534271149139,0.0265048871609698,23
"3arc","1",1,"treat_all",0.09,0.452584098304624,0.0267961496572442,23
"3arc","1",1,"treat_all",0.1,0.446501699396898,0.0270938846534358,23
"3arc","1",1,"treat_all",0.11,0.440282617367649,0.0273983103236991,23
"3arc","1",1,"treat_all",0.12,0.433922192565009,0.0277096547591957,23
"3arc","1",1,"treat_all",0.13,0.427415551100239,0.0280281565380371,23
"3arc","1",1,"treat_all",0.14,0.420757592392102,0.028354065334991,23
"3arc","1",1,"treat_all",0.15,0.413942975832009,0.0286876425742262,23
"3arc","1",1,"treat_all",0.16,0.406966106496676,0.0290291621286812,23
"3arc","1",1,"treat_all",0.17,0.399821119827961,0.0293789110699907,23
"3arc","1",1,"treat_all",0.18,0.392501865191717,0.0297371904732832,23
"3arc","1",1,"treat_all",0.19,0.385001888218775,0.0301043162815953,23
"3arc","1",1,"treat_all",0.2,0.37731441182151,0.0304806202351153,23
"3arc","1",1,"treat_all",0.21,0.369432315768617,0.0308664508710028,23
"3arc","1",1,"treat_all",0.22,0.361348114688728,0.0312621746001183,23
"3arc","1",1,"treat_all",0.23,0.35305393436001,0.0316681768676523,23
"3arc","1",1,"treat_all",0.24,0.344541486127905,0.0320848634053845,23
"3arc","1",1,"treat_all",0.25,0.335802039276277,0.032512661584123,23
"3arc","1",1,"treat_all",0.26,0.326826391158389,0.0329520218758003,23
"3arc","1",1,"treat_all",0.27,0.317604834872887,0.0334034194357428,23
"3arc","1",1,"treat_all",0.28,0.308127124246122,0.0338673558167948,23
"3arc","1",1,"treat_all",0.29,0.298382435855222,0.0343443608282989,23
"3arc","1",1,"treat_all",0.3,0.288359327796011,0.0348349945544175,23
"3arc","1",1,"treat_all",0.31,0.278045694865519,0.0353398495479598,23
"3arc","1",1,"treat_all",0.32,0.267428719790011,0.0358595532177827,23
"3arc","1",1,"treat_all",0.33,0.256494820085385,0.0363947704299884,23
"3arc","1",1,"treat_all",0.34,0.245229590086678,0.0369462063455943,23
"3arc","1",1,"treat_all",0.35,0.233617737626474,0.0375146095201419,23
"3arc","1",1,"treat_all",0.36,0.221643014776887,0.0381007752938941,23
"3arc","1",1,"treat_all",0.37,0.209288141995568,0.0387055495049083,23
"3arc","1",1,"treat_all",0.38,0.19653472493098,0.0393298325614391,23
"3arc","1",1,"treat_all",0.39,0.183363163044603,0.0399745839149053,23
"3arc","1",1,"treat_all",0.4,0.169752549095346,0.0406408269801537,23
"3arc","1",1,"treat_all",0.41,0.155680558402047,0.0413296545560885,23
"3arc","1",1,"treat_all",0.42,0.141123326650358,0.0420422348070556,23
"3arc","1",1,"treat_all",0.43,0.126055314837207,0.042779817873846,23
"3arc","1",1,"treat_all",0.44,0.110449159745014,0.0435437431930219,23
"3arc","1",1,"treat_all",0.45,0.0942755081040142,0.0443354476147132,23
"3arc","1",1,"treat_all",0.46,0.0775028323281626,0.045156474422393,23
"3arc","1",1,"treat_all",0.47,0.0600972253909581,0.0460084833737589,23
"3arc","1",1,"treat_all",0.48,0.0420221720330919,0.0468932619001774,23
"3arc","1",1,"treat_all",0.49,0.0232382930533487,0.0478127376237103,23
"3arc","1",1,"treat_all",0.5,0.00370305891441561,0.0487689923761845,23
"3arc","1",1,"treat_all",0.51,-0.0166295317199841,0.0497642779348821,23
"3arc","1",1,"treat_all",0.52,-0.0378093136308171,0.0508010337251922,23
"3arc","1",1,"treat_all",0.53,-0.0598903628570048,0.051881906783175,23
"3arc","1",1,"treat_all",0.54,-0.0829314577017222,0.0530097743219396,23
"3arc","1",1,"treat_all",0.55,-0.106996601206205,0.0541877693068716,23
"3arc","1",1,"treat_all",0.56,-0.132155614869982,0.0554193095183915,23
"3arc","1",1,"treat_all",0.57,-0.158484815215796,0.056708130669982,23
"3arc","1",1,"treat_all",0.58,-0.186067787006648,0.0580583242573625,23
"3arc","1",1,"treat_all",0.59,-0.214996269616566,0.0594743809465664,23
"3arc","1",1,"treat_all",0.6,-0.24537117635698,0.0609612404702306,23
"3arc","1",1,"treat_all",0.61,-0.277303770622544,0.0625243492002365,23
"3arc","1",1,"treat_all",0.62,-0.31091702774419,0.0641697268107691,23
"3arc","1",1,"treat_all",0.63,-0.346347217683222,0.0659040437516006,23
"3arc","1",1,"treat_all",0.64,-0.383745751507756,0.0677347116335895,23
"3arc","1",1,"treat_all",0.65,-0.423281344407978,0.069669989108835,23
"3arc","1",1,"treat_all",0.66,-0.465142560419977,0.0717191064355654,23
"3arc","1",1,"treat_all",0.67,-0.509540819826643,0.0738924126911886,23
"3arc","1",1,"treat_all",0.68,-0.556713970446226,0.0762015505877883,23
"3arc","1",1,"treat_all",0.69,-0.60693055013804,0.0786596651228782,23
"3arc","1",1,"treat_all",0.7,-0.660494901809308,0.0812816539603075,23
"3arc","1",1,"treat_all",0.71,-0.717753346699284,0.0840844696141112,23
"3arc","1",1,"treat_all",0.72,-0.779101680509972,0.0870874863860437,23
"3arc","1",1,"treat_all",0.73,-0.844994335343675,0.0903129488447861,23
"3arc","1",1,"treat_all",0.74,-0.915955655933816,0.0937865238003548,23
"3arc","1",1,"treat_all",0.75,-0.992593882171169,0.097537984752369,23
"3arc","1",1,"treat_all",0.76,-1.07561862726163,0.101602067450384,23
"3arc","1",1,"treat_all",0.77,-1.16586291540344,0.106019548643879,23
"3arc","1",1,"treat_all",0.78,-1.26431122973996,0.110838619036783,23
"3arc","1",1,"treat_all",0.79,-1.3721355740133,0.116116648514725,23
"3arc","1",1,"treat_all",0.8,-1.49074235271396,0.121922480940461,23
"3arc","1",1,"treat_all",0.81,-1.62183405548838,0.128339453621538,23
"3arc","1",1,"treat_all",0.82,-1.76749150301551,0.135469423267179,23
"3arc","1",1,"treat_all",0.83,-1.93028512083996,0.143438212871131,23
"3arc","1",1,"treat_all",0.84,-2.11342794089245,0.152403101175577,23
"3arc","1",1,"treat_all",0.85,-2.32098980361861,0.162563307920615,23
"3arc","1",1,"treat_all",0.86,-2.55820336101994,0.174174972772087,23
"3arc","1",1,"treat_all",0.87,-2.83191131186763,0.18757304760071,23
"3arc","1",1,"treat_all",0.88,-3.15123725452327,0.203204134900769,23
"3arc","1",1,"treat_all",0.89,-3.52862245947993,0.221677238073566,23
"3arc","1",1,"treat_all",0.9,-3.98148470542792,0.243844961880922,23
"3arc","1",1,"treat_all",0.91,-4.53498300603103,0.270938846534358,23
"3arc","1",1,"treat_all",0.92,-5.22685588178491,0.304806202351153,23
"3arc","1",1,"treat_all",0.93,-6.11640672203989,0.348349945544175,23
"3arc","1",1,"treat_all",0.94,-7.30247450904654,0.406408269801538,23
"3arc","1",1,"treat_all",0.95,-8.96296941085586,0.487689923761845,23
"3arc","1",1,"treat_all",0.96,-11.4537117635698,0.609612404702307,23
"3arc","1",1,"treat_all",0.97,-15.6049490180931,0.812816539603074,23
"3arc","1",1,"treat_all",0.98,-23.9074235271396,1.21922480940461,23
"3arc","1",1,"treat_all",0.99,-48.8148470542792,2.43844961880922,23
"3arc","1",1,"treat_none",0.01,0,0,23
"3arc","1",1,"treat_none",0.02,0,0,23
"3arc","1",1,"treat_none",0.03,0,0,23
"3arc","1",1,"treat_none",0.04,0,0,23
"3arc","1",1,"treat_none",0.05,0,0,23
"3arc","1",1,"treat_none",0.06,0,0,23
"3arc","1",1,"treat_none",0.07,0,0,23
"3arc","1",1,"treat_none",0.08,0,0,23
"3arc","1",1,"treat_none",0.09,0,0,23
"3arc","1",1,"treat_none",0.1,0,0,23
"3arc","1",1,"treat_none",0.11,0,0,23
"3arc","1",1,"treat_none",0.12,0,0,23
"3arc","1",1,"treat_none",0.13,0,0,23
"3arc","1",1,"treat_none",0.14,0,0,23
"3arc","1",1,"treat_none",0.15,0,0,23
"3arc","1",1,"treat_none",0.16,0,0,23
"3arc","1",1,"treat_none",0.17,0,0,23
"3arc","1",1,"treat_none",0.18,0,0,23
"3arc","1",1,"treat_none",0.19,0,0,23
"3arc","1",1,"treat_none",0.2,0,0,23
"3arc","1",1,"treat_none",0.21,0,0,23
"3arc","1",1,"treat_none",0.22,0,0,23
"3arc","1",1,"treat_none",0.23,0,0,23
"3arc","1",1,"treat_none",0.24,0,0,23
"3arc","1",1,"treat_none",0.25,0,0,23
"3arc","1",1,"treat_none",0.26,0,0,23
"3arc","1",1,"treat_none",0.27,0,0,23
"3arc","1",1,"treat_none",0.28,0,0,23
"3arc","1",1,"treat_none",0.29,0,0,23
"3arc","1",1,"treat_none",0.3,0,0,23
"3arc","1",1,"treat_none",0.31,0,0,23
"3arc","1",1,"treat_none",0.32,0,0,23
"3arc","1",1,"treat_none",0.33,0,0,23
"3arc","1",1,"treat_none",0.34,0,0,23
"3arc","1",1,"treat_none",0.35,0,0,23
"3arc","1",1,"treat_none",0.36,0,0,23
"3arc","1",1,"treat_none",0.37,0,0,23
"3arc","1",1,"treat_none",0.38,0,0,23
"3arc","1",1,"treat_none",0.39,0,0,23
"3arc","1",1,"treat_none",0.4,0,0,23
"3arc","1",1,"treat_none",0.41,0,0,23
"3arc","1",1,"treat_none",0.42,0,0,23
"3arc","1",1,"treat_none",0.43,0,0,23
"3arc","1",1,"treat_none",0.44,0,0,23
"3arc","1",1,"treat_none",0.45,0,0,23
"3arc","1",1,"treat_none",0.46,0,0,23
"3arc","1",1,"treat_none",0.47,0,0,23
"3arc","1",1,"treat_none",0.48,0,0,23
"3arc","1",1,"treat_none",0.49,0,0,23
"3arc","1",1,"treat_none",0.5,0,0,23
"3arc","1",1,"treat_none",0.51,0,0,23
"3arc","1",1,"treat_none",0.52,0,0,23
"3arc","1",1,"treat_none",0.53,0,0,23
"3arc","1",1,"treat_none",0.54,0,0,23
"3arc","1",1,"treat_none",0.55,0,0,23
"3arc","1",1,"treat_none",0.56,0,0,23
"3arc","1",1,"treat_none",0.57,0,0,23
"3arc","1",1,"treat_none",0.58,0,0,23
"3arc","1",1,"treat_none",0.59,0,0,23
"3arc","1",1,"treat_none",0.6,0,0,23
"3arc","1",1,"treat_none",0.61,0,0,23
"3arc","1",1,"treat_none",0.62,0,0,23
"3arc","1",1,"treat_none",0.63,0,0,23
"3arc","1",1,"treat_none",0.64,0,0,23
"3arc","1",1,"treat_none",0.65,0,0,23
"3arc","1",1,"treat_none",0.66,0,0,23
"3arc","1",1,"treat_none",0.67,0,0,23
"3arc","1",1,"treat_none",0.68,0,0,23
"3arc","1",1,"treat_none",0.69,0,0,23
"3arc","1",1,"treat_none",0.7,0,0,23
"3arc","1",1,"treat_none",0.71,0,0,23
"3arc","1",1,"treat_none",0.72,0,0,23
"3arc","1",1,"treat_none",0.73,0,0,23
"3arc","1",1,"treat_none",0.74,0,0,23
"3arc","1",1,"treat_none",0.75,0,0,23
"3arc","1",1,"treat_none",0.76,0,0,23
"3arc","1",1,"treat_none",0.77,0,0,23
"3arc","1",1,"treat_none",0.78,0,0,23
"3arc","1",1,"treat_none",0.79,0,0,23
"3arc","1",1,"treat_none",0.8,0,0,23
"3arc","1",1,"treat_none",0.81,0,0,23
"3arc","1",1,"treat_none",0.82,0,0,23
"3arc","1",1,"treat_none",0.83,0,0,23
"3arc","1",1,"treat_none",0.84,0,0,23
"3arc","1",1,"treat_none",0.85,0,0,23
"3arc","1",1,"treat_none",0.86,0,0,23
"3arc","1",1,"treat_none",0.87,0,0,23
"3arc","1",1,"treat_none",0.88,0,0,23
"3arc","1",1,"treat_none",0.89,0,0,23
"3arc","1",1,"treat_none",0.9,0,0,23
"3arc","1",1,"treat_none",0.91,0,0,23
"3arc","1",1,"treat_none",0.92,0,0,23
"3arc","1",1,"treat_none",0.93,0,0,23
"3arc","1",1,"treat_none",0.94,0,0,23
"3arc","1",1,"treat_none",0.95,0,0,23
"3arc","1",1,"treat_none",0.96,0,0,23
"3arc","1",1,"treat_none",0.97,0,0,23
"3arc","1",1,"treat_none",0.98,0,0,23
"3arc","1",1,"treat_none",0.99,0,0,23
"3arc","1",2,"model",0.01,0.319312973436081,0.0189971863532234,4
"3arc","1",2,"model",0.02,0.306084757005078,0.0185430519677233,4
"3arc","1",2,"model",0.03,0.300782844838781,0.0157597061309499,4
"3arc","1",2,"model",0.04,0.298179005064535,0.0167214161081839,4
"3arc","1",2,"model",0.05,0.29651794463469,0.0181146146809756,4
"3arc","1",2,"model",0.06,0.294636817013387,0.0185517580559459,4
"3arc","1",2,"model",0.07,0.292480857729049,0.0189631269440574,4
"3arc","1",2,"model",0.08,0.291456224272098,0.0193296724830437,4
"3arc","1",2,"model",0.09,0.289035715916892,0.0173276221417745,4
"3arc","1",2,"model",0.1,0.289378845145364,0.0165998778728163,4
"3arc","1",2,"model",0.11,0.288731769390111,0.0143692345555832,4
"3arc","1",2,"model",0.12,0.288689309783689,0.0135864537271536,4
"3arc","1",2,"model",0.13,0.2874429463131,0.0142494020668856,4
"3arc","1",2,"model",0.14,0.287167639351644,0.0146789608613369,4
"3arc","1",2,"model",0.15,0.287500692736486,0.0160556069440004,4
"3arc","1",2,"model",0.16,0.286018410608656,0.0157937143947566,4
"3arc","1",2,"model",0.17,0.286393884414199,0.0155525463314164,4
"3arc","1",2,"model",0.18,0.287040845010169,0.0153724343379298,4
"3arc","1",2,"model",0.19,0.287528430355293,0.0146453308122589,4
"3arc","1",2,"model",0.2,0.28603115362944,0.0147980929987674,4
"3arc","1",2,"model",0.21,0.286855357143816,0.014059917500891,4
"3arc","1",2,"model",0.22,0.285928514686891,0.0141977004638482,4
"3arc","1",2,"model",0.23,0.285039668682574,0.0144267245066335,4
"3arc","1",2,"model",0.24,0.285860947137554,0.014025960395091,4
"3arc","1",2,"model",0.25,0.285099180263309,0.0142498852574222,4
"3arc","1",2,"model",0.26,0.284365087643429,0.0146287496202006,4
"3arc","1",2,"model",0.27,0.282999336908717,0.0148017207363444,4
"3arc","1",2,"model",0.28,0.281595648653597,0.0149841753380165,4
"3arc","1",2,"model",0.29,0.280851821775046,0.0138293487459298,4
"3arc","1",2,"model",0.3,0.27845478854844,0.0178122956468932,4
"3arc","1",2,"model",0.31,0.276999719984543,0.0180084610328868,4
"3arc","1",2,"model",0.32,0.276366907189527,0.0184625324672411,4
"3arc","1",2,"model",0.33,0.274864677682456,0.0186805333234583,4
"3arc","1",2,"model",0.34,0.271604597301987,0.0222965176483242,4
"3arc","1",2,"model",0.35,0.270009222562077,0.0225353252354981,4
"3arc","1",2,"model",0.36,0.266525757067427,0.0223856399655306,4
"3arc","1",2,"model",0.37,0.263115968569596,0.0259416569332345,4
"3arc","1",2,"model",0.38,0.254147774478305,0.0260096337870761,4
"3arc","1",2,"model",0.39,0.247127736440942,0.0313737187071801,4
"3arc","1",2,"model",0.4,0.243378048768173,0.0302208413525726,4
"3arc","1",2,"model",0.41,0.240922265518821,0.031566254188094,4
"3arc","1",2,"model",0.42,0.23671136617141,0.0349423468481635,4
"3arc","1",2,"model",0.43,0.233036211866449,0.038591514189323,4
"3arc","1",2,"model",0.44,0.229055534434394,0.0463296044697873,4
"3arc","1",2,"model",0.45,0.221631970281722,0.0476069789020871,4
"3arc","1",2,"model",0.46,0.217798048483192,0.0513173712647961,4
"3arc","1",2,"model",0.47,0.210459409036023,0.0618536933733485,4
"3arc","1",2,"model",0.48,0.202962705103116,0.0676512010145331,4
"3arc","1",2,"model",0.49,0.198874384140186,0.0713911135585817,4
"3arc","1",2,"model",0.5,0.196403352256548,0.071728268088113,4
"3arc","1",2,"model",0.51,0.192119133161556,0.0754988399251559,4
"3arc","1",2,"model",0.52,0.178868754152706,0.0774972361876368,4
"3arc","1",2,"model",0.53,0.174439271827708,0.0811338440877224,4
"3arc","1",2,"model",0.54,0.171882210299248,0.0821443558211496,4
"3arc","1",2,"model",0.55,0.16372595301038,0.0836524175544048,4
"3arc","1",2,"model",0.56,0.155512513060543,0.0897954166919114,4
"3arc","1",2,"model",0.57,0.150657438576108,0.0934755270268244,4
"3arc","1",2,"model",0.58,0.148571719603487,0.0878143283451936,4
"3arc","1",2,"model",0.59,0.138064411276319,0.0885635085081413,4
"3arc","1",2,"model",0.6,0.127342088601843,0.0891020973683394,4
"3arc","1",2,"model",0.61,0.121317035771105,0.0918927250136267,4
"3arc","1",2,"model",0.62,0.116963466599405,0.0889958003741598,4
"3arc","1",2,"model",0.63,0.113238667317509,0.089090170221486,4
"3arc","1",2,"model",0.64,0.10648223600904,0.0805005299298339,4
"3arc","1",2,"model",0.65,0.0918029089790206,0.0829429663450206,4
"3arc","1",2,"model",0.66,0.0824201054313748,0.0842995525953532,4
"3arc","1",2,"model",0.67,0.0746479746450589,0.0906710993564958,4
"3arc","1",2,"model",0.68,0.0662693858184946,0.0896163052585984,4
"3arc","1",2,"model",0.69,0.064250930737204,0.0931863978617252,4
"3arc","1",2,"model",0.7,0.0488504702529894,0.0942904327328756,4
"3arc","1",2,"model",0.71,0.0403650880584439,0.0968041147719145,4
"3arc","1",2,"model",0.72,0.0312621119103734,0.0972427730472347,4
"3arc","1",2,"model",0.73,0.0128762077209319,0.0941886164235311,4
"3arc","1",2,"model",0.74,-0.0025262660385545,0.0885798101933663,4
"3arc","1",2,"model",0.75,-0.0110813269071147,0.0891561360865405,4
"3arc","1",2,"model",0.76,-0.0126671495923532,0.0920057195864211,4
"3arc","1",2,"model",0.77,-0.0173957330965363,0.105937896782306,4
"3arc","1",2,"model",0.78,-0.0211323511511179,0.117568710601881,4
"3arc","1",2,"model",0.79,-0.020511542756973,0.111075032831404,4
"3arc","1",2,"model",0.8,-0.02575278849824,0.106215710345862,4
"3arc","1",2,"model",0.81,-0.0294120975335833,0.106630815650816,4
"3arc","1",2,"model",0.82,-0.0428869354759448,0.11153073678121,4
"3arc","1",2,"model",0.83,-0.0552476125315897,0.114839658495199,4
"3arc","1",2,"model",0.84,-0.0742722886739412,0.112860117751336,4
"3arc","1",2,"model",0.85,-0.0967259506542343,0.110182674960381,4
"3arc","1",2,"model",0.86,-0.115143723314849,0.111582166228125,4
"3arc","1",2,"model",0.87,-0.121141580280274,0.0939361079392148,4
"3arc","1",2,"model",0.88,-0.139200741579977,0.0977237415968488,4
"3arc","1",2,"model",0.89,-0.148617097097737,0.0862331880548358,4
"3arc","1",2,"model",0.9,-0.175368404391317,0.0771670576154362,4
"3arc","1",2,"model",0.91,-0.208624670728662,0.0690728343352924,4
"3arc","1",2,"model",0.92,-0.228730638794812,0.0384705284031141,4
"3arc","1",2,"model",0.93,-0.21983048085853,0.0753566399842188,4
"3arc","1",2,"model",0.94,-0.236748801899996,0.10869914287481,4
"3arc","1",2,"model",0.95,-0.258159462415103,0.103076504400799,4
"3arc","1",2,"model",0.96,-0.247290605138956,0.0883355860515163,4
"3arc","1",2,"model",0.97,-0.221086585319059,0.189100565583642,4
"3arc","1",2,"model",0.98,-0.255962933118453,0.170756566842315,4
"3arc","1",2,"model",0.99,-0.176470588235294,0.352941176470588,4
"3arc","1",2,"treat_all",0.01,0.323330034423592,0.0127424862215888,4
"3arc","1",2,"treat_all",0.02,0.316425238856486,0.0128725115911969,4
"3arc","1",2,"treat_all",0.03,0.30937807637047,0.0130052178962608,4
"3arc","1",2,"treat_all",0.04,0.302184097999329,0.0131406889160135,4
"3arc","1",2,"treat_all",0.05,0.294838667451954,0.0132790119572347,4
"3arc","1",2,"treat_all",0.06,0.287336951148251,0.0134202780418861,4
"3arc","1",2,"treat_all",0.07,0.279673907612211,0.0135645821068526,4
"3arc","1",2,"treat_all",0.08,0.271844276173213,0.0137120232167097,4
"3arc","1",2,"treat_all",0.09,0.26384256492237,0.0138627047905197,4
"3arc","1",2,"treat_all",0.1,0.255663037865951,0.0140167348437477,4
"3arc","1",2,"treat_all",0.11,0.24729970121276,0.0141742262464865,4
"3arc","1",2,"treat_all",0.12,0.238746288726541,0.0143352969992874,4
"3arc","1",2,"treat_all",0.13,0.229996246068226,0.0145000705280149,4
"3arc","1",2,"treat_all",0.14,0.221042714045763,0.0146686759992709,4
"3arc","1",2,"treat_all",0.15,0.211878510681596,0.0148412486580858,4
"3arc","1",2,"treat_all",0.16,0.202496111999234,0.0150179301897297,4
"3arc","1",2,"treat_all",0.17,0.192887631420911,0.0151988691076782,4
"3arc","1",2,"treat_all",0.18,0.183044797657752,0.015384221169967,4
"3arc","1",2,"treat_all",0.19,0.172958930962168,0.0155741498263864,4
"3arc","1",2,"treat_all",0.2,0.162620917599195,0.0157688266992162,4
"3arc","1",2,"treat_all",0.21,0.152021182378932,0.0159684321004721,4
"3arc","1",2,"treat_all",0.22,0.141149659076098,0.0161731555889397,4
"3arc","1",2,"treat_all",0.23,0.129995758544619,0.0163831965706142,4
"3arc","1",2,"treat_all",0.24,0.118548334314942,0.0165987649465433,4
"3arc","1",2,"treat_all",0.25,0.106795645439142,0.0168200818124973,4
"3arc","1",2,"treat_all",0.26,0.0947253163234544,0.0170473802153688,4
"3arc","1",2,"treat_all",0.27,0.0823242932593922,0.0172809059717438,4
"3arc","1",2,"treat_all",0.28,0.0695787973324393,0.0175209185546846,4
"3arc","1",2,"treat_all",0.29,0.056474273351206,0.0177676920554548,4
"3arc","1",2,"treat_all",0.3,0.0429953343990804,0.0180215162276756,4
"3arc","1",2,"treat_all",0.31,0.0291257015642845,0.0182826976222796,4
"3arc","1",2,"treat_all",0.32,0.0148481383519945,0.0185515608226073,4
"3arc","1",2,"treat_all",0.33,0.00014437922291978,0.0188284497901089,4
"3arc","1",2,"treat_all",0.34,-0.0150049483646117,0.0191137293323832,4
"3arc","1",2,"treat_all",0.35,-0.0306204091086827,0.0194077867067276,4
"3arc","1",2,"treat_all",0.36,-0.0467238530010059,0.0197110333740202,4
"3arc","1",2,"treat_all",0.37,-0.0633385173343551,0.0200239069196396,4
"3arc","1",2,"treat_all",0.38,-0.0804891385816834,0.0203468731602789,4
"3arc","1",2,"treat_all",0.39,-0.0982020752797438,0.0206804284579884,4
"3arc","1",2,"treat_all",0.4,-0.116505443201073,0.0210251022656216,4
"3arc","1",2,"treat_all",0.41,-0.135429264272277,0.0213814599311406,4
"3arc","1",2,"treat_all",0.42,-0.155005630897662,0.0217501057920223,4
"3arc","1",2,"treat_all",0.43,-0.175268887580077,0.0221316865953911,4
"3arc","1",2,"treat_all",0.44,-0.196255832001149,0.0225268952845945,4
"3arc","1",2,"treat_all",0.45,-0.218005938037534,0.0229364751988599,4
"3arc","1",2,"treat_all",0.46,-0.240561603556748,0.0233612247395795,4
"3arc","1",2,"treat_all",0.47,-0.263968426265365,0.0238020025648546,4
"3arc","1",2,"treat_all",0.48,-0.288275511385853,0.0242597333834095,4
"3arc","1",2,"treat_all",0.49,-0.313535815530674,0.0247354144301431,4
"3arc","1",2,"treat_all",0.5,-0.339806531841287,0.0252301227187459,4
"3arc","1",2,"treat_all",0.51,-0.367149522287028,0.0257450231823938,4
"3arc","1",2,"treat_all",0.52,-0.395631804001341,0.026281377832027,4
"3arc","1",2,"treat_all",0.53,-0.425326097703497,0.0268405560837722,4
"3arc","1",2,"treat_all",0.54,-0.456311447653573,0.0274240464334195,4
"3arc","1",2,"treat_all",0.55,-0.488673924268097,0.0280334696874955,4
"3arc","1",2,"treat_all",0.56,-0.522507422546918,0.0286705939985749,4
"3arc","1",2,"treat_all",0.57,-0.557914571908474,0.0293373519985418,4
"3arc","1",2,"treat_all",0.58,-0.595007776001533,0.0300358603794594,4
"3arc","1",2,"treat_all",0.59,-0.633910404684497,0.030768442339934,4
"3arc","1",2,"treat_all",0.6,-0.674758164801609,0.0315376533984324,4
"3arc","1",2,"treat_all",0.61,-0.717700681847804,0.0323463111778794,4
"3arc","1",2,"treat_all",0.62,-0.762903331370115,0.0331975298930867,4
"3arc","1",2,"treat_all",0.63,-0.810549367353091,0.0340947604307377,4
"3arc","1",2,"treat_all",0.64,-0.860842405335122,0.0350418371093693,4
"3arc","1",2,"treat_all",0.65,-0.914009331201839,0.0360430324553513,4
"3arc","1",2,"treat_all",0.66,-0.970303723296011,0.0371031216452146,4
"3arc","1",2,"treat_all",0.67,-1.03000989672922,0.0382274586647665,4
"3arc","1",2,"treat_all",0.68,-1.09344770600201,0.0394220667480405,4
"3arc","1",2,"treat_all",0.69,-1.16097827716337,0.0406937463205579,4
"3arc","1",2,"treat_all",0.7,-1.23301088640215,0.0420502045312432,4
"3arc","1",2,"treat_all",0.71,-1.31001126179532,0.0435002115840447,4
"3arc","1",2,"treat_all",0.72,-1.3925116640023,0.0450537905691892,4
"3arc","1",2,"treat_all",0.73,-1.48112320711349,0.0467224494791592,4
"3arc","1",2,"treat_all",0.74,-1.57655102277171,0.048519466766819,4
"3arc","1",2,"treat_all",0.75,-1.67961306368258,0.0504602454374918,4
"3arc","1",2,"treat_all",0.76,-1.79126360800268,0.052562755664054,4
"3arc","1",2,"treat_all",0.77,-1.91262289530715,0.0548480928668389,4
"3arc","1",2,"treat_all",0.78,-2.04501484509384,0.0573411879971497,4
"3arc","1",2,"treat_all",0.79,-2.19001555200307,0.0600717207589187,4
"3arc","1",2,"treat_all",0.8,-2.34951632960322,0.0630753067968648,4
"3arc","1",2,"treat_all",0.81,-2.52580666274023,0.0663950597861734,4
"3arc","1",2,"treat_all",0.82,-2.72168481067024,0.0700836742187385,4
"3arc","1",2,"treat_all",0.83,-2.94060744659202,0.0742062432904291,4
"3arc","1",2,"treat_all",0.84,-3.18689541200403,0.0788441334960809,4
"3arc","1",2,"treat_all",0.85,-3.46602177280429,0.0841004090624863,4
"3arc","1",2,"treat_all",0.86,-3.7850233280046,0.0901075811383782,4
"3arc","1",2,"treat_all",0.87,-4.15310204554341,0.0970389335336387,4
"3arc","1",2,"treat_all",0.88,-4.58252721600537,0.105125511328108,4
"3arc","1",2,"treat_all",0.89,-5.09002969018767,0.1146823759943,4
"3arc","1",2,"treat_all",0.9,-5.69903265920644,0.12615061359373,4
"3arc","1",2,"treat_all",0.91,-6.44336962134049,0.140167348437477,4
"3arc","1",2,"treat_all",0.92,-7.37379082400805,0.157688266992162,4
"3arc","1",2,"treat_all",0.93,-8.5700466560092,0.180215162276757,4
"3arc","1",2,"treat_all",0.94,-10.1650544320107,0.210251022656217,4
"3arc","1",2,"treat_all",0.95,-12.3980653184129,0.252301227187459,4
"3arc","1",2,"treat_all",0.96,-15.7475816480161,0.315376533984323,4
"3arc","1",2,"treat_all",0.97,-21.3301088640214,0.420502045312432,4
"3arc","1",2,"treat_all",0.98,-32.4951632960322,0.63075306796865,4
"3arc","1",2,"treat_all",0.99,-65.9903265920643,1.26150613593729,4
"3arc","1",2,"treat_none",0.01,0,0,4
"3arc","1",2,"treat_none",0.02,0,0,4
"3arc","1",2,"treat_none",0.03,0,0,4
"3arc","1",2,"treat_none",0.04,0,0,4
"3arc","1",2,"treat_none",0.05,0,0,4
"3arc","1",2,"treat_none",0.06,0,0,4
"3arc","1",2,"treat_none",0.07,0,0,4
"3arc","1",2,"treat_none",0.08,0,0,4
"3arc","1",2,"treat_none",0.09,0,0,4
"3arc","1",2,"treat_none",0.1,0,0,4
"3arc","1",2,"treat_none",0.11,0,0,4
"3arc","1",2,"treat_none",0.12,0,0,4
"3arc","1",2,"treat_none",0.13,0,0,4
"3arc","1",2,"treat_none",0.14,0,0,4
"3arc","1",2,"treat_none",0.15,0,0,4
"3arc","1",2,"treat_none",0.16,0,0,4
"3arc","1",2,"treat_none",0.17,0,0,4
"3arc","1",2,"treat_none",0.18,0,0,4
"3arc","1",2,"treat_none",0.19,0,0,4
"3arc","1",2,"treat_none",0.2,0,0,4
"3arc","1",2,"treat_none",0.21,0,0,4
"3arc","1",2,"treat_none",0.22,0,0,4
"3arc","1",2,"treat_none",0.23,0,0,4
"3arc","1",2,"treat_none",0.24,0,0,4
"3arc","1",2,"treat_none",0.25,0,0,4
"3arc","1",2,"treat_none",0.26,0,0,4
"3arc","1",2,"treat_none",0.27,0,0,4
"3arc","1",2,"treat_none",0.28,0,0,4
"3arc","1",2,"treat_none",0.29,0,0,4
"3arc","1",2,"treat_none",0.3,0,0,4
"3arc","1",2,"treat_none",0.31,0,0,4
"3arc","1",2,"treat_none",0.32,0,0,4
"3arc","1",2,"treat_none",0.33,0,0,4
"3arc","1",2,"treat_none",0.34,0,0,4
"3arc","1",2,"treat_none",0.35,0,0,4
"3arc","1",2,"treat_none",0.36,0,0,4
"3arc","1",2,"treat_none",0.37,0,0,4
"3arc","1",2,"treat_none",0.38,0,0,4
"3arc","1",2,"treat_none",0.39,0,0,4
"3arc","1",2,"treat_none",0.4,0,0,4
"3arc","1",2,"treat_none",0.41,0,0,4
"3arc","1",2,"treat_none",0.42,0,0,4
"3arc","1",2,"treat_none",0.43,0,0,4
"3arc","1",2,"treat_none",0.44,0,0,4
"3arc","1",2,"treat_none",0.45,0,0,4
"3arc","1",2,"treat_none",0.46,0,0,4
"3arc","1",2,"treat_none",0.47,0,0,4
"3arc","1",2,"treat_none",0.48,0,0,4
"3arc","1",2,"treat_none",0.49,0,0,4
"3arc","1",2,"treat_none",0.5,0,0,4
"3arc","1",2,"treat_none",0.51,0,0,4
"3arc","1",2,"treat_none",0.52,0,0,4
"3arc","1",2,"treat_none",0.53,0,0,4
"3arc","1",2,"treat_none",0.54,0,0,4
"3arc","1",2,"treat_none",0.55,0,0,4
"3arc","1",2,"treat_none",0.56,0,0,4
"3arc","1",2,"treat_none",0.57,0,0,4
"3arc","1",2,"treat_none",0.58,0,0,4
"3arc","1",2,"treat_none",0.59,0,0,4
"3arc","1",2,"treat_none",0.6,0,0,4
"3arc","1",2,"treat_none",0.61,0,0,4
"3arc","1",2,"treat_none",0.62,0,0,4
"3arc","1",2,"treat_none",0.63,0,0,4
"3arc","1",2,"treat_none",0.64,0,0,4
"3arc","1",2,"treat_none",0.65,0,0,4
"3arc","1",2,"treat_none",0.66,0,0,4
"3arc","1",2,"treat_none",0.67,0,0,4
"3arc","1",2,"treat_none",0.68,0,0,4
"3arc","1",2,"treat_none",0.69,0,0,4
"3arc","1",2,"treat_none",0.7,0,0,4
"3arc","1",2,"treat_none",0.71,0,0,4
"3arc","1",2,"treat_none",0.72,0,0,4
"3arc","1",2,"treat_none",0.73,0,0,4
"3arc","1",2,"treat_none",0.74,0,0,4
"3arc","1",2,"treat_none",0.75,0,0,4
"3arc","1",2,"treat_none",0.76,0,0,4
"3arc","1",2,"treat_none",0.77,0,0,4
"3arc","1",2,"treat_none",0.78,0,0,4
"3arc","1",2,"treat_none",0.79,0,0,4
"3arc","1",2,"treat_none",0.8,0,0,4
"3arc","1",2,"treat_none",0.81,0,0,4
"3arc","1",2,"treat_none",0.82,0,0,4
"3arc","1",2,"treat_none",0.83,0,0,4
"3arc","1",2,"treat_none",0.84,0,0,4
"3arc","1",2,"treat_none",0.85,0,0,4
"3arc","1",2,"treat_none",0.86,0,0,4
"3arc","1",2,"treat_none",0.87,0,0,4
"3arc","1",2,"treat_none",0.88,0,0,4
"3arc","1",2,"treat_none",0.89,0,0,4
"3arc","1",2,"treat_none",0.9,0,0,4
"3arc","1",2,"treat_none",0.91,0,0,4
"3arc","1",2,"treat_none",0.92,0,0,4
"3arc","1",2,"treat_none",0.93,0,0,4
"3arc","1",2,"treat_none",0.94,0,0,4
"3arc","1",2,"treat_none",0.95,0,0,4
"3arc","1",2,"treat_none",0.96,0,0,4
"3arc","1",2,"treat_none",0.97,0,0,4
"3arc","1",2,"treat_none",0.98,0,0,4
"3arc","1",2,"treat_none",0.99,0,0,4
"3arc","1",3,"model",0.01,0.242293562231598,0.00898334240886299,4
"3arc","1",3,"model",0.02,0.232979819594564,0.00799766925989555,4
"3arc","1",3,"model",0.03,0.228667077154082,0.00891284317376403,4
"3arc","1",3,"model",0.04,0.225990960596619,0.00951273948622416,4
"3arc","1",3,"model",0.05,0.22452770338083,0.00928331487809651,4
"3arc","1",3,"model",0.06,0.22382841154871,0.00939695442661721,4
"3arc","1",3,"model",0.07,0.220688438004881,0.0115466434410966,4
"3arc","1",3,"model",0.08,0.216305479323403,0.00883984447206892,4
"3arc","1",3,"model",0.09,0.217380618970691,0.0078248393035158,4
"3arc","1",3,"model",0.1,0.217519576185514,0.00728059165397258,4
"3arc","1",3,"model",0.11,0.217463672730258,0.00618975725783412,4
"3arc","1",3,"model",0.12,0.216871239800436,0.00629882544959871,4
"3arc","1",3,"model",0.13,0.216467673130129,0.00553389853853338,4
"3arc","1",3,"model",0.14,0.216959620070991,0.0059755260716796,4
"3arc","1",3,"model",0.15,0.216590733857482,0.00657664331620258,4
"3arc","1",3,"model",0.16,0.215209580784706,0.0046053056342734,4
"3arc","1",3,"model",0.17,0.214324528685032,0.00508066579786577,4
"3arc","1",3,"model",0.18,0.214078817165603,0.0051279495414883,4
"3arc","1",3,"model",0.19,0.211640288562846,0.00529119482375949,4
"3arc","1",3,"model",0.2,0.210897676503882,0.00504495992975195,4
"3arc","1",3,"model",0.21,0.209846490319842,0.00540489397246897,4
"3arc","1",3,"model",0.22,0.207783288524831,0.00313483949204742,4
"3arc","1",3,"model",0.23,0.205767400780288,0.00447189947920045,4
"3arc","1",3,"model",0.24,0.204801308294733,0.00488992390130496,4
"3arc","1",3,"model",0.25,0.202416695650703,0.00765734126476011,4
"3arc","1",3,"model",0.26,0.196909970010025,0.00899323526691163,4
"3arc","1",3,"model",0.27,0.194539026840344,0.0118939435659584,4
"3arc","1",3,"model",0.28,0.194114744073738,0.0123759033346491,4
"3arc","1",3,"model",0.29,0.189999510771463,0.0106756588298485,4
"3arc","1",3,"model",0.3,0.187770363363974,0.00970090273289523,4
"3arc","1",3,"model",0.31,0.182164798467363,0.0121666715811468,4
"3arc","1",3,"model",0.32,0.179803651002956,0.01409878295752,4
"3arc","1",3,"model",0.33,0.175563579800256,0.0159153339718921,4
"3arc","1",3,"model",0.34,0.167139973978866,0.0136879782109589,4
"3arc","1",3,"model",0.35,0.16484295325192,0.0169317476667504,4
"3arc","1",3,"model",0.36,0.161277266551665,0.0157924644985816,4
"3arc","1",3,"model",0.37,0.156882053972146,0.0179546636176237,4
"3arc","1",3,"model",0.38,0.153346764691321,0.0190419797585677,4
"3arc","1",3,"model",0.39,0.145636090995017,0.0233264771446485,4
"3arc","1",3,"model",0.4,0.142134229431477,0.022978051376166,4
"3arc","1",3,"model",0.41,0.130946376045346,0.0287324693937439,4
"3arc","1",3,"model",0.42,0.124911775078627,0.0283500012940686,4
"3arc","1",3,"model",0.43,0.116175452002718,0.0333555013318366,4
"3arc","1",3,"model",0.44,0.115263102175349,0.0327093980943975,4
"3arc","1",3,"model",0.45,0.103755919980633,0.0351465390203175,4
"3arc","1",3,"model",0.46,0.0959356860071681,0.0443978900935539,4
"3arc","1",3,"model",0.47,0.0893581859234809,0.0448496131680471,4
"3arc","1",3,"model",0.48,0.0895307113448595,0.0510096374220215,4
"3arc","1",3,"model",0.49,0.0821805691149273,0.0555677405432652,4
"3arc","1",3,"model",0.5,0.0761685184183817,0.0586451160892937,4
"3arc","1",3,"model",0.51,0.074189500453992,0.0602596331352392,4
"3arc","1",3,"model",0.52,0.0724720964207478,0.0593643878914373,4
"3arc","1",3,"model",0.53,0.0649483252041911,0.0603223235469696,4
"3arc","1",3,"model",0.54,0.0587794569894553,0.0635242267587652,4
"3arc","1",3,"model",0.55,0.0483875758236368,0.0668255202189164,4
"3arc","1",3,"model",0.56,0.041997092776207,0.066506477474906,4
"3arc","1",3,"model",0.57,0.0332029139660073,0.0677550985968792,4
"3arc","1",3,"model",0.58,0.0284722687805298,0.0644796533071479,4
"3arc","1",3,"model",0.59,0.0206416314278801,0.0631923187426205,4
"3arc","1",3,"model",0.6,0.0174231055176927,0.0690475181597277,4
"3arc","1",3,"model",0.61,0.0107765804955666,0.0716744747796114,4
"3arc","1",3,"model",0.62,0.00610826787051932,0.0706975937554733,4
"3arc","1",3,"model",0.63,-0.00211757353638162,0.0741046233868388,4
"3arc","1",3,"model",0.64,-0.00926722075194222,0.0793580252636447,4
"3arc","1",3,"model",0.65,-0.0124182490424777,0.080353274293949,4
"3arc","1",3,"model",0.66,-0.0197737609574679,0.0787443969751732,4
"3arc","1",3,"model",0.67,-0.0260005209203314,0.0816696298306826,4
"3arc","1",3,"model",0.68,-0.0364757773006816,0.0776841375702211,4
"3arc","1",3,"model",0.69,-0.0445398898766683,0.0782993005635519,4
"3arc","1",3,"model",0.7,-0.047970370118174,0.0858412978857308,4
"3arc","1",3,"model",0.71,-0.0503069328718355,0.0825483470075004,4
"3arc","1",3,"model",0.72,-0.0560724918492629,0.0818820631080549,4
"3arc","1",3,"model",0.73,-0.0607897527940863,0.083839447699189,4
"3arc","1",3,"model",0.74,-0.0581955742142057,0.0938698827006263,4
"3arc","1",3,"model",0.75,-0.0566403985622138,0.0932627214920142,4
"3arc","1",3,"model",0.76,-0.0587140877030616,0.101149250503177,4
"3arc","1",3,"model",0.77,-0.0623119562965523,0.107510262924923,4
"3arc","1",3,"model",0.78,-0.0671104860552646,0.108661751555948,4
"3arc","1",3,"model",0.79,-0.0674807872209523,0.104863991789973,4
"3arc","1",3,"model",0.8,-0.0747702194531063,0.107589310983457,4
"3arc","1",3,"model",0.81,-0.0813087417177947,0.112810557851413,4
"3arc","1",3,"model",0.82,-0.0912406038005941,0.118362370381374,4
"3arc","1",3,"model",0.83,-0.094142121013121,0.122338324283881,4
"3arc","1",3,"model",0.84,-0.105529924710488,0.12595407050626,4
"3arc","1",3,"model",0.85,-0.107318782642275,0.12071397961401,4
"3arc","1",3,"model",0.86,-0.11783776797836,0.128947925211316,4
"3arc","1",3,"model",0.87,-0.123727274277175,0.132158113067927,4
"3arc","1",3,"model",0.88,-0.129699845915446,0.151692156846233,4
"3arc","1",3,"model",0.89,-0.123760584736528,0.176311893885078,4
"3arc","1",3,"model",0.9,-0.128369853219498,0.201746958592216,4
"3arc","1",3,"model",0.91,-0.105999656642084,0.168432639753548,4
"3arc","1",3,"model",0.92,-0.122877100118762,0.189161762269832,4
"3arc","1",3,"model",0.93,-0.144184205624884,0.216294966345341,4
"3arc","1",3,"model",0.94,-0.108195962351239,0.168967436540143,4
"3arc","1",3,"model",0.95,-0.131508640803338,0.204656423022142,4
"3arc","1",3,"model",0.96,-0.134219593965357,0.272114519032009,4
"3arc","1",3,"model",0.97,-0.181300573249726,0.366273308462605,4
"3arc","1",3,"model",0.98,0,0,4
"3arc","1",3,"model",0.99,0,0,4
"3arc","1",3,"treat_all",0.01,0.241878238445883,0.00726289020597034,4
"3arc","1",3,"treat_all",0.02,0.234142302103494,0.00733700133052105,4
"3arc","1",3,"treat_all",0.03,0.226246861918994,0.00741264051949551,4
"3arc","1",3,"treat_all",0.04,0.218186933397317,0.00748985552490691,4
"3arc","1",3,"treat_all",0.05,0.20995732216992,0.00756869610937962,4
"3arc","1",3,"treat_all",0.06,0.201552612831302,0.00764921415309644,4
"3arc","1",3,"treat_all",0.07,0.192967157055295,0.00773146376764585,4
"3arc","1",3,"treat_all",0.08,0.184195060936331,0.00781550141729418,4
"3arc","1",3,"treat_all",0.09,0.175230171496071,0.00790138604825344,4
"3arc","1",3,"treat_all",0.1,0.166066062290471,0.00798917922656739,4
"3arc","1",3,"treat_all",0.11,0.156696018046544,0.00807894528529287,4
"3arc","1",3,"treat_all",0.12,0.147113018251619,0.00817075148171664,4
"3arc","1",3,"treat_all",0.13,0.137309719610833,0.00826466816541454,4
"3arc","1",3,"treat_all",0.14,0.127278437280726,0.00836076895803563,4
"3arc","1",3,"treat_all",0.15,0.117011124778146,0.00845913094577723,4
"3arc","1",3,"treat_all",0.16,0.106499352454077,0.00855983488560791,4
"3arc","1",3,"treat_all",0.17,0.0957342844113546,0.00866296542639837,4
"3arc","1",3,"treat_all",0.18,0.0847066537334443,0.0087686113462325,4
"3arc","1",3,"treat_all",0.19,0.0734067358783017,0.0088768658072971,4
"3arc","1",3,"treat_all",0.2,0.0618243200767804,0.00898782662988831,4
"3arc","1",3,"treat_all",0.21,0.049948678558765,0.00910159658722867,4
"3arc","1",3,"treat_all",0.22,0.0377685334120825,0.00921828372296236,4
"3arc","1",3,"treat_all",0.23,0.0252720208589927,0.00933800169339046,4
"3arc","1",3,"treat_all",0.24,0.0124466527124004,0.00946087013672453,4
"3arc","1",3,"treat_all",0.25,-0.000720725251434184,0.00958701507188086,4
"3arc","1",3,"treat_all",0.26,-0.0142439782953725,0.00971656932960899,4
"3arc","1",3,"treat_all",0.27,-0.0281377314227064,0.00984967301905569,4
"3arc","1",3,"treat_all",0.28,-0.0424174221369107,0.00998647403320925,4
"3arc","1",3,"treat_all",0.29,-0.0570993576599658,0.0101271285970572,4
"3arc","1",3,"treat_all",0.3,-0.0722007770551081,0.0102718018627295,4
"3arc","1",3,"treat_all",0.31,-0.087739918751559,0.0104206685563923,4
"3arc","1",3,"treat_all",0.32,-0.103736094027317,0.0105739136822215,4
"3arc","1",3,"treat_all",0.33,-0.120209767072501,0.0107317332894189,4
"3arc","1",3,"treat_all",0.34,-0.137182642331175,0.0108943353089555,4
"3arc","1",3,"treat_all",0.35,-0.154677759905501,0.0110619404675549,4
"3arc","1",3,"treat_all",0.36,-0.172719599904025,0.0112347832873604,4
"3arc","1",3,"treat_all",0.37,-0.191334196727898,0.0114131131808106,4
"3arc","1",3,"treat_all",0.38,-0.210549264417058,0.0115971956514688,4
"3arc","1",3,"treat_all",0.39,-0.230394334325534,0.0117873136129683,4
"3arc","1",3,"treat_all",0.4,-0.250900906564293,0.0119837688398511,4
"3arc","1",3,"treat_all",0.41,-0.272102616845043,0.0121868835659502,4
"3arc","1",3,"treat_all",0.42,-0.294035420583751,0.0123970022481218,4
"3arc","1",3,"treat_all",0.43,-0.316737796383466,0.0126144935156327,4
"3arc","1",3,"treat_all",0.44,-0.340250971318885,0.0128397523284119,4
"3arc","1",3,"treat_all",0.45,-0.36461917079741,0.0130732023707466,4
"3arc","1",3,"treat_all",0.46,-0.389889896182547,0.0133152987109456,4
"3arc","1",3,"treat_all",0.47,-0.416114233846369,0.0135665307620956,4
"3arc","1",3,"treat_all",0.48,-0.443347199881876,0.0138274255844436,4
"3arc","1",3,"treat_all",0.49,-0.471648125369756,0.0140985515762954,4
"3arc","1",3,"treat_all",0.5,-0.501081087877151,0.0143805226078213,4
"3arc","1",3,"treat_all",0.51,-0.531715395793012,0.0146740026610422,4
"3arc","1",3,"treat_all",0.52,-0.563626133205366,0.0149797110498138,4
"3arc","1",3,"treat_all",0.53,-0.596894774337395,0.0152984283061929,4
"3arc","1",3,"treat_all",0.54,-0.631609878127338,0.0156310028345884,4
"3arc","1",3,"treat_all",0.55,-0.667867875419057,0.0159783584531347,4
"3arc","1",3,"treat_all",0.56,-0.705773963496763,0.0163415029634334,4
"3arc","1",3,"treat_all",0.57,-0.745443125438548,0.0167215379160713,4
"3arc","1",3,"treat_all",0.58,-0.787001295091847,0.0171196697712159,4
"3arc","1",3,"treat_all",0.59,-0.830586692533111,0.0175372226924651,4
"3arc","1",3,"treat_all",0.6,-0.876351359846439,0.0179756532597767,4
"3arc","1",3,"treat_all",0.61,-0.924462933175835,0.0184365674459248,4
"3arc","1",3,"treat_all",0.62,-0.975106694575199,0.0189217402734491,4
"3arc","1",3,"treat_all",0.63,-1.02848795659074,0.019433138659218,4
"3arc","1",3,"treat_all",0.64,-1.08483484427382,0.0199729480664186,4
"3arc","1",3,"treat_all",0.65,-1.14440155411022,0.020543603725459,4
"3arc","1",3,"treat_all",0.66,-1.20747218805463,0.0211478273644432,4
"3arc","1",3,"treat_all",0.67,-1.27436528466235,0.0217886706179111,4
"3arc","1",3,"treat_all",0.68,-1.34543919980805,0.0224695665747208,4
"3arc","1",3,"treat_all",0.69,-1.42109852883412,0.0231943913029377,4
"3arc","1",3,"treat_all",0.7,-1.50180181312859,0.0239675376797022,4
"3arc","1",3,"treat_all",0.71,-1.5880708411675,0.0247940044962437,4
"3arc","1",3,"treat_all",0.72,-1.68050194263777,0.0256795046568239,4
"3arc","1",3,"treat_all",0.73,-1.77977979236509,0.0266305974218915,4
"3arc","1",3,"treat_all",0.74,-1.88669439976375,0.0276548511688871,4
"3arc","1",3,"treat_all",0.75,-2.0021621757543,0.0287610452156427,4
"3arc","1",3,"treat_all",0.76,-2.12725226641073,0.0299594220996279,4
"3arc","1",3,"treat_all",0.77,-2.26321975625468,0.0312620056691768,4
"3arc","1",3,"treat_all",0.78,-2.41154792699353,0.0326830059268667,4
"3arc","1",3,"treat_all",0.79,-2.57400259018369,0.0342393395424319,4
"3arc","1",3,"treat_all",0.8,-2.75270271969288,0.0359513065195536,4
"3arc","1",3,"treat_all",0.81,-2.9502133891504,0.0378434805468983,4
"3arc","1",3,"treat_all",0.82,-3.16966968854764,0.0399458961328372,4
"3arc","1",3,"treat_all",0.83,-3.41494437610927,0.0422956547288864,4
"3arc","1",3,"treat_all",0.84,-3.6908783996161,0.0449391331494418,4
"3arc","1",3,"treat_all",0.85,-4.00360362625717,0.0479350753594041,4
"3arc","1",3,"treat_all",0.86,-4.36100388527554,0.0513590093136473,4
"3arc","1",3,"treat_all",0.87,-4.7733887995275,0.0553097023377743,4
"3arc","1",3,"treat_all",0.88,-5.25450453282146,0.0599188441992553,4
"3arc","1",3,"treat_all",0.89,-5.82309585398705,0.065366011853733,4
"3arc","1",3,"treat_all",0.9,-6.50540543938576,0.0719026130391064,4
"3arc","1",3,"treat_all",0.91,-7.33933937709529,0.0798917922656738,4
"3arc","1",3,"treat_all",0.92,-8.3817567992322,0.0898782662988836,4
"3arc","1",3,"treat_all",0.93,-9.72200777055109,0.102718018627295,4
"3arc","1",3,"treat_all",0.94,-11.5090090656429,0.119837688398511,4
"3arc","1",3,"treat_all",0.95,-14.0108108787715,0.143805226078213,4
"3arc","1",3,"treat_all",0.96,-17.7635135984644,0.179756532597766,4
"3arc","1",3,"treat_all",0.97,-24.0180181312858,0.239675376797021,4
"3arc","1",3,"treat_all",0.98,-36.5270271969287,0.359513065195534,4
"3arc","1",3,"treat_all",0.99,-74.0540543938575,0.719026130391068,4
"3arc","1",3,"treat_none",0.01,0,0,4
"3arc","1",3,"treat_none",0.02,0,0,4
"3arc","1",3,"treat_none",0.03,0,0,4
"3arc","1",3,"treat_none",0.04,0,0,4
"3arc","1",3,"treat_none",0.05,0,0,4
"3arc","1",3,"treat_none",0.06,0,0,4
"3arc","1",3,"treat_none",0.07,0,0,4
"3arc","1",3,"treat_none",0.08,0,0,4
"3arc","1",3,"treat_none",0.09,0,0,4
"3arc","1",3,"treat_none",0.1,0,0,4
"3arc","1",3,"treat_none",0.11,0,0,4
"3arc","1",3,"treat_none",0.12,0,0,4
"3arc","1",3,"treat_none",0.13,0,0,4
"3arc","1",3,"treat_none",0.14,0,0,4
"3arc","1",3,"treat_none",0.15,0,0,4
"3arc","1",3,"treat_none",0.16,0,0,4
"3arc","1",3,"treat_none",0.17,0,0,4
"3arc","1",3,"treat_none",0.18,0,0,4
"3arc","1",3,"treat_none",0.19,0,0,4
"3arc","1",3,"treat_none",0.2,0,0,4
"3arc","1",3,"treat_none",0.21,0,0,4
"3arc","1",3,"treat_none",0.22,0,0,4
"3arc","1",3,"treat_none",0.23,0,0,4
"3arc","1",3,"treat_none",0.24,0,0,4
"3arc","1",3,"treat_none",0.25,0,0,4
"3arc","1",3,"treat_none",0.26,0,0,4
"3arc","1",3,"treat_none",0.27,0,0,4
"3arc","1",3,"treat_none",0.28,0,0,4
"3arc","1",3,"treat_none",0.29,0,0,4
"3arc","1",3,"treat_none",0.3,0,0,4
"3arc","1",3,"treat_none",0.31,0,0,4
"3arc","1",3,"treat_none",0.32,0,0,4
"3arc","1",3,"treat_none",0.33,0,0,4
"3arc","1",3,"treat_none",0.34,0,0,4
"3arc","1",3,"treat_none",0.35,0,0,4
"3arc","1",3,"treat_none",0.36,0,0,4
"3arc","1",3,"treat_none",0.37,0,0,4
"3arc","1",3,"treat_none",0.38,0,0,4
"3arc","1",3,"treat_none",0.39,0,0,4
"3arc","1",3,"treat_none",0.4,0,0,4
"3arc","1",3,"treat_none",0.41,0,0,4
"3arc","1",3,"treat_none",0.42,0,0,4
"3arc","1",3,"treat_none",0.43,0,0,4
"3arc","1",3,"treat_none",0.44,0,0,4
"3arc","1",3,"treat_none",0.45,0,0,4
"3arc","1",3,"treat_none",0.46,0,0,4
"3arc","1",3,"treat_none",0.47,0,0,4
"3arc","1",3,"treat_none",0.48,0,0,4
"3arc","1",3,"treat_none",0.49,0,0,4
"3arc","1",3,"treat_none",0.5,0,0,4
"3arc","1",3,"treat_none",0.51,0,0,4
"3arc","1",3,"treat_none",0.52,0,0,4
"3arc","1",3,"treat_none",0.53,0,0,4
"3arc","1",3,"treat_none",0.54,0,0,4
"3arc","1",3,"treat_none",0.55,0,0,4
"3arc","1",3,"treat_none",0.56,0,0,4
"3arc","1",3,"treat_none",0.57,0,0,4
"3arc","1",3,"treat_none",0.58,0,0,4
"3arc","1",3,"treat_none",0.59,0,0,4
"3arc","1",3,"treat_none",0.6,0,0,4
"3arc","1",3,"treat_none",0.61,0,0,4
"3arc","1",3,"treat_none",0.62,0,0,4
"3arc","1",3,"treat_none",0.63,0,0,4
"3arc","1",3,"treat_none",0.64,0,0,4
"3arc","1",3,"treat_none",0.65,0,0,4
"3arc","1",3,"treat_none",0.66,0,0,4
"3arc","1",3,"treat_none",0.67,0,0,4
"3arc","1",3,"treat_none",0.68,0,0,4
"3arc","1",3,"treat_none",0.69,0,0,4
"3arc","1",3,"treat_none",0.7,0,0,4
"3arc","1",3,"treat_none",0.71,0,0,4
"3arc","1",3,"treat_none",0.72,0,0,4
"3arc","1",3,"treat_none",0.73,0,0,4
"3arc","1",3,"treat_none",0.74,0,0,4
"3arc","1",3,"treat_none",0.75,0,0,4
"3arc","1",3,"treat_none",0.76,0,0,4
"3arc","1",3,"treat_none",0.77,0,0,4
"3arc","1",3,"treat_none",0.78,0,0,4
"3arc","1",3,"treat_none",0.79,0,0,4
"3arc","1",3,"treat_none",0.8,0,0,4
"3arc","1",3,"treat_none",0.81,0,0,4
"3arc","1",3,"treat_none",0.82,0,0,4
"3arc","1",3,"treat_none",0.83,0,0,4
"3arc","1",3,"treat_none",0.84,0,0,4
"3arc","1",3,"treat_none",0.85,0,0,4
"3arc","1",3,"treat_none",0.86,0,0,4
"3arc","1",3,"treat_none",0.87,0,0,4
"3arc","1",3,"treat_none",0.88,0,0,4
"3arc","1",3,"treat_none",0.89,0,0,4
"3arc","1",3,"treat_none",0.9,0,0,4
"3arc","1",3,"treat_none",0.91,0,0,4
"3arc","1",3,"treat_none",0.92,0,0,4
"3arc","1",3,"treat_none",0.93,0,0,4
"3arc","1",3,"treat_none",0.94,0,0,4
"3arc","1",3,"treat_none",0.95,0,0,4
"3arc","1",3,"treat_none",0.96,0,0,4
"3arc","1",3,"treat_none",0.97,0,0,4
"3arc","1",3,"treat_none",0.98,0,0,4
"3arc","1",3,"treat_none",0.99,0,0,4
"3arc","1",4,"model",0.01,0.195407969996048,0.00299130732279994,4
"3arc","1",4,"model",0.02,0.186515067712408,0.000725553674687609,4
"3arc","1",4,"model",0.03,0.184458328865307,0.000605408000987653,4
"3arc","1",4,"model",0.04,0.182890081056762,0.000443916985756971,4
"3arc","1",4,"model",0.05,0.180198456815865,0.00267950355407195,4
"3arc","1",4,"model",0.06,0.179268277090613,0.00260350642998238,4
"3arc","1",4,"model",0.07,0.177694789034825,0.00122996577692758,4
"3arc","1",4,"model",0.08,0.177121974547892,0.00231919781285514,4
"3arc","1",4,"model",0.09,0.1778155834305,0.00322907228825428,4
"3arc","1",4,"model",0.1,0.176885902083934,0.00327563879338218,4
"3arc","1",4,"model",0.11,0.17664035337121,0.0040872985970033,4
"3arc","1",4,"model",0.12,0.176183414387222,0.00419453812576459,4
"3arc","1",4,"model",0.13,0.17606459369779,0.0049021185138249,4
"3arc","1",4,"model",0.14,0.17505949734593,0.00488270503784858,4
"3arc","1",4,"model",0.15,0.173382918189697,0.00799178742992804,4
"3arc","1",4,"model",0.16,0.172467364827294,0.00796695090289949,4
"3arc","1",4,"model",0.17,0.170686691606102,0.00745576449813755,4
"3arc","1",4,"model",0.18,0.168984362343434,0.00748948157617949,4
"3arc","1",4,"model",0.19,0.167679866975957,0.00779292439015558,4
"3arc","1",4,"model",0.2,0.167170022695472,0.00727012342085779,4
"3arc","1",4,"model",0.21,0.163931862707231,0.0096475980674024,4
"3arc","1",4,"model",0.22,0.159894479356953,0.010708146858825,4
"3arc","1",4,"model",0.23,0.157774825646245,0.0115896003777298,4
"3arc","1",4,"model",0.24,0.156017292759868,0.0104595730155578,4
"3arc","1",4,"model",0.25,0.153930287696071,0.0110255971100633,4
"3arc","1",4,"model",0.26,0.151838702565558,0.0115167402149331,4
"3arc","1",4,"model",0.27,0.14278533635982,0.00736132546032824,4
"3arc","1",4,"model",0.28,0.138501206772537,0.00730666866787435,4
"3arc","1",4,"model",0.29,0.134895096030514,0.00912769257819018,4
"3arc","1",4,"model",0.3,0.131249872057626,0.0112337772867051,4
"3arc","1",4,"model",0.31,0.127568839083232,0.00740042797884499,4
"3arc","1",4,"model",0.32,0.119891101649534,0.00789287246583674,4
"3arc","1",4,"model",0.33,0.116687491319239,0.01034831920478,4
"3arc","1",4,"model",0.34,0.112375235356192,0.0160226927285308,4
"3arc","1",4,"model",0.35,0.105286858109831,0.0186902122504026,4
"3arc","1",4,"model",0.36,0.0998953732425233,0.0201656336944679,4
"3arc","1",4,"model",0.37,0.0967356913820782,0.0224794322930221,4
"3arc","1",4,"model",0.38,0.0929094165826471,0.0237719210559093,4
"3arc","1",4,"model",0.39,0.0853142989084304,0.0225638718225975,4
"3arc","1",4,"model",0.4,0.0840138696891706,0.022681167469013,4
"3arc","1",4,"model",0.41,0.0722945529343614,0.0287165538991586,4
"3arc","1",4,"model",0.42,0.0680265305146661,0.030386164868261,4
"3arc","1",4,"model",0.43,0.0618041257434161,0.0348293839029595,4
"3arc","1",4,"model",0.44,0.0575262151414732,0.0328368433556762,4
"3arc","1",4,"model",0.45,0.0497026826774437,0.0342839377237958,4
"3arc","1",4,"model",0.46,0.0456320718962329,0.0360250944111421,4
"3arc","1",4,"model",0.47,0.0348300008524569,0.0354459423256999,4
"3arc","1",4,"model",0.48,0.0326870881066066,0.0349281263513012,4
"3arc","1",4,"model",0.49,0.0295590612533268,0.0349348909576083,4
"3arc","1",4,"model",0.5,0.0230554665812513,0.0410613403976574,4
"3arc","1",4,"model",0.51,0.0199879191578516,0.0415313490165517,4
"3arc","1",4,"model",0.52,0.0147195035304067,0.040712238821606,4
"3arc","1",4,"model",0.53,0.0129182040141141,0.0439630808989598,4
"3arc","1",4,"model",0.54,0.00862882142600603,0.0453481007198774,4
"3arc","1",4,"model",0.55,0.00648014881810904,0.0452883050381542,4
"3arc","1",4,"model",0.56,-0.00133197247347885,0.0456355684998913,4
"3arc","1",4,"model",0.57,-0.00927315967923251,0.0488862744628323,4
"3arc","1",4,"model",0.58,-0.0113182130200047,0.049619338676474,4
"3arc","1",4,"model",0.59,-0.0155700263866491,0.0486830714447166,4
"3arc","1",4,"model",0.6,-0.0181471581138946,0.0487325822487779,4
"3arc","1",4,"model",0.61,-0.0213233629160287,0.0454222582084983,4
"3arc","1",4,"model",0.62,-0.0240999411142915,0.0453890754946023,4
"3arc","1",4,"model",0.63,-0.0270266046205685,0.0453588250050642,4
"3arc","1",4,"model",0.64,-0.0323088430000013,0.0410759631789905,4
"3arc","1",4,"model",0.65,-0.0325723596908672,0.044248966547544,4
"3arc","1",4,"model",0.66,-0.0360366436815463,0.0526706999003324,4
"3arc","1",4,"model",0.67,-0.0393169388386376,0.0596936699519025,4
"3arc","1",4,"model",0.68,-0.0460207479004406,0.0597389013982867,4
"3arc","1",4,"model",0.69,-0.048294175084935,0.0659093881354847,4
"3arc","1",4,"model",0.7,-0.049404562883292,0.0665100131342858,4
"3arc","1",4,"model",0.71,-0.0543435006741378,0.0655477297048894,4
"3arc","1",4,"model",0.72,-0.0566870009745697,0.0649212677870496,4
"3arc","1",4,"model",0.73,-0.0601858615980243,0.0649882868022198,4
"3arc","1",4,"model",0.74,-0.0626056074560323,0.0699773919877533,4
"3arc","1",4,"model",0.75,-0.0617148603009767,0.0780781596292038,4
"3arc","1",4,"model",0.76,-0.0639092915163469,0.0749632259307669,4
"3arc","1",4,"model",0.77,-0.0698548791431689,0.0752545494386929,4
"3arc","1",4,"model",0.78,-0.0683291685696099,0.069597245195341,4
"3arc","1",4,"model",0.79,-0.0758316454974721,0.0677538723798933,4
"3arc","1",4,"model",0.8,-0.0782842757117008,0.0649518236849343,4
"3arc","1",4,"model",0.81,-0.0750119791823789,0.0767416567501008,4
"3arc","1",4,"model",0.82,-0.0773110704795122,0.0869494337003213,4
"3arc","1",4,"model",0.83,-0.0860725935701163,0.0876030839542184,4
"3arc","1",4,"model",0.84,-0.087602826783888,0.0851518047880556,4
"3arc","1",4,"model",0.85,-0.0955126863309245,0.0902232599386726,4
"3arc","1",4,"model",0.86,-0.0908407911193743,0.091002813785685,4
"3arc","1",4,"model",0.87,-0.0925758296115418,0.0901545208564013,4
"3arc","1",4,"model",0.88,-0.0943773273804841,0.0870774201056533,4
"3arc","1",4,"model",0.89,-0.106469555270668,0.0921449426967624,4
"3arc","1",4,"model",0.9,-0.100626601537476,0.0771249036274953,4
"3arc","1",4,"model",0.91,-0.105125618449462,0.0712589202166097,4
"3arc","1",4,"model",0.92,-0.0962722898192792,0.0852803634940174,4
"3arc","1",4,"model",0.93,-0.0549917519816518,0.0558270086288042,4
"3arc","1",4,"model",0.94,-0.0492442920642414,0.0706527892520368,4
"3arc","1",4,"model",0.95,-0.0180109747462828,0.045221289241914,4
"3arc","1",4,"model",0.96,0.00219298245614035,0.0043859649122807,4
"3arc","1",4,"model",0.97,0.00109649122807018,0.00219298245614035,4
"3arc","1",4,"model",0.98,0,0,4
"3arc","1",4,"model",0.99,0,0,4
"3arc","1",4,"treat_all",0.01,0.19554563981635,0.00421262263425916,4
"3arc","1",4,"treat_all",0.02,0.187336921855293,0.0042556085795067,4
"3arc","1",4,"treat_all",0.03,0.178958951977512,0.00429948083290367,4
"3arc","1",4,"treat_all",0.04,0.170406441060611,0.00434426709157975,4
"3arc","1",4,"treat_all",0.05,0.161673877282302,0.00438999621885953,4
"3arc","1",4,"treat_all",0.06,0.152755514274667,0.00443669830629422,4
"3arc","1",4,"treat_all",0.07,0.143645358514179,0.00448440473969523,4
"3arc","1",4,"treat_all",0.08,0.134337155889333,0.00453314826947452,4
"3arc","1",4,"treat_all",0.09,0.124824377382623,0.00458296308562258,4
"3arc","1",4,"treat_all",0.1,0.115100203797985,0.00463388489768507,4
"3arc","1",4,"treat_all",0.11,0.105157509458637,0.00468595102013096,4
"3arc","1",4,"treat_all",0.12,0.094988844793394,0.00473920046354155,4
"3arc","1",4,"treat_all",0.13,0.0845864177220537,0.004793674032088,4
"3arc","1",4,"treat_all",0.14,0.0739420737420776,0.00484941442780995,4
"3arc","1",4,"treat_all",0.15,0.0630472746096314,0.00490646636225478,4
"3arc","1",4,"treat_all",0.16,0.0518930754978413,0.00496487667609113,4
"3arc","1",4,"treat_all",0.17,0.0404701005038394,0.00502469446736934,4
"3arc","1",4,"treat_all",0.18,0.0287685163636423,0.00508597122916653,4
"3arc","1",4,"treat_all",0.19,0.0167780042199836,0.00514876099742784,4
"3arc","1",4,"treat_all",0.2,0.0044877292727334,0.0052131205098957,4
"3arc","1",4,"treat_all",0.21,-0.00811369187571304,0.00527910937710957,4
"3arc","1",4,"treat_all",0.22,-0.0210382263869401,0.00534679026655969,4
"3arc","1",4,"treat_all",0.23,-0.034298463093264,0.00541622910119033,4
"3arc","1",4,"treat_all",0.24,-0.0479076533971228,0.00548749527357442,4
"3arc","1",4,"treat_all",0.25,-0.0618797554424177,0.00556066187722206,4
"3arc","1",4,"treat_all",0.26,-0.0762294818673153,0.00563580595664399,4
"3arc","1",4,"treat_all",0.27,-0.090972351481936,0.00571300877796788,4
"3arc","1",4,"treat_all",0.28,-0.106124745252518,0.00579235612210634,4
"3arc","1",4,"treat_all",0.29,-0.121703967016638,0.00587393860269938,4
"3arc","1",4,"treat_all",0.3,-0.13772830940259,0.00595785201130937,4
"3arc","1",4,"treat_all",0.31,-0.154217125480889,0.0060441976926327,4
"3arc","1",4,"treat_all",0.32,-0.171190906737961,0.00613308295281847,4
"3arc","1",4,"treat_all",0.33,-0.188671368032557,0.00622462150435305,4
"3arc","1",4,"treat_all",0.34,-0.206681540275475,0.00631893395138871,4
"3arc","1",4,"treat_all",0.35,-0.225245871664328,0.00641614831987163,4
"3arc","1",4,"treat_all",0.36,-0.244390338409083,0.00651640063736961,4
"3arc","1",4,"treat_all",0.37,-0.264142566002878,0.00661983556812151,4
"3arc","1",4,"treat_all",0.38,-0.284531962228731,0.00672660710954282,4
"3arc","1",4,"treat_all",0.39,-0.305589863248874,0.00683687935724026,4
"3arc","1",4,"treat_all",0.4,-0.327349694303022,0.00695082734652756,4
"3arc","1",4,"treat_all",0.41,-0.349847146748836,0.00706863797951957,4
"3arc","1",4,"treat_all",0.42,-0.37312037341692,0.00719051104813195,4
"3arc","1",4,"treat_all",0.43,-0.397210204529497,0.00731666036476585,4
"3arc","1",4,"treat_all",0.44,-0.422160386753238,0.00744731501413673,4
"3arc","1",4,"treat_all",0.45,-0.44801784833057,0.00758272074166645,4
"3arc","1",4,"treat_all",0.46,-0.474832993670025,0.00772314149614176,4
"3arc","1",4,"treat_all",0.47,-0.50266003128644,0.00786886114701233,4
"3arc","1",4,"treat_all",0.48,-0.53155733958041,0.00802018539983949,4
"3arc","1",4,"treat_all",0.49,-0.561587875650614,0.00817744393709127,4
"3arc","1",4,"treat_all",0.5,-0.592819633163627,0.00834099281583305,4
"3arc","1",4,"treat_all",0.51,-0.625326156289415,0.00851121715901336,4
"3arc","1",4,"treat_all",0.52,-0.659187117878778,0.00868853418315945,4
"3arc","1",4,"treat_all",0.53,-0.694488971450667,0.00887339661258845,4
"3arc","1",4,"treat_all",0.54,-0.731325688221333,0.009066296538949,4
"3arc","1",4,"treat_all",0.55,-0.76979959240403,0.00926776979537014,4
"3arc","1",4,"treat_all",0.56,-0.810022310413212,0.00947840092708303,4
"3arc","1",4,"treat_all",0.57,-0.852115852515845,0.00969882885561981,4
"3arc","1",4,"treat_all",0.58,-0.896213849004318,0.00992975335218216,4
"3arc","1",4,"treat_all",0.59,-0.942462967272715,0.0101719424583329,4
"3arc","1",4,"treat_all",0.6,-0.991024541454533,0.0104262410197914,4
"3arc","1",4,"treat_all",0.61,-1.04207645277388,0.0106935805331193,4
"3arc","1",4,"treat_all",0.62,-1.09581530679425,0.0109749905471488,4
"3arc","1",4,"treat_all",0.63,-1.15245896373463,0.0112716119132879,4
"3arc","1",4,"treat_all",0.64,-1.21224949050504,0.0115847122442125,4
"3arc","1",4,"treat_all",0.65,-1.27545661880518,0.0119157040226186,4
"3arc","1",4,"treat_all",0.66,-1.34238181347592,0.0122661659056368,4
"3arc","1",4,"treat_all",0.67,-1.41336308055095,0.0126378679027773,4
"3arc","1",4,"treat_all",0.68,-1.48878067681817,0.0130328012747392,4
"3arc","1",4,"treat_all",0.69,-1.56906392445746,0.0134532142190856,4
"3arc","1",4,"treat_all",0.7,-1.65469938860604,0.0139016546930551,4
"3arc","1",4,"treat_all",0.71,-1.74624074683384,0.0143810220962639,4
"3arc","1",4,"treat_all",0.72,-1.84432077350648,0.0148946300282733,4
"3arc","1",4,"treat_all",0.73,-1.94966598734005,0.0154462829922834,4
"3arc","1",4,"treat_all",0.74,-2.06311467916082,0.0160403707996792,4
"3arc","1",4,"treat_all",0.75,-2.18563926632725,0.0166819856316663,4
"3arc","1",4,"treat_all",0.76,-2.31837423575756,0.0173770683663189,4
"3arc","1",4,"treat_all",0.77,-2.46265137644267,0.0181325930778981,4
"3arc","1",4,"treat_all",0.78,-2.62004462082642,0.0189568018541661,4
"3arc","1",4,"treat_all",0.79,-2.79242769800864,0.0198595067043646,4
"3arc","1",4,"treat_all",0.8,-2.98204908290907,0.0208524820395828,4
"3arc","1",4,"treat_all",0.81,-3.19163061358849,0.0219499810942975,4
"3arc","1",4,"treat_all",0.82,-3.42449898101008,0.0231694244884252,4
"3arc","1",4,"treat_all",0.83,-3.68476362695184,0.0245323318112739,4
"3arc","1",4,"treat_all",0.84,-3.97756135363634,0.0260656025494782,4
"3arc","1",4,"treat_all",0.85,-4.30939877721209,0.0278033093861103,4
"3arc","1",4,"treat_all",0.86,-4.68864154701295,0.0297892600565466,4
"3arc","1",4,"treat_all",0.87,-5.12622935832164,0.032080741599358,4
"3arc","1",4,"treat_all",0.88,-5.63674847151511,0.0347541367326378,4
"3arc","1",4,"treat_all",0.89,-6.24008924165285,0.037913603708332,4
"3arc","1",4,"treat_all",0.9,-6.96409816581813,0.0417049640791653,4
"3arc","1",4,"treat_all",0.91,-7.84899796202015,0.0463388489768502,4
"3arc","1",4,"treat_all",0.92,-8.95512270727267,0.0521312050989566,4
"3arc","1",4,"treat_all",0.93,-10.3772830940259,0.0595785201130936,4
"3arc","1",4,"treat_all",0.94,-12.2734969430302,0.0695082734652751,4
"3arc","1",4,"treat_all",0.95,-14.9281963316363,0.0834099281583302,4
"3arc","1",4,"treat_all",0.96,-18.9102454145454,0.104262410197914,4
"3arc","1",4,"treat_all",0.97,-25.5469938860604,0.139016546930551,4
"3arc","1",4,"treat_all",0.98,-38.8204908290906,0.208524820395825,4
"3arc","1",4,"treat_all",0.99,-78.6409816581813,0.417049640791653,4
"3arc","1",4,"treat_none",0.01,0,0,4
"3arc","1",4,"treat_none",0.02,0,0,4
"3arc","1",4,"treat_none",0.03,0,0,4
"3arc","1",4,"treat_none",0.04,0,0,4
"3arc","1",4,"treat_none",0.05,0,0,4
"3arc","1",4,"treat_none",0.06,0,0,4
"3arc","1",4,"treat_none",0.07,0,0,4
"3arc","1",4,"treat_none",0.08,0,0,4
"3arc","1",4,"treat_none",0.09,0,0,4
"3arc","1",4,"treat_none",0.1,0,0,4
"3arc","1",4,"treat_none",0.11,0,0,4
"3arc","1",4,"treat_none",0.12,0,0,4
"3arc","1",4,"treat_none",0.13,0,0,4
"3arc","1",4,"treat_none",0.14,0,0,4
"3arc","1",4,"treat_none",0.15,0,0,4
"3arc","1",4,"treat_none",0.16,0,0,4
"3arc","1",4,"treat_none",0.17,0,0,4
"3arc","1",4,"treat_none",0.18,0,0,4
"3arc","1",4,"treat_none",0.19,0,0,4
"3arc","1",4,"treat_none",0.2,0,0,4
"3arc","1",4,"treat_none",0.21,0,0,4
"3arc","1",4,"treat_none",0.22,0,0,4
"3arc","1",4,"treat_none",0.23,0,0,4
"3arc","1",4,"treat_none",0.24,0,0,4
"3arc","1",4,"treat_none",0.25,0,0,4
"3arc","1",4,"treat_none",0.26,0,0,4
"3arc","1",4,"treat_none",0.27,0,0,4
"3arc","1",4,"treat_none",0.28,0,0,4
"3arc","1",4,"treat_none",0.29,0,0,4
"3arc","1",4,"treat_none",0.3,0,0,4
"3arc","1",4,"treat_none",0.31,0,0,4
"3arc","1",4,"treat_none",0.32,0,0,4
"3arc","1",4,"treat_none",0.33,0,0,4
"3arc","1",4,"treat_none",0.34,0,0,4
"3arc","1",4,"treat_none",0.35,0,0,4
"3arc","1",4,"treat_none",0.36,0,0,4
"3arc","1",4,"treat_none",0.37,0,0,4
"3arc","1",4,"treat_none",0.38,0,0,4
"3arc","1",4,"treat_none",0.39,0,0,4
"3arc","1",4,"treat_none",0.4,0,0,4
"3arc","1",4,"treat_none",0.41,0,0,4
"3arc","1",4,"treat_none",0.42,0,0,4
"3arc","1",4,"treat_none",0.43,0,0,4
"3arc","1",4,"treat_none",0.44,0,0,4
"3arc","1",4,"treat_none",0.45,0,0,4
"3arc","1",4,"treat_none",0.46,0,0,4
"3arc","1",4,"treat_none",0.47,0,0,4
"3arc","1",4,"treat_none",0.48,0,0,4
"3arc","1",4,"treat_none",0.49,0,0,4
"3arc","1",4,"treat_none",0.5,0,0,4
"3arc","1",4,"treat_none",0.51,0,0,4
"3arc","1",4,"treat_none",0.52,0,0,4
"3arc","1",4,"treat_none",0.53,0,0,4
"3arc","1",4,"treat_none",0.54,0,0,4
"3arc","1",4,"treat_none",0.55,0,0,4
"3arc","1",4,"treat_none",0.56,0,0,4
"3arc","1",4,"treat_none",0.57,0,0,4
"3arc","1",4,"treat_none",0.58,0,0,4
"3arc","1",4,"treat_none",0.59,0,0,4
"3arc","1",4,"treat_none",0.6,0,0,4
"3arc","1",4,"treat_none",0.61,0,0,4
"3arc","1",4,"treat_none",0.62,0,0,4
"3arc","1",4,"treat_none",0.63,0,0,4
"3arc","1",4,"treat_none",0.64,0,0,4
"3arc","1",4,"treat_none",0.65,0,0,4
"3arc","1",4,"treat_none",0.66,0,0,4
"3arc","1",4,"treat_none",0.67,0,0,4
"3arc","1",4,"treat_none",0.68,0,0,4
"3arc","1",4,"treat_none",0.69,0,0,4
"3arc","1",4,"treat_none",0.7,0,0,4
"3arc","1",4,"treat_none",0.71,0,0,4
"3arc","1",4,"treat_none",0.72,0,0,4
"3arc","1",4,"treat_none",0.73,0,0,4
"3arc","1",4,"treat_none",0.74,0,0,4
"3arc","1",4,"treat_none",0.75,0,0,4
"3arc","1",4,"treat_none",0.76,0,0,4
"3arc","1",4,"treat_none",0.77,0,0,4
"3arc","1",4,"treat_none",0.78,0,0,4
"3arc","1",4,"treat_none",0.79,0,0,4
"3arc","1",4,"treat_none",0.8,0,0,4
"3arc","1",4,"treat_none",0.81,0,0,4
"3arc","1",4,"treat_none",0.82,0,0,4
"3arc","1",4,"treat_none",0.83,0,0,4
"3arc","1",4,"treat_none",0.84,0,0,4
"3arc","1",4,"treat_none",0.85,0,0,4
"3arc","1",4,"treat_none",0.86,0,0,4
"3arc","1",4,"treat_none",0.87,0,0,4
"3arc","1",4,"treat_none",0.88,0,0,4
"3arc","1",4,"treat_none",0.89,0,0,4
"3arc","1",4,"treat_none",0.9,0,0,4
"3arc","1",4,"treat_none",0.91,0,0,4
"3arc","1",4,"treat_none",0.92,0,0,4
"3arc","1",4,"treat_none",0.93,0,0,4
"3arc","1",4,"treat_none",0.94,0,0,4
"3arc","1",4,"treat_none",0.95,0,0,4
"3arc","1",4,"treat_none",0.96,0,0,4
"3arc","1",4,"treat_none",0.97,0,0,4
"3arc","1",4,"treat_none",0.98,0,0,4
"3arc","1",4,"treat_none",0.99,0,0,4
"3arc","1",5,"model",0.01,0.15659614584908,0.00353543928709377,4
"3arc","1",5,"model",0.02,0.152307044370407,0.00202421013031514,4
"3arc","1",5,"model",0.03,0.14950771842416,0.00208966440718931,4
"3arc","1",5,"model",0.04,0.1481298608286,0.0019573664233643,4
"3arc","1",5,"model",0.05,0.147177276212005,0.00214228444961603,4
"3arc","1",5,"model",0.06,0.14485638458719,0.00200533241751668,4
"3arc","1",5,"model",0.07,0.142767995664784,0.00270495092086675,4
"3arc","1",5,"model",0.08,0.141644987938821,0.00254281656132669,4
"3arc","1",5,"model",0.09,0.14119718403302,0.00294034352958844,4
"3arc","1",5,"model",0.1,0.139232377995749,0.00402052621129863,4
"3arc","1",5,"model",0.11,0.137965768291703,0.00435505844460268,4
"3arc","1",5,"model",0.12,0.137696718980772,0.00516978346246553,4
"3arc","1",5,"model",0.13,0.136810953730253,0.00548170408579659,4
"3arc","1",5,"model",0.14,0.134138257962138,0.00539124500699416,4
"3arc","1",5,"model",0.15,0.131224280553429,0.00751284114850518,4
"3arc","1",5,"model",0.16,0.127997169903067,0.00591338413799103,4
"3arc","1",5,"model",0.17,0.124722887637856,0.00724562820991844,4
"3arc","1",5,"model",0.18,0.121108669233239,0.00616638524712683,4
"3arc","1",5,"model",0.19,0.117334615798211,0.00567509756966198,4
"3arc","1",5,"model",0.2,0.113773972418583,0.00614783564522069,4
"3arc","1",5,"model",0.21,0.110110511443211,0.00382572233579775,4
"3arc","1",5,"model",0.22,0.108041585602144,0.00233958957984723,4
"3arc","1",5,"model",0.23,0.10467022166856,0.0018451189339663,4
"3arc","1",5,"model",0.24,0.0998786434674235,0.00349814920525011,4
"3arc","1",5,"model",0.25,0.0947623907746199,0.00522032664092168,4
"3arc","1",5,"model",0.26,0.0920884471212844,0.00749395667811778,4
"3arc","1",5,"model",0.27,0.0876119437438905,0.0100439774174399,4
"3arc","1",5,"model",0.28,0.083162534211264,0.0119556512926955,4
"3arc","1",5,"model",0.29,0.0801780532007445,0.0130473968508851,4
"3arc","1",5,"model",0.3,0.0753430598335816,0.0148534510992022,4
"3arc","1",5,"model",0.31,0.0704572116457209,0.0165047442617511,4
"3arc","1",5,"model",0.32,0.0647499280446005,0.0188022889103053,4
"3arc","1",5,"model",0.33,0.0585920184113957,0.0188978795855409,4
"3arc","1",5,"model",0.34,0.0560425978019594,0.0191526194777069,4
"3arc","1",5,"model",0.35,0.0485181167151428,0.0215412626755025,4
"3arc","1",5,"model",0.36,0.0464469559513404,0.0203391431950678,4
"3arc","1",5,"model",0.37,0.0429078557759793,0.0214477977414655,4
"3arc","1",5,"model",0.38,0.0376875310228397,0.0239133995566725,4
"3arc","1",5,"model",0.39,0.0295250128604463,0.0252810916016918,4
"3arc","1",5,"model",0.4,0.0273978851582859,0.0266302690671053,4
"3arc","1",5,"model",0.41,0.0229785794825094,0.0306536103718643,4
"3arc","1",5,"model",0.42,0.018241395398032,0.0337542206708928,4
"3arc","1",5,"model",0.43,0.0153160023863248,0.0317268439722781,4
"3arc","1",5,"model",0.44,0.0152516891294536,0.0321604529450994,4
"3arc","1",5,"model",0.45,0.0116682887274492,0.030699153819671,4
"3arc","1",5,"model",0.46,0.00866241804226094,0.0285890888084567,4
"3arc","1",5,"model",0.47,0.00400384369510315,0.0278558069373518,4
"3arc","1",5,"model",0.48,0.00102554951351564,0.0296845151491275,4
"3arc","1",5,"model",0.49,0.000909670494449273,0.0331416917648203,4
"3arc","1",5,"model",0.5,-0.00363714154061444,0.0352508715402663,4
"3arc","1",5,"model",0.51,-0.00733461990072751,0.034352235130754,4
"3arc","1",5,"model",0.52,-0.00918880903511301,0.0363992616482336,4
"3arc","1",5,"model",0.53,-0.0120771815912101,0.0366958409960055,4
"3arc","1",5,"model",0.54,-0.0168901553959887,0.0355417876803449,4
"3arc","1",5,"model",0.55,-0.0206692169538693,0.0312543341719078,4
"3arc","1",5,"model",0.56,-0.0223861267129281,0.0346831426301957,4
"3arc","1",5,"model",0.57,-0.0243174302467381,0.0373216671114952,4
"3arc","1",5,"model",0.58,-0.0253306551932161,0.0398599562730472,4
"3arc","1",5,"model",0.59,-0.0272546605142332,0.0377684860067893,4
"3arc","1",5,"model",0.6,-0.0319271194655851,0.0358943990212451,4
"3arc","1",5,"model",0.61,-0.0343876104473561,0.0361627834648686,4
"3arc","1",5,"model",0.62,-0.0379001101795756,0.0366531379226502,4
"3arc","1",5,"model",0.63,-0.0390593412227419,0.0366574311941113,4
"3arc","1",5,"model",0.64,-0.0386157366221842,0.0385327337729449,4
"3arc","1",5,"model",0.65,-0.0423592373997631,0.0371454233493481,4
"3arc","1",5,"model",0.66,-0.0462690764045084,0.035791782756794,4
"3arc","1",5,"model",0.67,-0.0512896428278687,0.0366361924464343,4
"3arc","1",5,"model",0.68,-0.0555794134651189,0.0378986555858952,4
"3arc","1",5,"model",0.69,-0.056026504069693,0.0357467590283546,4
"3arc","1",5,"model",0.7,-0.0602726358917495,0.0291210320185849,4
"3arc","1",5,"model",0.71,-0.061844106309786,0.0276180961335668,4
"3arc","1",5,"model",0.72,-0.0611085703260503,0.031279937719096,4
"3arc","1",5,"model",0.73,-0.0577079437941512,0.0338389796116194,4
"3arc","1",5,"model",0.74,-0.0617445484963835,0.0319691930499146,4
"3arc","1",5,"model",0.75,-0.0658253230288879,0.0325496579626183,4
"3arc","1",5,"model",0.76,-0.0615251270932196,0.0419134831706963,4
"3arc","1",5,"model",0.77,-0.0667472228286596,0.0412083743306216,4
"3arc","1",5,"model",0.78,-0.0700298021257964,0.0373329248082751,4
"3arc","1",5,"model",0.79,-0.0655887595464431,0.0329645201679481,4
"3arc","1",5,"model",0.8,-0.0712936736222601,0.032283248345057,4
"3arc","1",5,"model",0.81,-0.0754014094815611,0.0241332630669266,4
"3arc","1",5,"model",0.82,-0.0769015861499909,0.0224674960107435,4
"3arc","1",5,"model",0.83,-0.0793878254509503,0.0222875211608687,4
"3arc","1",5,"model",0.84,-0.0837263948967494,0.0296910178839194,4
"3arc","1",5,"model",0.85,-0.0854001276157483,0.0304812276047745,4
"3arc","1",5,"model",0.86,-0.0824310519825384,0.0319106330608653,4
"3arc","1",5,"model",0.87,-0.0777542485639662,0.0269679036600811,4
"3arc","1",5,"model",0.88,-0.0862931556478654,0.0276237607348573,4
"3arc","1",5,"model",0.89,-0.0880000756877414,0.0357990913517234,4
"3arc","1",5,"model",0.9,-0.0732045184933938,0.0334341968999738,4
"3arc","1",5,"model",0.91,-0.0638366505192141,0.0485047555785803,4
"3arc","1",5,"model",0.92,-0.0727312111558852,0.054934176388437,4
"3arc","1",5,"model",0.93,-0.0841670748316051,0.0632007555643947,4
"3arc","1",5,"model",0.94,-0.042336302483904,0.0562894119204332,4
"3arc","1",5,"model",0.95,-0.0166119243610019,0.0357076270174373,4
"3arc","1",5,"model",0.96,-0.0221402214022141,0.0442804428044281,4
"3arc","1",5,"model",0.97,0,0,4
"3arc","1",5,"model",0.98,0,0,4
"3arc","1",5,"model",0.99,0,0,4
"3arc","1",5,"treat_all",0.01,0.158873740580749,0.0022584494563464,4
"3arc","1",5,"treat_all",0.02,0.150290819566267,0.00228149485896217,4
"3arc","1",5,"treat_all",0.03,0.141530931108187,0.00230501542451848,4
"3arc","1",5,"treat_all",0.04,0.132588544973897,0.00232902600185723,4
"3arc","1",5,"treat_all",0.05,0.123457898078886,0.00235354206503467,4
"3arc","1",5,"treat_all",0.06,0.114132982101002,0.00237857974657758,4
"3arc","1",5,"treat_all",0.07,0.104607530295636,0.00240415587288487,4
"3arc","1",5,"treat_all",0.08,0.0948750034510234,0.00243028800193797,4
"3arc","1",5,"treat_all",0.09,0.0849285749175181,0.00245699446349773,4
"3arc","1",5,"treat_all",0.1,0.0747611146388239,0.00248429440198104,4
"3arc","1",5,"treat_all",0.11,0.0643651721066758,0.00251220782222802,4
"3arc","1",5,"treat_all",0.12,0.0537329581533426,0.0025407556383897,4
"3arc","1",5,"treat_all",0.13,0.0428563254884385,0.00256995972618728,4
"3arc","1",5,"treat_all",0.14,0.0317267478778389,0.00259984297881736,4
"3arc","1",5,"treat_all",0.15,0.0203352978528723,0.00263042936680345,4
"3arc","1",5,"treat_all",0.16,0.00867262282731129,0.00266174400212254,4
"3arc","1",5,"treat_all",0.17,-0.00327108051211868,0.0026938132069674,4
"3arc","1",5,"treat_all",0.18,-0.0155060936890958,0.00272666458754017,4
"3arc","1",5,"treat_all",0.19,-0.0280432059568623,0.00276032711331228,4
"3arc","1",5,"treat_all",0.2,-0.0408937460313231,0.00279483120222867,4
"3arc","1",5,"treat_all",0.21,-0.0540696162342513,0.00283020881238347,4
"3arc","1",5,"treat_all",0.22,-0.0675833292628955,0.00286649354074735,4
"3arc","1",5,"treat_all",0.23,-0.0814480478247513,0.00290372072958822,4
"3arc","1",5,"treat_all",0.24,-0.0956776274013928,0.00294192758129335,4
"3arc","1",5,"treat_all",0.25,-0.110286662433411,0.00298115328237725,4
"3arc","1",5,"treat_all",0.26,-0.125290536250079,0.00302143913754451,4
"3arc","1",5,"treat_all",0.27,-0.14070547510282,0.00306282871477115,4
"3arc","1",5,"treat_all",0.28,-0.15654860670147,0.00310536800247631,4
"3arc","1",5,"treat_all",0.29,-0.172838023697266,0.00314910557997597,4
"3arc","1",5,"treat_all",0.3,-0.189592852607226,0.00319409280254704,4
"3arc","1",5,"treat_all",0.31,-0.206833328731969,0.00324038400258397,4
"3arc","1",5,"treat_all",0.32,-0.22458087768391,0.00328803670850431,4
"3arc","1",5,"treat_all",0.33,-0.242858204216505,0.00333711188325811,4
"3arc","1",5,"treat_all",0.34,-0.261689389128877,0.00338767418451961,4
"3arc","1",5,"treat_all",0.35,-0.281099995115475,0.00343979224889686,4
"3arc","1",5,"treat_all",0.36,-0.301117182539154,0.00349353900278584,4
"3arc","1",5,"treat_all",0.37,-0.321769836230252,0.00354899200283007,4
"3arc","1",5,"treat_all",0.38,-0.343088704556546,0.00360623380932734,4
"3arc","1",5,"treat_all",0.39,-0.365106552172227,0.00366535239636546,4
"3arc","1",5,"treat_all",0.4,-0.387858328041764,0.00372644160297159,4
"3arc","1",5,"treat_all",0.41,-0.411381350550947,0.00378960163014058,4
"3arc","1",5,"treat_all",0.42,-0.435715511767342,0.00385493958928093,4
"3arc","1",5,"treat_all",0.43,-0.460903503201857,0.00392257010839117,4
"3arc","1",5,"treat_all",0.44,-0.486991065759033,0.00399261600318383,4
"3arc","1",5,"treat_all",0.45,-0.514027266954652,0.00406520902142355,4
"3arc","1",5,"treat_all",0.46,-0.542064808935294,0.00414049066996845,4
"3arc","1",5,"treat_all",0.47,-0.571160371368035,0.00421861313543955,4
"3arc","1",5,"treat_all",0.48,-0.601374993894343,0.00429974031112105,4
"3arc","1",5,"treat_all",0.49,-0.632774503578546,0.00438404894467248,4
"3arc","1",5,"treat_all",0.5,-0.665429993650117,0.00447172992356591,4
"3arc","1",5,"treat_all",0.51,-0.699418360867466,0.0045629897179244,4
"3arc","1",5,"treat_all",0.52,-0.734822910052205,0.00465805200371446,4
"3arc","1",5,"treat_all",0.53,-0.771734035797997,0.0047571594931552,4
"3arc","1",5,"treat_all",0.54,-0.810249993097953,0.00486057600387596,4
"3arc","1",5,"treat_all",0.55,-0.850477770722352,0.00496858880396212,4
"3arc","1",5,"treat_all",0.56,-0.892534083693315,0.00508151127677947,4
"3arc","1",5,"treat_all",0.57,-0.936546504244322,0.00519968595763478,4
"3arc","1",5,"treat_all",0.58,-0.982654754345378,0.00532348800424512,4
"3arc","1",5,"treat_all",0.59,-1.03101218737819,0.00545332917508027,4
"3arc","1",5,"treat_all",0.6,-1.08178749206265,0.00558966240445732,4
"3arc","1",5,"treat_all",0.61,-1.13516665852579,0.00573298708149465,4
"3arc","1",5,"treat_all",0.62,-1.19135525480279,0.00588385516258664,4
"3arc","1",5,"treat_all",0.63,-1.25058107250016,0.006042878275089,4
"3arc","1",5,"treat_all",0.64,-1.31309721340294,0.00621073600495259,4
"3arc","1",5,"treat_all",0.65,-1.37918570521445,0.00638818560509415,4
"3arc","1",5,"treat_all",0.66,-1.44916175536782,0.00657607341700867,4
"3arc","1",5,"treat_all",0.67,-1.52337877825775,0.00677534836903918,4
"3arc","1",5,"treat_all",0.68,-1.60223436507831,0.00698707800557163,4
"3arc","1",5,"treat_all",0.69,-1.68617740911309,0.00721246761865466,4
"3arc","1",5,"treat_all",0.7,-1.77571665608353,0.00745288320594312,4
"3arc","1",5,"treat_all",0.71,-1.87143102353469,0.00770987917856188,4
"3arc","1",5,"treat_all",0.72,-1.97398213151807,0.00798523200636765,4
"3arc","1",5,"treat_all",0.73,-2.08412961787059,0.00828098133993689,4
"3arc","1",5,"treat_all",0.74,-2.20274998778869,0.0085994806222421,4
"3arc","1",5,"treat_all",0.75,-2.33085998730023,0.00894345984713175,4
"3arc","1",5,"treat_all",0.76,-2.46964582010441,0.00931610400742892,4
"3arc","1",5,"treat_all",0.77,-2.62049998619591,0.00972115200775196,4
"3arc","1",5,"treat_all",0.78,-2.78506816738663,0.0101630225535589,4
"3arc","1",5,"treat_all",0.79,-2.96530950869076,0.0106469760084902,4
"3arc","1",5,"treat_all",0.8,-3.16357498412529,0.0111793248089147,4
"3arc","1",5,"treat_all",0.81,-3.38271050960557,0.0117677103251734,4
"3arc","1",5,"treat_all",0.82,-3.62619442680588,0.0124214720099053,4
"3arc","1",5,"treat_all",0.83,-3.89832351073564,0.0131521468340175,4
"3arc","1",5,"treat_all",0.84,-4.20446873015662,0.0139741560111433,4
"3arc","1",5,"treat_all",0.85,-4.55143331216706,0.0149057664118864,4
"3arc","1",5,"treat_all",0.86,-4.94796426303613,0.0159704640127351,4
"3arc","1",5,"treat_all",0.87,-5.40549997557737,0.017198961244484,4
"3arc","1",5,"treat_all",0.88,-5.93929164020882,0.0186322080148577,4
"3arc","1",5,"treat_all",0.89,-6.57013633477326,0.0203260451071176,4
"3arc","1",5,"treat_all",0.9,-7.32714996825059,0.0223586496178293,4
"3arc","1",5,"treat_all",0.91,-8.25238885361176,0.024842944019811,4
"3arc","1",5,"treat_all",0.92,-9.40893746031324,0.0279483120222867,4
"3arc","1",5,"treat_all",0.93,-10.8959285260723,0.0319409280254706,4
"3arc","1",5,"treat_all",0.94,-12.8785832804177,0.037264416029716,4
"3arc","1",5,"treat_all",0.95,-15.6542999365012,0.0447172992356589,4
"3arc","1",5,"treat_all",0.96,-19.8178749206265,0.0558966240445747,4
"3arc","1",5,"treat_all",0.97,-26.7571665608353,0.074528832059432,4
"3arc","1",5,"treat_all",0.98,-40.6357498412529,0.111793248089148,4
"3arc","1",5,"treat_all",0.99,-82.2714996825058,0.223586496178296,4
"3arc","1",5,"treat_none",0.01,0,0,4
"3arc","1",5,"treat_none",0.02,0,0,4
"3arc","1",5,"treat_none",0.03,0,0,4
"3arc","1",5,"treat_none",0.04,0,0,4
"3arc","1",5,"treat_none",0.05,0,0,4
"3arc","1",5,"treat_none",0.06,0,0,4
"3arc","1",5,"treat_none",0.07,0,0,4
"3arc","1",5,"treat_none",0.08,0,0,4
"3arc","1",5,"treat_none",0.09,0,0,4
"3arc","1",5,"treat_none",0.1,0,0,4
"3arc","1",5,"treat_none",0.11,0,0,4
"3arc","1",5,"treat_none",0.12,0,0,4
"3arc","1",5,"treat_none",0.13,0,0,4
"3arc","1",5,"treat_none",0.14,0,0,4
"3arc","1",5,"treat_none",0.15,0,0,4
"3arc","1",5,"treat_none",0.16,0,0,4
"3arc","1",5,"treat_none",0.17,0,0,4
"3arc","1",5,"treat_none",0.18,0,0,4
"3arc","1",5,"treat_none",0.19,0,0,4
"3arc","1",5,"treat_none",0.2,0,0,4
"3arc","1",5,"treat_none",0.21,0,0,4
"3arc","1",5,"treat_none",0.22,0,0,4
"3arc","1",5,"treat_none",0.23,0,0,4
"3arc","1",5,"treat_none",0.24,0,0,4
"3arc","1",5,"treat_none",0.25,0,0,4
"3arc","1",5,"treat_none",0.26,0,0,4
"3arc","1",5,"treat_none",0.27,0,0,4
"3arc","1",5,"treat_none",0.28,0,0,4
"3arc","1",5,"treat_none",0.29,0,0,4
"3arc","1",5,"treat_none",0.3,0,0,4
"3arc","1",5,"treat_none",0.31,0,0,4
"3arc","1",5,"treat_none",0.32,0,0,4
"3arc","1",5,"treat_none",0.33,0,0,4
"3arc","1",5,"treat_none",0.34,0,0,4
"3arc","1",5,"treat_none",0.35,0,0,4
"3arc","1",5,"treat_none",0.36,0,0,4
"3arc","1",5,"treat_none",0.37,0,0,4
"3arc","1",5,"treat_none",0.38,0,0,4
"3arc","1",5,"treat_none",0.39,0,0,4
"3arc","1",5,"treat_none",0.4,0,0,4
"3arc","1",5,"treat_none",0.41,0,0,4
"3arc","1",5,"treat_none",0.42,0,0,4
"3arc","1",5,"treat_none",0.43,0,0,4
"3arc","1",5,"treat_none",0.44,0,0,4
"3arc","1",5,"treat_none",0.45,0,0,4
"3arc","1",5,"treat_none",0.46,0,0,4
"3arc","1",5,"treat_none",0.47,0,0,4
"3arc","1",5,"treat_none",0.48,0,0,4
"3arc","1",5,"treat_none",0.49,0,0,4
"3arc","1",5,"treat_none",0.5,0,0,4
"3arc","1",5,"treat_none",0.51,0,0,4
"3arc","1",5,"treat_none",0.52,0,0,4
"3arc","1",5,"treat_none",0.53,0,0,4
"3arc","1",5,"treat_none",0.54,0,0,4
"3arc","1",5,"treat_none",0.55,0,0,4
"3arc","1",5,"treat_none",0.56,0,0,4
"3arc","1",5,"treat_none",0.57,0,0,4
"3arc","1",5,"treat_none",0.58,0,0,4
"3arc","1",5,"treat_none",0.59,0,0,4
"3arc","1",5,"treat_none",0.6,0,0,4
"3arc","1",5,"treat_none",0.61,0,0,4
"3arc","1",5,"treat_none",0.62,0,0,4
"3arc","1",5,"treat_none",0.63,0,0,4
"3arc","1",5,"treat_none",0.64,0,0,4
"3arc","1",5,"treat_none",0.65,0,0,4
"3arc","1",5,"treat_none",0.66,0,0,4
"3arc","1",5,"treat_none",0.67,0,0,4
"3arc","1",5,"treat_none",0.68,0,0,4
"3arc","1",5,"treat_none",0.69,0,0,4
"3arc","1",5,"treat_none",0.7,0,0,4
"3arc","1",5,"treat_none",0.71,0,0,4
"3arc","1",5,"treat_none",0.72,0,0,4
"3arc","1",5,"treat_none",0.73,0,0,4
"3arc","1",5,"treat_none",0.74,0,0,4
"3arc","1",5,"treat_none",0.75,0,0,4
"3arc","1",5,"treat_none",0.76,0,0,4
"3arc","1",5,"treat_none",0.77,0,0,4
"3arc","1",5,"treat_none",0.78,0,0,4
"3arc","1",5,"treat_none",0.79,0,0,4
"3arc","1",5,"treat_none",0.8,0,0,4
"3arc","1",5,"treat_none",0.81,0,0,4
"3arc","1",5,"treat_none",0.82,0,0,4
"3arc","1",5,"treat_none",0.83,0,0,4
"3arc","1",5,"treat_none",0.84,0,0,4
"3arc","1",5,"treat_none",0.85,0,0,4
"3arc","1",5,"treat_none",0.86,0,0,4
"3arc","1",5,"treat_none",0.87,0,0,4
"3arc","1",5,"treat_none",0.88,0,0,4
"3arc","1",5,"treat_none",0.89,0,0,4
"3arc","1",5,"treat_none",0.9,0,0,4
"3arc","1",5,"treat_none",0.91,0,0,4
"3arc","1",5,"treat_none",0.92,0,0,4
"3arc","1",5,"treat_none",0.93,0,0,4
"3arc","1",5,"treat_none",0.94,0,0,4
"3arc","1",5,"treat_none",0.95,0,0,4
"3arc","1",5,"treat_none",0.96,0,0,4
"3arc","1",5,"treat_none",0.97,0,0,4
"3arc","1",5,"treat_none",0.98,0,0,4
"3arc","1",5,"treat_none",0.99,0,0,4
