"metric","estimate","std_error","resolution","iteration","PAratio","distOrder","seed","n_test"
"pr_auc",0.713707098564,NA,"1-3arc","0",1.25,0,1016,51
"roc_auc",0.641065830721003,NA,"1-3arc","0",1.25,0,1016,51
"brier_class",0.236545176470588,NA,"1-3arc","0",1.25,0,1016,51
"brier_scaled",0.0356520313479624,NA,"1-3arc","0",1.25,0,1016,51
"prevalence",0.431372549019608,NA,"1-3arc","0",1.25,0,1016,51
"cox_intercept",2.18318644951967,0.410547052144568,"1-3arc","0",1.25,0,1016,51
"cox_slope",0.258095662100194,0.107673969084524,"1-3arc","0",1.25,0,1016,51
"dca_prop_useful",0.696969696969697,NA,"1-3arc","0",1.25,0,1016,51
"dca_mean_excess_nb",0.072095973282898,NA,"1-3arc","0",1.25,0,1016,51
"dca_nb_pt25",0.176470588235294,NA,"1-3arc","0",1.25,0,1016,51
"dca_nb_pt50",0.156862745098039,NA,"1-3arc","0",1.25,0,1016,51
"dca_nb_pt75",0.196078431372549,NA,"1-3arc","0",1.25,0,1016,51
"pr_auc",0.836417298214354,NA,"1-3arc","0",1.25,0,1017,47
"roc_auc",0.831818181818182,NA,"1-3arc","0",1.25,0,1017,47
"brier_class",0.202298042553192,NA,"1-3arc","0",1.25,0,1017,47
"brier_scaled",0.187497498181818,NA,"1-3arc","0",1.25,0,1017,47
"prevalence",0.468085106382979,NA,"1-3arc","0",1.25,0,1017,47
"cox_intercept",1.2881474350588,0.360462348757993,"1-3arc","0",1.25,0,1017,47
"cox_slope",1.07638274562547,0.439387661723382,"1-3arc","0",1.25,0,1017,47
"dca_prop_useful",0.717171717171717,NA,"1-3arc","0",1.25,0,1017,47
"dca_mean_excess_nb",0.0933478770515811,NA,"1-3arc","0",1.25,0,1017,47
"dca_nb_pt25",0.198581560283688,NA,"1-3arc","0",1.25,0,1017,47
"dca_nb_pt50",0.212765957446809,NA,"1-3arc","0",1.25,0,1017,47
"dca_nb_pt75",0.191489361702128,NA,"1-3arc","0",1.25,0,1017,47
"pr_auc",0.805050305837523,NA,"1-3arc","0",1.25,0,1018,52
"roc_auc",0.824242424242424,NA,"1-3arc","0",1.25,0,1018,52
"brier_class",0.178601615384615,NA,"1-3arc","0",1.25,0,1018,52
"brier_scaled",0.268274593939394,NA,"1-3arc","0",1.25,0,1018,52
"prevalence",0.423076923076923,NA,"1-3arc","0",1.25,0,1018,52
"cox_intercept",0.948143840226274,0.349439190704695,"1-3arc","0",1.25,0,1018,52
"cox_slope",1.09942126104872,0.422298250293981,"1-3arc","0",1.25,0,1018,52
"dca_prop_useful",0.797979797979798,NA,"1-3arc","0",1.25,0,1018,52
"dca_mean_excess_nb",0.102449356016331,NA,"1-3arc","0",1.25,0,1018,52
"dca_nb_pt25",0.173076923076923,NA,"1-3arc","0",1.25,0,1018,52
"dca_nb_pt50",0.192307692307692,NA,"1-3arc","0",1.25,0,1018,52
"dca_nb_pt75",0.192307692307692,NA,"1-3arc","0",1.25,0,1018,52
"pr_auc",0.716906610689715,NA,"1-3arc","0",1.25,0,1019,54
"roc_auc",0.690340909090909,NA,"1-3arc","0",1.25,0,1019,54
"brier_class",0.213416444444444,NA,"1-3arc","0",1.25,0,1019,54
"brier_scaled",0.116019386363636,NA,"1-3arc","0",1.25,0,1019,54
"prevalence",0.407407407407407,NA,"1-3arc","0",1.25,0,1019,54
"cox_intercept",2.10024657109879,0.382508697838585,"1-3arc","0",1.25,0,1019,54
"cox_slope",0.343898756175431,0.142768801603282,"1-3arc","0",1.25,0,1019,54
"dca_prop_useful",0.727272727272727,NA,"1-3arc","0",1.25,0,1019,54
"dca_mean_excess_nb",0.0893425732555737,NA,"1-3arc","0",1.25,0,1019,54
"dca_nb_pt25",0.166666666666667,NA,"1-3arc","0",1.25,0,1019,54
"dca_nb_pt50",0.185185185185185,NA,"1-3arc","0",1.25,0,1019,54
"dca_nb_pt75",0.185185185185185,NA,"1-3arc","0",1.25,0,1019,54
"pr_auc",0.80517072307967,NA,"1-3arc","0",1.25,0,1020,51
"roc_auc",0.83307210031348,NA,"1-3arc","0",1.25,0,1020,51
"brier_class",0.21206831372549,NA,"1-3arc","0",1.25,0,1020,51
"brier_scaled",0.13543936677116,NA,"1-3arc","0",1.25,0,1020,51
"prevalence",0.431372549019608,NA,"1-3arc","0",1.25,0,1020,51
"cox_intercept",1.60172897629595,0.370984134903649,"1-3arc","0",1.25,0,1020,51
"cox_slope",0.669703546747582,0.263613483842529,"1-3arc","0",1.25,0,1020,51
"dca_prop_useful",0.757575757575758,NA,"1-3arc","0",1.25,0,1020,51
"dca_mean_excess_nb",0.0843440203628168,NA,"1-3arc","0",1.25,0,1020,51
"dca_nb_pt25",0.176470588235294,NA,"1-3arc","0",1.25,0,1020,51
"dca_nb_pt50",0.156862745098039,NA,"1-3arc","0",1.25,0,1020,51
"dca_nb_pt75",0.176470588235294,NA,"1-3arc","0",1.25,0,1020,51
"pr_auc",0.877865030038854,NA,"1-3arc","0",1.25,0,1026,43
"roc_auc",0.877705627705628,NA,"1-3arc","0",1.25,0,1026,43
"brier_class",0.18483711627907,NA,"1-3arc","0",1.25,0,1026,43
"brier_scaled",0.260251454545455,NA,"1-3arc","0",1.25,0,1026,43
"prevalence",0.511627906976744,NA,"1-3arc","0",1.25,0,1026,43
"cox_intercept",0.955682998301426,0.38933110938523,"1-3arc","0",1.25,0,1026,43
"cox_slope",1.07979272896619,0.409431365159478,"1-3arc","0",1.25,0,1026,43
"dca_prop_useful",0.868686868686869,NA,"1-3arc","0",1.25,0,1026,43
"dca_mean_excess_nb",0.108780380498604,NA,"1-3arc","0",1.25,0,1026,43
"dca_nb_pt25",0.387596899224806,NA,"1-3arc","0",1.25,0,1026,43
"dca_nb_pt50",0.209302325581395,NA,"1-3arc","0",1.25,0,1026,43
"dca_nb_pt75",0.232558139534884,NA,"1-3arc","0",1.25,0,1026,43
"pr_auc",0.668075793762426,NA,"1-3arc","0",1.25,0,1027,50
"roc_auc",0.50487012987013,NA,"1-3arc","0",1.25,0,1027,50
"brier_class",0.2449036,NA,"1-3arc","0",1.25,0,1027,50
"brier_scaled",0.00607305194805208,NA,"1-3arc","0",1.25,0,1027,50
"prevalence",0.44,NA,"1-3arc","0",1.25,0,1027,50
"cox_intercept",1.61792260047013,0.394840027364789,"1-3arc","0",1.25,0,1027,50
"cox_slope",0.181768236361937,0.0845738962819778,"1-3arc","0",1.25,0,1027,50
"dca_prop_useful",0.676767676767677,NA,"1-3arc","0",1.25,0,1027,50
"dca_mean_excess_nb",0.0761752850095793,NA,"1-3arc","0",1.25,0,1027,50
"dca_nb_pt25",0.16,NA,"1-3arc","0",1.25,0,1027,50
"dca_nb_pt50",0.2,NA,"1-3arc","0",1.25,0,1027,50
"dca_nb_pt75",0.2,NA,"1-3arc","0",1.25,0,1027,50
"pr_auc",0.775215830836311,NA,"1-3arc","0",1.25,0,1028,46
"roc_auc",0.743371212121212,NA,"1-3arc","0",1.25,0,1028,46
"brier_class",0.256025217391304,NA,"1-3arc","0",1.25,0,1028,46
"brier_scaled",-0.0260404545454547,NA,"1-3arc","0",1.25,0,1028,46
"prevalence",0.478260869565217,NA,"1-3arc","0",1.25,0,1028,46
"cox_intercept",2.33585907549562,0.40055914635498,"1-3arc","0",1.25,0,1028,46
"cox_slope",0.353910789224474,0.156388862504688,"1-3arc","0",1.25,0,1028,46
"dca_prop_useful",0.656565656565657,NA,"1-3arc","0",1.25,0,1028,46
"dca_mean_excess_nb",0.0637489963325125,NA,"1-3arc","0",1.25,0,1028,46
"dca_nb_pt25",0.202898550724638,NA,"1-3arc","0",1.25,0,1028,46
"dca_nb_pt50",0.195652173913043,NA,"1-3arc","0",1.25,0,1028,46
"dca_nb_pt75",0.195652173913043,NA,"1-3arc","0",1.25,0,1028,46
"pr_auc",0.719708888293945,NA,"1-3arc","0",1.25,0,1029,50
"roc_auc",0.62987012987013,NA,"1-3arc","0",1.25,0,1029,50
"brier_class",0.23918896,NA,"1-3arc","0",1.25,0,1029,50
"brier_scaled",0.0292655844155846,NA,"1-3arc","0",1.25,0,1029,50
"prevalence",0.44,NA,"1-3arc","0",1.25,0,1029,50
"cox_intercept",2.21508731085896,0.397382313000096,"1-3arc","0",1.25,0,1029,50
"cox_slope",0.237970635479991,0.105959828114656,"1-3arc","0",1.25,0,1029,50
"dca_prop_useful",0.696969696969697,NA,"1-3arc","0",1.25,0,1029,50
"dca_mean_excess_nb",0.0694339488143603,NA,"1-3arc","0",1.25,0,1029,50
"dca_nb_pt25",0.186666666666667,NA,"1-3arc","0",1.25,0,1029,50
"dca_nb_pt50",0.18,NA,"1-3arc","0",1.25,0,1029,50
"dca_nb_pt75",0.14,NA,"1-3arc","0",1.25,0,1029,50
"pr_auc",0.705453856195995,NA,"1-3arc","0",1.25,0,1030,47
"roc_auc",0.589090909090909,NA,"1-3arc","0",1.25,0,1030,47
"brier_class",0.26109029787234,NA,"1-3arc","0",1.25,0,1030,47
"brier_scaled",-0.0486335781818181,NA,"1-3arc","0",1.25,0,1030,47
"prevalence",0.468085106382979,NA,"1-3arc","0",1.25,0,1030,47
"cox_intercept",1.87877471019977,0.40432744730774,"1-3arc","0",1.25,0,1030,47
"cox_slope",0.209444892156232,0.099375142606711,"1-3arc","0",1.25,0,1030,47
"dca_prop_useful",0.676767676767677,NA,"1-3arc","0",1.25,0,1030,47
"dca_mean_excess_nb",0.0607252784192816,NA,"1-3arc","0",1.25,0,1030,47
"dca_nb_pt25",0.198581560283688,NA,"1-3arc","0",1.25,0,1030,47
"dca_nb_pt50",0.191489361702128,NA,"1-3arc","0",1.25,0,1030,47
"dca_nb_pt75",0.148936170212766,NA,"1-3arc","0",1.25,0,1030,47
"pr_auc",0.67777281579388,NA,"1-3arc","0",1.25,0,1031,50
"roc_auc",0.522727272727273,NA,"1-3arc","0",1.25,0,1031,50
"brier_class",0.26161472,NA,"1-3arc","0",1.25,0,1031,50
"brier_scaled",-0.061748051948052,NA,"1-3arc","0",1.25,0,1031,50
"prevalence",0.44,NA,"1-3arc","0",1.25,0,1031,50
"cox_intercept",2.07161530872542,0.451630901783722,"1-3arc","0",1.25,0,1031,50
"cox_slope",0.153103246007288,0.0683284819854056,"1-3arc","0",1.25,0,1031,50
"dca_prop_useful",0.676767676767677,NA,"1-3arc","0",1.25,0,1031,50
"dca_mean_excess_nb",0.0499435414949808,NA,"1-3arc","0",1.25,0,1031,50
"dca_nb_pt25",0.186666666666667,NA,"1-3arc","0",1.25,0,1031,50
"dca_nb_pt50",0.14,NA,"1-3arc","0",1.25,0,1031,50
"dca_nb_pt75",0.14,NA,"1-3arc","0",1.25,0,1031,50
"pr_auc",0.79360669250364,NA,"1-3arc","0",1.25,0,1032,44
"roc_auc",0.745867768595041,NA,"1-3arc","0",1.25,0,1032,44
"brier_class",0.257097818181818,NA,"1-3arc","0",1.25,0,1032,44
"brier_scaled",-0.0283912727272726,NA,"1-3arc","0",1.25,0,1032,44
"prevalence",0.5,NA,"1-3arc","0",1.25,0,1032,44
"cox_intercept",2.64444012160681,0.453324217718969,"1-3arc","0",1.25,0,1032,44
"cox_slope",0.30207051990634,0.128050495490514,"1-3arc","0",1.25,0,1032,44
"dca_prop_useful",0.646464646464647,NA,"1-3arc","0",1.25,0,1032,44
"dca_mean_excess_nb",0.0701242298996194,NA,"1-3arc","0",1.25,0,1032,44
"dca_nb_pt25",0.234848484848485,NA,"1-3arc","0",1.25,0,1032,44
"dca_nb_pt50",0.227272727272727,NA,"1-3arc","0",1.25,0,1032,44
"dca_nb_pt75",0.204545454545455,NA,"1-3arc","0",1.25,0,1032,44
"pr_auc",0.751070871579617,NA,"1-3arc","0",1.25,0,1033,59
"roc_auc",0.751228501228501,NA,"1-3arc","0",1.25,0,1033,59
"brier_class",0.162099593220339,NA,"1-3arc","0",1.25,0,1033,59
"brier_scaled",0.306795228501229,NA,"1-3arc","0",1.25,0,1033,59
"prevalence",0.372881355932203,NA,"1-3arc","0",1.25,0,1033,59
"cox_intercept",0.416445507825635,0.335023739770197,"1-3arc","0",1.25,0,1033,59
"cox_slope",0.797738882484613,0.311634699512192,"1-3arc","0",1.25,0,1033,59
"dca_prop_useful",0.838383838383838,NA,"1-3arc","0",1.25,0,1033,59
"dca_mean_excess_nb",0.100360405797422,NA,"1-3arc","0",1.25,0,1033,59
"dca_nb_pt25",0.129943502824859,NA,"1-3arc","0",1.25,0,1033,59
"dca_nb_pt50",0.169491525423729,NA,"1-3arc","0",1.25,0,1033,59
"dca_nb_pt75",0.152542372881356,NA,"1-3arc","0",1.25,0,1033,59
"pr_auc",0.752541794398834,NA,"1-3arc","0",1.25,0,1034,57
"roc_auc",0.772077922077922,NA,"1-3arc","0",1.25,0,1034,57
"brier_class",0.184281964912281,NA,"1-3arc","0",1.25,0,1034,57
"brier_scaled",0.222425838961039,NA,"1-3arc","0",1.25,0,1034,57
"prevalence",0.385964912280702,NA,"1-3arc","0",1.25,0,1034,57
"cox_intercept",0.544451903591151,0.336261459941852,"1-3arc","0",1.25,0,1034,57
"cox_slope",0.695757486050761,0.276956065868992,"1-3arc","0",1.25,0,1034,57
"dca_prop_useful",0.777777777777778,NA,"1-3arc","0",1.25,0,1034,57
"dca_mean_excess_nb",0.0824209499886333,NA,"1-3arc","0",1.25,0,1034,57
"dca_nb_pt25",0.181286549707602,NA,"1-3arc","0",1.25,0,1034,57
"dca_nb_pt50",0.105263157894737,NA,"1-3arc","0",1.25,0,1034,57
"dca_nb_pt75",0.157894736842105,NA,"1-3arc","0",1.25,0,1034,57
"pr_auc",0.779843554956496,NA,"1-3arc","0",1.25,0,1035,50
"roc_auc",0.761363636363636,NA,"1-3arc","0",1.25,0,1035,50
"brier_class",0.21147888,NA,"1-3arc","0",1.25,0,1035,50
"brier_scaled",0.141725324675325,NA,"1-3arc","0",1.25,0,1035,50
"prevalence",0.44,NA,"1-3arc","0",1.25,0,1035,50
"cox_intercept",1.99628972936297,0.398142507650099,"1-3arc","0",1.25,0,1035,50
"cox_slope",0.407447307340313,0.163918783778891,"1-3arc","0",1.25,0,1035,50
"dca_prop_useful",0.707070707070707,NA,"1-3arc","0",1.25,0,1035,50
"dca_mean_excess_nb",0.095346555315801,NA,"1-3arc","0",1.25,0,1035,50
"dca_nb_pt25",0.193333333333333,NA,"1-3arc","0",1.25,0,1035,50
"dca_nb_pt50",0.2,NA,"1-3arc","0",1.25,0,1035,50
"dca_nb_pt75",0.2,NA,"1-3arc","0",1.25,0,1035,50
"pr_auc",0.685581684646733,NA,"1-3arc","0",1.5,0,1013,53
"roc_auc",0.605571847507331,NA,"1-3arc","0",1.5,0,1013,53
"brier_class",0.282501056603774,NA,"1-3arc","0",1.5,0,1013,53
"brier_scaled",-0.163556404692082,NA,"1-3arc","0",1.5,0,1013,53
"prevalence",0.415094339622642,NA,"1-3arc","0",1.5,0,1013,53
"cox_intercept",2.17983921307083,0.656537758235814,"1-3arc","0",1.5,0,1013,53
"cox_slope",0.0559439277678756,0.0336491922475014,"1-3arc","0",1.5,0,1013,53
"dca_prop_useful",0.535353535353535,NA,"1-3arc","0",1.5,0,1013,53
"dca_mean_excess_nb",-0.0069852519218598,NA,"1-3arc","0",1.5,0,1013,53
"dca_nb_pt25",0.138364779874214,NA,"1-3arc","0",1.5,0,1013,53
"dca_nb_pt50",0.113207547169811,NA,"1-3arc","0",1.5,0,1013,53
"dca_nb_pt75",0.0188679245283019,NA,"1-3arc","0",1.5,0,1013,53
"pr_auc",0.854562305333235,NA,"1-3arc","0",1.5,0,1014,51
"roc_auc",0.884012539184953,NA,"1-3arc","0",1.5,0,1014,51
"brier_class",0.183143921568627,NA,"1-3arc","0",1.5,0,1014,51
"brier_scaled",0.253358401253918,NA,"1-3arc","0",1.5,0,1014,51
"prevalence",0.431372549019608,NA,"1-3arc","0",1.5,0,1014,51
"cox_intercept",1.16598541094292,0.364094390454722,"1-3arc","0",1.5,0,1014,51
"cox_slope",1.02982654362045,0.371078703354565,"1-3arc","0",1.5,0,1014,51
"dca_prop_useful",0.777777777777778,NA,"1-3arc","0",1.5,0,1014,51
"dca_mean_excess_nb",0.102821617895477,NA,"1-3arc","0",1.5,0,1014,51
"dca_nb_pt25",0.189542483660131,NA,"1-3arc","0",1.5,0,1014,51
"dca_nb_pt50",0.176470588235294,NA,"1-3arc","0",1.5,0,1014,51
"dca_nb_pt75",0.196078431372549,NA,"1-3arc","0",1.5,0,1014,51
"pr_auc",0.669558860198812,NA,"1-3arc","0",1.5,0,1015,65
"roc_auc",0.591437632135307,NA,"1-3arc","0",1.5,0,1015,65
"brier_class",0.186627753846154,NA,"1-3arc","0",1.5,0,1015,65
"brier_scaled",0.166488097251586,NA,"1-3arc","0",1.5,0,1015,65
"prevalence",0.338461538461538,NA,"1-3arc","0",1.5,0,1015,65
"cox_intercept",4.02536359230647,0.393912104053951,"1-3arc","0",1.5,0,1015,65
"cox_slope",0.0917172548688905,0.0431887089207605,"1-3arc","0",1.5,0,1015,65
"dca_prop_useful",0.777777777777778,NA,"1-3arc","0",1.5,0,1015,65
"dca_mean_excess_nb",0.0792917008221493,NA,"1-3arc","0",1.5,0,1015,65
"dca_nb_pt25",0.148717948717949,NA,"1-3arc","0",1.5,0,1015,65
"dca_nb_pt50",0.153846153846154,NA,"1-3arc","0",1.5,0,1015,65
"dca_nb_pt75",0.138461538461538,NA,"1-3arc","0",1.5,0,1015,65
"pr_auc",0.769114756345567,NA,"1-3arc","0",1.75,0,1021,55
"roc_auc",0.78030303030303,NA,"1-3arc","0",1.75,0,1021,55
"brier_class",0.190310836363636,NA,"1-3arc","0",1.75,0,1021,55
"brier_scaled",0.207038181818182,NA,"1-3arc","0",1.75,0,1021,55
"prevalence",0.4,NA,"1-3arc","0",1.75,0,1021,55
"cox_intercept",1.11800189329327,0.350346383488991,"1-3arc","0",1.75,0,1021,55
"cox_slope",0.710238303194265,0.260781578733011,"1-3arc","0",1.75,0,1021,55
"dca_prop_useful",0.747474747474748,NA,"1-3arc","0",1.75,0,1021,55
"dca_mean_excess_nb",0.0863853514499447,NA,"1-3arc","0",1.75,0,1021,55
"dca_nb_pt25",0.145454545454545,NA,"1-3arc","0",1.75,0,1021,55
"dca_nb_pt50",0.163636363636364,NA,"1-3arc","0",1.75,0,1021,55
"dca_nb_pt75",0.163636363636364,NA,"1-3arc","0",1.75,0,1021,55
"pr_auc",0.692634669302717,NA,"1-3arc","0",1.75,0,1022,58
"roc_auc",0.679292929292929,NA,"1-3arc","0",1.75,0,1022,58
"brier_class",0.204909793103448,NA,"1-3arc","0",1.75,0,1022,58
"brier_scaled",0.129650828282828,NA,"1-3arc","0",1.75,0,1022,58
"prevalence",0.379310344827586,NA,"1-3arc","0",1.75,0,1022,58
"cox_intercept",2.79680250185132,0.38911676902332,"1-3arc","0",1.75,0,1022,58
"cox_slope",0.278147828708444,0.113549323579514,"1-3arc","0",1.75,0,1022,58
"dca_prop_useful",0.757575757575758,NA,"1-3arc","0",1.75,0,1022,58
"dca_mean_excess_nb",0.0825962637704813,NA,"1-3arc","0",1.75,0,1022,58
"dca_nb_pt25",0.172413793103448,NA,"1-3arc","0",1.75,0,1022,58
"dca_nb_pt50",0.172413793103448,NA,"1-3arc","0",1.75,0,1022,58
"dca_nb_pt75",0.172413793103448,NA,"1-3arc","0",1.75,0,1022,58
"pr_auc",0.740641361827355,NA,"1-3arc","0",1.75,0,1023,61
"roc_auc",0.782051282051282,NA,"1-3arc","0",1.75,0,1023,61
"brier_class",0.174552327868852,NA,"1-3arc","0",1.75,0,1023,61
"brier_scaled",0.242996256410257,NA,"1-3arc","0",1.75,0,1023,61
"prevalence",0.360655737704918,NA,"1-3arc","0",1.75,0,1023,61
"cox_intercept",1.06070156975182,0.34727728093982,"1-3arc","0",1.75,0,1023,61
"cox_slope",0.704546023158956,0.230835978574052,"1-3arc","0",1.75,0,1023,61
"dca_prop_useful",0.777777777777778,NA,"1-3arc","0",1.75,0,1023,61
"dca_mean_excess_nb",0.0848566395269354,NA,"1-3arc","0",1.75,0,1023,61
"dca_nb_pt25",0.153005464480874,NA,"1-3arc","0",1.75,0,1023,61
"dca_nb_pt50",0.163934426229508,NA,"1-3arc","0",1.75,0,1023,61
"dca_nb_pt75",0.147540983606557,NA,"1-3arc","0",1.75,0,1023,61
"pr_auc",0.770277188459999,NA,"1-3arc","0",1.75,0,1024,57
"roc_auc",0.8,NA,"1-3arc","0",1.75,0,1024,57
"brier_class",0.179486666666667,NA,"1-3arc","0",1.75,0,1024,57
"brier_scaled",0.242659506493507,NA,"1-3arc","0",1.75,0,1024,57
"prevalence",0.385964912280702,NA,"1-3arc","0",1.75,0,1024,57
"cox_intercept",0.81215348170136,0.346670903512374,"1-3arc","0",1.75,0,1024,57
"cox_slope",0.745311426538069,0.26768141052248,"1-3arc","0",1.75,0,1024,57
"dca_prop_useful",0.747474747474748,NA,"1-3arc","0",1.75,0,1024,57
"dca_mean_excess_nb",0.0908190795381512,NA,"1-3arc","0",1.75,0,1024,57
"dca_nb_pt25",0.157894736842105,NA,"1-3arc","0",1.75,0,1024,57
"dca_nb_pt50",0.157894736842105,NA,"1-3arc","0",1.75,0,1024,57
"dca_nb_pt75",0.157894736842105,NA,"1-3arc","0",1.75,0,1024,57
"pr_auc",0.633276819251907,NA,"1-3arc","0",1.75,0,1025,68
"roc_auc",0.546936758893281,NA,"1-3arc","0",1.75,0,1025,68
"brier_class",0.192036235294118,NA,"1-3arc","0",1.75,0,1025,68
"brier_scaled",0.122553802371542,NA,"1-3arc","0",1.75,0,1025,68
"prevalence",0.323529411764706,NA,"1-3arc","0",1.75,0,1025,68
"cox_intercept",0.958785273813122,0.345708934773843,"1-3arc","0",1.75,0,1025,68
"cox_slope",0.0387400836527425,0.0454450163918652,"1-3arc","0",1.75,0,1025,68
"dca_prop_useful",0.767676767676768,NA,"1-3arc","0",1.75,0,1025,68
"dca_mean_excess_nb",0.0616347228632761,NA,"1-3arc","0",1.75,0,1025,68
"dca_nb_pt25",0.117647058823529,NA,"1-3arc","0",1.75,0,1025,68
"dca_nb_pt50",0.132352941176471,NA,"1-3arc","0",1.75,0,1025,68
"dca_nb_pt75",0.0882352941176471,NA,"1-3arc","0",1.75,0,1025,68
"pr_auc",0.697561858475756,NA,"1-3arc","0",1,0,1001,51
"roc_auc",0.617554858934169,NA,"1-3arc","0",1,0,1001,51
"brier_class",0.237234509803922,NA,"1-3arc","0",1,0,1001,51
"brier_scaled",0.0328417554858935,NA,"1-3arc","0",1,0,1001,51
"prevalence",0.431372549019608,NA,"1-3arc","0",1,0,1001,51
"cox_intercept",0.406706589628674,0.366265649041643,"1-3arc","0",1,0,1001,51
"cox_slope",0.313732412600348,0.153785583240604,"1-3arc","0",1,0,1001,51
"dca_prop_useful",0.686868686868687,NA,"1-3arc","0",1,0,1001,51
"dca_mean_excess_nb",0.051353723784179,NA,"1-3arc","0",1,0,1001,51
"dca_nb_pt25",0.150326797385621,NA,"1-3arc","0",1,0,1001,51
"dca_nb_pt50",0.117647058823529,NA,"1-3arc","0",1,0,1001,51
"dca_nb_pt75",0.137254901960784,NA,"1-3arc","0",1,0,1001,51
"pr_auc",0.746905468638098,NA,"1-3arc","0",1,0,1002,46
"roc_auc",0.607954545454545,NA,"1-3arc","0",1,0,1002,46
"brier_class",0.24642,NA,"1-3arc","0",1,0,1002,46
"brier_scaled",0.0124531818181818,NA,"1-3arc","0",1,0,1002,46
"prevalence",0.478260869565217,NA,"1-3arc","0",1,0,1002,46
"cox_intercept",1.46791779781873,0.382055454941231,"1-3arc","0",1,0,1002,46
"cox_slope",0.0110490236000707,0.0429480469209598,"1-3arc","0",1,0,1002,46
"dca_prop_useful",0.656565656565657,NA,"1-3arc","0",1,0,1002,46
"dca_mean_excess_nb",0.0772354380512807,NA,"1-3arc","0",1,0,1002,46
"dca_nb_pt25",0.217391304347826,NA,"1-3arc","0",1,0,1002,46
"dca_nb_pt50",0.217391304347826,NA,"1-3arc","0",1,0,1002,46
"dca_nb_pt75",0.195652173913043,NA,"1-3arc","0",1,0,1002,46
"pr_auc",0.688358229585263,NA,"1-3arc","0",1,0,1003,52
"roc_auc",0.575,NA,"1-3arc","0",1,0,1003,52
"brier_class",0.251946076923077,NA,"1-3arc","0",1,0,1003,52
"brier_scaled",-0.0322154424242425,NA,"1-3arc","0",1,0,1003,52
"prevalence",0.423076923076923,NA,"1-3arc","0",1,0,1003,52
"cox_intercept",0.897241785640307,0.408498763954093,"1-3arc","0",1,0,1003,52
"cox_slope",0.202922068813325,0.0832593091198232,"1-3arc","0",1,0,1003,52
"dca_prop_useful",0.676767676767677,NA,"1-3arc","0",1,0,1003,52
"dca_mean_excess_nb",0.039988067894493,NA,"1-3arc","0",1,0,1003,52
"dca_nb_pt25",0.179487179487179,NA,"1-3arc","0",1,0,1003,52
"dca_nb_pt50",0.134615384615385,NA,"1-3arc","0",1,0,1003,52
"dca_nb_pt75",0.134615384615385,NA,"1-3arc","0",1,0,1003,52
"pr_auc",0.785014666784715,NA,"1-3arc","0",2,0,1004,58
"roc_auc",0.815656565656566,NA,"1-3arc","0",2,0,1004,58
"brier_class",0.17281075862069,NA,"1-3arc","0",2,0,1004,58
"brier_scaled",0.265990666666667,NA,"1-3arc","0",2,0,1004,58
"prevalence",0.379310344827586,NA,"1-3arc","0",2,0,1004,58
"cox_intercept",1.14262313463664,0.335547669255251,"1-3arc","0",2,0,1004,58
"cox_slope",1.10140425737698,0.411906334032551,"1-3arc","0",2,0,1004,58
"dca_prop_useful",0.767676767676768,NA,"1-3arc","0",2,0,1004,58
"dca_mean_excess_nb",0.0929044645974936,NA,"1-3arc","0",2,0,1004,58
"dca_nb_pt25",0.166666666666667,NA,"1-3arc","0",2,0,1004,58
"dca_nb_pt50",0.172413793103448,NA,"1-3arc","0",2,0,1004,58
"dca_nb_pt75",0.172413793103448,NA,"1-3arc","0",2,0,1004,58
"pr_auc",0.813477998840777,NA,"1-3arc","0",2,0,1005,62
"roc_auc",0.848295454545455,NA,"1-3arc","0",2,0,1005,62
"brier_class",0.160085806451613,NA,"1-3arc","0",2,0,1005,62
"brier_scaled",0.300716090909091,NA,"1-3arc","0",2,0,1005,62
"prevalence",0.354838709677419,NA,"1-3arc","0",2,0,1005,62
"cox_intercept",0.982364386855953,0.331093874854801,"1-3arc","0",2,0,1005,62
"cox_slope",1.1107091207277,0.379896189165236,"1-3arc","0",2,0,1005,62
"dca_prop_useful",0.838383838383838,NA,"1-3arc","0",2,0,1005,62
"dca_mean_excess_nb",0.0908847260971727,NA,"1-3arc","0",2,0,1005,62
"dca_nb_pt25",0.145161290322581,NA,"1-3arc","0",2,0,1005,62
"dca_nb_pt50",0.161290322580645,NA,"1-3arc","0",2,0,1005,62
"dca_nb_pt75",0.112903225806452,NA,"1-3arc","0",2,0,1005,62
"pr_auc",0.678178711642618,NA,"1-3arc","0",2,0,1006,71
"roc_auc",0.717996289424861,NA,"1-3arc","0",2,0,1006,71
"brier_class",0.174864507042254,NA,"1-3arc","0",2,0,1006,71
"brier_scaled",0.182289443413729,NA,"1-3arc","0",2,0,1006,71
"prevalence",0.309859154929577,NA,"1-3arc","0",2,0,1006,71
"cox_intercept",0.121939078004079,0.348176807597615,"1-3arc","0",2,0,1006,71
"cox_slope",0.509394313285128,0.161171767618554,"1-3arc","0",2,0,1006,71
"dca_prop_useful",0.808080808080808,NA,"1-3arc","0",2,0,1006,71
"dca_mean_excess_nb",0.0622637648903009,NA,"1-3arc","0",2,0,1006,71
"dca_nb_pt25",0.112676056338028,NA,"1-3arc","0",2,0,1006,71
"dca_nb_pt50",0.0563380281690141,NA,"1-3arc","0",2,0,1006,71
"dca_nb_pt75",0.0985915492957747,NA,"1-3arc","0",2,0,1006,71
"pr_auc",0.710544238404788,NA,"1-3arc","0",3,0,1007,85
"roc_auc",0.823593073593074,NA,"1-3arc","0",3,0,1007,85
"brier_class",0.130482541176471,NA,"1-3arc","0",3,0,1007,85
"brier_scaled",0.319815036075036,NA,"1-3arc","0",3,0,1007,85
"prevalence",0.258823529411765,NA,"1-3arc","0",3,0,1007,85
"cox_intercept",0.952969186072553,0.319821428513504,"1-3arc","0",3,0,1007,85
"cox_slope",0.889626162439886,0.250097573442937,"1-3arc","0",3,0,1007,85
"dca_prop_useful",0.868686868686869,NA,"1-3arc","0",3,0,1007,85
"dca_mean_excess_nb",0.0729864996407418,NA,"1-3arc","0",3,0,1007,85
"dca_nb_pt25",0.101960784313725,NA,"1-3arc","0",3,0,1007,85
"dca_nb_pt50",0.117647058823529,NA,"1-3arc","0",3,0,1007,85
"dca_nb_pt75",0.0823529411764706,NA,"1-3arc","0",3,0,1007,85
"pr_auc",0.601558790276119,NA,"1-3arc","0",3,0,1008,89
"roc_auc",0.620081411126187,NA,"1-3arc","0",3,0,1008,89
"brier_class",0.13651204494382,NA,"1-3arc","0",3,0,1008,89
"brier_scaled",0.266409831750339,NA,"1-3arc","0",3,0,1008,89
"prevalence",0.247191011235955,NA,"1-3arc","0",3,0,1008,89
"cox_intercept",2.32762204052348,0.379799312208021,"1-3arc","0",3,0,1008,89
"cox_slope",0.141945330749313,0.0490758207666947,"1-3arc","0",3,0,1008,89
"dca_prop_useful",0.848484848484849,NA,"1-3arc","0",3,0,1008,89
"dca_mean_excess_nb",0.0750738263984452,NA,"1-3arc","0",3,0,1008,89
"dca_nb_pt25",0.108614232209738,NA,"1-3arc","0",3,0,1008,89
"dca_nb_pt50",0.112359550561798,NA,"1-3arc","0",3,0,1008,89
"dca_nb_pt75",0.112359550561798,NA,"1-3arc","0",3,0,1008,89
"pr_auc",0.694961190756699,NA,"1-3arc","0",3,0,1009,84
"roc_auc",0.796187683284457,NA,"1-3arc","0",3,0,1009,84
"brier_class",0.134987047619048,NA,"1-3arc","0",3,0,1009,84
"brier_scaled",0.301709231671554,NA,"1-3arc","0",3,0,1009,84
"prevalence",0.261904761904762,NA,"1-3arc","0",3,0,1009,84
"cox_intercept",0.988050841004093,0.319191579419226,"1-3arc","0",3,0,1009,84
"cox_slope",0.786879929974934,0.238319422506075,"1-3arc","0",3,0,1009,84
"dca_prop_useful",0.848484848484849,NA,"1-3arc","0",3,0,1009,84
"dca_mean_excess_nb",0.0729941412415047,NA,"1-3arc","0",3,0,1009,84
"dca_nb_pt25",0.111111111111111,NA,"1-3arc","0",3,0,1009,84
"dca_nb_pt50",0.107142857142857,NA,"1-3arc","0",3,0,1009,84
"dca_nb_pt75",0.107142857142857,NA,"1-3arc","0",3,0,1009,84
"pr_auc",0.625238120410518,NA,"1-3arc","0",4,0,1010,113
"roc_auc",0.770729270729271,NA,"1-3arc","0",4,0,1010,113
"brier_class",0.109173026548673,NA,"1-3arc","0",4,0,1010,113
"brier_scaled",0.303681130869131,NA,"1-3arc","0",4,0,1010,113
"prevalence",0.194690265486726,NA,"1-3arc","0",4,0,1010,113
"cox_intercept",0.513427431458382,0.308712697602959,"1-3arc","0",4,0,1010,113
"cox_slope",0.644492169163417,0.169516591557461,"1-3arc","0",4,0,1010,113
"dca_prop_useful",0.898989898989899,NA,"1-3arc","0",4,0,1010,113
"dca_mean_excess_nb",0.054379469093108,NA,"1-3arc","0",4,0,1010,113
"dca_nb_pt25",0.0678466076696165,NA,"1-3arc","0",4,0,1010,113
"dca_nb_pt50",0.079646017699115,NA,"1-3arc","0",4,0,1010,113
"dca_nb_pt75",0.0619469026548673,NA,"1-3arc","0",4,0,1010,113
"pr_auc",0.654370439845598,NA,"1-3arc","0",4,0,1011,110
"roc_auc",0.791580578512397,NA,"1-3arc","0",4,0,1011,110
"brier_class",0.104947236363636,NA,"1-3arc","0",4,0,1011,110
"brier_scaled",0.344079772727273,NA,"1-3arc","0",4,0,1011,110
"prevalence",0.2,NA,"1-3arc","0",4,0,1011,110
"cox_intercept",1.08153627462733,0.310040455247157,"1-3arc","0",4,0,1011,110
"cox_slope",0.836984356026002,0.228432609113676,"1-3arc","0",4,0,1011,110
"dca_prop_useful",0.888888888888889,NA,"1-3arc","0",4,0,1011,110
"dca_mean_excess_nb",0.0629478408057707,NA,"1-3arc","0",4,0,1011,110
"dca_nb_pt25",0.0848484848484849,NA,"1-3arc","0",4,0,1011,110
"dca_nb_pt50",0.0909090909090909,NA,"1-3arc","0",4,0,1011,110
"dca_nb_pt75",0.0727272727272727,NA,"1-3arc","0",4,0,1011,110
"pr_auc",0.685971928311358,NA,"1-3arc","0",4,0,1012,106
"roc_auc",0.751352813852814,NA,"1-3arc","0",4,0,1012,106
"brier_class",0.115353396226415,NA,"1-3arc","0",4,0,1012,106
"brier_scaled",0.298641363636364,NA,"1-3arc","0",4,0,1012,106
"prevalence",0.207547169811321,NA,"1-3arc","0",4,0,1012,106
"cox_intercept",5.39784343611873,0.594163059302088,"1-3arc","0",4,0,1012,106
"cox_slope",0.178166831504529,0.0415424950670922,"1-3arc","0",4,0,1012,106
"dca_prop_useful",0.878787878787879,NA,"1-3arc","0",4,0,1012,106
"dca_mean_excess_nb",0.0677937945886788,NA,"1-3arc","0",4,0,1012,106
"dca_nb_pt25",0.0880503144654088,NA,"1-3arc","0",4,0,1012,106
"dca_nb_pt50",0.0943396226415094,NA,"1-3arc","0",4,0,1012,106
"dca_nb_pt75",0.0943396226415094,NA,"1-3arc","0",4,0,1012,106
"pr_auc",0.541363937172897,NA,"1-3arc","1",1,0,1001,132
"roc_auc",0.302355114292311,NA,"1-3arc","1",1,0,1001,132
"brier_class",0.430315357564301,NA,"1-3arc","1",1,0,1001,132
"brier_scaled",-0.73119713465721,NA,"1-3arc","1",1,0,1001,132
"prevalence",0.537878787878788,NA,"1-3arc","1",1,0,1001,132
"cox_intercept",3.30143162342738,0.223720091812077,"1-3arc","1",1,0,1001,132
"cox_slope",-0.114551817145968,0.0627722907861846,"1-3arc","1",1,0,1001,132
"dca_prop_useful",0.515151515151515,NA,"1-3arc","1",1,0,1001,132
"dca_mean_excess_nb",-0.0935553784147275,NA,"1-3arc","1",1,0,1001,132
"dca_nb_pt25",0.0934343434343434,NA,"1-3arc","1",1,0,1001,132
"dca_nb_pt50",0.0984848484848485,NA,"1-3arc","1",1,0,1001,132
"dca_nb_pt75",0.0606060606060606,NA,"1-3arc","1",1,0,1001,132
"pr_auc",0.561923574003687,NA,"1-3arc","1",1,0,1002,148
"roc_auc",0.474025974025974,NA,"1-3arc","1",1,0,1002,148
"brier_class",0.385164054054054,NA,"1-3arc","1",1,0,1002,148
"brier_scaled",-0.543192507773916,NA,"1-3arc","1",1,0,1002,148
"prevalence",0.47972972972973,NA,"1-3arc","1",1,0,1002,148
"cox_intercept",4.08488721925513,0.234129657667448,"1-3arc","1",1,0,1002,148
"cox_slope",0.0385445524996851,0.0364273217988159,"1-3arc","1",1,0,1002,148
"dca_prop_useful",0.565656565656566,NA,"1-3arc","1",1,0,1002,148
"dca_mean_excess_nb",-0.0609548649066742,NA,"1-3arc","1",1,0,1002,148
"dca_nb_pt25",0.0945945945945946,NA,"1-3arc","1",1,0,1002,148
"dca_nb_pt50",0.0810810810810811,NA,"1-3arc","1",1,0,1002,148
"dca_nb_pt75",0.0675675675675676,NA,"1-3arc","1",1,0,1002,148
"pr_auc",0.546521106005418,NA,"1-3arc","1",1,0,1003,144
"roc_auc",0.426490449546595,NA,"1-3arc","1",1,0,1003,144
"brier_class",0.399941722222222,NA,"1-3arc","1",1,0,1003,144
"brier_scaled",-0.600075545437006,NA,"1-3arc","1",1,0,1003,144
"prevalence",0.493055555555556,NA,"1-3arc","1",1,0,1003,144
"cox_intercept",3.86768042130978,0.232164033107329,"1-3arc","1",1,0,1003,144
"cox_slope",0.0141706737077815,0.0422326497678408,"1-3arc","1",1,0,1003,144
"dca_prop_useful",0.555555555555556,NA,"1-3arc","1",1,0,1003,144
"dca_mean_excess_nb",-0.0715657256661627,NA,"1-3arc","1",1,0,1003,144
"dca_nb_pt25",0.087962962962963,NA,"1-3arc","1",1,0,1003,144
"dca_nb_pt50",0.0763888888888889,NA,"1-3arc","1",1,0,1003,144
"dca_nb_pt75",0.0625,NA,"1-3arc","1",1,0,1003,144
"pr_auc",0.566175076294032,NA,"1-3arc","1",1,0,1013,140
"roc_auc",0.440089814247806,NA,"1-3arc","1",1,0,1013,140
"brier_class",0.410987742857143,NA,"1-3arc","1",1,0,1013,140
"brier_scaled",-0.644286540110226,NA,"1-3arc","1",1,0,1013,140
"prevalence",0.507142857142857,NA,"1-3arc","1",1,0,1013,140
"cox_intercept",6.20550083414809,0.426734568589633,"1-3arc","1",1,0,1013,140
"cox_slope",-0.033180110137741,0.0275894439045821,"1-3arc","1",1,0,1013,140
"dca_prop_useful",0.545454545454545,NA,"1-3arc","1",1,0,1013,140
"dca_mean_excess_nb",-0.076009337736717,NA,"1-3arc","1",1,0,1013,140
"dca_nb_pt25",0.0857142857142857,NA,"1-3arc","1",1,0,1013,140
"dca_nb_pt50",0.0928571428571429,NA,"1-3arc","1",1,0,1013,140
"dca_nb_pt75",0.0714285714285714,NA,"1-3arc","1",1,0,1013,140
"pr_auc",0.55321426084865,NA,"1-3arc","1",1,0,1014,137
"roc_auc",0.393832693128468,NA,"1-3arc","1",1,0,1014,137
"brier_class",0.428982744525547,NA,"1-3arc","1",1,0,1014,137
"brier_scaled",-0.7182196184379,NA,"1-3arc","1",1,0,1014,137
"prevalence",0.518248175182482,NA,"1-3arc","1",1,0,1014,137
"cox_intercept",4.8422456819178,0.301111865203657,"1-3arc","1",1,0,1014,137
"cox_slope",-0.0698552966790844,0.0296820306076583,"1-3arc","1",1,0,1014,137
"dca_prop_useful",0.525252525252525,NA,"1-3arc","1",1,0,1014,137
"dca_mean_excess_nb",-0.0913278132020364,NA,"1-3arc","1",1,0,1014,137
"dca_nb_pt25",0.072992700729927,NA,"1-3arc","1",1,0,1014,137
"dca_nb_pt50",0.072992700729927,NA,"1-3arc","1",1,0,1014,137
"dca_nb_pt75",0.0510948905109489,NA,"1-3arc","1",1,0,1014,137
"pr_auc",0.537881049042377,NA,"1-3arc","1",1,0,1015,156
"roc_auc",0.478293289146645,NA,"1-3arc","1",1,0,1015,156
"brier_class",0.363157769230769,NA,"1-3arc","1",1,0,1015,156
"brier_scaled",-0.464425430323115,NA,"1-3arc","1",1,0,1015,156
"prevalence",0.455128205128205,NA,"1-3arc","1",1,0,1015,156
"cox_intercept",3.32017494887179,0.213291914302378,"1-3arc","1",1,0,1015,156
"cox_slope",0.0611547217812235,0.0501961080408187,"1-3arc","1",1,0,1015,156
"dca_prop_useful",0.595959595959596,NA,"1-3arc","1",1,0,1015,156
"dca_mean_excess_nb",-0.0491460453498501,NA,"1-3arc","1",1,0,1015,156
"dca_nb_pt25",0.0876068376068376,NA,"1-3arc","1",1,0,1015,156
"dca_nb_pt50",0.0769230769230769,NA,"1-3arc","1",1,0,1015,156
"dca_nb_pt75",0.0576923076923077,NA,"1-3arc","1",1,0,1015,156
"pr_auc",0.501863478340123,NA,"1-3arc","1",1,0,1016,166
"roc_auc",0.444996293550778,NA,"1-3arc","1",1,0,1016,166
"brier_class",0.350556289156627,NA,"1-3arc","1",1,0,1016,166
"brier_scaled",-0.432161468346924,NA,"1-3arc","1",1,0,1016,166
"prevalence",0.427710843373494,NA,"1-3arc","1",1,0,1016,166
"cox_intercept",3.51542382176275,0.233135380402337,"1-3arc","1",1,0,1016,166
"cox_slope",0.0278372112431727,0.0333624219910808,"1-3arc","1",1,0,1016,166
"dca_prop_useful",0.616161616161616,NA,"1-3arc","1",1,0,1016,166
"dca_mean_excess_nb",-0.0420973516887608,NA,"1-3arc","1",1,0,1016,166
"dca_nb_pt25",0.0682730923694779,NA,"1-3arc","1",1,0,1016,166
"dca_nb_pt50",0.072289156626506,NA,"1-3arc","1",1,0,1016,166
"dca_nb_pt75",0.0542168674698795,NA,"1-3arc","1",1,0,1016,166
"pr_auc",0.517949354896746,NA,"1-3arc","1",1,0,1017,153
"roc_auc",0.400291995877705,NA,"1-3arc","1",1,0,1017,153
"brier_class",0.375667241830065,NA,"1-3arc","1",1,0,1017,153
"brier_scaled",-0.510476548265201,NA,"1-3arc","1",1,0,1017,153
"prevalence",0.464052287581699,NA,"1-3arc","1",1,0,1017,153
"cox_intercept",3.74598947092413,0.249175325809372,"1-3arc","1",1,0,1017,153
"cox_slope",-0.0597684890864085,0.0320483879831447,"1-3arc","1",1,0,1017,153
"dca_prop_useful",0.575757575757576,NA,"1-3arc","1",1,0,1017,153
"dca_mean_excess_nb",-0.0539143149347874,NA,"1-3arc","1",1,0,1017,153
"dca_nb_pt25",0.0849673202614379,NA,"1-3arc","1",1,0,1017,153
"dca_nb_pt50",0.0784313725490196,NA,"1-3arc","1",1,0,1017,153
"dca_nb_pt75",0.0718954248366013,NA,"1-3arc","1",1,0,1017,153
"pr_auc",0.565391371417785,NA,"1-3arc","1",1,0,1018,149
"roc_auc",0.482033224990971,NA,"1-3arc","1",1,0,1018,149
"brier_class",0.378957395973154,NA,"1-3arc","1",1,0,1018,149
"brier_scaled",-0.519182583604189,NA,"1-3arc","1",1,0,1018,149
"prevalence",0.476510067114094,NA,"1-3arc","1",1,0,1018,149
"cox_intercept",4.70727129539124,0.323056691370971,"1-3arc","1",1,0,1018,149
"cox_slope",-0.014949181785739,0.0268540848091176,"1-3arc","1",1,0,1018,149
"dca_prop_useful",0.565656565656566,NA,"1-3arc","1",1,0,1018,149
"dca_mean_excess_nb",-0.0588028835542281,NA,"1-3arc","1",1,0,1018,149
"dca_nb_pt25",0.0782997762863535,NA,"1-3arc","1",1,0,1018,149
"dca_nb_pt50",0.0738255033557047,NA,"1-3arc","1",1,0,1018,149
"dca_nb_pt75",0.0536912751677852,NA,"1-3arc","1",1,0,1018,149
"pr_auc",0.599582452206353,NA,"1-3arc","1",1,0,1019,132
"roc_auc",0.451974139921496,NA,"1-3arc","1",1,0,1019,132
"brier_class",0.426615363636364,NA,"1-3arc","1",1,0,1019,132
"brier_scaled",-0.716311728469176,NA,"1-3arc","1",1,0,1019,132
"prevalence",0.537878787878788,NA,"1-3arc","1",1,0,1019,132
"cox_intercept",4.43070170890711,0.291102074238077,"1-3arc","1",1,0,1019,132
"cox_slope",-0.0269062262526393,0.0318101286955055,"1-3arc","1",1,0,1019,132
"dca_prop_useful",0.505050505050505,NA,"1-3arc","1",1,0,1019,132
"dca_mean_excess_nb",-0.0935185552881704,NA,"1-3arc","1",1,0,1019,132
"dca_nb_pt25",0.0984848484848485,NA,"1-3arc","1",1,0,1019,132
"dca_nb_pt50",0.0757575757575757,NA,"1-3arc","1",1,0,1019,132
"dca_nb_pt75",0.0606060606060606,NA,"1-3arc","1",1,0,1019,132
"pr_auc",0.584829526344227,NA,"1-3arc","1",1,0,1020,145
"roc_auc",0.51084887704606,NA,"1-3arc","1",1,0,1020,145
"brier_class",0.390361737931034,NA,"1-3arc","1",1,0,1020,145
"brier_scaled",-0.562115633802817,NA,"1-3arc","1",1,0,1020,145
"prevalence",0.489655172413793,NA,"1-3arc","1",1,0,1020,145
"cox_intercept",4.11359160149384,0.270872846337524,"1-3arc","1",1,0,1020,145
"cox_slope",0.00747996842664127,0.0313669746391521,"1-3arc","1",1,0,1020,145
"dca_prop_useful",0.545454545454545,NA,"1-3arc","1",1,0,1020,145
"dca_mean_excess_nb",-0.0677129597443318,NA,"1-3arc","1",1,0,1020,145
"dca_nb_pt25",0.0850574712643678,NA,"1-3arc","1",1,0,1020,145
"dca_nb_pt50",0.0689655172413793,NA,"1-3arc","1",1,0,1020,145
"dca_nb_pt75",0.0551724137931034,NA,"1-3arc","1",1,0,1020,145
"pr_auc",0.547973086198208,NA,"1-3arc","1",1,0,1021,144
"roc_auc",0.401890796835809,NA,"1-3arc","1",1,0,1021,144
"brier_class",0.399614611111111,NA,"1-3arc","1",1,0,1021,144
"brier_scaled",-0.598766848543315,NA,"1-3arc","1",1,0,1021,144
"prevalence",0.493055555555556,NA,"1-3arc","1",1,0,1021,144
"cox_intercept",4.36957863325728,0.254157759083651,"1-3arc","1",1,0,1021,144
"cox_slope",-0.0643707985759219,0.032195175740191,"1-3arc","1",1,0,1021,144
"dca_prop_useful",0.545454545454545,NA,"1-3arc","1",1,0,1021,144
"dca_mean_excess_nb",-0.0718174343508466,NA,"1-3arc","1",1,0,1021,144
"dca_nb_pt25",0.087962962962963,NA,"1-3arc","1",1,0,1021,144
"dca_nb_pt50",0.0833333333333333,NA,"1-3arc","1",1,0,1021,144
"dca_nb_pt75",0.0486111111111111,NA,"1-3arc","1",1,0,1021,144
"pr_auc",0.536118332991812,NA,"1-3arc","1",1,0,1022,149
"roc_auc",0.41305525460455,NA,"1-3arc","1",1,0,1022,149
"brier_class",0.38529511409396,NA,"1-3arc","1",1,0,1022,149
"brier_scaled",-0.544589531960997,NA,"1-3arc","1",1,0,1022,149
"prevalence",0.476510067114094,NA,"1-3arc","1",1,0,1022,149
"cox_intercept",4.11120086554984,0.242580415681497,"1-3arc","1",1,0,1022,149
"cox_slope",-0.00209386801673083,0.0344302864891805,"1-3arc","1",1,0,1022,149
"dca_prop_useful",0.575757575757576,NA,"1-3arc","1",1,0,1022,149
"dca_mean_excess_nb",-0.0593916168865153,NA,"1-3arc","1",1,0,1022,149
"dca_nb_pt25",0.0961968680089485,NA,"1-3arc","1",1,0,1022,149
"dca_nb_pt50",0.0805369127516778,NA,"1-3arc","1",1,0,1022,149
"dca_nb_pt75",0.0604026845637584,NA,"1-3arc","1",1,0,1022,149
"pr_auc",0.445580269428703,NA,"1-3arc","1",2,0,1004,213
"roc_auc",0.493106526482841,NA,"1-3arc","1",2,0,1004,213
"brier_class",0.277234384976526,NA,"1-3arc","1",2,0,1004,213
"brier_scaled",-0.247554732394366,NA,"1-3arc","1",2,0,1004,213
"prevalence",0.333333333333333,NA,"1-3arc","1",2,0,1004,213
"cox_intercept",3.06366386178824,0.206404784657566,"1-3arc","1",2,0,1004,213
"cox_slope",0.0810694582020439,0.0341785917441341,"1-3arc","1",2,0,1004,213
"dca_prop_useful",0.707070707070707,NA,"1-3arc","1",2,0,1004,213
"dca_mean_excess_nb",-0.017447999186896,NA,"1-3arc","1",2,0,1004,213
"dca_nb_pt25",0.0641627543035994,NA,"1-3arc","1",2,0,1004,213
"dca_nb_pt50",0.0516431924882629,NA,"1-3arc","1",2,0,1004,213
"dca_nb_pt75",0.0328638497652582,NA,"1-3arc","1",2,0,1004,213
"pr_auc",0.447695693364858,NA,"1-3arc","1",2,0,1005,207
"roc_auc",0.454484258492129,NA,"1-3arc","1",2,0,1005,207
"brier_class",0.284623246376812,NA,"1-3arc","1",2,0,1005,207
"brier_scaled",-0.263030393951947,NA,"1-3arc","1",2,0,1005,207
"prevalence",0.342995169082126,NA,"1-3arc","1",2,0,1005,207
"cox_intercept",3.49432473971725,0.215736321448223,"1-3arc","1",2,0,1005,207
"cox_slope",-0.0275645291907357,0.0278481788338684,"1-3arc","1",2,0,1005,207
"dca_prop_useful",0.696969696969697,NA,"1-3arc","1",2,0,1005,207
"dca_mean_excess_nb",-0.0202632984208339,NA,"1-3arc","1",2,0,1005,207
"dca_nb_pt25",0.0644122383252818,NA,"1-3arc","1",2,0,1005,207
"dca_nb_pt50",0.0386473429951691,NA,"1-3arc","1",2,0,1005,207
"dca_nb_pt75",0.0338164251207729,NA,"1-3arc","1",2,0,1005,207
"pr_auc",0.488957946492298,NA,"1-3arc","1",2,0,1006,203
"roc_auc",0.540386256935553,NA,"1-3arc","1",2,0,1006,203
"brier_class",0.287537083743842,NA,"1-3arc","1",2,0,1006,203
"brier_scaled",-0.264310252240717,NA,"1-3arc","1",2,0,1006,203
"prevalence",0.349753694581281,NA,"1-3arc","1",2,0,1006,203
"cox_intercept",3.62549168405914,0.206672996333792,"1-3arc","1",2,0,1006,203
"cox_slope",0.0861243431935127,0.0335041989259793,"1-3arc","1",2,0,1006,203
"dca_prop_useful",0.696969696969697,NA,"1-3arc","1",2,0,1006,203
"dca_mean_excess_nb",-0.0201064924572035,NA,"1-3arc","1",2,0,1006,203
"dca_nb_pt25",0.0673234811165846,NA,"1-3arc","1",2,0,1006,203
"dca_nb_pt50",0.0492610837438424,NA,"1-3arc","1",2,0,1006,203
"dca_nb_pt75",0.0344827586206897,NA,"1-3arc","1",2,0,1006,203
"pr_auc",0.308503207333441,NA,"1-3arc","1",3.95750708215297,0,1010,351
"roc_auc",0.348993963782696,NA,"1-3arc","1",3.95750708215297,0,1010,351
"brier_class",0.173240801396011,NA,"1-3arc","1",3.95750708215297,0,1010,351
"brier_scaled",-0.073613680723843,NA,"1-3arc","1",3.95750708215297,0,1010,351
"prevalence",0.202279202279202,NA,"1-3arc","1",3.95750708215297,0,1010,351
"cox_intercept",2.10312684741455,0.161290999642611,"1-3arc","1",3.95750708215297,0,1010,351
"cox_slope",-0.116162051339489,0.028793930360426,"1-3arc","1",3.95750708215297,0,1010,351
"dca_prop_useful",0.777777777777778,NA,"1-3arc","1",3.95750708215297,0,1010,351
"dca_mean_excess_nb",0.00112633054523559,NA,"1-3arc","1",3.95750708215297,0,1010,351
"dca_nb_pt25",0.0341880341880342,NA,"1-3arc","1",3.95750708215297,0,1010,351
"dca_nb_pt50",0.0227920227920228,NA,"1-3arc","1",3.95750708215297,0,1010,351
"dca_nb_pt75",0.0170940170940171,NA,"1-3arc","1",3.95750708215297,0,1010,351
"pr_auc",0.309303837852065,NA,"1-3arc","1",3.95750708215297,0,1011,351
"roc_auc",0.463832997987928,NA,"1-3arc","1",3.95750708215297,0,1011,351
"brier_class",0.176685800569801,NA,"1-3arc","1",3.95750708215297,0,1011,351
"brier_scaled",-0.0949631446680081,NA,"1-3arc","1",3.95750708215297,0,1011,351
"prevalence",0.202279202279202,NA,"1-3arc","1",3.95750708215297,0,1011,351
"cox_intercept",3.30987651990229,0.208530861679814,"1-3arc","1",3.95750708215297,0,1011,351
"cox_slope",-0.0199900874431547,0.0252602648181792,"1-3arc","1",3.95750708215297,0,1011,351
"dca_prop_useful",0.828282828282828,NA,"1-3arc","1",3.95750708215297,0,1011,351
"dca_mean_excess_nb",-0.000667338260568482,NA,"1-3arc","1",3.95750708215297,0,1011,351
"dca_nb_pt25",0.0227920227920228,NA,"1-3arc","1",3.95750708215297,0,1011,351
"dca_nb_pt50",0.0227920227920228,NA,"1-3arc","1",3.95750708215297,0,1011,351
"dca_nb_pt75",0.0170940170940171,NA,"1-3arc","1",3.95750708215297,0,1011,351
"pr_auc",0.306540557931075,NA,"1-3arc","1",3.95750708215297,0,1012,351
"roc_auc",0.349949698189135,NA,"1-3arc","1",3.95750708215297,0,1012,351
"brier_class",0.17315024572363,NA,"1-3arc","1",3.95750708215297,0,1012,351
"brier_scaled",-0.0730524860863644,NA,"1-3arc","1",3.95750708215297,0,1012,351
"prevalence",0.202279202279202,NA,"1-3arc","1",3.95750708215297,0,1012,351
"cox_intercept",2.05135600498615,0.158971547361453,"1-3arc","1",3.95750708215297,0,1012,351
"cox_slope",-0.116718515934247,0.0311843879287436,"1-3arc","1",3.95750708215297,0,1012,351
"dca_prop_useful",0.777777777777778,NA,"1-3arc","1",3.95750708215297,0,1012,351
"dca_mean_excess_nb",0.000847574430916264,NA,"1-3arc","1",3.95750708215297,0,1012,351
"dca_nb_pt25",0.0332383665716999,NA,"1-3arc","1",3.95750708215297,0,1012,351
"dca_nb_pt50",0.0227920227920228,NA,"1-3arc","1",3.95750708215297,0,1012,351
"dca_nb_pt75",0.0170940170940171,NA,"1-3arc","1",3.95750708215297,0,1012,351
"pr_auc",0.353475285621375,NA,"1-3arc","1",3,0,1007,290
"roc_auc",0.4458486076275,NA,"1-3arc","1",3,0,1007,290
"brier_class",0.209030262068966,NA,"1-3arc","1",3,0,1007,290
"brier_scaled",-0.130583641391729,NA,"1-3arc","1",3,0,1007,290
"prevalence",0.244827586206897,NA,"1-3arc","1",3,0,1007,290
"cox_intercept",3.12809536652901,0.193170245707934,"1-3arc","1",3,0,1007,290
"cox_slope",-0.025393908258611,0.0258879156299062,"1-3arc","1",3,0,1007,290
"dca_prop_useful",0.787878787878788,NA,"1-3arc","1",3,0,1007,290
"dca_mean_excess_nb",-0.00305371464473021,NA,"1-3arc","1",3,0,1007,290
"dca_nb_pt25",0.0390804597701149,NA,"1-3arc","1",3,0,1007,290
"dca_nb_pt50",0.0275862068965517,NA,"1-3arc","1",3,0,1007,290
"dca_nb_pt75",0.0241379310344828,NA,"1-3arc","1",3,0,1007,290
"pr_auc",0.358358148509298,NA,"1-3arc","1",3,0,1008,280
"roc_auc",0.436889278253252,NA,"1-3arc","1",3,0,1008,280
"brier_class",0.215763514285714,NA,"1-3arc","1",3,0,1008,280
"brier_scaled",-0.139959533661298,NA,"1-3arc","1",3,0,1008,280
"prevalence",0.253571428571429,NA,"1-3arc","1",3,0,1008,280
"cox_intercept",3.18364550418614,0.194829452974222,"1-3arc","1",3,0,1008,280
"cox_slope",-0.018919591486374,0.0262159494810956,"1-3arc","1",3,0,1008,280
"dca_prop_useful",0.777777777777778,NA,"1-3arc","1",3,0,1008,280
"dca_mean_excess_nb",-0.00393596417663271,NA,"1-3arc","1",3,0,1008,280
"dca_nb_pt25",0.0416666666666667,NA,"1-3arc","1",3,0,1008,280
"dca_nb_pt50",0.0321428571428571,NA,"1-3arc","1",3,0,1008,280
"dca_nb_pt75",0.0214285714285714,NA,"1-3arc","1",3,0,1008,280
"pr_auc",0.35600552821678,NA,"1-3arc","1",3,0,1009,274
"roc_auc",0.359918129466454,NA,"1-3arc","1",3,0,1009,274
"brier_class",0.21887500081103,NA,"1-3arc","1",3,0,1009,274
"brier_scaled",-0.140099879337326,NA,"1-3arc","1",3,0,1009,274
"prevalence",0.259124087591241,NA,"1-3arc","1",3,0,1009,274
"cox_intercept",2.29809537755905,0.169669733036068,"1-3arc","1",3,0,1009,274
"cox_slope",-0.0802475867186946,0.0348436479477575,"1-3arc","1",3,0,1009,274
"dca_prop_useful",0.757575757575758,NA,"1-3arc","1",3,0,1009,274
"dca_mean_excess_nb",-0.00550441440110916,NA,"1-3arc","1",3,0,1009,274
"dca_nb_pt25",0.048661800486618,NA,"1-3arc","1",3,0,1009,274
"dca_nb_pt50",0.0291970802919708,NA,"1-3arc","1",3,0,1009,274
"dca_nb_pt75",0.0218978102189781,NA,"1-3arc","1",3,0,1009,274
"pr_auc",0.946217698423581,NA,"1arc","0",1.25,0,1022,33
"roc_auc",0.931481481481481,NA,"1arc","0",1.25,0,1022,33
"brier_class",0.179458303030303,NA,"1arc","0",1.25,0,1022,33
"brier_scaled",0.276184844444444,NA,"1arc","0",1.25,0,1022,33
"prevalence",0.545454545454545,NA,"1arc","0",1.25,0,1022,33
"cox_intercept",2.28374207002298,0.5346108022307,"1arc","0",1.25,0,1022,33
"cox_slope",1.00046299387096,0.434522356507814,"1arc","0",1.25,0,1022,33
"dca_prop_useful",0.646464646464647,NA,"1arc","0",1.25,0,1022,33
"dca_mean_excess_nb",0.148431377753597,NA,"1arc","0",1.25,0,1022,33
"dca_nb_pt25",0.383838383838384,NA,"1arc","0",1.25,0,1022,33
"dca_nb_pt50",0.303030303030303,NA,"1arc","0",1.25,0,1022,33
"dca_nb_pt75",0.303030303030303,NA,"1arc","0",1.25,0,1022,33
"pr_auc",0.815383197004886,NA,"1arc","0",1.25,0,1023,42
"roc_auc",0.789351851851852,NA,"1arc","0",1.25,0,1023,42
"brier_class",0.180294952380952,NA,"1arc","0",1.25,0,1023,42
"brier_scaled",0.263795611111111,NA,"1arc","0",1.25,0,1023,42
"prevalence",0.428571428571429,NA,"1arc","0",1.25,0,1023,42
"cox_intercept",0.393482627130639,0.476090892651875,"1arc","0",1.25,0,1023,42
"cox_slope",0.33230581825782,0.139916572589435,"1arc","0",1.25,0,1023,42
"dca_prop_useful",0.686868686868687,NA,"1arc","0",1.25,0,1023,42
"dca_mean_excess_nb",0.0793550196232599,NA,"1arc","0",1.25,0,1023,42
"dca_nb_pt25",0.222222222222222,NA,"1arc","0",1.25,0,1023,42
"dca_nb_pt50",0.19047619047619,NA,"1arc","0",1.25,0,1023,42
"dca_nb_pt75",0.166666666666667,NA,"1arc","0",1.25,0,1023,42
"pr_auc",0.864557363960206,NA,"1arc","0",1.25,0,1024,39
"roc_auc",0.855820105820106,NA,"1arc","0",1.25,0,1024,39
"brier_class",0.160133025641026,NA,"1arc","0",1.25,0,1024,39
"brier_scaled",0.355655206349206,NA,"1arc","0",1.25,0,1024,39
"prevalence",0.461538461538462,NA,"1arc","0",1.25,0,1024,39
"cox_intercept",0.61951878375624,0.494078117446181,"1arc","0",1.25,0,1024,39
"cox_slope",0.551964020949816,0.241111663334001,"1arc","0",1.25,0,1024,39
"dca_prop_useful",0.828282828282828,NA,"1arc","0",1.25,0,1024,39
"dca_mean_excess_nb",0.146590622654919,NA,"1arc","0",1.25,0,1024,39
"dca_nb_pt25",0.273504273504274,NA,"1arc","0",1.25,0,1024,39
"dca_nb_pt50",0.230769230769231,NA,"1arc","0",1.25,0,1024,39
"dca_nb_pt75",0.256410256410256,NA,"1arc","0",1.25,0,1024,39
"pr_auc",0.860182852641648,NA,"1arc","0",1.25,0,1025,44
"roc_auc",0.856837606837607,NA,"1arc","0",1.25,0,1025,44
"brier_class",0.137656818181818,NA,"1arc","0",1.25,0,1025,44
"brier_scaled",0.430547863247863,NA,"1arc","0",1.25,0,1025,44
"prevalence",0.409090909090909,NA,"1arc","0",1.25,0,1025,44
"cox_intercept",0.537184151111998,0.455565397969503,"1arc","0",1.25,0,1025,44
"cox_slope",0.63051023637306,0.281684765591128,"1arc","0",1.25,0,1025,44
"dca_prop_useful",0.828282828282828,NA,"1arc","0",1.25,0,1025,44
"dca_mean_excess_nb",0.1534134923799,NA,"1arc","0",1.25,0,1025,44
"dca_nb_pt25",0.242424242424242,NA,"1arc","0",1.25,0,1025,44
"dca_nb_pt50",0.227272727272727,NA,"1arc","0",1.25,0,1025,44
"dca_nb_pt75",0.227272727272727,NA,"1arc","0",1.25,0,1025,44
"pr_auc",0.874357082569289,NA,"1arc","0",1.25,0,1026,37
"roc_auc",0.850877192982456,NA,"1arc","0",1.25,0,1026,37
"brier_class",0.171843891891892,NA,"1arc","0",1.25,0,1026,37
"brier_scaled",0.312121964912281,NA,"1arc","0",1.25,0,1026,37
"prevalence",0.486486486486487,NA,"1arc","0",1.25,0,1026,37
"cox_intercept",1.26529355278015,0.509058785072954,"1arc","0",1.25,0,1026,37
"cox_slope",0.500318973810837,0.231068077339484,"1arc","0",1.25,0,1026,37
"dca_prop_useful",0.707070707070707,NA,"1arc","0",1.25,0,1026,37
"dca_mean_excess_nb",0.14315433579983,NA,"1arc","0",1.25,0,1026,37
"dca_nb_pt25",0.297297297297297,NA,"1arc","0",1.25,0,1026,37
"dca_nb_pt50",0.27027027027027,NA,"1arc","0",1.25,0,1026,37
"dca_nb_pt75",0.27027027027027,NA,"1arc","0",1.25,0,1026,37
"pr_auc",0.863416422001472,NA,"1arc","0",1.5,0,1013,43
"roc_auc",0.864444444444444,NA,"1arc","0",1.5,0,1013,43
"brier_class",0.140389674418605,NA,"1arc","0",1.5,0,1013,43
"brier_scaled",0.423154426666667,NA,"1arc","0",1.5,0,1013,43
"prevalence",0.418604651162791,NA,"1arc","0",1.5,0,1013,43
"cox_intercept",-0.167384361685702,0.429858177856422,"1arc","0",1.5,0,1013,43
"cox_slope",0.88072168839965,0.318301652802248,"1arc","0",1.5,0,1013,43
"dca_prop_useful",0.94949494949495,NA,"1arc","0",1.5,0,1013,43
"dca_mean_excess_nb",0.143787800737784,NA,"1arc","0",1.5,0,1013,43
"dca_nb_pt25",0.302325581395349,NA,"1arc","0",1.5,0,1013,43
"dca_nb_pt50",0.186046511627907,NA,"1arc","0",1.5,0,1013,43
"dca_nb_pt75",0.232558139534884,NA,"1arc","0",1.5,0,1013,43
"pr_auc",0.923233337217255,NA,"1arc","0",1.5,0,1014,40
"roc_auc",0.919191919191919,NA,"1arc","0",1.5,0,1014,40
"brier_class",0.1188346,NA,"1arc","0",1.5,0,1014,40
"brier_scaled",0.519860202020202,NA,"1arc","0",1.5,0,1014,40
"prevalence",0.45,NA,"1arc","0",1.5,0,1014,40
"cox_intercept",0.268074519822011,0.450150132627519,"1arc","0",1.5,0,1014,40
"cox_slope",1.11477240616661,0.391693212922502,"1arc","0",1.5,0,1014,40
"dca_prop_useful",0.95959595959596,NA,"1arc","0",1.5,0,1014,40
"dca_mean_excess_nb",0.172993095276886,NA,"1arc","0",1.5,0,1014,40
"dca_nb_pt25",0.325,NA,"1arc","0",1.5,0,1014,40
"dca_nb_pt50",0.3,NA,"1arc","0",1.5,0,1014,40
"dca_nb_pt75",0.225,NA,"1arc","0",1.5,0,1014,40
"pr_auc",0.877840577955855,NA,"1arc","0",1.5,0,1015,47
"roc_auc",0.882183908045977,NA,"1arc","0",1.5,0,1015,47
"brier_class",0.147376595744681,NA,"1arc","0",1.5,0,1015,47
"brier_scaled",0.376331609195402,NA,"1arc","0",1.5,0,1015,47
"prevalence",0.382978723404255,NA,"1arc","0",1.5,0,1015,47
"cox_intercept",3.12089550568585,0.521207731808144,"1arc","0",1.5,0,1015,47
"cox_slope",0.286658654201436,0.101932888141008,"1arc","0",1.5,0,1015,47
"dca_prop_useful",0.797979797979798,NA,"1arc","0",1.5,0,1015,47
"dca_mean_excess_nb",0.144359957790935,NA,"1arc","0",1.5,0,1015,47
"dca_nb_pt25",0.226950354609929,NA,"1arc","0",1.5,0,1015,47
"dca_nb_pt50",0.212765957446809,NA,"1arc","0",1.5,0,1015,47
"dca_nb_pt75",0.234042553191489,NA,"1arc","0",1.5,0,1015,47
"pr_auc",0.830086907989385,NA,"1arc","0",1.75,0,1027,46
"roc_auc",0.842261904761905,NA,"1arc","0",1.75,0,1027,46
"brier_class",0.157731130434783,NA,"1arc","0",1.75,0,1027,46
"brier_scaled",0.337779619047619,NA,"1arc","0",1.75,0,1027,46
"prevalence",0.391304347826087,NA,"1arc","0",1.75,0,1027,46
"cox_intercept",0.632433452116152,0.522271152921255,"1arc","0",1.75,0,1027,46
"cox_slope",0.383451664706343,0.157381317526119,"1arc","0",1.75,0,1027,46
"dca_prop_useful",0.848484848484849,NA,"1arc","0",1.75,0,1027,46
"dca_mean_excess_nb",0.125152478848502,NA,"1arc","0",1.75,0,1027,46
"dca_nb_pt25",0.246376811594203,NA,"1arc","0",1.75,0,1027,46
"dca_nb_pt50",0.173913043478261,NA,"1arc","0",1.75,0,1027,46
"dca_nb_pt75",0.217391304347826,NA,"1arc","0",1.75,0,1027,46
"pr_auc",0.896619399855404,NA,"1arc","0",1.75,0,1028,45
"roc_auc",0.889917695473251,NA,"1arc","0",1.75,0,1028,45
"brier_class",0.149751822222222,NA,"1arc","0",1.75,0,1028,45
"brier_scaled",0.376034074074074,NA,"1arc","0",1.75,0,1028,45
"prevalence",0.4,NA,"1arc","0",1.75,0,1028,45
"cox_intercept",3.53037962347913,0.604084722710814,"1arc","0",1.75,0,1028,45
"cox_slope",0.235228371673476,0.0726451901930408,"1arc","0",1.75,0,1028,45
"dca_prop_useful",0.797979797979798,NA,"1arc","0",1.75,0,1028,45
"dca_mean_excess_nb",0.147944268558199,NA,"1arc","0",1.75,0,1028,45
"dca_nb_pt25",0.237037037037037,NA,"1arc","0",1.75,0,1028,45
"dca_nb_pt50",0.222222222222222,NA,"1arc","0",1.75,0,1028,45
"dca_nb_pt75",0.222222222222222,NA,"1arc","0",1.75,0,1028,45
"pr_auc",0.897566082357364,NA,"1arc","0",1.75,0,1029,53
"roc_auc",0.936507936507937,NA,"1arc","0",1.75,0,1029,53
"brier_class",0.113725811320755,NA,"1arc","0",1.75,0,1029,53
"brier_scaled",0.492927295238095,NA,"1arc","0",1.75,0,1029,53
"prevalence",0.339622641509434,NA,"1arc","0",1.75,0,1029,53
"cox_intercept",0.832438529198401,0.462600846313258,"1arc","0",1.75,0,1029,53
"cox_slope",0.819961305703923,0.300162624024421,"1arc","0",1.75,0,1029,53
"dca_prop_useful",0.98989898989899,NA,"1arc","0",1.75,0,1029,53
"dca_mean_excess_nb",0.128029472161014,NA,"1arc","0",1.75,0,1029,53
"dca_nb_pt25",0.245283018867925,NA,"1arc","0",1.75,0,1029,53
"dca_nb_pt50",0.169811320754717,NA,"1arc","0",1.75,0,1029,53
"dca_nb_pt75",0.132075471698113,NA,"1arc","0",1.75,0,1029,53
"pr_auc",0.844617945568669,NA,"1arc","0",1.75,0,1030,50
"roc_auc",0.862847222222222,NA,"1arc","0",1.75,0,1030,50
"brier_class",0.1240756,NA,"1arc","0",1.75,0,1030,50
"brier_scaled",0.461477430555555,NA,"1arc","0",1.75,0,1030,50
"prevalence",0.36,NA,"1arc","0",1.75,0,1030,50
"cox_intercept",0.395077394119215,0.423651637867418,"1arc","0",1.75,0,1030,50
"cox_slope",0.72465737530919,0.332853874610786,"1arc","0",1.75,0,1030,50
"dca_prop_useful",0.898989898989899,NA,"1arc","0",1.75,0,1030,50
"dca_mean_excess_nb",0.144515654919226,NA,"1arc","0",1.75,0,1030,50
"dca_nb_pt25",0.193333333333333,NA,"1arc","0",1.75,0,1030,50
"dca_nb_pt50",0.2,NA,"1arc","0",1.75,0,1030,50
"dca_nb_pt75",0.2,NA,"1arc","0",1.75,0,1030,50
"pr_auc",0.902429328215212,NA,"1arc","0",1.75,0,1031,48
"roc_auc",0.930555555555556,NA,"1arc","0",1.75,0,1031,48
"brier_class",0.129143833333333,NA,"1arc","0",1.75,0,1031,48
"brier_scaled",0.448986311111111,NA,"1arc","0",1.75,0,1031,48
"prevalence",0.375,NA,"1arc","0",1.75,0,1031,48
"cox_intercept",1.76415109600674,0.548702353760615,"1arc","0",1.75,0,1031,48
"cox_slope",0.550252031884337,0.22552523574869,"1arc","0",1.75,0,1031,48
"dca_prop_useful",0.898989898989899,NA,"1arc","0",1.75,0,1031,48
"dca_mean_excess_nb",0.148543731535612,NA,"1arc","0",1.75,0,1031,48
"dca_nb_pt25",0.229166666666667,NA,"1arc","0",1.75,0,1031,48
"dca_nb_pt50",0.208333333333333,NA,"1arc","0",1.75,0,1031,48
"dca_nb_pt75",0.208333333333333,NA,"1arc","0",1.75,0,1031,48
"pr_auc",0.82983045269215,NA,"1arc","0",1,0,1001,41
"roc_auc",0.81280193236715,NA,"1arc","0",1,0,1001,41
"brier_class",0.171465853658537,NA,"1arc","0",1,0,1001,41
"brier_scaled",0.303782367149758,NA,"1arc","0",1,0,1001,41
"prevalence",0.439024390243902,NA,"1arc","0",1,0,1001,41
"cox_intercept",-0.227358812185131,0.460666590726656,"1arc","0",1,0,1001,41
"cox_slope",0.475654786804953,0.231489917626784,"1arc","0",1,0,1001,41
"dca_prop_useful",0.95959595959596,NA,"1arc","0",1,0,1001,41
"dca_mean_excess_nb",0.12019199620662,NA,"1arc","0",1,0,1001,41
"dca_nb_pt25",0.292682926829268,NA,"1arc","0",1,0,1001,41
"dca_nb_pt50",0.170731707317073,NA,"1arc","0",1,0,1001,41
"dca_nb_pt75",0.0975609756097561,NA,"1arc","0",1,0,1001,41
"pr_auc",0.969465152829502,NA,"1arc","0",1,0,1002,34
"roc_auc",0.960069444444444,NA,"1arc","0",1,0,1002,34
"brier_class",0.108542823529412,NA,"1arc","0",1,0,1002,34
"brier_scaled",0.564321166666667,NA,"1arc","0",1,0,1002,34
"prevalence",0.529411764705882,NA,"1arc","0",1,0,1002,34
"cox_intercept",1.23780607988148,0.530236198121424,"1arc","0",1,0,1002,34
"cox_slope",1.72786027172384,0.721358343427917,"1arc","0",1,0,1002,34
"dca_prop_useful",0.96969696969697,NA,"1arc","0",1,0,1002,34
"dca_mean_excess_nb",0.208351093194932,NA,"1arc","0",1,0,1002,34
"dca_nb_pt25",0.431372549019608,NA,"1arc","0",1,0,1002,34
"dca_nb_pt50",0.352941176470588,NA,"1arc","0",1,0,1002,34
"dca_nb_pt75",0.323529411764706,NA,"1arc","0",1,0,1002,34
"pr_auc",0.871986303075054,NA,"1arc","0",1,0,1003,45
"roc_auc",0.861111111111111,NA,"1arc","0",1,0,1003,45
"brier_class",0.127692088888889,NA,"1arc","0",1,0,1003,45
"brier_scaled",0.46794962962963,NA,"1arc","0",1,0,1003,45
"prevalence",0.4,NA,"1arc","0",1,0,1003,45
"cox_intercept",-0.284327425039577,0.44250346731747,"1arc","0",1,0,1003,45
"cox_slope",0.769853058645307,0.35650104824873,"1arc","0",1,0,1003,45
"dca_prop_useful",0.848484848484849,NA,"1arc","0",1,0,1003,45
"dca_mean_excess_nb",0.160239644274332,NA,"1arc","0",1,0,1003,45
"dca_nb_pt25",0.288888888888889,NA,"1arc","0",1,0,1003,45
"dca_nb_pt50",0.222222222222222,NA,"1arc","0",1,0,1003,45
"dca_nb_pt75",0.244444444444444,NA,"1arc","0",1,0,1003,45
"pr_auc",0.899405377585632,NA,"1arc","0",1,0,1052,39
"roc_auc",0.896825396825397,NA,"1arc","0",1,0,1052,39
"brier_class",0.14649641025641,NA,"1arc","0",1,0,1052,39
"brier_scaled",0.410526349206349,NA,"1arc","0",1,0,1052,39
"prevalence",0.461538461538462,NA,"1arc","0",1,0,1052,39
"cox_intercept",1.23216064496605,0.500170006292812,"1arc","0",1,0,1052,39
"cox_slope",0.678936305780957,0.301328075721183,"1arc","0",1,0,1052,39
"dca_prop_useful",0.787878787878788,NA,"1arc","0",1,0,1052,39
"dca_mean_excess_nb",0.163638484037918,NA,"1arc","0",1,0,1052,39
"dca_nb_pt25",0.290598290598291,NA,"1arc","0",1,0,1052,39
"dca_nb_pt50",0.282051282051282,NA,"1arc","0",1,0,1052,39
"dca_nb_pt75",0.256410256410256,NA,"1arc","0",1,0,1052,39
"pr_auc",0.927686962303835,NA,"1arc","0",1,0,1053,31
"roc_auc",0.901709401709402,NA,"1arc","0",1,0,1053,31
"brier_class",0.189924129032258,NA,"1arc","0",1,0,1053,31
"brier_scaled",0.220012444444444,NA,"1arc","0",1,0,1053,31
"prevalence",0.580645161290323,NA,"1arc","0",1,0,1053,31
"cox_intercept",1.64179742436493,0.569861965821776,"1arc","0",1,0,1053,31
"cox_slope",0.548603851547058,0.260503683708634,"1arc","0",1,0,1053,31
"dca_prop_useful",0.686868686868687,NA,"1arc","0",1,0,1053,31
"dca_mean_excess_nb",0.134156229772236,NA,"1arc","0",1,0,1053,31
"dca_nb_pt25",0.387096774193548,NA,"1arc","0",1,0,1053,31
"dca_nb_pt50",0.32258064516129,NA,"1arc","0",1,0,1053,31
"dca_nb_pt75",0.225806451612903,NA,"1arc","0",1,0,1053,31
"pr_auc",0.913471505346505,NA,"1arc","0",1,0,1054,34
"roc_auc",0.873263888888889,NA,"1arc","0",1,0,1054,34
"brier_class",0.135653529411765,NA,"1arc","0",1,0,1054,34
"brier_scaled",0.455501805555556,NA,"1arc","0",1,0,1054,34
"prevalence",0.529411764705882,NA,"1arc","0",1,0,1054,34
"cox_intercept",0.242101501033216,0.475240679909701,"1arc","0",1,0,1054,34
"cox_slope",0.902634079963103,0.497792562906567,"1arc","0",1,0,1054,34
"dca_prop_useful",0.848484848484849,NA,"1arc","0",1,0,1054,34
"dca_mean_excess_nb",0.187701055494252,NA,"1arc","0",1,0,1054,34
"dca_nb_pt25",0.392156862745098,NA,"1arc","0",1,0,1054,34
"dca_nb_pt50",0.294117647058824,NA,"1arc","0",1,0,1054,34
"dca_nb_pt75",0.323529411764706,NA,"1arc","0",1,0,1054,34
"pr_auc",0.954728296548528,NA,"1arc","0",1,0,1055,32
"roc_auc",0.94047619047619,NA,"1arc","0",1,0,1055,32
"brier_class",0.153613625,NA,"1arc","0",1,0,1055,32
"brier_scaled",0.375792253968254,NA,"1arc","0",1,0,1055,32
"prevalence",0.5625,NA,"1arc","0",1,0,1055,32
"cox_intercept",1.42426006365947,0.52173016716834,"1arc","0",1,0,1055,32
"cox_slope",1.14210915647444,0.503645425922775,"1arc","0",1,0,1055,32
"dca_prop_useful",0.858585858585859,NA,"1arc","0",1,0,1055,32
"dca_mean_excess_nb",0.165834140194144,NA,"1arc","0",1,0,1055,32
"dca_nb_pt25",0.395833333333333,NA,"1arc","0",1,0,1055,32
"dca_nb_pt50",0.3125,NA,"1arc","0",1,0,1055,32
"dca_nb_pt75",0.3125,NA,"1arc","0",1,0,1055,32
"pr_auc",0.928160936640796,NA,"1arc","0",1,0,1056,35
"roc_auc",0.915032679738562,NA,"1arc","0",1,0,1056,35
"brier_class",0.1329168,NA,"1arc","0",1,0,1056,35
"brier_scaled",0.467898431372549,NA,"1arc","0",1,0,1056,35
"prevalence",0.514285714285714,NA,"1arc","0",1,0,1056,35
"cox_intercept",0.844854597920239,0.473488485932864,"1arc","0",1,0,1056,35
"cox_slope",1.29361843957204,0.582100197359421,"1arc","0",1,0,1056,35
"dca_prop_useful",0.939393939393939,NA,"1arc","0",1,0,1056,35
"dca_mean_excess_nb",0.182496763087143,NA,"1arc","0",1,0,1056,35
"dca_nb_pt25",0.4,NA,"1arc","0",1,0,1056,35
"dca_nb_pt50",0.342857142857143,NA,"1arc","0",1,0,1056,35
"dca_nb_pt75",0.285714285714286,NA,"1arc","0",1,0,1056,35
"pr_auc",0.88764619814248,NA,"1arc","0",1,0,1057,34
"roc_auc",0.838541666666667,NA,"1arc","0",1,0,1057,34
"brier_class",0.162607411764706,NA,"1arc","0",1,0,1057,34
"brier_scaled",0.347311916666667,NA,"1arc","0",1,0,1057,34
"prevalence",0.529411764705882,NA,"1arc","0",1,0,1057,34
"cox_intercept",0.763845280425194,0.48030952524507,"1arc","0",1,0,1057,34
"cox_slope",0.637724955970608,0.348891319098921,"1arc","0",1,0,1057,34
"dca_prop_useful",0.696969696969697,NA,"1arc","0",1,0,1057,34
"dca_mean_excess_nb",0.156770981571764,NA,"1arc","0",1,0,1057,34
"dca_nb_pt25",0.323529411764706,NA,"1arc","0",1,0,1057,34
"dca_nb_pt50",0.294117647058824,NA,"1arc","0",1,0,1057,34
"dca_nb_pt75",0.294117647058824,NA,"1arc","0",1,0,1057,34
"pr_auc",0.915101140021161,NA,"1arc","0",1,0,1058,42
"roc_auc",0.927083333333333,NA,"1arc","0",1,0,1058,42
"brier_class",0.121180380952381,NA,"1arc","0",1,0,1058,42
"brier_scaled",0.505180111111111,NA,"1arc","0",1,0,1058,42
"prevalence",0.428571428571429,NA,"1arc","0",1,0,1058,42
"cox_intercept",0.80279714252697,0.461504695831718,"1arc","0",1,0,1058,42
"cox_slope",1.12999568507426,0.433422156860469,"1arc","0",1,0,1058,42
"dca_prop_useful",0.95959595959596,NA,"1arc","0",1,0,1058,42
"dca_mean_excess_nb",0.170123478413627,NA,"1arc","0",1,0,1058,42
"dca_nb_pt25",0.277777777777778,NA,"1arc","0",1,0,1058,42
"dca_nb_pt50",0.261904761904762,NA,"1arc","0",1,0,1058,42
"dca_nb_pt75",0.238095238095238,NA,"1arc","0",1,0,1058,42
"pr_auc",0.925151422082884,NA,"1arc","0",1,0,1059,32
"roc_auc",0.876984126984127,NA,"1arc","0",1,0,1059,32
"brier_class",0.154994875,NA,"1arc","0",1,0,1059,32
"brier_scaled",0.370179555555555,NA,"1arc","0",1,0,1059,32
"prevalence",0.5625,NA,"1arc","0",1,0,1059,32
"cox_intercept",1.23283373934571,0.509419847130078,"1arc","0",1,0,1059,32
"cox_slope",0.776731919602392,0.395643122384241,"1arc","0",1,0,1059,32
"dca_prop_useful",0.727272727272727,NA,"1arc","0",1,0,1059,32
"dca_mean_excess_nb",0.173551602143702,NA,"1arc","0",1,0,1059,32
"dca_nb_pt25",0.385416666666667,NA,"1arc","0",1,0,1059,32
"dca_nb_pt50",0.34375,NA,"1arc","0",1,0,1059,32
"dca_nb_pt75",0.3125,NA,"1arc","0",1,0,1059,32
"pr_auc",0.896922056101735,NA,"1arc","0",1,0,1060,40
"roc_auc",0.906565656565657,NA,"1arc","0",1,0,1060,40
"brier_class",0.1260991,NA,"1arc","0",1,0,1060,40
"brier_scaled",0.490508686868687,NA,"1arc","0",1,0,1060,40
"prevalence",0.45,NA,"1arc","0",1,0,1060,40
"cox_intercept",0.500358650717444,0.463659256945061,"1arc","0",1,0,1060,40
"cox_slope",1.07401195297104,0.422595224838172,"1arc","0",1,0,1060,40
"dca_prop_useful",1,NA,"1arc","0",1,0,1060,40
"dca_mean_excess_nb",0.168269742012454,NA,"1arc","0",1,0,1060,40
"dca_nb_pt25",0.35,NA,"1arc","0",1,0,1060,40
"dca_nb_pt50",0.25,NA,"1arc","0",1,0,1060,40
"dca_nb_pt75",0.25,NA,"1arc","0",1,0,1060,40
"pr_auc",0.85023907762483,NA,"1arc","0",1,0,1061,37
"roc_auc",0.789473684210526,NA,"1arc","0",1,0,1061,37
"brier_class",0.179632324324324,NA,"1arc","0",1,0,1061,37
"brier_scaled",0.280945461988304,NA,"1arc","0",1,0,1061,37
"prevalence",0.486486486486487,NA,"1arc","0",1,0,1061,37
"cox_intercept",0.399007870861981,0.484405912508008,"1arc","0",1,0,1061,37
"cox_slope",0.376898669010531,0.181729984440714,"1arc","0",1,0,1061,37
"dca_prop_useful",0.717171717171717,NA,"1arc","0",1,0,1061,37
"dca_mean_excess_nb",0.128340945262827,NA,"1arc","0",1,0,1061,37
"dca_nb_pt25",0.288288288288288,NA,"1arc","0",1,0,1061,37
"dca_nb_pt50",0.243243243243243,NA,"1arc","0",1,0,1061,37
"dca_nb_pt75",0.189189189189189,NA,"1arc","0",1,0,1061,37
"pr_auc",0.795295886788022,NA,"1arc","0",2.25,0,1032,59
"roc_auc",0.857046070460705,NA,"1arc","0",2.25,0,1032,59
"brier_class",0.131392203389831,NA,"1arc","0",2.25,0,1032,59
"brier_scaled",0.380248970189702,NA,"1arc","0",2.25,0,1032,59
"prevalence",0.305084745762712,NA,"1arc","0",2.25,0,1032,59
"cox_intercept",1.22705676895422,0.554666310696391,"1arc","0",2.25,0,1032,59
"cox_slope",0.230704842689706,0.0665052563605778,"1arc","0",2.25,0,1032,59
"dca_prop_useful",0.767676767676768,NA,"1arc","0",2.25,0,1032,59
"dca_mean_excess_nb",0.0598411379275505,NA,"1arc","0",2.25,0,1032,59
"dca_nb_pt25",0.175141242937853,NA,"1arc","0",2.25,0,1032,59
"dca_nb_pt50",0.186440677966102,NA,"1arc","0",2.25,0,1032,59
"dca_nb_pt75",0.11864406779661,NA,"1arc","0",2.25,0,1032,59
"pr_auc",0.88799539179601,NA,"1arc","0",2.25,0,1033,65
"roc_auc",0.932624113475177,NA,"1arc","0",2.25,0,1033,65
"brier_class",0.08414,NA,"1arc","0",2.25,0,1033,65
"brier_scaled",0.579797281323877,NA,"1arc","0",2.25,0,1033,65
"prevalence",0.276923076923077,NA,"1arc","0",2.25,0,1033,65
"cox_intercept",-0.0469229401638559,0.393636364803576,"1arc","0",2.25,0,1033,65
"cox_slope",1.43030503224745,0.443216919804923,"1arc","0",2.25,0,1033,65
"dca_prop_useful",1,NA,"1arc","0",2.25,0,1033,65
"dca_mean_excess_nb",0.127693645917582,NA,"1arc","0",2.25,0,1033,65
"dca_nb_pt25",0.205128205128205,NA,"1arc","0",2.25,0,1033,65
"dca_nb_pt50",0.169230769230769,NA,"1arc","0",2.25,0,1033,65
"dca_nb_pt75",0.138461538461538,NA,"1arc","0",2.25,0,1033,65
"pr_auc",0.847831767066051,NA,"1arc","0",2.25,0,1034,65
"roc_auc",0.901891252955083,NA,"1arc","0",2.25,0,1034,65
"brier_class",0.107020676923077,NA,"1arc","0",2.25,0,1034,65
"brier_scaled",0.465529125295508,NA,"1arc","0",2.25,0,1034,65
"prevalence",0.276923076923077,NA,"1arc","0",2.25,0,1034,65
"cox_intercept",1.39669808604784,0.586252701747954,"1arc","0",2.25,0,1034,65
"cox_slope",0.289489023851927,0.0840550916353372,"1arc","0",2.25,0,1034,65
"dca_prop_useful",0.909090909090909,NA,"1arc","0",2.25,0,1034,65
"dca_mean_excess_nb",0.118595905870682,NA,"1arc","0",2.25,0,1034,65
"dca_nb_pt25",0.153846153846154,NA,"1arc","0",2.25,0,1034,65
"dca_nb_pt50",0.138461538461538,NA,"1arc","0",2.25,0,1034,65
"dca_nb_pt75",0.153846153846154,NA,"1arc","0",2.25,0,1034,65
"pr_auc",0.84936930166531,NA,"1arc","0",2.25,0,1035,55
"roc_auc",0.884384384384384,NA,"1arc","0",2.25,0,1035,55
"brier_class",0.114695709090909,NA,"1arc","0",2.25,0,1035,55
"brier_scaled",0.479047267267267,NA,"1arc","0",2.25,0,1035,55
"prevalence",0.327272727272727,NA,"1arc","0",2.25,0,1035,55
"cox_intercept",1.32418618784575,0.432330167652019,"1arc","0",2.25,0,1035,55
"cox_slope",0.861445712337599,0.348648961101812,"1arc","0",2.25,0,1035,55
"dca_prop_useful",0.868686868686869,NA,"1arc","0",2.25,0,1035,55
"dca_mean_excess_nb",0.137792236819545,NA,"1arc","0",2.25,0,1035,55
"dca_nb_pt25",0.2,NA,"1arc","0",2.25,0,1035,55
"dca_nb_pt50",0.181818181818182,NA,"1arc","0",2.25,0,1035,55
"dca_nb_pt75",0.181818181818182,NA,"1arc","0",2.25,0,1035,55
"pr_auc",0.858636200279507,NA,"1arc","0",2.25,0,1036,64
"roc_auc",0.91304347826087,NA,"1arc","0",2.25,0,1036,64
"brier_class",0.0949875,NA,"1arc","0",2.25,0,1036,64
"brier_scaled",0.530110144927536,NA,"1arc","0",2.25,0,1036,64
"prevalence",0.28125,NA,"1arc","0",2.25,0,1036,64
"cox_intercept",1.13040572486661,0.44830341267238,"1arc","0",2.25,0,1036,64
"cox_slope",0.815656935074985,0.301398325418217,"1arc","0",2.25,0,1036,64
"dca_prop_useful",0.94949494949495,NA,"1arc","0",2.25,0,1036,64
"dca_mean_excess_nb",0.129838356148427,NA,"1arc","0",2.25,0,1036,64
"dca_nb_pt25",0.182291666666667,NA,"1arc","0",2.25,0,1036,64
"dca_nb_pt50",0.15625,NA,"1arc","0",2.25,0,1036,64
"dca_nb_pt75",0.15625,NA,"1arc","0",2.25,0,1036,64
"pr_auc",0.813809667094854,NA,"1arc","0",2.5,0,1016,65
"roc_auc",0.870567375886525,NA,"1arc","0",2.5,0,1016,65
"brier_class",0.103489107692308,NA,"1arc","0",2.5,0,1016,65
"brier_scaled",0.48316609929078,NA,"1arc","0",2.5,0,1016,65
"prevalence",0.276923076923077,NA,"1arc","0",2.5,0,1016,65
"cox_intercept",0.466067298520269,0.424479373828478,"1arc","0",2.5,0,1016,65
"cox_slope",0.66592169298018,0.243743467812206,"1arc","0",2.5,0,1016,65
"dca_prop_useful",0.919191919191919,NA,"1arc","0",2.5,0,1016,65
"dca_mean_excess_nb",0.119133748295534,NA,"1arc","0",2.5,0,1016,65
"dca_nb_pt25",0.169230769230769,NA,"1arc","0",2.5,0,1016,65
"dca_nb_pt50",0.153846153846154,NA,"1arc","0",2.5,0,1016,65
"dca_nb_pt75",0.153846153846154,NA,"1arc","0",2.5,0,1016,65
"pr_auc",0.795663210230853,NA,"1arc","0",2.5,0,1017,60
"roc_auc",0.843253968253968,NA,"1arc","0",2.5,0,1017,60
"brier_class",0.130245466666667,NA,"1arc","0",2.5,0,1017,60
"brier_scaled",0.379783492063492,NA,"1arc","0",2.5,0,1017,60
"prevalence",0.3,NA,"1arc","0",2.5,0,1017,60
"cox_intercept",1.32317600078245,0.475216380199209,"1arc","0",2.5,0,1017,60
"cox_slope",0.381495344043332,0.129333766955932,"1arc","0",2.5,0,1017,60
"dca_prop_useful",0.858585858585859,NA,"1arc","0",2.5,0,1017,60
"dca_mean_excess_nb",0.0983539073849821,NA,"1arc","0",2.5,0,1017,60
"dca_nb_pt25",0.166666666666667,NA,"1arc","0",2.5,0,1017,60
"dca_nb_pt50",0.166666666666667,NA,"1arc","0",2.5,0,1017,60
"dca_nb_pt75",0.1,NA,"1arc","0",2.5,0,1017,60
"pr_auc",0.789458664505921,NA,"1arc","0",2.5,0,1018,66
"roc_auc",0.859375,NA,"1arc","0",2.5,0,1018,66
"brier_class",0.114567151515152,NA,"1arc","0",2.5,0,1018,66
"brier_scaled",0.422390611111111,NA,"1arc","0",2.5,0,1018,66
"prevalence",0.272727272727273,NA,"1arc","0",2.5,0,1018,66
"cox_intercept",0.609164128351048,0.42644911629479,"1arc","0",2.5,0,1018,66
"cox_slope",0.540195623896878,0.201847978480656,"1arc","0",2.5,0,1018,66
"dca_prop_useful",0.909090909090909,NA,"1arc","0",2.5,0,1018,66
"dca_mean_excess_nb",0.0945992427761896,NA,"1arc","0",2.5,0,1018,66
"dca_nb_pt25",0.151515151515151,NA,"1arc","0",2.5,0,1018,66
"dca_nb_pt50",0.151515151515151,NA,"1arc","0",2.5,0,1018,66
"dca_nb_pt75",0.0909090909090909,NA,"1arc","0",2.5,0,1018,66
"pr_auc",0.779972630947484,NA,"1arc","0",2.75,0,1037,73
"roc_auc",0.868686868686869,NA,"1arc","0",2.75,0,1037,73
"brier_class",0.127703452054795,NA,"1arc","0",2.75,0,1037,73
"brier_scaled",0.312594246464646,NA,"1arc","0",2.75,0,1037,73
"prevalence",0.246575342465753,NA,"1arc","0",2.75,0,1037,73
"cox_intercept",-0.520394018877147,0.466557884515488,"1arc","0",2.75,0,1037,73
"cox_slope",0.351566660915044,0.113171342089129,"1arc","0",2.75,0,1037,73
"dca_prop_useful",0.818181818181818,NA,"1arc","0",2.75,0,1037,73
"dca_mean_excess_nb",0.0315949939079546,NA,"1arc","0",2.75,0,1037,73
"dca_nb_pt25",0.114155251141553,NA,"1arc","0",2.75,0,1037,73
"dca_nb_pt50",0.0958904109589041,NA,"1arc","0",2.75,0,1037,73
"dca_nb_pt75",0.0547945205479452,NA,"1arc","0",2.75,0,1037,73
"pr_auc",0.880633278434687,NA,"1arc","0",2.75,0,1038,71
"roc_auc",0.929769392033543,NA,"1arc","0",2.75,0,1038,71
"brier_class",0.0818699718309859,NA,"1arc","0",2.75,0,1038,71
"brier_scaled",0.567393576519916,NA,"1arc","0",2.75,0,1038,71
"prevalence",0.253521126760563,NA,"1arc","0",2.75,0,1038,71
"cox_intercept",0.345552599439964,0.380428952734114,"1arc","0",2.75,0,1038,71
"cox_slope",1.73547812266475,0.534491257143739,"1arc","0",2.75,0,1038,71
"dca_prop_useful",0.98989898989899,NA,"1arc","0",2.75,0,1038,71
"dca_mean_excess_nb",0.116629062800254,NA,"1arc","0",2.75,0,1038,71
"dca_nb_pt25",0.173708920187793,NA,"1arc","0",2.75,0,1038,71
"dca_nb_pt50",0.140845070422535,NA,"1arc","0",2.75,0,1038,71
"dca_nb_pt75",0.126760563380282,NA,"1arc","0",2.75,0,1038,71
"pr_auc",0.855103068084972,NA,"1arc","0",2.75,0,1039,68
"roc_auc",0.916111111111111,NA,"1arc","0",2.75,0,1039,68
"brier_class",0.0878803529411765,NA,"1arc","0",2.75,0,1039,68
"brier_scaled",0.548490275555556,NA,"1arc","0",2.75,0,1039,68
"prevalence",0.264705882352941,NA,"1arc","0",2.75,0,1039,68
"cox_intercept",0.154357656844589,0.398357531968386,"1arc","0",2.75,0,1039,68
"cox_slope",1.15482186723749,0.34529298438296,"1arc","0",2.75,0,1039,68
"dca_prop_useful",1,NA,"1arc","0",2.75,0,1039,68
"dca_mean_excess_nb",0.117716560247833,NA,"1arc","0",2.75,0,1039,68
"dca_nb_pt25",0.186274509803922,NA,"1arc","0",2.75,0,1039,68
"dca_nb_pt50",0.147058823529412,NA,"1arc","0",2.75,0,1039,68
"dca_nb_pt75",0.132352941176471,NA,"1arc","0",2.75,0,1039,68
"pr_auc",0.805463199319095,NA,"1arc","0",2.75,0,1040,76
"roc_auc",0.900862068965517,NA,"1arc","0",2.75,0,1040,76
"brier_class",0.106697473684211,NA,"1arc","0",2.75,0,1040,76
"brier_scaled",0.409689072796935,NA,"1arc","0",2.75,0,1040,76
"prevalence",0.236842105263158,NA,"1arc","0",2.75,0,1040,76
"cox_intercept",0.309217897578562,0.488007415472019,"1arc","0",2.75,0,1040,76
"cox_slope",0.479235159585053,0.159338766297516,"1arc","0",2.75,0,1040,76
"dca_prop_useful",0.96969696969697,NA,"1arc","0",2.75,0,1040,76
"dca_mean_excess_nb",0.0906229014918023,NA,"1arc","0",2.75,0,1040,76
"dca_nb_pt25",0.131578947368421,NA,"1arc","0",2.75,0,1040,76
"dca_nb_pt50",0.0921052631578947,NA,"1arc","0",2.75,0,1040,76
"dca_nb_pt75",0.131578947368421,NA,"1arc","0",2.75,0,1040,76
"pr_auc",0.827779689482664,NA,"1arc","0",2.75,0,1041,66
"roc_auc",0.881944444444444,NA,"1arc","0",2.75,0,1041,66
"brier_class",0.103664181818182,NA,"1arc","0",2.75,0,1041,66
"brier_scaled",0.47735975,NA,"1arc","0",2.75,0,1041,66
"prevalence",0.272727272727273,NA,"1arc","0",2.75,0,1041,66
"cox_intercept",1.60548214489635,0.472064274068493,"1arc","0",2.75,0,1041,66
"cox_slope",0.439758555039753,0.15738093729434,"1arc","0",2.75,0,1041,66
"dca_prop_useful",0.898989898989899,NA,"1arc","0",2.75,0,1041,66
"dca_mean_excess_nb",0.119610854062364,NA,"1arc","0",2.75,0,1041,66
"dca_nb_pt25",0.151515151515151,NA,"1arc","0",2.75,0,1041,66
"dca_nb_pt50",0.166666666666667,NA,"1arc","0",2.75,0,1041,66
"dca_nb_pt75",0.151515151515152,NA,"1arc","0",2.75,0,1041,66
"pr_auc",0.851133193762733,NA,"1arc","0",2,0,1004,52
"roc_auc",0.882352941176471,NA,"1arc","0",2,0,1004,52
"brier_class",0.123795153846154,NA,"1arc","0",2,0,1004,52
"brier_scaled",0.453035790849673,NA,"1arc","0",2,0,1004,52
"prevalence",0.346153846153846,NA,"1arc","0",2,0,1004,52
"cox_intercept",0.831321638427503,0.456411529934996,"1arc","0",2,0,1004,52
"cox_slope",0.489386375600879,0.217912500971356,"1arc","0",2,0,1004,52
"dca_prop_useful",0.919191919191919,NA,"1arc","0",2,0,1004,52
"dca_mean_excess_nb",0.139686801810755,NA,"1arc","0",2,0,1004,52
"dca_nb_pt25",0.205128205128205,NA,"1arc","0",2,0,1004,52
"dca_nb_pt50",0.173076923076923,NA,"1arc","0",2,0,1004,52
"dca_nb_pt75",0.192307692307692,NA,"1arc","0",2,0,1004,52
"pr_auc",0.856578462882413,NA,"1arc","0",2,0,1005,51
"roc_auc",0.898148148148148,NA,"1arc","0",2,0,1005,51
"brier_class",0.120475137254902,NA,"1arc","0",2,0,1005,51
"brier_scaled",0.472464929292929,NA,"1arc","0",2,0,1005,51
"prevalence",0.352941176470588,NA,"1arc","0",2,0,1005,51
"cox_intercept",0.332879536569361,0.434069820808083,"1arc","0",2,0,1005,51
"cox_slope",0.853771769222186,0.287334519689606,"1arc","0",2,0,1005,51
"dca_prop_useful",0.97979797979798,NA,"1arc","0",2,0,1005,51
"dca_mean_excess_nb",0.13289525020975,NA,"1arc","0",2,0,1005,51
"dca_nb_pt25",0.228758169934641,NA,"1arc","0",2,0,1005,51
"dca_nb_pt50",0.176470588235294,NA,"1arc","0",2,0,1005,51
"dca_nb_pt75",0.176470588235294,NA,"1arc","0",2,0,1005,51
"pr_auc",0.81796784207199,NA,"1arc","0",2,0,1006,56
"roc_auc",0.866228070175439,NA,"1arc","0",2,0,1006,56
"brier_class",0.134982071428571,NA,"1arc","0",2,0,1006,56
"brier_scaled",0.381134830409357,NA,"1arc","0",2,0,1006,56
"prevalence",0.321428571428571,NA,"1arc","0",2,0,1006,56
"cox_intercept",-0.0422690239486361,0.458810325953625,"1arc","0",2,0,1006,56
"cox_slope",0.435259717274508,0.184543594579854,"1arc","0",2,0,1006,56
"dca_prop_useful",0.929292929292929,NA,"1arc","0",2,0,1006,56
"dca_mean_excess_nb",0.107338277896631,NA,"1arc","0",2,0,1006,56
"dca_nb_pt25",0.196428571428571,NA,"1arc","0",2,0,1006,56
"dca_nb_pt50",0.0892857142857143,NA,"1arc","0",2,0,1006,56
"dca_nb_pt75",0.178571428571429,NA,"1arc","0",2,0,1006,56
"pr_auc",0.818524280372061,NA,"1arc","0",3.25,0,1042,77
"roc_auc",0.895480225988701,NA,"1arc","0",3.25,0,1042,77
"brier_class",0.0871459220779221,NA,"1arc","0",3.25,0,1042,77
"brier_scaled",0.513476297551789,NA,"1arc","0",3.25,0,1042,77
"prevalence",0.233766233766234,NA,"1arc","0",3.25,0,1042,77
"cox_intercept",1.75651813613277,0.498744096259252,"1arc","0",3.25,0,1042,77
"cox_slope",0.405791031410604,0.13817610396598,"1arc","0",3.25,0,1042,77
"dca_prop_useful",0.909090909090909,NA,"1arc","0",3.25,0,1042,77
"dca_mean_excess_nb",0.1088031406348,NA,"1arc","0",3.25,0,1042,77
"dca_nb_pt25",0.147186147186147,NA,"1arc","0",3.25,0,1042,77
"dca_nb_pt50",0.12987012987013,NA,"1arc","0",3.25,0,1042,77
"dca_nb_pt75",0.12987012987013,NA,"1arc","0",3.25,0,1042,77
"pr_auc",0.874923564143047,NA,"1arc","0",3.25,0,1043,88
"roc_auc",0.925793650793651,NA,"1arc","0",3.25,0,1043,88
"brier_class",0.0686046818181818,NA,"1arc","0",3.25,0,1043,88
"brier_scaled",0.578353447619048,NA,"1arc","0",3.25,0,1043,88
"prevalence",0.204545454545455,NA,"1arc","0",3.25,0,1043,88
"cox_intercept",0.0378256215629507,0.372271122049826,"1arc","0",3.25,0,1043,88
"cox_slope",1.52228541632103,0.480446718179024,"1arc","0",3.25,0,1043,88
"dca_prop_useful",0.98989898989899,NA,"1arc","0",3.25,0,1043,88
"dca_mean_excess_nb",0.0998065601855614,NA,"1arc","0",3.25,0,1043,88
"dca_nb_pt25",0.140151515151515,NA,"1arc","0",3.25,0,1043,88
"dca_nb_pt50",0.113636363636364,NA,"1arc","0",3.25,0,1043,88
"dca_nb_pt75",0.102272727272727,NA,"1arc","0",3.25,0,1043,88
"pr_auc",0.807169481524756,NA,"1arc","0",3.25,0,1044,68
"roc_auc",0.872222222222222,NA,"1arc","0",3.25,0,1044,68
"brier_class",0.101082588235294,NA,"1arc","0",3.25,0,1044,68
"brier_scaled",0.480660124444445,NA,"1arc","0",3.25,0,1044,68
"prevalence",0.264705882352941,NA,"1arc","0",3.25,0,1044,68
"cox_intercept",1.21183892764698,0.466658451470282,"1arc","0",3.25,0,1044,68
"cox_slope",0.530653138995175,0.175289478458874,"1arc","0",3.25,0,1044,68
"dca_prop_useful",0.888888888888889,NA,"1arc","0",3.25,0,1044,68
"dca_mean_excess_nb",0.114579121401805,NA,"1arc","0",3.25,0,1044,68
"dca_nb_pt25",0.166666666666667,NA,"1arc","0",3.25,0,1044,68
"dca_nb_pt50",0.147058823529412,NA,"1arc","0",3.25,0,1044,68
"dca_nb_pt75",0.132352941176471,NA,"1arc","0",3.25,0,1044,68
"pr_auc",0.796597254093818,NA,"1arc","0",3.25,0,1045,72
"roc_auc",0.878600823045267,NA,"1arc","0",3.25,0,1045,72
"brier_class",0.114226555555556,NA,"1arc","0",3.25,0,1045,72
"brier_scaled",0.390791703703704,NA,"1arc","0",3.25,0,1045,72
"prevalence",0.25,NA,"1arc","0",3.25,0,1045,72
"cox_intercept",0.828898510169726,0.485584210542856,"1arc","0",3.25,0,1045,72
"cox_slope",0.371555241299791,0.125416392440024,"1arc","0",3.25,0,1045,72
"dca_prop_useful",0.848484848484849,NA,"1arc","0",3.25,0,1045,72
"dca_mean_excess_nb",0.0734001959907772,NA,"1arc","0",3.25,0,1045,72
"dca_nb_pt25",0.138888888888889,NA,"1arc","0",3.25,0,1045,72
"dca_nb_pt50",0.125,NA,"1arc","0",3.25,0,1045,72
"dca_nb_pt75",0.0555555555555556,NA,"1arc","0",3.25,0,1045,72
"pr_auc",0.858686158762268,NA,"1arc","0",3.25,0,1046,82
"roc_auc",0.911892361111111,NA,"1arc","0",3.25,0,1046,82
"brier_class",0.0757432195121951,NA,"1arc","0",3.25,0,1046,82
"brier_scaled",0.557901555555556,NA,"1arc","0",3.25,0,1046,82
"prevalence",0.219512195121951,NA,"1arc","0",3.25,0,1046,82
"cox_intercept",1.31309563580677,0.433026317805871,"1arc","0",3.25,0,1046,82
"cox_slope",0.800536632434027,0.259210260160784,"1arc","0",3.25,0,1046,82
"dca_prop_useful",0.94949494949495,NA,"1arc","0",3.25,0,1046,82
"dca_mean_excess_nb",0.105762575103417,NA,"1arc","0",3.25,0,1046,82
"dca_nb_pt25",0.142276422764228,NA,"1arc","0",3.25,0,1046,82
"dca_nb_pt50",0.134146341463415,NA,"1arc","0",3.25,0,1046,82
"dca_nb_pt75",0.109756097560976,NA,"1arc","0",3.25,0,1046,82
"pr_auc",0.807304300007371,NA,"1arc","0",3.5,0,1019,78
"roc_auc",0.86712962962963,NA,"1arc","0",3.5,0,1019,78
"brier_class",0.0978193333333333,NA,"1arc","0",3.5,0,1019,78
"brier_scaled",0.448951088888889,NA,"1arc","0",3.5,0,1019,78
"prevalence",0.230769230769231,NA,"1arc","0",3.5,0,1019,78
"cox_intercept",1.3931367137752,0.457059565855637,"1arc","0",3.5,0,1019,78
"cox_slope",0.286009272984082,0.0858130553517198,"1arc","0",3.5,0,1019,78
"dca_prop_useful",0.868686868686869,NA,"1arc","0",3.5,0,1019,78
"dca_mean_excess_nb",0.0809019905245661,NA,"1arc","0",3.5,0,1019,78
"dca_nb_pt25",0.136752136752137,NA,"1arc","0",3.5,0,1019,78
"dca_nb_pt50",0.115384615384615,NA,"1arc","0",3.5,0,1019,78
"dca_nb_pt75",0.0769230769230769,NA,"1arc","0",3.5,0,1019,78
"pr_auc",0.815076564256415,NA,"1arc","0",3.5,0,1020,80
"roc_auc",0.872311827956989,NA,"1arc","0",3.5,0,1020,80
"brier_class",0.10089495,NA,"1arc","0",3.5,0,1020,80
"brier_scaled",0.421390967741936,NA,"1arc","0",3.5,0,1020,80
"prevalence",0.225,NA,"1arc","0",3.5,0,1020,80
"cox_intercept",2.41668532252385,0.716192017483416,"1arc","0",3.5,0,1020,80
"cox_slope",0.224730231604104,0.0519989778670463,"1arc","0",3.5,0,1020,80
"dca_prop_useful",0.909090909090909,NA,"1arc","0",3.5,0,1020,80
"dca_mean_excess_nb",0.0881426263804684,NA,"1arc","0",3.5,0,1020,80
"dca_nb_pt25",0.120833333333333,NA,"1arc","0",3.5,0,1020,80
"dca_nb_pt50",0.1125,NA,"1arc","0",3.5,0,1020,80
"dca_nb_pt75",0.0625,NA,"1arc","0",3.5,0,1020,80
"pr_auc",0.770401139743587,NA,"1arc","0",3.5,0,1021,89
"roc_auc",0.885758998435055,NA,"1arc","0",3.5,0,1021,89
"brier_class",0.0903154157303371,NA,"1arc","0",3.5,0,1021,89
"brier_scaled",0.440228162754304,NA,"1arc","0",3.5,0,1021,89
"prevalence",0.202247191011236,NA,"1arc","0",3.5,0,1021,89
"cox_intercept",1.15713245672665,0.449643800048335,"1arc","0",3.5,0,1021,89
"cox_slope",0.442828248515873,0.150592793175207,"1arc","0",3.5,0,1021,89
"dca_prop_useful",0.888888888888889,NA,"1arc","0",3.5,0,1021,89
"dca_mean_excess_nb",0.0726346666150987,NA,"1arc","0",3.5,0,1021,89
"dca_nb_pt25",0.116104868913858,NA,"1arc","0",3.5,0,1021,89
"dca_nb_pt50",0.0898876404494382,NA,"1arc","0",3.5,0,1021,89
"dca_nb_pt75",0.0786516853932584,NA,"1arc","0",3.5,0,1021,89
"pr_auc",0.843919643231793,NA,"1arc","0",3.75,0,1047,81
"roc_auc",0.913139329805996,NA,"1arc","0",3.75,0,1047,81
"brier_class",0.0765436049382716,NA,"1arc","0",3.75,0,1047,81
"brier_scaled",0.557140571428571,NA,"1arc","0",3.75,0,1047,81
"prevalence",0.222222222222222,NA,"1arc","0",3.75,0,1047,81
"cox_intercept",0.353796883637005,0.37996616229729,"1arc","0",3.75,0,1047,81
"cox_slope",1.30491988624939,0.409894359550872,"1arc","0",3.75,0,1047,81
"dca_prop_useful",1,NA,"1arc","0",3.75,0,1047,81
"dca_mean_excess_nb",0.10274831896991,NA,"1arc","0",3.75,0,1047,81
"dca_nb_pt25",0.139917695473251,NA,"1arc","0",3.75,0,1047,81
"dca_nb_pt50",0.123456790123457,NA,"1arc","0",3.75,0,1047,81
"dca_nb_pt75",0.111111111111111,NA,"1arc","0",3.75,0,1047,81
"pr_auc",0.814384713426632,NA,"1arc","0",3.75,0,1048,83
"roc_auc",0.911111111111111,NA,"1arc","0",3.75,0,1048,83
"brier_class",0.0843196144578313,NA,"1arc","0",3.75,0,1048,83
"brier_scaled",0.503523227350427,NA,"1arc","0",3.75,0,1048,83
"prevalence",0.216867469879518,NA,"1arc","0",3.75,0,1048,83
"cox_intercept",0.0469024840919866,0.393343323118033,"1arc","0",3.75,0,1048,83
"cox_slope",0.916988187923187,0.263672846459012,"1arc","0",3.75,0,1048,83
"dca_prop_useful",1,NA,"1arc","0",3.75,0,1048,83
"dca_mean_excess_nb",0.0924879357880491,NA,"1arc","0",3.75,0,1048,83
"dca_nb_pt25",0.132530120481928,NA,"1arc","0",3.75,0,1048,83
"dca_nb_pt50",0.0963855421686747,NA,"1arc","0",3.75,0,1048,83
"dca_nb_pt75",0.108433734939759,NA,"1arc","0",3.75,0,1048,83
"pr_auc",0.807276184307879,NA,"1arc","0",3.75,0,1049,87
"roc_auc",0.901368760064412,NA,"1arc","0",3.75,0,1049,87
"brier_class",0.0872277701149425,NA,"1arc","0",3.75,0,1049,87
"brier_scaled",0.468416270531401,NA,"1arc","0",3.75,0,1049,87
"prevalence",0.206896551724138,NA,"1arc","0",3.75,0,1049,87
"cox_intercept",0.578042990799319,0.514451699089506,"1arc","0",3.75,0,1049,87
"cox_slope",0.425614930458999,0.129096877358533,"1arc","0",3.75,0,1049,87
"dca_prop_useful",0.878787878787879,NA,"1arc","0",3.75,0,1049,87
"dca_mean_excess_nb",0.0705405796163052,NA,"1arc","0",3.75,0,1049,87
"dca_nb_pt25",0.134099616858238,NA,"1arc","0",3.75,0,1049,87
"dca_nb_pt50",0.0804597701149425,NA,"1arc","0",3.75,0,1049,87
"dca_nb_pt75",0.0804597701149425,NA,"1arc","0",3.75,0,1049,87
"pr_auc",0.822318308410168,NA,"1arc","0",3.75,0,1050,87
"roc_auc",0.926328502415459,NA,"1arc","0",3.75,0,1050,87
"brier_class",0.0820122298850575,NA,"1arc","0",3.75,0,1050,87
"brier_scaled",0.500200830917874,NA,"1arc","0",3.75,0,1050,87
"prevalence",0.206896551724138,NA,"1arc","0",3.75,0,1050,87
"cox_intercept",1.12986100685119,0.443545019679126,"1arc","0",3.75,0,1050,87
"cox_slope",0.712240803121995,0.219605312057019,"1arc","0",3.75,0,1050,87
"dca_prop_useful",0.95959595959596,NA,"1arc","0",3.75,0,1050,87
"dca_mean_excess_nb",0.0926383650704526,NA,"1arc","0",3.75,0,1050,87
"dca_nb_pt25",0.118773946360153,NA,"1arc","0",3.75,0,1050,87
"dca_nb_pt50",0.114942528735632,NA,"1arc","0",3.75,0,1050,87
"dca_nb_pt75",0.103448275862069,NA,"1arc","0",3.75,0,1050,87
"pr_auc",0.75777125075121,NA,"1arc","0",3.75,0,1051,95
"roc_auc",0.894660894660895,NA,"1arc","0",3.75,0,1051,95
"brier_class",0.0942150736842105,NA,"1arc","0",3.75,0,1051,95
"brier_scaled",0.386514401154401,NA,"1arc","0",3.75,0,1051,95
"prevalence",0.189473684210526,NA,"1arc","0",3.75,0,1051,95
"cox_intercept",0.44177954341794,0.460386311200336,"1arc","0",3.75,0,1051,95
"cox_slope",0.428326198065702,0.136163126724571,"1arc","0",3.75,0,1051,95
"dca_prop_useful",0.919191919191919,NA,"1arc","0",3.75,0,1051,95
"dca_mean_excess_nb",0.0622810378871765,NA,"1arc","0",3.75,0,1051,95
"dca_nb_pt25",0.0736842105263158,NA,"1arc","0",3.75,0,1051,95
"dca_nb_pt50",0.0842105263157895,NA,"1arc","0",3.75,0,1051,95
"dca_nb_pt75",0.0736842105263158,NA,"1arc","0",3.75,0,1051,95
"pr_auc",0.81105497782189,NA,"1arc","0",3,0,1007,67
"roc_auc",0.878684807256236,NA,"1arc","0",3,0,1007,67
"brier_class",0.12307128358209,NA,"1arc","0",3,0,1007,67
"brier_scaled",0.373620190476191,NA,"1arc","0",3,0,1007,67
"prevalence",0.26865671641791,NA,"1arc","0",3,0,1007,67
"cox_intercept",1.53632369626458,0.466346863228077,"1arc","0",3,0,1007,67
"cox_slope",0.436014030821724,0.147811374434818,"1arc","0",3,0,1007,67
"dca_prop_useful",0.828282828282828,NA,"1arc","0",3,0,1007,67
"dca_mean_excess_nb",0.0836777189773208,NA,"1arc","0",3,0,1007,67
"dca_nb_pt25",0.154228855721393,NA,"1arc","0",3,0,1007,67
"dca_nb_pt50",0.119402985074627,NA,"1arc","0",3,0,1007,67
"dca_nb_pt75",0.104477611940299,NA,"1arc","0",3,0,1007,67
"pr_auc",0.881838560061006,NA,"1arc","0",3,0,1008,74
"roc_auc",0.933531746031746,NA,"1arc","0",3,0,1008,74
"brier_class",0.0786142162162162,NA,"1arc","0",3,0,1008,74
"brier_scaled",0.572925150793651,NA,"1arc","0",3,0,1008,74
"prevalence",0.243243243243243,NA,"1arc","0",3,0,1008,74
"cox_intercept",0.342304659858695,0.38267259516128,"1arc","0",3,0,1008,74
"cox_slope",1.62863312967328,0.506434563288119,"1arc","0",3,0,1008,74
"dca_prop_useful",1,NA,"1arc","0",3,0,1008,74
"dca_mean_excess_nb",0.114480325680629,NA,"1arc","0",3,0,1008,74
"dca_nb_pt25",0.18018018018018,NA,"1arc","0",3,0,1008,74
"dca_nb_pt50",0.135135135135135,NA,"1arc","0",3,0,1008,74
"dca_nb_pt75",0.121621621621622,NA,"1arc","0",3,0,1008,74
"pr_auc",0.802509739712984,NA,"1arc","0",3,0,1009,73
"roc_auc",0.865656565656566,NA,"1arc","0",3,0,1009,73
"brier_class",0.0988255342465753,NA,"1arc","0",3,0,1009,73
"brier_scaled",0.468039119191919,NA,"1arc","0",3,0,1009,73
"prevalence",0.246575342465753,NA,"1arc","0",3,0,1009,73
"cox_intercept",1.18611286705915,0.447804223435398,"1arc","0",3,0,1009,73
"cox_slope",0.359154913670085,0.122272475977927,"1arc","0",3,0,1009,73
"dca_prop_useful",0.888888888888889,NA,"1arc","0",3,0,1009,73
"dca_mean_excess_nb",0.107010283721932,NA,"1arc","0",3,0,1009,73
"dca_nb_pt25",0.136986301369863,NA,"1arc","0",3,0,1009,73
"dca_nb_pt50",0.136986301369863,NA,"1arc","0",3,0,1009,73
"dca_nb_pt75",0.136986301369863,NA,"1arc","0",3,0,1009,73
"pr_auc",0.817462378935053,NA,"1arc","0",4,0,1010,93
"roc_auc",0.908888888888889,NA,"1arc","0",4,0,1010,93
"brier_class",0.0763704946236559,NA,"1arc","0",4,0,1010,93
"brier_scaled",0.510719697777778,NA,"1arc","0",4,0,1010,93
"prevalence",0.193548387096774,NA,"1arc","0",4,0,1010,93
"cox_intercept",1.06120073201703,0.442543528145956,"1arc","0",4,0,1010,93
"cox_slope",0.628527008391166,0.199877945934398,"1arc","0",4,0,1010,93
"dca_prop_useful",0.95959595959596,NA,"1arc","0",4,0,1010,93
"dca_mean_excess_nb",0.0898256161088491,NA,"1arc","0",4,0,1010,93
"dca_nb_pt25",0.121863799283154,NA,"1arc","0",4,0,1010,93
"dca_nb_pt50",0.0860215053763441,NA,"1arc","0",4,0,1010,93
"dca_nb_pt75",0.10752688172043,NA,"1arc","0",4,0,1010,93
"pr_auc",0.845146313491627,NA,"1arc","0",4,0,1011,92
"roc_auc",0.917792792792793,NA,"1arc","0",4,0,1011,92
"brier_class",0.0704804347826087,NA,"1arc","0",4,0,1011,92
"brier_scaled",0.552142342342342,NA,"1arc","0",4,0,1011,92
"prevalence",0.195652173913043,NA,"1arc","0",4,0,1011,92
"cox_intercept",0.326901558959767,0.381165082920658,"1arc","0",4,0,1011,92
"cox_slope",1.18737227794019,0.336950258353787,"1arc","0",4,0,1011,92
"dca_prop_useful",1,NA,"1arc","0",4,0,1011,92
"dca_mean_excess_nb",0.0909992507460862,NA,"1arc","0",4,0,1011,92
"dca_nb_pt25",0.134057971014493,NA,"1arc","0",4,0,1011,92
"dca_nb_pt50",0.0978260869565217,NA,"1arc","0",4,0,1011,92
"dca_nb_pt75",0.0978260869565217,NA,"1arc","0",4,0,1011,92
"pr_auc",0.894200181563789,NA,"1arc","0",4,0,1012,84
"roc_auc",0.934343434343434,NA,"1arc","0",4,0,1012,84
"brier_class",0.070381,NA,"1arc","0",4,0,1012,84
"brier_scaled",0.581979515151515,NA,"1arc","0",4,0,1012,84
"prevalence",0.214285714285714,NA,"1arc","0",4,0,1012,84
"cox_intercept",0.532246327359786,0.375926130554687,"1arc","0",4,0,1012,84
"cox_slope",1.91968406249064,0.58397805795569,"1arc","0",4,0,1012,84
"dca_prop_useful",1,NA,"1arc","0",4,0,1012,84
"dca_mean_excess_nb",0.102653293088263,NA,"1arc","0",4,0,1012,84
"dca_nb_pt25",0.166666666666667,NA,"1arc","0",4,0,1012,84
"dca_nb_pt50",0.107142857142857,NA,"1arc","0",4,0,1012,84
"dca_nb_pt75",0.107142857142857,NA,"1arc","0",4,0,1012,84
"pr_auc",0.978840556849505,NA,"1arc","1",1.25,0,1022,143
"roc_auc",0.97242134607726,NA,"1arc","1",1.25,0,1022,143
"brier_class",0.108989128710543,NA,"1arc","1",1.25,0,1022,143
"brier_scaled",0.556208942054582,NA,"1arc","1",1.25,0,1022,143
"prevalence",0.433566433566434,NA,"1arc","1",1.25,0,1022,143
"cox_intercept",0.998445729576248,0.218850831807329,"1arc","1",1.25,0,1022,143
"cox_slope",2.6155925039495,0.462013954315237,"1arc","1",1.25,0,1022,143
"dca_prop_useful",0.828282828282828,NA,"1arc","1",1.25,0,1022,143
"dca_mean_excess_nb",0.123668810751621,NA,"1arc","1",1.25,0,1022,143
"dca_nb_pt25",0.407925407925408,NA,"1arc","1",1.25,0,1022,143
"dca_nb_pt50",0.286713286713287,NA,"1arc","1",1.25,0,1022,143
"dca_nb_pt75",0.0699300699300699,NA,"1arc","1",1.25,0,1022,143
"pr_auc",0.974411018660549,NA,"1arc","1",1.25,0,1023,138
"roc_auc",0.965725806451613,NA,"1arc","1",1.25,0,1023,138
"brier_class",0.121987025462963,NA,"1arc","1",1.25,0,1023,138
"brier_scaled",0.506977734949774,NA,"1arc","1",1.25,0,1023,138
"prevalence",0.449275362318841,NA,"1arc","1",1.25,0,1023,138
"cox_intercept",0.918572026468191,0.212006679236672,"1arc","1",1.25,0,1023,138
"cox_slope",2.61747276659743,0.441994400595565,"1arc","1",1.25,0,1023,138
"dca_prop_useful",0.848484848484849,NA,"1arc","1",1.25,0,1023,138
"dca_mean_excess_nb",0.113538852355452,NA,"1arc","1",1.25,0,1023,138
"dca_nb_pt25",0.408212560386473,NA,"1arc","1",1.25,0,1023,138
"dca_nb_pt50",0.282608695652174,NA,"1arc","1",1.25,0,1023,138
"dca_nb_pt75",0.0434782608695652,NA,"1arc","1",1.25,0,1023,138
"pr_auc",0.980295284817496,NA,"1arc","1",1.25,0,1024,134
"roc_auc",0.97155017921147,NA,"1arc","1",1.25,0,1024,134
"brier_class",0.113439869402985,NA,"1arc","1",1.25,0,1024,134
"brier_scaled",0.543699306675627,NA,"1arc","1",1.25,0,1024,134
"prevalence",0.462686567164179,NA,"1arc","1",1.25,0,1024,134
"cox_intercept",1.00851185352729,0.219646170472889,"1arc","1",1.25,0,1024,134
"cox_slope",2.77367425995832,0.485383220107739,"1arc","1",1.25,0,1024,134
"dca_prop_useful",0.787878787878788,NA,"1arc","1",1.25,0,1024,134
"dca_mean_excess_nb",0.121938564975591,NA,"1arc","1",1.25,0,1024,134
"dca_nb_pt25",0.435323383084577,NA,"1arc","1",1.25,0,1024,134
"dca_nb_pt50",0.32089552238806,NA,"1arc","1",1.25,0,1024,134
"dca_nb_pt75",0.0447761194029851,NA,"1arc","1",1.25,0,1024,134
"pr_auc",0.945533807716725,NA,"1arc","1",1.25,0,1025,143
"roc_auc",0.946933492632417,NA,"1arc","1",1.25,0,1025,143
"brier_class",0.14797613986014,NA,"1arc","1",1.25,0,1025,143
"brier_scaled",0.397458366387893,NA,"1arc","1",1.25,0,1025,143
"prevalence",0.433566433566434,NA,"1arc","1",1.25,0,1025,143
"cox_intercept",1.30016038863071,0.218359096552564,"1arc","1",1.25,0,1025,143
"cox_slope",2.20019712365307,0.410884187974795,"1arc","1",1.25,0,1025,143
"dca_prop_useful",0.939393939393939,NA,"1arc","1",1.25,0,1025,143
"dca_mean_excess_nb",0.0946925003888135,NA,"1arc","1",1.25,0,1025,143
"dca_nb_pt25",0.328671328671329,NA,"1arc","1",1.25,0,1025,143
"dca_nb_pt50",0.223776223776224,NA,"1arc","1",1.25,0,1025,143
"dca_nb_pt75",0.0629370629370629,NA,"1arc","1",1.25,0,1025,143
"pr_auc",0.950112400910514,NA,"1arc","1",1.25,0,1026,140
"roc_auc",0.950268817204301,NA,"1arc","1",1.25,0,1026,140
"brier_class",0.143128428571429,NA,"1arc","1",1.25,0,1026,140
"brier_scaled",0.419909594706369,NA,"1arc","1",1.25,0,1026,140
"prevalence",0.442857142857143,NA,"1arc","1",1.25,0,1026,140
"cox_intercept",1.12628844987082,0.215161060858667,"1arc","1",1.25,0,1026,140
"cox_slope",2.00629198255579,0.339606614886365,"1arc","1",1.25,0,1026,140
"dca_prop_useful",0.868686868686869,NA,"1arc","1",1.25,0,1026,140
"dca_mean_excess_nb",0.0952634829697554,NA,"1arc","1",1.25,0,1026,140
"dca_nb_pt25",0.373809523809524,NA,"1arc","1",1.25,0,1026,140
"dca_nb_pt50",0.235714285714286,NA,"1arc","1",1.25,0,1026,140
"dca_nb_pt75",0.05,NA,"1arc","1",1.25,0,1026,140
"pr_auc",0.948781741610008,NA,"1arc","1",1.5,0,1013,165
"roc_auc",0.955449420607579,NA,"1arc","1",1.5,0,1013,165
"brier_class",0.131127175757576,NA,"1arc","1",1.5,0,1013,165
"brier_scaled",0.440974419041654,NA,"1arc","1",1.5,0,1013,165
"prevalence",0.375757575757576,NA,"1arc","1",1.5,0,1013,165
"cox_intercept",1.04713288959308,0.200584702439934,"1arc","1",1.5,0,1013,165
"cox_slope",2.43917408370222,0.410139292640933,"1arc","1",1.5,0,1013,165
"dca_prop_useful",0.838383838383838,NA,"1arc","1",1.5,0,1013,165
"dca_mean_excess_nb",0.0904702908828053,NA,"1arc","1",1.5,0,1013,165
"dca_nb_pt25",0.309090909090909,NA,"1arc","1",1.5,0,1013,165
"dca_nb_pt50",0.157575757575758,NA,"1arc","1",1.5,0,1013,165
"dca_nb_pt75",0.0424242424242424,NA,"1arc","1",1.5,0,1013,165
"pr_auc",0.961531207242024,NA,"1arc","1",1.5,0,1014,161
"roc_auc",0.964646464646465,NA,"1arc","1",1.5,0,1014,161
"brier_class",0.122984944099379,NA,"1arc","1",1.5,0,1014,161
"brier_scaled",0.480630052785924,NA,"1arc","1",1.5,0,1014,161
"prevalence",0.385093167701863,NA,"1arc","1",1.5,0,1014,161
"cox_intercept",1.27768402699745,0.216300592211963,"1arc","1",1.5,0,1014,161
"cox_slope",2.13067707234121,0.358692498413872,"1arc","1",1.5,0,1014,161
"dca_prop_useful",0.909090909090909,NA,"1arc","1",1.5,0,1014,161
"dca_mean_excess_nb",0.100744549071295,NA,"1arc","1",1.5,0,1014,161
"dca_nb_pt25",0.325051759834369,NA,"1arc","1",1.5,0,1014,161
"dca_nb_pt50",0.211180124223602,NA,"1arc","1",1.5,0,1014,161
"dca_nb_pt75",0.031055900621118,NA,"1arc","1",1.5,0,1014,161
"pr_auc",0.977855466828105,NA,"1arc","1",1.5,0,1015,156
"roc_auc",0.973575840768703,NA,"1arc","1",1.5,0,1015,156
"brier_class",0.114746481659544,NA,"1arc","1",1.5,0,1015,156
"brier_scaled",0.520852714882178,NA,"1arc","1",1.5,0,1015,156
"prevalence",0.397435897435897,NA,"1arc","1",1.5,0,1015,156
"cox_intercept",1.19457564711232,0.21565910160959,"1arc","1",1.5,0,1015,156
"cox_slope",2.57775570373949,0.442425478367729,"1arc","1",1.5,0,1015,156
"dca_prop_useful",0.797979797979798,NA,"1arc","1",1.5,0,1015,156
"dca_mean_excess_nb",0.106892422728191,NA,"1arc","1",1.5,0,1015,156
"dca_nb_pt25",0.376068376068376,NA,"1arc","1",1.5,0,1015,156
"dca_nb_pt50",0.198717948717949,NA,"1arc","1",1.5,0,1015,156
"dca_nb_pt75",0.032051282051282,NA,"1arc","1",1.5,0,1015,156
"pr_auc",0.961976487139504,NA,"1arc","1",1.75,0,1027,164
"roc_auc",0.964500316255534,NA,"1arc","1",1.75,0,1027,164
"brier_class",0.125770341463415,NA,"1arc","1",1.75,0,1027,164
"brier_scaled",0.465098180898166,NA,"1arc","1",1.75,0,1027,164
"prevalence",0.378048780487805,NA,"1arc","1",1.75,0,1027,164
"cox_intercept",1.30701408079526,0.215793522678944,"1arc","1",1.75,0,1027,164
"cox_slope",2.06795124415647,0.345883648548389,"1arc","1",1.75,0,1027,164
"dca_prop_useful",0.838383838383838,NA,"1arc","1",1.75,0,1027,164
"dca_mean_excess_nb",0.0942316237595263,NA,"1arc","1",1.75,0,1027,164
"dca_nb_pt25",0.32520325203252,NA,"1arc","1",1.75,0,1027,164
"dca_nb_pt50",0.189024390243902,NA,"1arc","1",1.75,0,1027,164
"dca_nb_pt75",0.0426829268292683,NA,"1arc","1",1.75,0,1027,164
"pr_auc",0.96022403059614,NA,"1arc","1",1.75,0,1028,169
"roc_auc",0.970605969249322,NA,"1arc","1",1.75,0,1028,169
"brier_class",0.149496189349112,NA,"1arc","1",1.75,0,1028,169
"brier_scaled",0.356382173047935,NA,"1arc","1",1.75,0,1028,169
"prevalence",0.366863905325444,NA,"1arc","1",1.75,0,1028,169
"cox_intercept",1.52109178105544,0.208638778448824,"1arc","1",1.75,0,1028,169
"cox_slope",2.38211725012507,0.400032982126646,"1arc","1",1.75,0,1028,169
"dca_prop_useful",0.757575757575758,NA,"1arc","1",1.75,0,1028,169
"dca_mean_excess_nb",0.0652399690370861,NA,"1arc","1",1.75,0,1028,169
"dca_nb_pt25",0.291913214990138,NA,"1arc","1",1.75,0,1028,169
"dca_nb_pt50",0.0946745562130177,NA,"1arc","1",1.75,0,1028,169
"dca_nb_pt75",0.00591715976331361,NA,"1arc","1",1.75,0,1028,169
"pr_auc",0.951297623504806,NA,"1arc","1",1.75,0,1029,163
"roc_auc",0.959118492494411,NA,"1arc","1",1.75,0,1029,163
"brier_class",0.135882846625767,NA,"1arc","1",1.75,0,1029,163
"brier_scaled",0.423463533695305,NA,"1arc","1",1.75,0,1029,163
"prevalence",0.380368098159509,NA,"1arc","1",1.75,0,1029,163
"cox_intercept",1.35772721694314,0.220193902353396,"1arc","1",1.75,0,1029,163
"cox_slope",1.65366411509097,0.259736845860313,"1arc","1",1.75,0,1029,163
"dca_prop_useful",0.757575757575758,NA,"1arc","1",1.75,0,1029,163
"dca_mean_excess_nb",0.0821698862688785,NA,"1arc","1",1.75,0,1029,163
"dca_nb_pt25",0.298568507157464,NA,"1arc","1",1.75,0,1029,163
"dca_nb_pt50",0.134969325153374,NA,"1arc","1",1.75,0,1029,163
"dca_nb_pt75",0.0122699386503067,NA,"1arc","1",1.75,0,1029,163
"pr_auc",0.954035727969079,NA,"1arc","1",1.75,0,1030,170
"roc_auc",0.964232377538829,NA,"1arc","1",1.75,0,1030,170
"brier_class",0.125752776470588,NA,"1arc","1",1.75,0,1030,170
"brier_scaled",0.457249814814815,NA,"1arc","1",1.75,0,1030,170
"prevalence",0.364705882352941,NA,"1arc","1",1.75,0,1030,170
"cox_intercept",1.16744786306362,0.206094225014685,"1arc","1",1.75,0,1030,170
"cox_slope",2.26076525248341,0.363601019539352,"1arc","1",1.75,0,1030,170
"dca_prop_useful",0.848484848484849,NA,"1arc","1",1.75,0,1030,170
"dca_mean_excess_nb",0.0901621242768941,NA,"1arc","1",1.75,0,1030,170
"dca_nb_pt25",0.296078431372549,NA,"1arc","1",1.75,0,1030,170
"dca_nb_pt50",0.164705882352941,NA,"1arc","1",1.75,0,1030,170
"dca_nb_pt75",0.0235294117647059,NA,"1arc","1",1.75,0,1030,170
"pr_auc",0.96996761726218,NA,"1arc","1",1.75,0,1031,162
"roc_auc",0.96758064516129,NA,"1arc","1",1.75,0,1031,162
"brier_class",0.121902716049383,NA,"1arc","1",1.75,0,1031,162
"brier_scaled",0.4839976,NA,"1arc","1",1.75,0,1031,162
"prevalence",0.382716049382716,NA,"1arc","1",1.75,0,1031,162
"cox_intercept",1.17779574091122,0.209676178583512,"1arc","1",1.75,0,1031,162
"cox_slope",2.40625081990443,0.402800306468494,"1arc","1",1.75,0,1031,162
"dca_prop_useful",0.868686868686869,NA,"1arc","1",1.75,0,1031,162
"dca_mean_excess_nb",0.0982359945983709,NA,"1arc","1",1.75,0,1031,162
"dca_nb_pt25",0.323045267489712,NA,"1arc","1",1.75,0,1031,162
"dca_nb_pt50",0.185185185185185,NA,"1arc","1",1.75,0,1031,162
"dca_nb_pt75",0.0308641975308642,NA,"1arc","1",1.75,0,1031,162
"pr_auc",0.986076293343561,NA,"1arc","1",1,0,1001,123
"roc_auc",0.979243786356425,NA,"1arc","1",1,0,1001,123
"brier_class",0.0929307028003613,NA,"1arc","1",1,0,1001,123
"brier_scaled",0.628252616957518,NA,"1arc","1",1,0,1001,123
"prevalence",0.504065040650406,NA,"1arc","1",1,0,1001,123
"cox_intercept",0.981819381280818,0.242343271285891,"1arc","1",1,0,1001,123
"cox_slope",2.41679119594652,0.445691624330101,"1arc","1",1,0,1001,123
"dca_prop_useful",0.858585858585859,NA,"1arc","1",1,0,1001,123
"dca_mean_excess_nb",0.154100915926933,NA,"1arc","1",1,0,1001,123
"dca_nb_pt25",0.463414634146341,NA,"1arc","1",1,0,1001,123
"dca_nb_pt50",0.447154471544715,NA,"1arc","1",1,0,1001,123
"dca_nb_pt75",0.0650406504065041,NA,"1arc","1",1,0,1001,123
"pr_auc",0.961091756887246,NA,"1arc","1",1,0,1002,132
"roc_auc",0.957027649769585,NA,"1arc","1",1,0,1002,132
"brier_class",0.148720757575758,NA,"1arc","1",1,0,1002,132
"brier_scaled",0.402923852534562,NA,"1arc","1",1,0,1002,132
"prevalence",0.46969696969697,NA,"1arc","1",1,0,1002,132
"cox_intercept",1.44880863883537,0.232441508809969,"1arc","1",1,0,1002,132
"cox_slope",1.75385976537864,0.283974173496629,"1arc","1",1,0,1002,132
"dca_prop_useful",0.767676767676768,NA,"1arc","1",1,0,1002,132
"dca_mean_excess_nb",0.0919153172067698,NA,"1arc","1",1,0,1002,132
"dca_nb_pt25",0.388888888888889,NA,"1arc","1",1,0,1002,132
"dca_nb_pt50",0.25,NA,"1arc","1",1,0,1002,132
"dca_nb_pt75",0.0151515151515152,NA,"1arc","1",1,0,1002,132
"pr_auc",0.984405187719508,NA,"1arc","1",1,0,1003,133
"roc_auc",0.97887323943662,NA,"1arc","1",1,0,1003,133
"brier_class",0.0520430620300752,NA,"1arc","1",1,0,1003,133
"brier_scaled",0.790870121706043,NA,"1arc","1",1,0,1003,133
"prevalence",0.466165413533835,NA,"1arc","1",1,0,1003,133
"cox_intercept",0.205831411140761,0.25725542548511,"1arc","1",1,0,1003,133
"cox_slope",2.06318297633462,0.384773747880654,"1arc","1",1,0,1003,133
"dca_prop_useful",0.94949494949495,NA,"1arc","1",1,0,1003,133
"dca_mean_excess_nb",0.231128337474704,NA,"1arc","1",1,0,1003,133
"dca_nb_pt25",0.423558897243108,NA,"1arc","1",1,0,1003,133
"dca_nb_pt50",0.413533834586466,NA,"1arc","1",1,0,1003,133
"dca_nb_pt75",0.383458646616541,NA,"1arc","1",1,0,1003,133
"pr_auc",0.952678561034961,NA,"1arc","1",1,0,1052,122
"roc_auc",0.951478494623656,NA,"1arc","1",1,0,1052,122
"brier_class",0.15754862295082,NA,"1arc","1",1,0,1052,122
"brier_scaled",0.369636101075269,NA,"1arc","1",1,0,1052,122
"prevalence",0.508196721311475,NA,"1arc","1",1,0,1052,122
"cox_intercept",1.38377597246508,0.238471592413719,"1arc","1",1,0,1052,122
"cox_slope",1.90062272277257,0.349625405213483,"1arc","1",1,0,1052,122
"dca_prop_useful",0.919191919191919,NA,"1arc","1",1,0,1052,122
"dca_mean_excess_nb",0.0920217201835916,NA,"1arc","1",1,0,1052,122
"dca_nb_pt25",0.459016393442623,NA,"1arc","1",1,0,1052,122
"dca_nb_pt50",0.245901639344262,NA,"1arc","1",1,0,1052,122
"dca_nb_pt75",0.0901639344262295,NA,"1arc","1",1,0,1052,122
"pr_auc",0.983771492516136,NA,"1arc","1",1,0,1053,127
"roc_auc",0.977543424317618,NA,"1arc","1",1,0,1053,127
"brier_class",0.105164511076115,NA,"1arc","1",1,0,1053,127
"brier_scaled",0.579107096985939,NA,"1arc","1",1,0,1053,127
"prevalence",0.488188976377953,NA,"1arc","1",1,0,1053,127
"cox_intercept",1.09681023016327,0.234576321731977,"1arc","1",1,0,1053,127
"cox_slope",2.56468006350641,0.476015095445992,"1arc","1",1,0,1053,127
"dca_prop_useful",0.898989898989899,NA,"1arc","1",1,0,1053,127
"dca_mean_excess_nb",0.13762398635584,NA,"1arc","1",1,0,1053,127
"dca_nb_pt25",0.451443569553806,NA,"1arc","1",1,0,1053,127
"dca_nb_pt50",0.385826771653543,NA,"1arc","1",1,0,1053,127
"dca_nb_pt75",0.0866141732283465,NA,"1arc","1",1,0,1053,127
"pr_auc",0.979900079261151,NA,"1arc","1",1,0,1054,121
"roc_auc",0.969108802624385,NA,"1arc","1",1,0,1054,121
"brier_class",0.0847360449954086,NA,"1arc","1",1,0,1054,121
"brier_scaled",0.660847338770427,NA,"1arc","1",1,0,1054,121
"prevalence",0.512396694214876,NA,"1arc","1",1,0,1054,121
"cox_intercept",0.717240614422612,0.242389051168043,"1arc","1",1,0,1054,121
"cox_slope",2.23269352892254,0.40213639071749,"1arc","1",1,0,1054,121
"dca_prop_useful",0.939393939393939,NA,"1arc","1",1,0,1054,121
"dca_mean_excess_nb",0.178657448084486,NA,"1arc","1",1,0,1054,121
"dca_nb_pt25",0.457300275482094,NA,"1arc","1",1,0,1054,121
"dca_nb_pt50",0.462809917355372,NA,"1arc","1",1,0,1054,121
"dca_nb_pt75",0.239669421487603,NA,"1arc","1",1,0,1054,121
"pr_auc",0.968754362578549,NA,"1arc","1",1,0,1055,124
"roc_auc",0.95837669094693,NA,"1arc","1",1,0,1055,124
"brier_class",0.139214690058825,NA,"1arc","1",1,0,1055,124
"brier_scaled",0.443141239764698,NA,"1arc","1",1,0,1055,124
"prevalence",0.5,NA,"1arc","1",1,0,1055,124
"cox_intercept",1.22354232312529,0.230557046965379,"1arc","1",1,0,1055,124
"cox_slope",2.07459396019516,0.371345083142555,"1arc","1",1,0,1055,124
"dca_prop_useful",0.848484848484849,NA,"1arc","1",1,0,1055,124
"dca_mean_excess_nb",0.107530829465,NA,"1arc","1",1,0,1055,124
"dca_nb_pt25",0.454301075268817,NA,"1arc","1",1,0,1055,124
"dca_nb_pt50",0.314516129032258,NA,"1arc","1",1,0,1055,124
"dca_nb_pt75",0.0645161290322581,NA,"1arc","1",1,0,1055,124
"pr_auc",0.96787851371559,NA,"1arc","1",1,0,1056,120
"roc_auc",0.955645161290323,NA,"1arc","1",1,0,1056,120
"brier_class",0.1711291,NA,"1arc","1",1,0,1056,120
"brier_scaled",0.314722180200222,NA,"1arc","1",1,0,1056,120
"prevalence",0.516666666666667,NA,"1arc","1",1,0,1056,120
"cox_intercept",1.42317282830485,0.225729926452123,"1arc","1",1,0,1056,120
"cox_slope",2.67512593683234,0.535864362768413,"1arc","1",1,0,1056,120
"dca_prop_useful",0.838383838383838,NA,"1arc","1",1,0,1056,120
"dca_mean_excess_nb",0.0774502828790309,NA,"1arc","1",1,0,1056,120
"dca_nb_pt25",0.416666666666667,NA,"1arc","1",1,0,1056,120
"dca_nb_pt50",0.266666666666667,NA,"1arc","1",1,0,1056,120
"dca_nb_pt75",0.0583333333333333,NA,"1arc","1",1,0,1056,120
"pr_auc",0.983936397269756,NA,"1arc","1",1,0,1057,122
"roc_auc",0.975806451612903,NA,"1arc","1",1,0,1057,122
"brier_class",0.116916262295082,NA,"1arc","1",1,0,1057,122
"brier_scaled",0.532209234408602,NA,"1arc","1",1,0,1057,122
"prevalence",0.508196721311475,NA,"1arc","1",1,0,1057,122
"cox_intercept",1.12424255019678,0.237207954081447,"1arc","1",1,0,1057,122
"cox_slope",2.67511172876369,0.533628522388155,"1arc","1",1,0,1057,122
"dca_prop_useful",0.909090909090909,NA,"1arc","1",1,0,1057,122
"dca_mean_excess_nb",0.133323007980997,NA,"1arc","1",1,0,1057,122
"dca_nb_pt25",0.472677595628415,NA,"1arc","1",1,0,1057,122
"dca_nb_pt50",0.352459016393443,NA,"1arc","1",1,0,1057,122
"dca_nb_pt75",0.10655737704918,NA,"1arc","1",1,0,1057,122
"pr_auc",0.949611141011168,NA,"1arc","1",1,0,1058,123
"roc_auc",0.940772078265468,NA,"1arc","1",1,0,1058,123
"brier_class",0.14856162601626,NA,"1arc","1",1,0,1058,123
"brier_scaled",0.405714214701216,NA,"1arc","1",1,0,1058,123
"prevalence",0.504065040650406,NA,"1arc","1",1,0,1058,123
"cox_intercept",1.01152452726357,0.225954639876075,"1arc","1",1,0,1058,123
"cox_slope",2.14073440887143,0.425690672219218,"1arc","1",1,0,1058,123
"dca_prop_useful",0.898989898989899,NA,"1arc","1",1,0,1058,123
"dca_mean_excess_nb",0.102646168844797,NA,"1arc","1",1,0,1058,123
"dca_nb_pt25",0.420054200542005,NA,"1arc","1",1,0,1058,123
"dca_nb_pt50",0.284552845528455,NA,"1arc","1",1,0,1058,123
"dca_nb_pt75",0.105691056910569,NA,"1arc","1",1,0,1058,123
"pr_auc",0.979376900946598,NA,"1arc","1",1,0,1059,121
"roc_auc",0.972662657189721,NA,"1arc","1",1,0,1059,121
"brier_class",0.11991947107438,NA,"1arc","1",1,0,1059,121
"brier_scaled",0.520027070530344,NA,"1arc","1",1,0,1059,121
"prevalence",0.512396694214876,NA,"1arc","1",1,0,1059,121
"cox_intercept",1.29343598661702,0.246869840418886,"1arc","1",1,0,1059,121
"cox_slope",2.21622410362278,0.398085171390519,"1arc","1",1,0,1059,121
"dca_prop_useful",0.868686868686869,NA,"1arc","1",1,0,1059,121
"dca_mean_excess_nb",0.125092372615057,NA,"1arc","1",1,0,1059,121
"dca_nb_pt25",0.473829201101928,NA,"1arc","1",1,0,1059,121
"dca_nb_pt50",0.371900826446281,NA,"1arc","1",1,0,1059,121
"dca_nb_pt75",0.0578512396694215,NA,"1arc","1",1,0,1059,121
"pr_auc",0.981512484416654,NA,"1arc","1",1,0,1060,116
"roc_auc",0.974313022700119,NA,"1arc","1",1,0,1060,116
"brier_class",0.10862775862069,NA,"1arc","1",1,0,1060,116
"brier_scaled",0.563412449223417,NA,"1arc","1",1,0,1060,116
"prevalence",0.53448275862069,NA,"1arc","1",1,0,1060,116
"cox_intercept",1.22569903645193,0.261194467150215,"1arc","1",1,0,1060,116
"cox_slope",2.35346899997614,0.514826873358438,"1arc","1",1,0,1060,116
"dca_prop_useful",0.98989898989899,NA,"1arc","1",1,0,1060,116
"dca_mean_excess_nb",0.163994559002197,NA,"1arc","1",1,0,1060,116
"dca_nb_pt25",0.448275862068966,NA,"1arc","1",1,0,1060,116
"dca_nb_pt50",0.396551724137931,NA,"1arc","1",1,0,1060,116
"dca_nb_pt75",0.258620689655172,NA,"1arc","1",1,0,1060,116
"pr_auc",0.96377489799334,NA,"1arc","1",1,0,1061,127
"roc_auc",0.963399503722084,NA,"1arc","1",1,0,1061,127
"brier_class",0.137329291338583,NA,"1arc","1",1,0,1061,127
"brier_scaled",0.450376143920596,NA,"1arc","1",1,0,1061,127
"prevalence",0.488188976377953,NA,"1arc","1",1,0,1061,127
"cox_intercept",1.22414402084574,0.233619671482924,"1arc","1",1,0,1061,127
"cox_slope",2.26757272490336,0.426778426202519,"1arc","1",1,0,1061,127
"dca_prop_useful",0.838383838383838,NA,"1arc","1",1,0,1061,127
"dca_mean_excess_nb",0.107802053352072,NA,"1arc","1",1,0,1061,127
"dca_nb_pt25",0.446194225721785,NA,"1arc","1",1,0,1061,127
"dca_nb_pt50",0.267716535433071,NA,"1arc","1",1,0,1061,127
"dca_nb_pt75",0.0708661417322835,NA,"1arc","1",1,0,1061,127
"pr_auc",0.953996832409106,NA,"1arc","1",2.25,0,1032,202
"roc_auc",0.962615207373272,NA,"1arc","1",2.25,0,1032,202
"brier_class",0.10832499502078,NA,"1arc","1",2.25,0,1032,202
"brier_scaled",0.490772684697246,NA,"1arc","1",2.25,0,1032,202
"prevalence",0.306930693069307,NA,"1arc","1",2.25,0,1032,202
"cox_intercept",1.01640327017342,0.192647710966243,"1arc","1",2.25,0,1032,202
"cox_slope",2.26609083075608,0.333109457719735,"1arc","1",2.25,0,1032,202
"dca_prop_useful",0.727272727272727,NA,"1arc","1",2.25,0,1032,202
"dca_mean_excess_nb",0.0821657336712047,NA,"1arc","1",2.25,0,1032,202
"dca_nb_pt25",0.259075907590759,NA,"1arc","1",2.25,0,1032,202
"dca_nb_pt50",0.118811881188119,NA,"1arc","1",2.25,0,1032,202
"dca_nb_pt75",0,NA,"1arc","1",2.25,0,1032,202
"pr_auc",0.962760760913918,NA,"1arc","1",2.25,0,1033,208
"roc_auc",0.964924878479894,NA,"1arc","1",2.25,0,1033,208
"brier_class",0.115290772103567,NA,"1arc","1",2.25,0,1033,208
"brier_scaled",0.448968187771903,NA,"1arc","1",2.25,0,1033,208
"prevalence",0.298076923076923,NA,"1arc","1",2.25,0,1033,208
"cox_intercept",0.977563067229341,0.183094219938012,"1arc","1",2.25,0,1033,208
"cox_slope",2.92475786225471,0.458018898501216,"1arc","1",2.25,0,1033,208
"dca_prop_useful",0.737373737373737,NA,"1arc","1",2.25,0,1033,208
"dca_mean_excess_nb",0.071828096307331,NA,"1arc","1",2.25,0,1033,208
"dca_nb_pt25",0.264423076923077,NA,"1arc","1",2.25,0,1033,208
"dca_nb_pt50",0.0865384615384615,NA,"1arc","1",2.25,0,1033,208
"dca_nb_pt75",0.00480769230769231,NA,"1arc","1",2.25,0,1033,208
"pr_auc",0.969675628260789,NA,"1arc","1",2.25,0,1034,195
"roc_auc",0.96701430996847,NA,"1arc","1",2.25,0,1034,195
"brier_class",0.106800830655271,NA,"1arc","1",2.25,0,1034,195
"brier_scaled",0.507506477605304,NA,"1arc","1",2.25,0,1034,195
"prevalence",0.317948717948718,NA,"1arc","1",2.25,0,1034,195
"cox_intercept",1.06673239659301,0.194380954909187,"1arc","1",2.25,0,1034,195
"cox_slope",2.6440567814011,0.414937944228958,"1arc","1",2.25,0,1034,195
"dca_prop_useful",0.727272727272727,NA,"1arc","1",2.25,0,1034,195
"dca_mean_excess_nb",0.0877424829759554,NA,"1arc","1",2.25,0,1034,195
"dca_nb_pt25",0.292307692307692,NA,"1arc","1",2.25,0,1034,195
"dca_nb_pt50",0.128205128205128,NA,"1arc","1",2.25,0,1034,195
"dca_nb_pt75",0,NA,"1arc","1",2.25,0,1034,195
"pr_auc",0.962867229479195,NA,"1arc","1",2.25,0,1035,200
"roc_auc",0.965696587190276,NA,"1arc","1",2.25,0,1035,200
"brier_class",0.111786520555556,NA,"1arc","1",2.25,0,1035,200
"brier_scaled",0.477388870708015,NA,"1arc","1",2.25,0,1035,200
"prevalence",0.31,NA,"1arc","1",2.25,0,1035,200
"cox_intercept",0.957628775632025,0.186123252007365,"1arc","1",2.25,0,1035,200
"cox_slope",2.95142212834845,0.457404780329919,"1arc","1",2.25,0,1035,200
"dca_prop_useful",0.757575757575758,NA,"1arc","1",2.25,0,1035,200
"dca_mean_excess_nb",0.0798531145184613,NA,"1arc","1",2.25,0,1035,200
"dca_nb_pt25",0.273333333333333,NA,"1arc","1",2.25,0,1035,200
"dca_nb_pt50",0.105,NA,"1arc","1",2.25,0,1035,200
"dca_nb_pt75",0.01,NA,"1arc","1",2.25,0,1035,200
"pr_auc",0.947238562311637,NA,"1arc","1",2.25,0,1036,198
"roc_auc",0.959796015180266,NA,"1arc","1",2.25,0,1036,198
"brier_class",0.109383313131313,NA,"1arc","1",2.25,0,1036,198
"brier_scaled",0.491429861480076,NA,"1arc","1",2.25,0,1036,198
"prevalence",0.313131313131313,NA,"1arc","1",2.25,0,1036,198
"cox_intercept",1.17833823537233,0.20353599245114,"1arc","1",2.25,0,1036,198
"cox_slope",1.92746735503499,0.297249360377592,"1arc","1",2.25,0,1036,198
"dca_prop_useful",0.808080808080808,NA,"1arc","1",2.25,0,1036,198
"dca_mean_excess_nb",0.0880732899985205,NA,"1arc","1",2.25,0,1036,198
"dca_nb_pt25",0.255892255892256,NA,"1arc","1",2.25,0,1036,198
"dca_nb_pt50",0.166666666666667,NA,"1arc","1",2.25,0,1036,198
"dca_nb_pt75",0.0202020202020202,NA,"1arc","1",2.25,0,1036,198
"pr_auc",0.909681609412585,NA,"1arc","1",2.5,0,1016,201
"roc_auc",0.949698305871432,NA,"1arc","1",2.5,0,1016,201
"brier_class",0.136980338308458,NA,"1arc","1",2.5,0,1016,201
"brier_scaled",0.357839098630773,NA,"1arc","1",2.5,0,1016,201
"prevalence",0.308457711442786,NA,"1arc","1",2.5,0,1016,201
"cox_intercept",1.39221413456404,0.205905956137233,"1arc","1",2.5,0,1016,201
"cox_slope",1.58007569126477,0.265095697089483,"1arc","1",2.5,0,1016,201
"dca_prop_useful",0.828282828282828,NA,"1arc","1",2.5,0,1016,201
"dca_mean_excess_nb",0.0590819362844626,NA,"1arc","1",2.5,0,1016,201
"dca_nb_pt25",0.213930348258706,NA,"1arc","1",2.5,0,1016,201
"dca_nb_pt50",0.0796019900497512,NA,"1arc","1",2.5,0,1016,201
"dca_nb_pt75",0.00995024875621891,NA,"1arc","1",2.5,0,1016,201
"pr_auc",0.957166325794117,NA,"1arc","1",2.5,0,1017,218
"roc_auc",0.968517369727047,NA,"1arc","1",2.5,0,1017,218
"brier_class",0.0961897205153125,NA,"1arc","1",2.5,0,1017,218
"brier_scaled",0.527365562678897,NA,"1arc","1",2.5,0,1017,218
"prevalence",0.284403669724771,NA,"1arc","1",2.5,0,1017,218
"cox_intercept",0.97888934152829,0.190304873940189,"1arc","1",2.5,0,1017,218
"cox_slope",2.46440933595916,0.353951966118903,"1arc","1",2.5,0,1017,218
"dca_prop_useful",0.767676767676768,NA,"1arc","1",2.5,0,1017,218
"dca_mean_excess_nb",0.0830577399064072,NA,"1arc","1",2.5,0,1017,218
"dca_nb_pt25",0.253822629969419,NA,"1arc","1",2.5,0,1017,218
"dca_nb_pt50",0.100917431192661,NA,"1arc","1",2.5,0,1017,218
"dca_nb_pt75",0.00458715596330275,NA,"1arc","1",2.5,0,1017,218
"pr_auc",0.948124276866075,NA,"1arc","1",2.5,0,1018,211
"roc_auc",0.972017752760338,NA,"1arc","1",2.5,0,1018,211
"brier_class",0.119627962085308,NA,"1arc","1",2.5,0,1018,211
"brier_scaled",0.423472991989608,NA,"1arc","1",2.5,0,1018,211
"prevalence",0.293838862559242,NA,"1arc","1",2.5,0,1018,211
"cox_intercept",1.4200757461218,0.200750436126476,"1arc","1",2.5,0,1018,211
"cox_slope",2.21583974861814,0.34778431345922,"1arc","1",2.5,0,1018,211
"dca_prop_useful",0.777777777777778,NA,"1arc","1",2.5,0,1018,211
"dca_mean_excess_nb",0.0680983389885944,NA,"1arc","1",2.5,0,1018,211
"dca_nb_pt25",0.210110584518167,NA,"1arc","1",2.5,0,1018,211
"dca_nb_pt50",0.109004739336493,NA,"1arc","1",2.5,0,1018,211
"dca_nb_pt75",0.014218009478673,NA,"1arc","1",2.5,0,1018,211
"pr_auc",0.932808037651446,NA,"1arc","1",2.75,0,1037,222
"roc_auc",0.965120967741935,NA,"1arc","1",2.75,0,1037,222
"brier_class",0.125839171171171,NA,"1arc","1",2.75,0,1037,222
"brier_scaled",0.374812730645161,NA,"1arc","1",2.75,0,1037,222
"prevalence",0.279279279279279,NA,"1arc","1",2.75,0,1037,222
"cox_intercept",1.56132399687883,0.202653861908573,"1arc","1",2.75,0,1037,222
"cox_slope",1.82636342372755,0.276609033979485,"1arc","1",2.75,0,1037,222
"dca_prop_useful",0.747474747474748,NA,"1arc","1",2.75,0,1037,222
"dca_mean_excess_nb",0.0569644431135275,NA,"1arc","1",2.75,0,1037,222
"dca_nb_pt25",0.1996996996997,NA,"1arc","1",2.75,0,1037,222
"dca_nb_pt50",0.0630630630630631,NA,"1arc","1",2.75,0,1037,222
"dca_nb_pt75",0,NA,"1arc","1",2.75,0,1037,222
"pr_auc",0.946851064023884,NA,"1arc","1",2.75,0,1038,245
"roc_auc",0.966860567600917,NA,"1arc","1",2.75,0,1038,245
"brier_class",0.105328676643991,NA,"1arc","1",2.75,0,1038,245
"brier_scaled",0.442768040229547,NA,"1arc","1",2.75,0,1038,245
"prevalence",0.253061224489796,NA,"1arc","1",2.75,0,1038,245
"cox_intercept",1.05616580693612,0.180947222233002,"1arc","1",2.75,0,1038,245
"cox_slope",2.68630122785491,0.397761014109051,"1arc","1",2.75,0,1038,245
"dca_prop_useful",0.707070707070707,NA,"1arc","1",2.75,0,1038,245
"dca_mean_excess_nb",0.0620323036739952,NA,"1arc","1",2.75,0,1038,245
"dca_nb_pt25",0.201360544217687,NA,"1arc","1",2.75,0,1038,245
"dca_nb_pt50",0.0612244897959184,NA,"1arc","1",2.75,0,1038,245
"dca_nb_pt75",0,NA,"1arc","1",2.75,0,1038,245
"pr_auc",0.934415978235033,NA,"1arc","1",2.75,0,1039,233
"roc_auc",0.964346349745331,NA,"1arc","1",2.75,0,1039,233
"brier_class",0.119808652360515,NA,"1arc","1",2.75,0,1039,233
"brier_scaled",0.386503308055084,NA,"1arc","1",2.75,0,1039,233
"prevalence",0.266094420600858,NA,"1arc","1",2.75,0,1039,233
"cox_intercept",1.31981494519285,0.189403538653524,"1arc","1",2.75,0,1039,233
"cox_slope",2.15138011342381,0.319423486447658,"1arc","1",2.75,0,1039,233
"dca_prop_useful",0.747474747474748,NA,"1arc","1",2.75,0,1039,233
"dca_mean_excess_nb",0.0553159546268491,NA,"1arc","1",2.75,0,1039,233
"dca_nb_pt25",0.1931330472103,NA,"1arc","1",2.75,0,1039,233
"dca_nb_pt50",0.0515021459227468,NA,"1arc","1",2.75,0,1039,233
"dca_nb_pt75",0.00429184549356223,NA,"1arc","1",2.75,0,1039,233
"pr_auc",0.935240812701735,NA,"1arc","1",2.75,0,1040,236
"roc_auc",0.966351501668521,NA,"1arc","1",2.75,0,1040,236
"brier_class",0.114558457627119,NA,"1arc","1",2.75,0,1040,236
"brier_scaled",0.408560636262514,NA,"1arc","1",2.75,0,1040,236
"prevalence",0.26271186440678,NA,"1arc","1",2.75,0,1040,236
"cox_intercept",1.17495230027378,0.185906709999595,"1arc","1",2.75,0,1040,236
"cox_slope",2.44303167533821,0.373531207625142,"1arc","1",2.75,0,1040,236
"dca_prop_useful",0.767676767676768,NA,"1arc","1",2.75,0,1040,236
"dca_mean_excess_nb",0.0588886171006119,NA,"1arc","1",2.75,0,1040,236
"dca_nb_pt25",0.189265536723164,NA,"1arc","1",2.75,0,1040,236
"dca_nb_pt50",0.076271186440678,NA,"1arc","1",2.75,0,1040,236
"dca_nb_pt75",0.00847457627118644,NA,"1arc","1",2.75,0,1040,236
"pr_auc",0.967028919106527,NA,"1arc","1",2.75,0,1041,227
"roc_auc",0.974682306940372,NA,"1arc","1",2.75,0,1041,227
"brier_class",0.103817952143906,NA,"1arc","1",2.75,0,1041,227
"brier_scaled",0.47706400234376,NA,"1arc","1",2.75,0,1041,227
"prevalence",0.273127753303965,NA,"1arc","1",2.75,0,1041,227
"cox_intercept",1.05736694316343,0.184934581736669,"1arc","1",2.75,0,1041,227
"cox_slope",3.28944012126382,0.544641120270048,"1arc","1",2.75,0,1041,227
"dca_prop_useful",0.757575757575758,NA,"1arc","1",2.75,0,1041,227
"dca_mean_excess_nb",0.0725450391692958,NA,"1arc","1",2.75,0,1041,227
"dca_nb_pt25",0.2143906020558,NA,"1arc","1",2.75,0,1041,227
"dca_nb_pt50",0.0969162995594714,NA,"1arc","1",2.75,0,1041,227
"dca_nb_pt75",0.00440528634361234,NA,"1arc","1",2.75,0,1041,227
"pr_auc",0.959054788471779,NA,"1arc","1",2,0,1004,197
"roc_auc",0.970669056152927,NA,"1arc","1",2,0,1004,197
"brier_class",0.122751966848686,NA,"1arc","1",2,0,1004,197
"brier_scaled",0.430838580474233,NA,"1arc","1",2,0,1004,197
"prevalence",0.314720812182741,NA,"1arc","1",2,0,1004,197
"cox_intercept",1.09586019837617,0.189162863354035,"1arc","1",2,0,1004,197
"cox_slope",2.90833845506216,0.468612486017618,"1arc","1",2,0,1004,197
"dca_prop_useful",0.787878787878788,NA,"1arc","1",2,0,1004,197
"dca_mean_excess_nb",0.0728522010379031,NA,"1arc","1",2,0,1004,197
"dca_nb_pt25",0.263959390862944,NA,"1arc","1",2,0,1004,197
"dca_nb_pt50",0.0913705583756345,NA,"1arc","1",2,0,1004,197
"dca_nb_pt75",0.0152284263959391,NA,"1arc","1",2,0,1004,197
"pr_auc",0.975421572961226,NA,"1arc","1",2,0,1005,186
"roc_auc",0.975351196670135,NA,"1arc","1",2,0,1005,186
"brier_class",0.111796543095712,NA,"1arc","1",2,0,1005,186
"brier_scaled",0.496915556069295,NA,"1arc","1",2,0,1005,186
"prevalence",0.333333333333333,NA,"1arc","1",2,0,1005,186
"cox_intercept",0.942402833289989,0.19051176950196,"1arc","1",2,0,1005,186
"cox_slope",2.99619443821476,0.464801854136693,"1arc","1",2,0,1005,186
"dca_prop_useful",0.686868686868687,NA,"1arc","1",2,0,1005,186
"dca_mean_excess_nb",0.0855380652738091,NA,"1arc","1",2,0,1005,186
"dca_nb_pt25",0.293906810035842,NA,"1arc","1",2,0,1005,186
"dca_nb_pt50",0.155913978494624,NA,"1arc","1",2,0,1005,186
"dca_nb_pt75",0,NA,"1arc","1",2,0,1005,186
"pr_auc",0.931366371189604,NA,"1arc","1",2,0,1006,175
"roc_auc",0.947259491864116,NA,"1arc","1",2,0,1006,175
"brier_class",0.122796822857143,NA,"1arc","1",2,0,1006,175
"brier_scaled",0.463223993719669,NA,"1arc","1",2,0,1006,175
"prevalence",0.354285714285714,NA,"1arc","1",2,0,1006,175
"cox_intercept",1.16144032512497,0.210753533528718,"1arc","1",2,0,1006,175
"cox_slope",1.56394511606701,0.224905008895969,"1arc","1",2,0,1006,175
"dca_prop_useful",0.858585858585859,NA,"1arc","1",2,0,1006,175
"dca_mean_excess_nb",0.0914305856536869,NA,"1arc","1",2,0,1006,175
"dca_nb_pt25",0.276190476190476,NA,"1arc","1",2,0,1006,175
"dca_nb_pt50",0.188571428571429,NA,"1arc","1",2,0,1006,175
"dca_nb_pt75",0.0228571428571429,NA,"1arc","1",2,0,1006,175
"pr_auc",0.9073757456305,NA,"1arc","1",3.25,0,1042,260
"roc_auc",0.955074942978169,NA,"1arc","1",3.25,0,1042,260
"brier_class",0.0986789692307692,NA,"1arc","1",3.25,0,1042,260
"brier_scaled",0.456606523297491,NA,"1arc","1",3.25,0,1042,260
"prevalence",0.238461538461538,NA,"1arc","1",3.25,0,1042,260
"cox_intercept",1.18813495777142,0.19729833811644,"1arc","1",3.25,0,1042,260
"cox_slope",1.54331555379164,0.225942017291096,"1arc","1",3.25,0,1042,260
"dca_prop_useful",0.696969696969697,NA,"1arc","1",3.25,0,1042,260
"dca_mean_excess_nb",0.0625286937447732,NA,"1arc","1",3.25,0,1042,260
"dca_nb_pt25",0.167948717948718,NA,"1arc","1",3.25,0,1042,260
"dca_nb_pt50",0.1,NA,"1arc","1",3.25,0,1042,260
"dca_nb_pt75",0,NA,"1arc","1",3.25,0,1042,260
"pr_auc",0.951791072425402,NA,"1arc","1",3.25,0,1043,269
"roc_auc",0.970157394421069,NA,"1arc","1",3.25,0,1043,269
"brier_class",0.103005308160999,NA,"1arc","1",3.25,0,1043,269
"brier_scaled",0.419232733065449,NA,"1arc","1",3.25,0,1043,269
"prevalence",0.230483271375465,NA,"1arc","1",3.25,0,1043,269
"cox_intercept",1.12348146728787,0.177420402683692,"1arc","1",3.25,0,1043,269
"cox_slope",2.75616599293525,0.415251882403573,"1arc","1",3.25,0,1043,269
"dca_prop_useful",0.767676767676768,NA,"1arc","1",3.25,0,1043,269
"dca_mean_excess_nb",0.0539645764514638,NA,"1arc","1",3.25,0,1043,269
"dca_nb_pt25",0.169764560099133,NA,"1arc","1",3.25,0,1043,269
"dca_nb_pt50",0.0594795539033457,NA,"1arc","1",3.25,0,1043,269
"dca_nb_pt75",0.00371747211895911,NA,"1arc","1",3.25,0,1043,269
"pr_auc",0.891338191693512,NA,"1arc","1",3.25,0,1044,265
"roc_auc",0.95542666454791,NA,"1arc","1",3.25,0,1044,265
"brier_class",0.101295124528302,NA,"1arc","1",3.25,0,1044,265
"brier_scaled",0.434812480533927,NA,"1arc","1",3.25,0,1044,265
"prevalence",0.233962264150943,NA,"1arc","1",3.25,0,1044,265
"cox_intercept",1.30738720391313,0.198951261898719,"1arc","1",3.25,0,1044,265
"cox_slope",1.50410815814849,0.21234388242441,"1arc","1",3.25,0,1044,265
"dca_prop_useful",0.818181818181818,NA,"1arc","1",3.25,0,1044,265
"dca_mean_excess_nb",0.0606299193389714,NA,"1arc","1",3.25,0,1044,265
"dca_nb_pt25",0.168553459119497,NA,"1arc","1",3.25,0,1044,265
"dca_nb_pt50",0.0830188679245283,NA,"1arc","1",3.25,0,1044,265
"dca_nb_pt75",0.0113207547169811,NA,"1arc","1",3.25,0,1044,265
"pr_auc",0.943839080211902,NA,"1arc","1",3.25,0,1045,261
"roc_auc",0.96972767061112,NA,"1arc","1",3.25,0,1045,261
"brier_class",0.108951164831879,NA,"1arc","1",3.25,0,1045,261
"brier_scaled",0.398454992744983,NA,"1arc","1",3.25,0,1045,261
"prevalence",0.237547892720307,NA,"1arc","1",3.25,0,1045,261
"cox_intercept",1.11367408203952,0.176442824477249,"1arc","1",3.25,0,1045,261
"cox_slope",2.80459643534155,0.410613561843321,"1arc","1",3.25,0,1045,261
"dca_prop_useful",0.676767676767677,NA,"1arc","1",3.25,0,1045,261
"dca_mean_excess_nb",0.0511191961438754,NA,"1arc","1",3.25,0,1045,261
"dca_nb_pt25",0.173690932311622,NA,"1arc","1",3.25,0,1045,261
"dca_nb_pt50",0.0421455938697318,NA,"1arc","1",3.25,0,1045,261
"dca_nb_pt75",0,NA,"1arc","1",3.25,0,1045,261
"pr_auc",0.938780985578389,NA,"1arc","1",3.25,0,1046,253
"roc_auc",0.966813038338119,NA,"1arc","1",3.25,0,1046,253
"brier_class",0.0959506086956522,NA,"1arc","1",3.25,0,1046,253
"brier_scaled",0.481362733322074,NA,"1arc","1",3.25,0,1046,253
"prevalence",0.245059288537549,NA,"1arc","1",3.25,0,1046,253
"cox_intercept",1.23663218641145,0.195642643496289,"1arc","1",3.25,0,1046,253
"cox_slope",1.95827313830266,0.282329943179562,"1arc","1",3.25,0,1046,253
"dca_prop_useful",0.797979797979798,NA,"1arc","1",3.25,0,1046,253
"dca_mean_excess_nb",0.0679873595380148,NA,"1arc","1",3.25,0,1046,253
"dca_nb_pt25",0.177865612648221,NA,"1arc","1",3.25,0,1046,253
"dca_nb_pt50",0.08300395256917,NA,"1arc","1",3.25,0,1046,253
"dca_nb_pt75",0.00790513833992095,NA,"1arc","1",3.25,0,1046,253
"pr_auc",0.925775479223729,NA,"1arc","1",3.5,0,1019,278
"roc_auc",0.955085125448029,NA,"1arc","1",3.5,0,1019,278
"brier_class",0.106417276818567,NA,"1arc","1",3.5,0,1019,278
"brier_scaled",0.385875685360952,NA,"1arc","1",3.5,0,1019,278
"prevalence",0.223021582733813,NA,"1arc","1",3.5,0,1019,278
"cox_intercept",1.07690692622631,0.173235856894613,"1arc","1",3.5,0,1019,278
"cox_slope",2.32357388501627,0.330160867742993,"1arc","1",3.5,0,1019,278
"dca_prop_useful",0.676767676767677,NA,"1arc","1",3.5,0,1019,278
"dca_mean_excess_nb",0.0478421977288241,NA,"1arc","1",3.5,0,1019,278
"dca_nb_pt25",0.142685851318945,NA,"1arc","1",3.5,0,1019,278
"dca_nb_pt50",0.0467625899280576,NA,"1arc","1",3.5,0,1019,278
"dca_nb_pt75",0,NA,"1arc","1",3.5,0,1019,278
"pr_auc",0.89343065370751,NA,"1arc","1",3.5,0,1020,277
"roc_auc",0.95622655663916,NA,"1arc","1",3.5,0,1020,277
"brier_class",0.105781097472924,NA,"1arc","1",3.5,0,1020,277
"brier_scaled",0.391111940885221,NA,"1arc","1",3.5,0,1020,277
"prevalence",0.223826714801444,NA,"1arc","1",3.5,0,1020,277
"cox_intercept",1.47349712244791,0.198789756002043,"1arc","1",3.5,0,1020,277
"cox_slope",1.44159769778201,0.199475727205628,"1arc","1",3.5,0,1020,277
"dca_prop_useful",0.636363636363636,NA,"1arc","1",3.5,0,1020,277
"dca_mean_excess_nb",0.0491465492728858,NA,"1arc","1",3.5,0,1020,277
"dca_nb_pt25",0.146811070998797,NA,"1arc","1",3.5,0,1020,277
"dca_nb_pt50",0.0649819494584837,NA,"1arc","1",3.5,0,1020,277
"dca_nb_pt75",0,NA,"1arc","1",3.5,0,1020,277
"pr_auc",0.860513211579868,NA,"1arc","1",3.5,0,1021,277
"roc_auc",0.946436609152288,NA,"1arc","1",3.5,0,1021,277
"brier_class",0.114216476534296,NA,"1arc","1",3.5,0,1021,277
"brier_scaled",0.342556937134283,NA,"1arc","1",3.5,0,1021,277
"prevalence",0.223826714801444,NA,"1arc","1",3.5,0,1021,277
"cox_intercept",1.29537925067727,0.184244975240493,"1arc","1",3.5,0,1021,277
"cox_slope",1.62822407825747,0.224627886149964,"1arc","1",3.5,0,1021,277
"dca_prop_useful",0.797979797979798,NA,"1arc","1",3.5,0,1021,277
"dca_mean_excess_nb",0.0429725449556384,NA,"1arc","1",3.5,0,1021,277
"dca_nb_pt25",0.140794223826715,NA,"1arc","1",3.5,0,1021,277
"dca_nb_pt50",0.036101083032491,NA,"1arc","1",3.5,0,1021,277
"dca_nb_pt75",0.0072202166064982,NA,"1arc","1",3.5,0,1021,277
"pr_auc",0.88778724248559,NA,"1arc","1",3.75,0,1047,295
"roc_auc",0.958258341409387,NA,"1arc","1",3.75,0,1047,295
"brier_class",0.105467552542373,NA,"1arc","1",3.75,0,1047,295
"brier_scaled",0.364646700816835,NA,"1arc","1",3.75,0,1047,295
"prevalence",0.210169491525424,NA,"1arc","1",3.75,0,1047,295
"cox_intercept",1.27192139215056,0.179286038945626,"1arc","1",3.75,0,1047,295
"cox_slope",2.05416919328693,0.292931795499125,"1arc","1",3.75,0,1047,295
"dca_prop_useful",0.707070707070707,NA,"1arc","1",3.75,0,1047,295
"dca_mean_excess_nb",0.0425274941067255,NA,"1arc","1",3.75,0,1047,295
"dca_nb_pt25",0.137853107344633,NA,"1arc","1",3.75,0,1047,295
"dca_nb_pt50",0.023728813559322,NA,"1arc","1",3.75,0,1047,295
"dca_nb_pt75",0,NA,"1arc","1",3.75,0,1047,295
"pr_auc",0.926704812761016,NA,"1arc","1",3.75,0,1048,289
"roc_auc",0.961809009521103,NA,"1arc","1",3.75,0,1048,289
"brier_class",0.106803408210343,NA,"1arc","1",3.75,0,1048,289
"brier_scaled",0.366183923750458,NA,"1arc","1",3.75,0,1048,289
"prevalence",0.214532871972318,NA,"1arc","1",3.75,0,1048,289
"cox_intercept",1.16806886600208,0.172683446075092,"1arc","1",3.75,0,1048,289
"cox_slope",2.46348876757026,0.343353905533649,"1arc","1",3.75,0,1048,289
"dca_prop_useful",0.636363636363636,NA,"1arc","1",3.75,0,1048,289
"dca_mean_excess_nb",0.0426674675470052,NA,"1arc","1",3.75,0,1048,289
"dca_nb_pt25",0.140715109573241,NA,"1arc","1",3.75,0,1048,289
"dca_nb_pt50",0.0242214532871972,NA,"1arc","1",3.75,0,1048,289
"dca_nb_pt75",0,NA,"1arc","1",3.75,0,1048,289
"pr_auc",0.889418178826706,NA,"1arc","1",3.75,0,1049,289
"roc_auc",0.961240585476766,NA,"1arc","1",3.75,0,1049,289
"brier_class",0.102620996539792,NA,"1arc","1",3.75,0,1049,289
"brier_scaled",0.391004103168964,NA,"1arc","1",3.75,0,1049,289
"prevalence",0.214532871972318,NA,"1arc","1",3.75,0,1049,289
"cox_intercept",1.3227216067824,0.186021231712048,"1arc","1",3.75,0,1049,289
"cox_slope",1.82481329808843,0.248255151542457,"1arc","1",3.75,0,1049,289
"dca_prop_useful",0.696969696969697,NA,"1arc","1",3.75,0,1049,289
"dca_mean_excess_nb",0.0468600422716023,NA,"1arc","1",3.75,0,1049,289
"dca_nb_pt25",0.139561707035755,NA,"1arc","1",3.75,0,1049,289
"dca_nb_pt50",0.0346020761245675,NA,"1arc","1",3.75,0,1049,289
"dca_nb_pt75",0,NA,"1arc","1",3.75,0,1049,289
"pr_auc",0.881725032125137,NA,"1arc","1",3.75,0,1050,292
"roc_auc",0.952349228611501,NA,"1arc","1",3.75,0,1050,292
"brier_class",0.0966466712328767,NA,"1arc","1",3.75,0,1050,292
"brier_scaled",0.422126102664797,NA,"1arc","1",3.75,0,1050,292
"prevalence",0.212328767123288,NA,"1arc","1",3.75,0,1050,292
"cox_intercept",1.19074757065633,0.186666742147512,"1arc","1",3.75,0,1050,292
"cox_slope",1.64251003707994,0.224844198235486,"1arc","1",3.75,0,1050,292
"dca_prop_useful",0.777777777777778,NA,"1arc","1",3.75,0,1050,292
"dca_mean_excess_nb",0.0522957465266799,NA,"1arc","1",3.75,0,1050,292
"dca_nb_pt25",0.149543378995434,NA,"1arc","1",3.75,0,1050,292
"dca_nb_pt50",0.0479452054794521,NA,"1arc","1",3.75,0,1050,292
"dca_nb_pt75",0.00684931506849315,NA,"1arc","1",3.75,0,1050,292
"pr_auc",0.932090190353926,NA,"1arc","1",3.75,0,1051,305
"roc_auc",0.965518385769282,NA,"1arc","1",3.75,0,1051,305
"brier_class",0.0987539782295082,NA,"1arc","1",3.75,0,1051,305
"brier_scaled",0.390243672852781,NA,"1arc","1",3.75,0,1051,305
"prevalence",0.20327868852459,NA,"1arc","1",3.75,0,1051,305
"cox_intercept",1.04789134504547,0.169271235043525,"1arc","1",3.75,0,1051,305
"cox_slope",2.74861740824855,0.383074323099126,"1arc","1",3.75,0,1051,305
"dca_prop_useful",0.646464646464647,NA,"1arc","1",3.75,0,1051,305
"dca_mean_excess_nb",0.0434719614097787,NA,"1arc","1",3.75,0,1051,305
"dca_nb_pt25",0.136612021857924,NA,"1arc","1",3.75,0,1051,305
"dca_nb_pt50",0.0229508196721311,NA,"1arc","1",3.75,0,1051,305
"dca_nb_pt75",0,NA,"1arc","1",3.75,0,1051,305
"pr_auc",0.968210102044121,NA,"1arc","1",3,0,1007,252
"roc_auc",0.976061120543294,NA,"1arc","1",3,0,1007,252
"brier_class",0.0909964495943563,NA,"1arc","1",3,0,1007,252
"brier_scaled",0.509453435056027,NA,"1arc","1",3,0,1007,252
"prevalence",0.246031746031746,NA,"1arc","1",3,0,1007,252
"cox_intercept",1.08434435523578,0.185876910432137,"1arc","1",3,0,1007,252
"cox_slope",2.62771018474513,0.380645714816642,"1arc","1",3,0,1007,252
"dca_prop_useful",0.747474747474748,NA,"1arc","1",3,0,1007,252
"dca_mean_excess_nb",0.0694910754765659,NA,"1arc","1",3,0,1007,252
"dca_nb_pt25",0.208994708994709,NA,"1arc","1",3,0,1007,252
"dca_nb_pt50",0.0833333333333333,NA,"1arc","1",3,0,1007,252
"dca_nb_pt75",0.00396825396825397,NA,"1arc","1",3,0,1007,252
"pr_auc",0.92504734759278,NA,"1arc","1",3,0,1008,252
"roc_auc",0.960611205432937,NA,"1arc","1",3,0,1008,252
"brier_class",0.110470904761905,NA,"1arc","1",3,0,1008,252
"brier_scaled",0.404469920543294,NA,"1arc","1",3,0,1008,252
"prevalence",0.246031746031746,NA,"1arc","1",3,0,1008,252
"cox_intercept",1.42966345811923,0.197731827166688,"1arc","1",3,0,1008,252
"cox_slope",1.61683738605672,0.224323227145679,"1arc","1",3,0,1008,252
"dca_prop_useful",0.656565656565657,NA,"1arc","1",3,0,1008,252
"dca_mean_excess_nb",0.0538497590771975,NA,"1arc","1",3,0,1008,252
"dca_nb_pt25",0.19973544973545,NA,"1arc","1",3,0,1008,252
"dca_nb_pt50",0.0476190476190476,NA,"1arc","1",3,0,1008,252
"dca_nb_pt75",0,NA,"1arc","1",3,0,1008,252
"pr_auc",0.909000127446584,NA,"1arc","1",3,0,1009,236
"roc_auc",0.960372636262514,NA,"1arc","1",3,0,1009,236
"brier_class",0.125977406779661,NA,"1arc","1",3,0,1009,236
"brier_scaled",0.349607188728217,NA,"1arc","1",3,0,1009,236
"prevalence",0.26271186440678,NA,"1arc","1",3,0,1009,236
"cox_intercept",1.31712407451033,0.187209914894895,"1arc","1",3,0,1009,236
"cox_slope",2.07316403006258,0.304361427462597,"1arc","1",3,0,1009,236
"dca_prop_useful",0.606060606060606,NA,"1arc","1",3,0,1009,236
"dca_mean_excess_nb",0.0481840426307978,NA,"1arc","1",3,0,1009,236
"dca_nb_pt25",0.180790960451977,NA,"1arc","1",3,0,1009,236
"dca_nb_pt50",0.0338983050847458,NA,"1arc","1",3,0,1009,236
"dca_nb_pt75",0,NA,"1arc","1",3,0,1009,236
"pr_auc",0.943765783945438,NA,"1arc","1",4,0,1010,303
"roc_auc",0.972794806585464,NA,"1arc","1",4,0,1010,303
"brier_class",0.0981056595685124,NA,"1arc","1",4,0,1010,303
"brier_scaled",0.39720368763716,NA,"1arc","1",4,0,1010,303
"prevalence",0.204620462046205,NA,"1arc","1",4,0,1010,303
"cox_intercept",1.2005020544427,0.174486542671809,"1arc","1",4,0,1010,303
"cox_slope",2.58762844169846,0.350691922594448,"1arc","1",4,0,1010,303
"dca_prop_useful",0.555555555555556,NA,"1arc","1",4,0,1010,303
"dca_mean_excess_nb",0.0438338229326537,NA,"1arc","1",4,0,1010,303
"dca_nb_pt25",0.145214521452145,NA,"1arc","1",4,0,1010,303
"dca_nb_pt50",0.0165016501650165,NA,"1arc","1",4,0,1010,303
"dca_nb_pt75",0,NA,"1arc","1",4,0,1010,303
"pr_auc",0.905745046172395,NA,"1arc","1",4,0,1011,306
"roc_auc",0.957462982548916,NA,"1arc","1",4,0,1011,306
"brier_class",0.0977455424836601,NA,"1arc","1",4,0,1011,306
"brier_scaled",0.394995927022739,NA,"1arc","1",4,0,1011,306
"prevalence",0.202614379084967,NA,"1arc","1",4,0,1011,306
"cox_intercept",1.52499545639595,0.196108035141292,"1arc","1",4,0,1011,306
"cox_slope",1.42518480401398,0.190433758105968,"1arc","1",4,0,1011,306
"dca_prop_useful",0.676767676767677,NA,"1arc","1",4,0,1011,306
"dca_mean_excess_nb",0.0447409996090858,NA,"1arc","1",4,0,1011,306
"dca_nb_pt25",0.137254901960784,NA,"1arc","1",4,0,1011,306
"dca_nb_pt50",0.0261437908496732,NA,"1arc","1",4,0,1011,306
"dca_nb_pt75",0,NA,"1arc","1",4,0,1011,306
"pr_auc",0.894985843402937,NA,"1arc","1",4,0,1012,310
"roc_auc",0.957466181061394,NA,"1arc","1",4,0,1012,310
"brier_class",0.0991348258064516,NA,"1arc","1",4,0,1012,310
"brier_scaled",0.380407338709678,NA,"1arc","1",4,0,1012,310
"prevalence",0.2,NA,"1arc","1",4,0,1012,310
"cox_intercept",1.2950381055485,0.180153710503453,"1arc","1",4,0,1012,310
"cox_slope",1.85317186244275,0.238260755673494,"1arc","1",4,0,1012,310
"dca_prop_useful",0.636363636363636,NA,"1arc","1",4,0,1012,310
"dca_mean_excess_nb",0.0423523283795871,NA,"1arc","1",4,0,1012,310
"dca_nb_pt25",0.131182795698925,NA,"1arc","1",4,0,1012,310
"dca_nb_pt50",0.032258064516129,NA,"1arc","1",4,0,1012,310
"dca_nb_pt75",0,NA,"1arc","1",4,0,1012,310
"pr_auc",0.960414746543779,NA,"3arc","0",1.25,0,1022,31
"roc_auc",0.929166666666667,NA,"3arc","0",1.25,0,1022,31
"brier_class",0.0854513548387097,NA,"3arc","0",1.25,0,1022,31
"brier_scaled",0.657838533333333,NA,"3arc","0",1.25,0,1022,31
"prevalence",0.483870967741935,NA,"3arc","0",1.25,0,1022,31
"cox_intercept",-0.74535949058758,0.576116902664337,"3arc","0",1.25,0,1022,31
"cox_slope",1.25442129856688,0.501111393174855,"3arc","0",1.25,0,1022,31
"dca_prop_useful",0.797979797979798,NA,"3arc","0",1.25,0,1022,31
"dca_mean_excess_nb",0.247616089597114,NA,"3arc","0",1.25,0,1022,31
"dca_nb_pt25",0.354838709677419,NA,"3arc","0",1.25,0,1022,31
"dca_nb_pt50",0.387096774193548,NA,"3arc","0",1.25,0,1022,31
"dca_nb_pt75",0.419354838709677,NA,"3arc","0",1.25,0,1022,31
"pr_auc",0.953377316809811,NA,"3arc","0",1.25,0,1023,36
"roc_auc",0.953968253968254,NA,"3arc","0",1.25,0,1023,36
"brier_class",0.163068666666667,NA,"3arc","0",1.25,0,1023,36
"brier_scaled",0.329088914285714,NA,"3arc","0",1.25,0,1023,36
"prevalence",0.416666666666667,NA,"3arc","0",1.25,0,1023,36
"cox_intercept",-1.90817886899877,0.551273710074047,"3arc","0",1.25,0,1023,36
"cox_slope",0.95217513853502,0.309871097624797,"3arc","0",1.25,0,1023,36
"dca_prop_useful",0.747474747474748,NA,"3arc","0",1.25,0,1023,36
"dca_mean_excess_nb",0.0774859855304649,NA,"3arc","0",1.25,0,1023,36
"dca_nb_pt25",0.305555555555556,NA,"3arc","0",1.25,0,1023,36
"dca_nb_pt50",0.194444444444444,NA,"3arc","0",1.25,0,1023,36
"dca_nb_pt75",-0.0555555555555556,NA,"3arc","0",1.25,0,1023,36
"pr_auc",0.945036992734361,NA,"3arc","0",1.25,0,1024,33
"roc_auc",0.914814814814815,NA,"3arc","0",1.25,0,1024,33
"brier_class",0.136945090909091,NA,"3arc","0",1.25,0,1024,33
"brier_scaled",0.4476548,NA,"3arc","0",1.25,0,1024,33
"prevalence",0.454545454545455,NA,"3arc","0",1.25,0,1024,33
"cox_intercept",-1.04997857318744,0.466744057299431,"3arc","0",1.25,0,1024,33
"cox_slope",1.7966563082406,0.674925637288693,"3arc","0",1.25,0,1024,33
"dca_prop_useful",0.727272727272727,NA,"3arc","0",1.25,0,1024,33
"dca_mean_excess_nb",0.184829486518643,NA,"3arc","0",1.25,0,1024,33
"dca_nb_pt25",0.262626262626263,NA,"3arc","0",1.25,0,1024,33
"dca_nb_pt50",0.242424242424242,NA,"3arc","0",1.25,0,1024,33
"dca_nb_pt75",0.363636363636364,NA,"3arc","0",1.25,0,1024,33
"pr_auc",0.97445652173913,NA,"3arc","0",1.25,0,1025,31
"roc_auc",0.9625,NA,"3arc","0",1.25,0,1025,31
"brier_class",0.0882367741935484,NA,"3arc","0",1.25,0,1025,31
"brier_scaled",0.64668525,NA,"3arc","0",1.25,0,1025,31
"prevalence",0.483870967741935,NA,"3arc","0",1.25,0,1025,31
"cox_intercept",-0.967778365074411,0.574116448970947,"3arc","0",1.25,0,1025,31
"cox_slope",1.59764200638303,0.6696107541271,"3arc","0",1.25,0,1025,31
"dca_prop_useful",0.939393939393939,NA,"3arc","0",1.25,0,1025,31
"dca_mean_excess_nb",0.244772428213458,NA,"3arc","0",1.25,0,1025,31
"dca_nb_pt25",0.354838709677419,NA,"3arc","0",1.25,0,1025,31
"dca_nb_pt50",0.354838709677419,NA,"3arc","0",1.25,0,1025,31
"dca_nb_pt75",0.419354838709677,NA,"3arc","0",1.25,0,1025,31
"pr_auc",0.976429738562091,NA,"3arc","0",1.25,0,1026,28
"roc_auc",0.969230769230769,NA,"3arc","0",1.25,0,1026,28
"brier_class",0.0984997142857143,NA,"3arc","0",1.25,0,1026,28
"brier_scaled",0.603980635897436,NA,"3arc","0",1.25,0,1026,28
"prevalence",0.535714285714286,NA,"3arc","0",1.25,0,1026,28
"cox_intercept",-1.00466857531714,0.569982721690836,"3arc","0",1.25,0,1026,28
"cox_slope",1.70005512799685,0.698272960109438,"3arc","0",1.25,0,1026,28
"dca_prop_useful",0.929292929292929,NA,"3arc","0",1.25,0,1026,28
"dca_mean_excess_nb",0.225550097241686,NA,"3arc","0",1.25,0,1026,28
"dca_nb_pt25",0.452380952380952,NA,"3arc","0",1.25,0,1026,28
"dca_nb_pt50",0.428571428571429,NA,"3arc","0",1.25,0,1026,28
"dca_nb_pt75",0.357142857142857,NA,"3arc","0",1.25,0,1026,28
"pr_auc",0.955700369891546,NA,"3arc","0",1.5,0,1013,35
"roc_auc",0.953333333333333,NA,"3arc","0",1.5,0,1013,35
"brier_class",0.116750171428571,NA,"3arc","0",1.5,0,1013,35
"brier_scaled",0.523270133333333,NA,"3arc","0",1.5,0,1013,35
"prevalence",0.428571428571429,NA,"3arc","0",1.5,0,1013,35
"cox_intercept",-1.36644685854455,0.541990623625764,"3arc","0",1.5,0,1013,35
"cox_slope",1.33256714447938,0.462730534286165,"3arc","0",1.5,0,1013,35
"dca_prop_useful",0.96969696969697,NA,"3arc","0",1.5,0,1013,35
"dca_mean_excess_nb",0.18086105989377,NA,"3arc","0",1.5,0,1013,35
"dca_nb_pt25",0.323809523809524,NA,"3arc","0",1.5,0,1013,35
"dca_nb_pt50",0.228571428571429,NA,"3arc","0",1.5,0,1013,35
"dca_nb_pt75",0.285714285714286,NA,"3arc","0",1.5,0,1013,35
"pr_auc",0.982894736842105,NA,"3arc","0",1.5,0,1014,29
"roc_auc",0.976190476190476,NA,"3arc","0",1.5,0,1014,29
"brier_class",0.0718230344827586,NA,"3arc","0",1.5,0,1014,29
"brier_scaled",0.712365847619048,NA,"3arc","0",1.5,0,1014,29
"prevalence",0.517241379310345,NA,"3arc","0",1.5,0,1014,29
"cox_intercept",-0.694051121943499,0.568041544897939,"3arc","0",1.5,0,1014,29
"cox_slope",2.40111010483774,1.17571219933051,"3arc","0",1.5,0,1014,29
"dca_prop_useful",0.939393939393939,NA,"3arc","0",1.5,0,1014,29
"dca_mean_excess_nb",0.258227723747042,NA,"3arc","0",1.5,0,1014,29
"dca_nb_pt25",0.459770114942529,NA,"3arc","0",1.5,0,1014,29
"dca_nb_pt50",0.379310344827586,NA,"3arc","0",1.5,0,1014,29
"dca_nb_pt75",0.448275862068966,NA,"3arc","0",1.5,0,1014,29
"pr_auc",0.960555555555556,NA,"3arc","0",1.5,0,1015,43
"roc_auc",0.95,NA,"3arc","0",1.5,0,1015,43
"brier_class",0.0668575813953488,NA,"3arc","0",1.5,0,1015,43
"brier_scaled",0.705667457142857,NA,"3arc","0",1.5,0,1015,43
"prevalence",0.348837209302326,NA,"3arc","0",1.5,0,1015,43
"cox_intercept",-0.650574366320408,0.463393431427977,"3arc","0",1.5,0,1015,43
"cox_slope",2.12966697031377,0.803652029749553,"3arc","0",1.5,0,1015,43
"dca_prop_useful",0.96969696969697,NA,"3arc","0",1.5,0,1015,43
"dca_mean_excess_nb",0.196728888069017,NA,"3arc","0",1.5,0,1015,43
"dca_nb_pt25",0.24031007751938,NA,"3arc","0",1.5,0,1015,43
"dca_nb_pt50",0.325581395348837,NA,"3arc","0",1.5,0,1015,43
"dca_nb_pt75",0.27906976744186,NA,"3arc","0",1.5,0,1015,43
"pr_auc",0.961205420396597,NA,"3arc","0",1.75,0,1027,41
"roc_auc",0.971794871794872,NA,"3arc","0",1.75,0,1027,41
"brier_class",0.111886926829268,NA,"3arc","0",1.75,0,1027,41
"brier_scaled",0.517738656410256,NA,"3arc","0",1.75,0,1027,41
"prevalence",0.365853658536585,NA,"3arc","0",1.75,0,1027,41
"cox_intercept",-1.48942249921041,0.503618142912654,"3arc","0",1.75,0,1027,41
"cox_slope",1.60342780094608,0.54558739118535,"3arc","0",1.75,0,1027,41
"dca_prop_useful",0.96969696969697,NA,"3arc","0",1.75,0,1027,41
"dca_mean_excess_nb",0.161272458187874,NA,"3arc","0",1.75,0,1027,41
"dca_nb_pt25",0.24390243902439,NA,"3arc","0",1.75,0,1027,41
"dca_nb_pt50",0.195121951219512,NA,"3arc","0",1.75,0,1027,41
"dca_nb_pt75",0.170731707317073,NA,"3arc","0",1.75,0,1027,41
"pr_auc",0.965017921146953,NA,"3arc","0",1.75,0,1028,38
"roc_auc",0.953623188405797,NA,"3arc","0",1.75,0,1028,38
"brier_class",0.0636854736842105,NA,"3arc","0",1.75,0,1028,38
"brier_scaled",0.733443988405797,NA,"3arc","0",1.75,0,1028,38
"prevalence",0.394736842105263,NA,"3arc","0",1.75,0,1028,38
"cox_intercept",-0.529841877826745,0.485649280786536,"3arc","0",1.75,0,1028,38
"cox_slope",2.25073134549038,0.932524498404492,"3arc","0",1.75,0,1028,38
"dca_prop_useful",0.94949494949495,NA,"3arc","0",1.75,0,1028,38
"dca_mean_excess_nb",0.220966010674178,NA,"3arc","0",1.75,0,1028,38
"dca_nb_pt25",0.298245614035088,NA,"3arc","0",1.75,0,1028,38
"dca_nb_pt50",0.368421052631579,NA,"3arc","0",1.75,0,1028,38
"dca_nb_pt75",0.315789473684211,NA,"3arc","0",1.75,0,1028,38
"pr_auc",0.961488779419814,NA,"3arc","0",1.75,0,1029,44
"roc_auc",0.963218390804598,NA,"3arc","0",1.75,0,1029,44
"brier_class",0.0645406363636364,NA,"3arc","0",1.75,0,1029,44
"brier_scaled",0.712757075862069,NA,"3arc","0",1.75,0,1029,44
"prevalence",0.340909090909091,NA,"3arc","0",1.75,0,1029,44
"cox_intercept",-0.899071754154263,0.484740244324,"3arc","0",1.75,0,1029,44
"cox_slope",2.08022943404984,0.744035061019426,"3arc","0",1.75,0,1029,44
"dca_prop_useful",0.94949494949495,NA,"3arc","0",1.75,0,1029,44
"dca_mean_excess_nb",0.199915352456157,NA,"3arc","0",1.75,0,1029,44
"dca_nb_pt25",0.242424242424242,NA,"3arc","0",1.75,0,1029,44
"dca_nb_pt50",0.272727272727273,NA,"3arc","0",1.75,0,1029,44
"dca_nb_pt75",0.295454545454545,NA,"3arc","0",1.75,0,1029,44
"pr_auc",0.959408922171019,NA,"3arc","0",1.75,0,1030,38
"roc_auc",0.947826086956522,NA,"3arc","0",1.75,0,1030,38
"brier_class",0.0757130526315789,NA,"3arc","0",1.75,0,1030,38
"brier_scaled",0.683102469565217,NA,"3arc","0",1.75,0,1030,38
"prevalence",0.394736842105263,NA,"3arc","0",1.75,0,1030,38
"cox_intercept",-0.788073062141634,0.494403787309704,"3arc","0",1.75,0,1030,38
"cox_slope",1.80264642977694,0.645327500028447,"3arc","0",1.75,0,1030,38
"dca_prop_useful",0.939393939393939,NA,"3arc","0",1.75,0,1030,38
"dca_mean_excess_nb",0.215946767505495,NA,"3arc","0",1.75,0,1030,38
"dca_nb_pt25",0.271929824561403,NA,"3arc","0",1.75,0,1030,38
"dca_nb_pt50",0.342105263157895,NA,"3arc","0",1.75,0,1030,38
"dca_nb_pt75",0.342105263157895,NA,"3arc","0",1.75,0,1030,38
"pr_auc",0.971230769230769,NA,"3arc","0",1.75,0,1031,39
"roc_auc",0.969444444444444,NA,"3arc","0",1.75,0,1031,39
"brier_class",0.0559251282051282,NA,"3arc","0",1.75,0,1031,39
"brier_scaled",0.763716333333333,NA,"3arc","0",1.75,0,1031,39
"prevalence",0.384615384615385,NA,"3arc","0",1.75,0,1031,39
"cox_intercept",-0.494513037099911,0.490528151499274,"3arc","0",1.75,0,1031,39
"cox_slope",2.23428202662644,0.898433220409936,"3arc","0",1.75,0,1031,39
"dca_prop_useful",0.909090909090909,NA,"3arc","0",1.75,0,1031,39
"dca_mean_excess_nb",0.222335919344117,NA,"3arc","0",1.75,0,1031,39
"dca_nb_pt25",0.307692307692308,NA,"3arc","0",1.75,0,1031,39
"dca_nb_pt50",0.333333333333333,NA,"3arc","0",1.75,0,1031,39
"dca_nb_pt75",0.333333333333333,NA,"3arc","0",1.75,0,1031,39
"pr_auc",0.973442695791767,NA,"3arc","0",1,0,1001,32
"roc_auc",0.972549019607843,NA,"3arc","0",1,0,1001,32
"brier_class",0.09846475,NA,"3arc","0",1,0,1001,32
"brier_scaled",0.604596454901961,NA,"3arc","0",1,0,1001,32
"prevalence",0.46875,NA,"3arc","0",1,0,1001,32
"cox_intercept",-1.16585599852196,0.56310944439879,"3arc","0",1,0,1001,32
"cox_slope",1.75984405812009,0.747657396218571,"3arc","0",1,0,1001,32
"dca_prop_useful",0.929292929292929,NA,"3arc","0",1,0,1001,32
"dca_mean_excess_nb",0.228080899437392,NA,"3arc","0",1,0,1001,32
"dca_nb_pt25",0.364583333333333,NA,"3arc","0",1,0,1001,32
"dca_nb_pt50",0.3125,NA,"3arc","0",1,0,1001,32
"dca_nb_pt75",0.40625,NA,"3arc","0",1,0,1001,32
"pr_auc",0.995694444444444,NA,"3arc","0",1,0,1002,27
"roc_auc",0.994444444444444,NA,"3arc","0",1,0,1002,27
"brier_class",0.0504241481481481,NA,"3arc","0",1,0,1002,27
"brier_scaled",0.7957822,NA,"3arc","0",1,0,1002,27
"prevalence",0.555555555555556,NA,"3arc","0",1,0,1002,27
"cox_intercept",-0.419835136582616,0.587354477980373,"3arc","0",1,0,1002,27
"cox_slope",7.33594077475245,8.11780956257585,"3arc","0",1,0,1002,27
"dca_prop_useful",0.96969696969697,NA,"3arc","0",1,0,1002,27
"dca_mean_excess_nb",0.280747154103788,NA,"3arc","0",1,0,1002,27
"dca_nb_pt25",0.481481481481482,NA,"3arc","0",1,0,1002,27
"dca_nb_pt50",0.518518518518519,NA,"3arc","0",1,0,1002,27
"dca_nb_pt75",0.481481481481481,NA,"3arc","0",1,0,1002,27
"pr_auc",0.960645424836601,NA,"3arc","0",1,0,1003,34
"roc_auc",0.954385964912281,NA,"3arc","0",1,0,1003,34
"brier_class",0.0961241176470588,NA,"3arc","0",1,0,1003,34
"brier_scaled",0.610107087719298,NA,"3arc","0",1,0,1003,34
"prevalence",0.441176470588235,NA,"3arc","0",1,0,1003,34
"cox_intercept",-1.18533036295911,0.555809366695035,"3arc","0",1,0,1003,34
"cox_slope",1.61073061724766,0.638084841605273,"3arc","0",1,0,1003,34
"dca_prop_useful",0.909090909090909,NA,"3arc","0",1,0,1003,34
"dca_mean_excess_nb",0.223392214097991,NA,"3arc","0",1,0,1003,34
"dca_nb_pt25",0.343137254901961,NA,"3arc","0",1,0,1003,34
"dca_nb_pt50",0.323529411764706,NA,"3arc","0",1,0,1003,34
"dca_nb_pt75",0.382352941176471,NA,"3arc","0",1,0,1003,34
"pr_auc",0.99109126984127,NA,"3arc","0",1,0,1052,29
"roc_auc",0.990476190476191,NA,"3arc","0",1,0,1052,29
"brier_class",0.0567478620689655,NA,"3arc","0",1,0,1052,29
"brier_scaled",0.772738323809524,NA,"3arc","0",1,0,1052,29
"prevalence",0.517241379310345,NA,"3arc","0",1,0,1052,29
"cox_intercept",-0.791918580244639,0.617933779002864,"3arc","0",1,0,1052,29
"cox_slope",2.31717262411458,1.14938830949369,"3arc","0",1,0,1052,29
"dca_prop_useful",0.98989898989899,NA,"3arc","0",1,0,1052,29
"dca_mean_excess_nb",0.274903620629009,NA,"3arc","0",1,0,1052,29
"dca_nb_pt25",0.436781609195402,NA,"3arc","0",1,0,1052,29
"dca_nb_pt50",0.482758620689655,NA,"3arc","0",1,0,1052,29
"dca_nb_pt75",0.344827586206897,NA,"3arc","0",1,0,1052,29
"pr_auc",0.957756512493355,NA,"3arc","0",1,0,1053,28
"roc_auc",0.933333333333333,NA,"3arc","0",1,0,1053,28
"brier_class",0.131588142857143,NA,"3arc","0",1,0,1053,28
"brier_scaled",0.470948184615385,NA,"3arc","0",1,0,1053,28
"prevalence",0.535714285714286,NA,"3arc","0",1,0,1053,28
"cox_intercept",-1.02779055512375,0.554752822756068,"3arc","0",1,0,1053,28
"cox_slope",1.23206928842326,0.432507566963327,"3arc","0",1,0,1053,28
"dca_prop_useful",0.818181818181818,NA,"3arc","0",1,0,1053,28
"dca_mean_excess_nb",0.202348015294551,NA,"3arc","0",1,0,1053,28
"dca_nb_pt25",0.416666666666667,NA,"3arc","0",1,0,1053,28
"dca_nb_pt50",0.321428571428571,NA,"3arc","0",1,0,1053,28
"dca_nb_pt75",0.357142857142857,NA,"3arc","0",1,0,1053,28
"pr_auc",0.99109126984127,NA,"3arc","0",1,0,1054,30
"roc_auc",0.991111111111111,NA,"3arc","0",1,0,1054,30
"brier_class",0.0773978666666667,NA,"3arc","0",1,0,1054,30
"brier_scaled",0.690408533333333,NA,"3arc","0",1,0,1054,30
"prevalence",0.5,NA,"3arc","0",1,0,1054,30
"cox_intercept",-1.14508119820301,0.559766270491212,"3arc","0",1,0,1054,30
"cox_slope",2.88892844614974,1.48949167763056,"3arc","0",1,0,1054,30
"dca_prop_useful",0.858585858585859,NA,"3arc","0",1,0,1054,30
"dca_mean_excess_nb",0.251587130591668,NA,"3arc","0",1,0,1054,30
"dca_nb_pt25",0.388888888888889,NA,"3arc","0",1,0,1054,30
"dca_nb_pt50",0.433333333333333,NA,"3arc","0",1,0,1054,30
"dca_nb_pt75",0.366666666666667,NA,"3arc","0",1,0,1054,30
"pr_auc",0.980672514619883,NA,"3arc","0",1,0,1055,27
"roc_auc",0.969444444444444,NA,"3arc","0",1,0,1055,27
"brier_class",0.0765087407407408,NA,"3arc","0",1,0,1055,27
"brier_scaled",0.6901396,NA,"3arc","0",1,0,1055,27
"prevalence",0.555555555555556,NA,"3arc","0",1,0,1055,27
"cox_intercept",-0.193730075458863,0.546821758188768,"3arc","0",1,0,1055,27
"cox_slope",1.88306961355556,0.779957941296749,"3arc","0",1,0,1055,27
"dca_prop_useful",0.898989898989899,NA,"3arc","0",1,0,1055,27
"dca_mean_excess_nb",0.24633702321465,NA,"3arc","0",1,0,1055,27
"dca_nb_pt25",0.45679012345679,NA,"3arc","0",1,0,1055,27
"dca_nb_pt50",0.481481481481481,NA,"3arc","0",1,0,1055,27
"dca_nb_pt75",0.444444444444444,NA,"3arc","0",1,0,1055,27
"pr_auc",0.971230769230769,NA,"3arc","0",1,0,1056,27
"roc_auc",0.938888888888889,NA,"3arc","0",1,0,1056,27
"brier_class",0.109524,NA,"3arc","0",1,0,1056,27
"brier_scaled",0.5564278,NA,"3arc","0",1,0,1056,27
"prevalence",0.555555555555556,NA,"3arc","0",1,0,1056,27
"cox_intercept",-0.639839444225116,0.52392719374005,"3arc","0",1,0,1056,27
"cox_slope",1.7380517773494,0.738048478865894,"3arc","0",1,0,1056,27
"dca_prop_useful",0.767676767676768,NA,"3arc","0",1,0,1056,27
"dca_mean_excess_nb",0.229050000739986,NA,"3arc","0",1,0,1056,27
"dca_nb_pt25",0.395061728395062,NA,"3arc","0",1,0,1056,27
"dca_nb_pt50",0.444444444444444,NA,"3arc","0",1,0,1056,27
"dca_nb_pt75",0.444444444444444,NA,"3arc","0",1,0,1056,27
"pr_auc",0.986146214896215,NA,"3arc","0",1,0,1057,28
"roc_auc",0.984615384615385,NA,"3arc","0",1,0,1057,28
"brier_class",0.0911452857142857,NA,"3arc","0",1,0,1057,28
"brier_scaled",0.63354921025641,NA,"3arc","0",1,0,1057,28
"prevalence",0.535714285714286,NA,"3arc","0",1,0,1057,28
"cox_intercept",-0.78280309576286,0.545469306704568,"3arc","0",1,0,1057,28
"cox_slope",2.53878345177016,1.16504041488445,"3arc","0",1,0,1057,28
"dca_prop_useful",0.95959595959596,NA,"3arc","0",1,0,1057,28
"dca_mean_excess_nb",0.238410835528641,NA,"3arc","0",1,0,1057,28
"dca_nb_pt25",0.44047619047619,NA,"3arc","0",1,0,1057,28
"dca_nb_pt50",0.464285714285714,NA,"3arc","0",1,0,1057,28
"dca_nb_pt75",0.428571428571429,NA,"3arc","0",1,0,1057,28
"pr_auc",0.96980056980057,NA,"3arc","0",1,0,1058,33
"roc_auc",0.955555555555556,NA,"3arc","0",1,0,1058,33
"brier_class",0.0827147878787879,NA,"3arc","0",1,0,1058,33
"brier_scaled",0.666383688888889,NA,"3arc","0",1,0,1058,33
"prevalence",0.454545454545455,NA,"3arc","0",1,0,1058,33
"cox_intercept",-0.806965871052356,0.525137402058413,"3arc","0",1,0,1058,33
"cox_slope",1.87073103947685,0.772522545586882,"3arc","0",1,0,1058,33
"dca_prop_useful",0.95959595959596,NA,"3arc","0",1,0,1058,33
"dca_mean_excess_nb",0.236362972711124,NA,"3arc","0",1,0,1058,33
"dca_nb_pt25",0.333333333333333,NA,"3arc","0",1,0,1058,33
"dca_nb_pt50",0.393939393939394,NA,"3arc","0",1,0,1058,33
"dca_nb_pt75",0.393939393939394,NA,"3arc","0",1,0,1058,33
"pr_auc",0.987308590102708,NA,"3arc","0",1,0,1059,26
"roc_auc",0.981818181818182,NA,"3arc","0",1,0,1059,26
"brier_class",0.0769080170940171,NA,"3arc","0",1,0,1059,26
"brier_scaled",0.684910184511784,NA,"3arc","0",1,0,1059,26
"prevalence",0.576923076923077,NA,"3arc","0",1,0,1059,26
"cox_intercept",-0.629816706756869,0.576199646939681,"3arc","0",1,0,1059,26
"cox_slope",2.94142769727488,1.95583597654992,"3arc","0",1,0,1059,26
"dca_prop_useful",0.909090909090909,NA,"3arc","0",1,0,1059,26
"dca_mean_excess_nb",0.261294204931602,NA,"3arc","0",1,0,1059,26
"dca_nb_pt25",0.5,NA,"3arc","0",1,0,1059,26
"dca_nb_pt50",0.5,NA,"3arc","0",1,0,1059,26
"dca_nb_pt75",0.5,NA,"3arc","0",1,0,1059,26
"pr_auc",0.953223882145451,NA,"3arc","0",1,0,1060,36
"roc_auc",0.946031746031746,NA,"3arc","0",1,0,1060,36
"brier_class",0.114275666666667,NA,"3arc","0",1,0,1060,36
"brier_scaled",0.529837257142857,NA,"3arc","0",1,0,1060,36
"prevalence",0.416666666666667,NA,"3arc","0",1,0,1060,36
"cox_intercept",-1.13918343518939,0.477671236632487,"3arc","0",1,0,1060,36
"cox_slope",2.07646350599238,0.793387555979287,"3arc","0",1,0,1060,36
"dca_prop_useful",0.95959595959596,NA,"3arc","0",1,0,1060,36
"dca_mean_excess_nb",0.190230774132748,NA,"3arc","0",1,0,1060,36
"dca_nb_pt25",0.287037037037037,NA,"3arc","0",1,0,1060,36
"dca_nb_pt50",0.25,NA,"3arc","0",1,0,1060,36
"dca_nb_pt75",0.361111111111111,NA,"3arc","0",1,0,1060,36
"pr_auc",0.978291562238931,NA,"3arc","0",1,0,1061,28
"roc_auc",0.969230769230769,NA,"3arc","0",1,0,1061,28
"brier_class",0.0917071428571429,NA,"3arc","0",1,0,1061,28
"brier_scaled",0.631290256410256,NA,"3arc","0",1,0,1061,28
"prevalence",0.535714285714286,NA,"3arc","0",1,0,1061,28
"cox_intercept",-0.934420444024765,0.559072021664006,"3arc","0",1,0,1061,28
"cox_slope",2.07670914552038,0.920886202586687,"3arc","0",1,0,1061,28
"dca_prop_useful",0.888888888888889,NA,"3arc","0",1,0,1061,28
"dca_mean_excess_nb",0.247341126322481,NA,"3arc","0",1,0,1061,28
"dca_nb_pt25",0.428571428571429,NA,"3arc","0",1,0,1061,28
"dca_nb_pt50",0.428571428571429,NA,"3arc","0",1,0,1061,28
"dca_nb_pt75",0.464285714285714,NA,"3arc","0",1,0,1061,28
"pr_auc",0.925191308691309,NA,"3arc","0",2.25,0,1032,48
"roc_auc",0.94949494949495,NA,"3arc","0",2.25,0,1032,48
"brier_class",0.0918378333333333,NA,"3arc","0",2.25,0,1032,48
"brier_scaled",0.57253663030303,NA,"3arc","0",2.25,0,1032,48
"prevalence",0.3125,NA,"3arc","0",2.25,0,1032,48
"cox_intercept",-1.33939636337759,0.539980086031572,"3arc","0",2.25,0,1032,48
"cox_slope",1.10794836563481,0.35909071239568,"3arc","0",2.25,0,1032,48
"dca_prop_useful",0.96969696969697,NA,"3arc","0",2.25,0,1032,48
"dca_mean_excess_nb",0.144442816797731,NA,"3arc","0",2.25,0,1032,48
"dca_nb_pt25",0.215277777777778,NA,"3arc","0",2.25,0,1032,48
"dca_nb_pt50",0.208333333333333,NA,"3arc","0",2.25,0,1032,48
"dca_nb_pt75",0.1875,NA,"3arc","0",2.25,0,1032,48
"pr_auc",0.975648148148148,NA,"3arc","0",2.25,0,1033,55
"roc_auc",0.989166666666667,NA,"3arc","0",2.25,0,1033,55
"brier_class",0.0675938181818182,NA,"3arc","0",2.25,0,1033,55
"brier_scaled",0.6592145,NA,"3arc","0",2.25,0,1033,55
"prevalence",0.272727272727273,NA,"3arc","0",2.25,0,1033,55
"cox_intercept",-1.1804104919292,0.453671395459513,"3arc","0",2.25,0,1033,55
"cox_slope",2.25792168056713,0.739495766069563,"3arc","0",2.25,0,1033,55
"dca_prop_useful",0.98989898989899,NA,"3arc","0",2.25,0,1033,55
"dca_mean_excess_nb",0.157956506604202,NA,"3arc","0",2.25,0,1033,55
"dca_nb_pt25",0.175757575757576,NA,"3arc","0",2.25,0,1033,55
"dca_nb_pt50",0.2,NA,"3arc","0",2.25,0,1033,55
"dca_nb_pt75",0.236363636363636,NA,"3arc","0",2.25,0,1033,55
"pr_auc",0.956543724474759,NA,"3arc","0",2.25,0,1034,50
"roc_auc",0.967619047619048,NA,"3arc","0",2.25,0,1034,50
"brier_class",0.04624648,NA,"3arc","0",2.25,0,1034,50
"brier_scaled",0.779778666666667,NA,"3arc","0",2.25,0,1034,50
"prevalence",0.3,NA,"3arc","0",2.25,0,1034,50
"cox_intercept",-0.584975372405572,0.528235725215468,"3arc","0",2.25,0,1034,50
"cox_slope",1.54455946518891,0.507217622961159,"3arc","0",2.25,0,1034,50
"dca_prop_useful",1,NA,"3arc","0",2.25,0,1034,50
"dca_mean_excess_nb",0.191176671794223,NA,"3arc","0",2.25,0,1034,50
"dca_nb_pt25",0.253333333333333,NA,"3arc","0",2.25,0,1034,50
"dca_nb_pt50",0.26,NA,"3arc","0",2.25,0,1034,50
"dca_nb_pt75",0.24,NA,"3arc","0",2.25,0,1034,50
"pr_auc",0.963871252204586,NA,"3arc","0",2.25,0,1035,46
"roc_auc",0.96989247311828,NA,"3arc","0",2.25,0,1035,46
"brier_class",0.0544566956521739,NA,"3arc","0",2.25,0,1035,46
"brier_scaled",0.752192756989247,NA,"3arc","0",2.25,0,1035,46
"prevalence",0.326086956521739,NA,"3arc","0",2.25,0,1035,46
"cox_intercept",-0.624220747050951,0.497736515044755,"3arc","0",2.25,0,1035,46
"cox_slope",2.01064612191756,0.751059264810139,"3arc","0",2.25,0,1035,46
"dca_prop_useful",1,NA,"3arc","0",2.25,0,1035,46
"dca_mean_excess_nb",0.197930937924743,NA,"3arc","0",2.25,0,1035,46
"dca_nb_pt25",0.260869565217391,NA,"3arc","0",2.25,0,1035,46
"dca_nb_pt50",0.260869565217391,NA,"3arc","0",2.25,0,1035,46
"dca_nb_pt75",0.260869565217391,NA,"3arc","0",2.25,0,1035,46
"pr_auc",0.987308590102708,NA,"3arc","0",2.25,0,1036,46
"roc_auc",0.993548387096774,NA,"3arc","0",2.25,0,1036,46
"brier_class",0.0432013043478261,NA,"3arc","0",2.25,0,1036,46
"brier_scaled",0.803410838709677,NA,"3arc","0",2.25,0,1036,46
"prevalence",0.326086956521739,NA,"3arc","0",2.25,0,1036,46
"cox_intercept",-0.382435132883472,0.549716842506376,"3arc","0",2.25,0,1036,46
"cox_slope",5.14469413593057,3.43052804201027,"3arc","0",2.25,0,1036,46
"dca_prop_useful",1,NA,"3arc","0",2.25,0,1036,46
"dca_mean_excess_nb",0.209602528378168,NA,"3arc","0",2.25,0,1036,46
"dca_nb_pt25",0.289855072463768,NA,"3arc","0",2.25,0,1036,46
"dca_nb_pt50",0.282608695652174,NA,"3arc","0",2.25,0,1036,46
"dca_nb_pt75",0.260869565217391,NA,"3arc","0",2.25,0,1036,46
"pr_auc",0.947794382528425,NA,"3arc","0",2.5,0,1016,56
"roc_auc",0.946341463414634,NA,"3arc","0",2.5,0,1016,56
"brier_class",0.0795937142857143,NA,"3arc","0",2.5,0,1016,56
"brier_scaled",0.594136767479675,NA,"3arc","0",2.5,0,1016,56
"prevalence",0.267857142857143,NA,"3arc","0",2.5,0,1016,56
"cox_intercept",-1.00448763231441,0.406411739736769,"3arc","0",2.5,0,1016,56
"cox_slope",2.09875337667297,0.661500618709007,"3arc","0",2.5,0,1016,56
"dca_prop_useful",0.97979797979798,NA,"3arc","0",2.5,0,1016,56
"dca_mean_excess_nb",0.142810112802875,NA,"3arc","0",2.5,0,1016,56
"dca_nb_pt25",0.130952380952381,NA,"3arc","0",2.5,0,1016,56
"dca_nb_pt50",0.232142857142857,NA,"3arc","0",2.5,0,1016,56
"dca_nb_pt75",0.214285714285714,NA,"3arc","0",2.5,0,1016,56
"pr_auc",0.958465007215007,NA,"3arc","0",2.5,0,1017,50
"roc_auc",0.963809523809524,NA,"3arc","0",2.5,0,1017,50
"brier_class",0.0756816,NA,"3arc","0",2.5,0,1017,50
"brier_scaled",0.639611428571428,NA,"3arc","0",2.5,0,1017,50
"prevalence",0.3,NA,"3arc","0",2.5,0,1017,50
"cox_intercept",-1.40538471945506,0.522031643783336,"3arc","0",2.5,0,1017,50
"cox_slope",1.62884592154079,0.564945393013061,"3arc","0",2.5,0,1017,50
"dca_prop_useful",1,NA,"3arc","0",2.5,0,1017,50
"dca_mean_excess_nb",0.174380882813406,NA,"3arc","0",2.5,0,1017,50
"dca_nb_pt25",0.2,NA,"3arc","0",2.5,0,1017,50
"dca_nb_pt50",0.22,NA,"3arc","0",2.5,0,1017,50
"dca_nb_pt75",0.26,NA,"3arc","0",2.5,0,1017,50
"pr_auc",0.946093993152817,NA,"3arc","0",2.5,0,1018,52
"roc_auc",0.956756756756757,NA,"3arc","0",2.5,0,1018,52
"brier_class",0.0675400769230769,NA,"3arc","0",2.5,0,1018,52
"brier_scaled",0.670939877477477,NA,"3arc","0",2.5,0,1018,52
"prevalence",0.288461538461538,NA,"3arc","0",2.5,0,1018,52
"cox_intercept",-1.21868184432307,0.541749159923736,"3arc","0",2.5,0,1018,52
"cox_slope",1.506101045052,0.592339429202022,"3arc","0",2.5,0,1018,52
"dca_prop_useful",0.98989898989899,NA,"3arc","0",2.5,0,1018,52
"dca_mean_excess_nb",0.176058875165402,NA,"3arc","0",2.5,0,1018,52
"dca_nb_pt25",0.166666666666667,NA,"3arc","0",2.5,0,1018,52
"dca_nb_pt50",0.211538461538462,NA,"3arc","0",2.5,0,1018,52
"dca_nb_pt75",0.25,NA,"3arc","0",2.5,0,1018,52
"pr_auc",0.960651331239567,NA,"3arc","0",2.75,0,1037,52
"roc_auc",0.979279279279279,NA,"3arc","0",2.75,0,1037,52
"brier_class",0.064172,NA,"3arc","0",2.75,0,1037,52
"brier_scaled",0.687349390990991,NA,"3arc","0",2.75,0,1037,52
"prevalence",0.288461538461538,NA,"3arc","0",2.75,0,1037,52
"cox_intercept",-0.79368118064943,0.440979706886227,"3arc","0",2.75,0,1037,52
"cox_slope",2.21575132914826,0.760369745873475,"3arc","0",2.75,0,1037,52
"dca_prop_useful",0.98989898989899,NA,"3arc","0",2.75,0,1037,52
"dca_mean_excess_nb",0.16039738384631,NA,"3arc","0",2.75,0,1037,52
"dca_nb_pt25",0.224358974358974,NA,"3arc","0",2.75,0,1037,52
"dca_nb_pt50",0.192307692307692,NA,"3arc","0",2.75,0,1037,52
"dca_nb_pt75",0.230769230769231,NA,"3arc","0",2.75,0,1037,52
"pr_auc",0.957195121951219,NA,"3arc","0",2.75,0,1038,56
"roc_auc",0.957723577235772,NA,"3arc","0",2.75,0,1038,56
"brier_class",0.0496286428571429,NA,"3arc","0",2.75,0,1038,56
"brier_scaled",0.746934269918699,NA,"3arc","0",2.75,0,1038,56
"prevalence",0.267857142857143,NA,"3arc","0",2.75,0,1038,56
"cox_intercept",-0.627953869937212,0.434263833697516,"3arc","0",2.75,0,1038,56
"cox_slope",2.56582640968437,0.98860591817193,"3arc","0",2.75,0,1038,56
"dca_prop_useful",0.96969696969697,NA,"3arc","0",2.75,0,1038,56
"dca_mean_excess_nb",0.163798586955304,NA,"3arc","0",2.75,0,1038,56
"dca_nb_pt25",0.214285714285714,NA,"3arc","0",2.75,0,1038,56
"dca_nb_pt50",0.232142857142857,NA,"3arc","0",2.75,0,1038,56
"dca_nb_pt75",0.196428571428571,NA,"3arc","0",2.75,0,1038,56
"pr_auc",0.94199234949235,NA,"3arc","0",2.75,0,1039,59
"roc_auc",0.960606060606061,NA,"3arc","0",2.75,0,1039,59
"brier_class",0.0842127457627119,NA,"3arc","0",2.75,0,1039,59
"brier_scaled",0.555841563636364,NA,"3arc","0",2.75,0,1039,59
"prevalence",0.254237288135593,NA,"3arc","0",2.75,0,1039,59
"cox_intercept",-1.49268339617405,0.50765111724534,"3arc","0",2.75,0,1039,59
"cox_slope",1.16287114736428,0.324672818830277,"3arc","0",2.75,0,1039,59
"dca_prop_useful",0.98989898989899,NA,"3arc","0",2.75,0,1039,59
"dca_mean_excess_nb",0.118626343515607,NA,"3arc","0",2.75,0,1039,59
"dca_nb_pt25",0.15819209039548,NA,"3arc","0",2.75,0,1039,59
"dca_nb_pt50",0.186440677966102,NA,"3arc","0",2.75,0,1039,59
"dca_nb_pt75",0.101694915254237,NA,"3arc","0",2.75,0,1039,59
"pr_auc",0.951399482870071,NA,"3arc","0",2.75,0,1040,60
"roc_auc",0.966666666666667,NA,"3arc","0",2.75,0,1040,60
"brier_class",0.0445056,NA,"3arc","0",2.75,0,1040,60
"brier_scaled",0.7626368,NA,"3arc","0",2.75,0,1040,60
"prevalence",0.25,NA,"3arc","0",2.75,0,1040,60
"cox_intercept",-0.998541199261774,0.563423717363415,"3arc","0",2.75,0,1040,60
"cox_slope",1.34809460386704,0.427670109979213,"3arc","0",2.75,0,1040,60
"dca_prop_useful",0.98989898989899,NA,"3arc","0",2.75,0,1040,60
"dca_mean_excess_nb",0.164775865149232,NA,"3arc","0",2.75,0,1040,60
"dca_nb_pt25",0.211111111111111,NA,"3arc","0",2.75,0,1040,60
"dca_nb_pt50",0.216666666666667,NA,"3arc","0",2.75,0,1040,60
"dca_nb_pt75",0.15,NA,"3arc","0",2.75,0,1040,60
"pr_auc",0.959098416289593,NA,"3arc","0",2.75,0,1041,55
"roc_auc",0.976666666666667,NA,"3arc","0",2.75,0,1041,55
"brier_class",0.0484094545454545,NA,"3arc","0",2.75,0,1041,55
"brier_scaled",0.755935666666667,NA,"3arc","0",2.75,0,1041,55
"prevalence",0.272727272727273,NA,"3arc","0",2.75,0,1041,55
"cox_intercept",-0.939810927887119,0.528500086428976,"3arc","0",2.75,0,1041,55
"cox_slope",1.7164042144221,0.625722671348626,"3arc","0",2.75,0,1041,55
"dca_prop_useful",1,NA,"3arc","0",2.75,0,1041,55
"dca_mean_excess_nb",0.176598256346376,NA,"3arc","0",2.75,0,1041,55
"dca_nb_pt25",0.206060606060606,NA,"3arc","0",2.75,0,1041,55
"dca_nb_pt50",0.2,NA,"3arc","0",2.75,0,1041,55
"dca_nb_pt75",0.236363636363636,NA,"3arc","0",2.75,0,1041,55
"pr_auc",0.955952380952381,NA,"3arc","0",2,0,1004,40
"roc_auc",0.941333333333333,NA,"3arc","0",2,0,1004,40
"brier_class",0.0612164,NA,"3arc","0",2,0,1004,40
"brier_scaled",0.738810026666667,NA,"3arc","0",2,0,1004,40
"prevalence",0.375,NA,"3arc","0",2,0,1004,40
"cox_intercept",-0.821063832842227,0.575169800499396,"3arc","0",2,0,1004,40
"cox_slope",1.41063516139305,0.529560814114411,"3arc","0",2,0,1004,40
"dca_prop_useful",0.939393939393939,NA,"3arc","0",2,0,1004,40
"dca_mean_excess_nb",0.226772132131185,NA,"3arc","0",2,0,1004,40
"dca_nb_pt25",0.308333333333333,NA,"3arc","0",2,0,1004,40
"dca_nb_pt50",0.325,NA,"3arc","0",2,0,1004,40
"dca_nb_pt75",0.325,NA,"3arc","0",2,0,1004,40
"pr_auc",0.946093993152817,NA,"3arc","0",2,0,1005,46
"roc_auc",0.948387096774194,NA,"3arc","0",2,0,1005,46
"brier_class",0.0945021739130435,NA,"3arc","0",2,0,1005,46
"brier_scaled",0.569964301075269,NA,"3arc","0",2,0,1005,46
"prevalence",0.326086956521739,NA,"3arc","0",2,0,1005,46
"cox_intercept",-1.05472729300236,0.447909372249602,"3arc","0",2,0,1005,46
"cox_slope",1.73994901604394,0.550119381992817,"3arc","0",2,0,1005,46
"dca_prop_useful",0.98989898989899,NA,"3arc","0",2,0,1005,46
"dca_mean_excess_nb",0.160962621372618,NA,"3arc","0",2,0,1005,46
"dca_nb_pt25",0.210144927536232,NA,"3arc","0",2,0,1005,46
"dca_nb_pt50",0.217391304347826,NA,"3arc","0",2,0,1005,46
"dca_nb_pt75",0.282608695652174,NA,"3arc","0",2,0,1005,46
"pr_auc",0.966091954022989,NA,"3arc","0",2,0,1006,41
"roc_auc",0.961538461538462,NA,"3arc","0",2,0,1006,41
"brier_class",0.0556383414634146,NA,"3arc","0",2,0,1006,41
"brier_scaled",0.760184482051282,NA,"3arc","0",2,0,1006,41
"prevalence",0.365853658536585,NA,"3arc","0",2,0,1006,41
"cox_intercept",-0.71943558184146,0.528042332153316,"3arc","0",2,0,1006,41
"cox_slope",2.39334049863671,1.21103201765744,"3arc","0",2,0,1006,41
"dca_prop_useful",0.98989898989899,NA,"3arc","0",2,0,1006,41
"dca_mean_excess_nb",0.223142352948046,NA,"3arc","0",2,0,1006,41
"dca_nb_pt25",0.276422764227642,NA,"3arc","0",2,0,1006,41
"dca_nb_pt50",0.317073170731707,NA,"3arc","0",2,0,1006,41
"dca_nb_pt75",0.317073170731707,NA,"3arc","0",2,0,1006,41
"pr_auc",0.897819522444869,NA,"3arc","0",3.25,0,1042,62
"roc_auc",0.921276595744681,NA,"3arc","0",3.25,0,1042,62
"brier_class",0.147518,NA,"3arc","0",3.25,0,1042,62
"brier_scaled",0.195660720567376,NA,"3arc","0",3.25,0,1042,62
"prevalence",0.241935483870968,NA,"3arc","0",3.25,0,1042,62
"cox_intercept",-1.74048100154871,0.417411851979894,"3arc","0",3.25,0,1042,62
"cox_slope",1.44563619799204,0.484278743378557,"3arc","0",3.25,0,1042,62
"dca_prop_useful",0.808080808080808,NA,"3arc","0",3.25,0,1042,62
"dca_mean_excess_nb",0.0606033036395184,NA,"3arc","0",3.25,0,1042,62
"dca_nb_pt25",0.0806451612903226,NA,"3arc","0",3.25,0,1042,62
"dca_nb_pt50",-0.112903225806452,NA,"3arc","0",3.25,0,1042,62
"dca_nb_pt75",0.145161290322581,NA,"3arc","0",3.25,0,1042,62
"pr_auc",0.939891429616353,NA,"3arc","0",3.25,0,1043,69
"roc_auc",0.941358024691358,NA,"3arc","0",3.25,0,1043,69
"brier_class",0.0550427826086957,NA,"3arc","0",3.25,0,1043,69
"brier_scaled",0.676470755555556,NA,"3arc","0",3.25,0,1043,69
"prevalence",0.217391304347826,NA,"3arc","0",3.25,0,1043,69
"cox_intercept",-1.19604926736705,0.499634095261159,"3arc","0",3.25,0,1043,69
"cox_slope",1.33102352691608,0.409727537322491,"3arc","0",3.25,0,1043,69
"dca_prop_useful",0.97979797979798,NA,"3arc","0",3.25,0,1043,69
"dca_mean_excess_nb",0.134055723697915,NA,"3arc","0",3.25,0,1043,69
"dca_nb_pt25",0.140096618357488,NA,"3arc","0",3.25,0,1043,69
"dca_nb_pt50",0.173913043478261,NA,"3arc","0",3.25,0,1043,69
"dca_nb_pt75",0.130434782608696,NA,"3arc","0",3.25,0,1043,69
"pr_auc",0.96980056980057,NA,"3arc","0",3.25,0,1044,51
"roc_auc",0.977777777777778,NA,"3arc","0",3.25,0,1044,51
"brier_class",0.0355026666666667,NA,"3arc","0",3.25,0,1044,51
"brier_scaled",0.828995488888889,NA,"3arc","0",3.25,0,1044,51
"prevalence",0.294117647058824,NA,"3arc","0",3.25,0,1044,51
"cox_intercept",-0.239005271064554,0.523997389378349,"3arc","0",3.25,0,1044,51
"cox_slope",2.11439242704583,0.805878931649013,"3arc","0",3.25,0,1044,51
"dca_prop_useful",1,NA,"3arc","0",3.25,0,1044,51
"dca_mean_excess_nb",0.193708361093956,NA,"3arc","0",3.25,0,1044,51
"dca_nb_pt25",0.261437908496732,NA,"3arc","0",3.25,0,1044,51
"dca_nb_pt50",0.274509803921569,NA,"3arc","0",3.25,0,1044,51
"dca_nb_pt75",0.235294117647059,NA,"3arc","0",3.25,0,1044,51
"pr_auc",0.921002938769697,NA,"3arc","0",3.25,0,1045,57
"roc_auc",0.941269841269841,NA,"3arc","0",3.25,0,1045,57
"brier_class",0.0671215438596491,NA,"3arc","0",3.25,0,1045,57
"brier_scaled",0.65384460952381,NA,"3arc","0",3.25,0,1045,57
"prevalence",0.263157894736842,NA,"3arc","0",3.25,0,1045,57
"cox_intercept",-1.15335132103272,0.548186159180706,"3arc","0",3.25,0,1045,57
"cox_slope",1.06409143753084,0.30665031559664,"3arc","0",3.25,0,1045,57
"dca_prop_useful",0.98989898989899,NA,"3arc","0",3.25,0,1045,57
"dca_mean_excess_nb",0.139972184553529,NA,"3arc","0",3.25,0,1045,57
"dca_nb_pt25",0.204678362573099,NA,"3arc","0",3.25,0,1045,57
"dca_nb_pt50",0.175438596491228,NA,"3arc","0",3.25,0,1045,57
"dca_nb_pt75",0.157894736842105,NA,"3arc","0",3.25,0,1045,57
"pr_auc",0.937908232118758,NA,"3arc","0",3.25,0,1046,67
"roc_auc",0.961538461538462,NA,"3arc","0",3.25,0,1046,67
"brier_class",0.0434042388059701,NA,"3arc","0",3.25,0,1046,67
"brier_scaled",0.750203041025641,NA,"3arc","0",3.25,0,1046,67
"prevalence",0.223880597014925,NA,"3arc","0",3.25,0,1046,67
"cox_intercept",-1.01301939982736,0.537617205068653,"3arc","0",3.25,0,1046,67
"cox_slope",1.63922177839749,0.642897089744659,"3arc","0",3.25,0,1046,67
"dca_prop_useful",1,NA,"3arc","0",3.25,0,1046,67
"dca_mean_excess_nb",0.152024760962537,NA,"3arc","0",3.25,0,1046,67
"dca_nb_pt25",0.164179104477612,NA,"3arc","0",3.25,0,1046,67
"dca_nb_pt50",0.194029850746269,NA,"3arc","0",3.25,0,1046,67
"dca_nb_pt75",0.17910447761194,NA,"3arc","0",3.25,0,1046,67
"pr_auc",0.933710465488023,NA,"3arc","0",3.5,0,1019,70
"roc_auc",0.947878787878788,NA,"3arc","0",3.5,0,1019,70
"brier_class",0.0398081142857143,NA,"3arc","0",3.5,0,1019,70
"brier_scaled",0.763563927272727,NA,"3arc","0",3.5,0,1019,70
"prevalence",0.214285714285714,NA,"3arc","0",3.5,0,1019,70
"cox_intercept",-0.889786203795488,0.512448062262747,"3arc","0",3.5,0,1019,70
"cox_slope",1.65293810221335,0.610273724075024,"3arc","0",3.5,0,1019,70
"dca_prop_useful",0.98989898989899,NA,"3arc","0",3.5,0,1019,70
"dca_mean_excess_nb",0.146869763599269,NA,"3arc","0",3.5,0,1019,70
"dca_nb_pt25",0.176190476190476,NA,"3arc","0",3.5,0,1019,70
"dca_nb_pt50",0.185714285714286,NA,"3arc","0",3.5,0,1019,70
"dca_nb_pt75",0.171428571428571,NA,"3arc","0",3.5,0,1019,70
"pr_auc",0.953569518716578,NA,"3arc","0",3.5,0,1020,68
"roc_auc",0.973584905660377,NA,"3arc","0",3.5,0,1020,68
"brier_class",0.0488004117647059,NA,"3arc","0",3.5,0,1020,68
"brier_scaled",0.716159617610063,NA,"3arc","0",3.5,0,1020,68
"prevalence",0.220588235294118,NA,"3arc","0",3.5,0,1020,68
"cox_intercept",-0.709743062944233,0.427877777332952,"3arc","0",3.5,0,1020,68
"cox_slope",2.07841250387147,0.685541255488903,"3arc","0",3.5,0,1020,68
"dca_prop_useful",0.98989898989899,NA,"3arc","0",3.5,0,1020,68
"dca_mean_excess_nb",0.133186341065722,NA,"3arc","0",3.5,0,1020,68
"dca_nb_pt25",0.156862745098039,NA,"3arc","0",3.5,0,1020,68
"dca_nb_pt50",0.161764705882353,NA,"3arc","0",3.5,0,1020,68
"dca_nb_pt75",0.161764705882353,NA,"3arc","0",3.5,0,1020,68
"pr_auc",0.931546054964479,NA,"3arc","0",3.5,0,1021,64
"roc_auc",0.941496598639456,NA,"3arc","0",3.5,0,1021,64
"brier_class",0.0820800625,NA,"3arc","0",3.5,0,1021,64
"brier_scaled",0.542585121088435,NA,"3arc","0",3.5,0,1021,64
"prevalence",0.234375,NA,"3arc","0",3.5,0,1021,64
"cox_intercept",-1.62744592168925,0.522068990238497,"3arc","0",3.5,0,1021,64
"cox_slope",1.07078247205134,0.308473146081507,"3arc","0",3.5,0,1021,64
"dca_prop_useful",0.97979797979798,NA,"3arc","0",3.5,0,1021,64
"dca_mean_excess_nb",0.115523824200021,NA,"3arc","0",3.5,0,1021,64
"dca_nb_pt25",0.114583333333333,NA,"3arc","0",3.5,0,1021,64
"dca_nb_pt50",0.171875,NA,"3arc","0",3.5,0,1021,64
"dca_nb_pt75",0.15625,NA,"3arc","0",3.5,0,1021,64
"pr_auc",0.956343354131216,NA,"3arc","0",3.75,0,1047,71
"roc_auc",0.967261904761905,NA,"3arc","0",3.75,0,1047,71
"brier_class",0.0478427605633803,NA,"3arc","0",3.75,0,1047,71
"brier_scaled",0.712886480952381,NA,"3arc","0",3.75,0,1047,71
"prevalence",0.211267605633803,NA,"3arc","0",3.75,0,1047,71
"cox_intercept",-1.05972058221065,0.478171409948454,"3arc","0",3.75,0,1047,71
"cox_slope",1.8225382133022,0.636435714864076,"3arc","0",3.75,0,1047,71
"dca_prop_useful",1,NA,"3arc","0",3.75,0,1047,71
"dca_mean_excess_nb",0.135961885918664,NA,"3arc","0",3.75,0,1047,71
"dca_nb_pt25",0.145539906103286,NA,"3arc","0",3.75,0,1047,71
"dca_nb_pt50",0.169014084507042,NA,"3arc","0",3.75,0,1047,71
"dca_nb_pt75",0.154929577464789,NA,"3arc","0",3.75,0,1047,71
"pr_auc",0.944753251875463,NA,"3arc","0",3.75,0,1048,72
"roc_auc",0.976608187134503,NA,"3arc","0",3.75,0,1048,72
"brier_class",0.0594067777777778,NA,"3arc","0",3.75,0,1048,72
"brier_scaled",0.63980732631579,NA,"3arc","0",3.75,0,1048,72
"prevalence",0.208333333333333,NA,"3arc","0",3.75,0,1048,72
"cox_intercept",-1.47654845009077,0.507538954398987,"3arc","0",3.75,0,1048,72
"cox_slope",1.34765472805046,0.376333606498737,"3arc","0",3.75,0,1048,72
"dca_prop_useful",0.96969696969697,NA,"3arc","0",3.75,0,1048,72
"dca_mean_excess_nb",0.118156523607814,NA,"3arc","0",3.75,0,1048,72
"dca_nb_pt25",0.134259259259259,NA,"3arc","0",3.75,0,1048,72
"dca_nb_pt50",0.152777777777778,NA,"3arc","0",3.75,0,1048,72
"dca_nb_pt75",0.0833333333333333,NA,"3arc","0",3.75,0,1048,72
"pr_auc",0.970518518518519,NA,"3arc","0",3.75,0,1049,67
"roc_auc",0.98525641025641,NA,"3arc","0",3.75,0,1049,67
"brier_class",0.0433429850746269,NA,"3arc","0",3.75,0,1049,67
"brier_scaled",0.750555564102564,NA,"3arc","0",3.75,0,1049,67
"prevalence",0.223880597014925,NA,"3arc","0",3.75,0,1049,67
"cox_intercept",-0.923983798369902,0.476722981738021,"3arc","0",3.75,0,1049,67
"cox_slope",2.39183085951493,0.976456293507877,"3arc","0",3.75,0,1049,67
"dca_prop_useful",1,NA,"3arc","0",3.75,0,1049,67
"dca_mean_excess_nb",0.147224783355113,NA,"3arc","0",3.75,0,1049,67
"dca_nb_pt25",0.164179104477612,NA,"3arc","0",3.75,0,1049,67
"dca_nb_pt50",0.208955223880597,NA,"3arc","0",3.75,0,1049,67
"dca_nb_pt75",0.17910447761194,NA,"3arc","0",3.75,0,1049,67
"pr_auc",0.934030004603775,NA,"3arc","0",3.75,0,1050,78
"roc_auc",0.946560846560847,NA,"3arc","0",3.75,0,1050,78
"brier_class",0.0512255384615385,NA,"3arc","0",3.75,0,1050,78
"brier_scaled",0.670205104761905,NA,"3arc","0",3.75,0,1050,78
"prevalence",0.192307692307692,NA,"3arc","0",3.75,0,1050,78
"cox_intercept",-1.17063849878497,0.484513928974437,"3arc","0",3.75,0,1050,78
"cox_slope",1.20653406172762,0.314058545087336,"3arc","0",3.75,0,1050,78
"dca_prop_useful",0.98989898989899,NA,"3arc","0",3.75,0,1050,78
"dca_mean_excess_nb",0.109334896251417,NA,"3arc","0",3.75,0,1050,78
"dca_nb_pt25",0.128205128205128,NA,"3arc","0",3.75,0,1050,78
"dca_nb_pt50",0.153846153846154,NA,"3arc","0",3.75,0,1050,78
"dca_nb_pt75",0.115384615384615,NA,"3arc","0",3.75,0,1050,78
"pr_auc",0.927327672327672,NA,"3arc","0",3.75,0,1051,79
"roc_auc",0.960416666666667,NA,"3arc","0",3.75,0,1051,79
"brier_class",0.0478354936708861,NA,"3arc","0",3.75,0,1051,79
"brier_scaled",0.6890194625,NA,"3arc","0",3.75,0,1051,79
"prevalence",0.189873417721519,NA,"3arc","0",3.75,0,1051,79
"cox_intercept",-0.887457118264626,0.429930478762365,"3arc","0",3.75,0,1051,79
"cox_slope",1.75873800030416,0.502721954173363,"3arc","0",3.75,0,1051,79
"dca_prop_useful",0.98989898989899,NA,"3arc","0",3.75,0,1051,79
"dca_mean_excess_nb",0.115327215744528,NA,"3arc","0",3.75,0,1051,79
"dca_nb_pt25",0.130801687763713,NA,"3arc","0",3.75,0,1051,79
"dca_nb_pt50",0.151898734177215,NA,"3arc","0",3.75,0,1051,79
"dca_nb_pt75",0.151898734177215,NA,"3arc","0",3.75,0,1051,79
"pr_auc",0.94699938949939,NA,"3arc","0",3,0,1007,56
"roc_auc",0.960975609756098,NA,"3arc","0",3,0,1007,56
"brier_class",0.0645087142857143,NA,"3arc","0",3,0,1007,56
"brier_scaled",0.671058003252033,NA,"3arc","0",3,0,1007,56
"prevalence",0.267857142857143,NA,"3arc","0",3,0,1007,56
"cox_intercept",-1.1516545436794,0.518161800250879,"3arc","0",3,0,1007,56
"cox_slope",1.40317916296478,0.456120509742118,"3arc","0",3,0,1007,56
"dca_prop_useful",1,NA,"3arc","0",3,0,1007,56
"dca_mean_excess_nb",0.156458589786227,NA,"3arc","0",3,0,1007,56
"dca_nb_pt25",0.18452380952381,NA,"3arc","0",3,0,1007,56
"dca_nb_pt50",0.214285714285714,NA,"3arc","0",3,0,1007,56
"dca_nb_pt75",0.160714285714286,NA,"3arc","0",3,0,1007,56
"pr_auc",0.943859477124183,NA,"3arc","0",3,0,1008,63
"roc_auc",0.947222222222222,NA,"3arc","0",3,0,1008,63
"brier_class",0.0586489523809524,NA,"3arc","0",3,0,1008,63
"brier_scaled",0.67669765,NA,"3arc","0",3,0,1008,63
"prevalence",0.238095238095238,NA,"3arc","0",3,0,1008,63
"cox_intercept",-1.00887378406891,0.432173736919188,"3arc","0",3,0,1008,63
"cox_slope",2.08992626708994,0.686057700409585,"3arc","0",3,0,1008,63
"dca_prop_useful",0.98989898989899,NA,"3arc","0",3,0,1008,63
"dca_mean_excess_nb",0.144156508030176,NA,"3arc","0",3,0,1008,63
"dca_nb_pt25",0.137566137566138,NA,"3arc","0",3,0,1008,63
"dca_nb_pt50",0.206349206349206,NA,"3arc","0",3,0,1008,63
"dca_nb_pt75",0.19047619047619,NA,"3arc","0",3,0,1008,63
"pr_auc",0.960251639199008,NA,"3arc","0",3,0,1009,53
"roc_auc",0.978947368421053,NA,"3arc","0",3,0,1009,53
"brier_class",0.0789596226415094,NA,"3arc","0",3,0,1009,53
"brier_scaled",0.610881438596491,NA,"3arc","0",3,0,1009,53
"prevalence",0.283018867924528,NA,"3arc","0",3,0,1009,53
"cox_intercept",-1.2464859997793,0.47322206306031,"3arc","0",3,0,1009,53
"cox_slope",2.36044502789575,1.05720937471722,"3arc","0",3,0,1009,53
"dca_prop_useful",1,NA,"3arc","0",3,0,1009,53
"dca_mean_excess_nb",0.151263309876719,NA,"3arc","0",3,0,1009,53
"dca_nb_pt25",0.20125786163522,NA,"3arc","0",3,0,1009,53
"dca_nb_pt50",0.132075471698113,NA,"3arc","0",3,0,1009,53
"dca_nb_pt75",0.226415094339623,NA,"3arc","0",3,0,1009,53
"pr_auc",0.973442695791767,NA,"3arc","0",4,0,1010,79
"roc_auc",0.992708333333333,NA,"3arc","0",4,0,1010,79
"brier_class",0.0419355443037975,NA,"3arc","0",4,0,1010,79
"brier_scaled",0.727375279166667,NA,"3arc","0",4,0,1010,79
"prevalence",0.189873417721519,NA,"3arc","0",4,0,1010,79
"cox_intercept",-0.90426969492623,0.434735908128103,"3arc","0",4,0,1010,79
"cox_slope",1.84895751666552,0.502200651870741,"3arc","0",4,0,1010,79
"dca_prop_useful",0.98989898989899,NA,"3arc","0",4,0,1010,79
"dca_mean_excess_nb",0.117800629455847,NA,"3arc","0",4,0,1010,79
"dca_nb_pt25",0.168776371308017,NA,"3arc","0",4,0,1010,79
"dca_nb_pt50",0.139240506329114,NA,"3arc","0",4,0,1010,79
"dca_nb_pt75",0.151898734177215,NA,"3arc","0",4,0,1010,79
"pr_auc",0.89901501861272,NA,"3arc","0",4,0,1011,80
"roc_auc",0.92974358974359,NA,"3arc","0",4,0,1011,80
"brier_class",0.0598187,NA,"3arc","0",4,0,1011,80
"brier_scaled",0.607343917948718,NA,"3arc","0",4,0,1011,80
"prevalence",0.1875,NA,"3arc","0",4,0,1011,80
"cox_intercept",-1.22215985419266,0.475360974497414,"3arc","0",4,0,1011,80
"cox_slope",1.18459370575098,0.34460347234598,"3arc","0",4,0,1011,80
"dca_prop_useful",0.98989898989899,NA,"3arc","0",4,0,1011,80
"dca_mean_excess_nb",0.106401931514906,NA,"3arc","0",4,0,1011,80
"dca_nb_pt25",0.108333333333333,NA,"3arc","0",4,0,1011,80
"dca_nb_pt50",0.1375,NA,"3arc","0",4,0,1011,80
"dca_nb_pt75",0.1125,NA,"3arc","0",4,0,1011,80
"pr_auc",0.956406810035842,NA,"3arc","0",4,0,1012,67
"roc_auc",0.976923076923077,NA,"3arc","0",4,0,1012,67
"brier_class",0.0382232835820896,NA,"3arc","0",4,0,1012,67
"brier_scaled",0.780020102564103,NA,"3arc","0",4,0,1012,67
"prevalence",0.223880597014925,NA,"3arc","0",4,0,1012,67
"cox_intercept",-0.792140387066126,0.520906340419382,"3arc","0",4,0,1012,67
"cox_slope",2.92083172182034,1.39649669598297,"3arc","0",4,0,1012,67
"dca_prop_useful",1,NA,"3arc","0",4,0,1012,67
"dca_mean_excess_nb",0.15362508029375,NA,"3arc","0",4,0,1012,67
"dca_nb_pt25",0.194029850746269,NA,"3arc","0",4,0,1012,67
"dca_nb_pt50",0.194029850746269,NA,"3arc","0",4,0,1012,67
"dca_nb_pt75",0.17910447761194,NA,"3arc","0",4,0,1012,67
"pr_auc",0.753570552995189,NA,"3arc","1",1,0,1001,100
"roc_auc",0.882648953301127,NA,"3arc","1",1,0,1001,100
"brier_class",0.111484968477778,NA,"3arc","1",1,0,1001,100
"brier_scaled",0.551187727545178,NA,"3arc","1",1,0,1001,100
"prevalence",0.46,NA,"3arc","1",1,0,1001,100
"cox_intercept",0.30585832287474,0.28625968903627,"3arc","1",1,0,1001,100
"cox_slope",0.864275424511676,0.159409628068133,"3arc","1",1,0,1001,100
"dca_prop_useful",0.747474747474748,NA,"3arc","1",1,0,1001,100
"dca_mean_excess_nb",0.0747624224348641,NA,"3arc","1",1,0,1001,100
"dca_nb_pt25",0.406666666666667,NA,"3arc","1",1,0,1001,100
"dca_nb_pt50",0.36,NA,"3arc","1",1,0,1001,100
"dca_nb_pt75",0.12,NA,"3arc","1",1,0,1001,100
"pr_auc",0.80310370687563,NA,"3arc","1",1,0,1002,87
"roc_auc",0.897401908801697,NA,"3arc","1",1,0,1002,87
"brier_class",0.110765877905492,NA,"3arc","1",1,0,1002,87
"brier_scaled",0.555468223824673,NA,"3arc","1",1,0,1002,87
"prevalence",0.528735632183908,NA,"3arc","1",1,0,1002,87
"cox_intercept",0.604189365248439,0.31238063955176,"3arc","1",1,0,1002,87
"cox_slope",0.919051204792291,0.181214849157076,"3arc","1",1,0,1002,87
"dca_prop_useful",0.787878787878788,NA,"3arc","1",1,0,1002,87
"dca_mean_excess_nb",0.0916253437599511,NA,"3arc","1",1,0,1002,87
"dca_nb_pt25",0.467432950191571,NA,"3arc","1",1,0,1002,87
"dca_nb_pt50",0.436781609195402,NA,"3arc","1",1,0,1002,87
"dca_nb_pt75",0.206896551724138,NA,"3arc","1",1,0,1002,87
"pr_auc",0.730701563484188,NA,"3arc","1",1,0,1003,90
"roc_auc",0.848320158102767,NA,"3arc","1",1,0,1003,90
"brier_class",0.124991087631925,NA,"3arc","1",1,0,1003,90
"brier_scaled",0.499788631512552,NA,"3arc","1",1,0,1003,90
"prevalence",0.511111111111111,NA,"3arc","1",1,0,1003,90
"cox_intercept",0.241787105297283,0.289809942646213,"3arc","1",1,0,1003,90
"cox_slope",0.8445027750872,0.171916376002076,"3arc","1",1,0,1003,90
"dca_prop_useful",0.707070707070707,NA,"3arc","1",1,0,1003,90
"dca_mean_excess_nb",0.071444517654634,NA,"3arc","1",1,0,1003,90
"dca_nb_pt25",0.433333333333333,NA,"3arc","1",1,0,1003,90
"dca_nb_pt50",0.411111111111111,NA,"3arc","1",1,0,1003,90
"dca_nb_pt75",0.1,NA,"3arc","1",1,0,1003,90
"pr_auc",0.920241524627664,NA,"3arc","1",1,0,1006,90
"roc_auc",0.931358024691358,NA,"3arc","1",1,0,1006,90
"brier_class",0.0925524,NA,"3arc","1",1,0,1006,90
"brier_scaled",0.6297904,NA,"3arc","1",1,0,1006,90
"prevalence",0.5,NA,"3arc","1",1,0,1006,90
"cox_intercept",0.11221309317919,0.370538787208689,"3arc","1",1,0,1006,90
"cox_slope",0.751051281073828,0.156326277886034,"3arc","1",1,0,1006,90
"dca_prop_useful",0.868686868686869,NA,"3arc","1",1,0,1006,90
"dca_mean_excess_nb",0.165734829676928,NA,"3arc","1",1,0,1006,90
"dca_nb_pt25",0.437037037037037,NA,"3arc","1",1,0,1006,90
"dca_nb_pt50",0.388888888888889,NA,"3arc","1",1,0,1006,90
"dca_nb_pt75",0.288888888888889,NA,"3arc","1",1,0,1006,90
"pr_auc",0.917086144797294,NA,"3arc","1",1,0,1007,90
"roc_auc",0.944691358024691,NA,"3arc","1",1,0,1007,90
"brier_class",0.0805987512222222,NA,"3arc","1",1,0,1007,90
"brier_scaled",0.677604995111111,NA,"3arc","1",1,0,1007,90
"prevalence",0.5,NA,"3arc","1",1,0,1007,90
"cox_intercept",0.226242669539284,0.365972504494573,"3arc","1",1,0,1007,90
"cox_slope",0.996234765173877,0.193487568185551,"3arc","1",1,0,1007,90
"dca_prop_useful",0.95959595959596,NA,"3arc","1",1,0,1007,90
"dca_mean_excess_nb",0.185334554366265,NA,"3arc","1",1,0,1007,90
"dca_nb_pt25",0.433333333333333,NA,"3arc","1",1,0,1007,90
"dca_nb_pt50",0.422222222222222,NA,"3arc","1",1,0,1007,90
"dca_nb_pt75",0.277777777777778,NA,"3arc","1",1,0,1007,90
"pr_auc",0.877976723518251,NA,"3arc","1",1,0,1008,90
"roc_auc",0.931358024691358,NA,"3arc","1",1,0,1008,90
"brier_class",0.0954773199828112,NA,"3arc","1",1,0,1008,90
"brier_scaled",0.618090720068755,NA,"3arc","1",1,0,1008,90
"prevalence",0.5,NA,"3arc","1",1,0,1008,90
"cox_intercept",-0.0942402917276195,0.322778281239225,"3arc","1",1,0,1008,90
"cox_slope",1.06636751055154,0.209020922908669,"3arc","1",1,0,1008,90
"dca_prop_useful",0.909090909090909,NA,"3arc","1",1,0,1008,90
"dca_mean_excess_nb",0.160568093248938,NA,"3arc","1",1,0,1008,90
"dca_nb_pt25",0.448148148148148,NA,"3arc","1",1,0,1008,90
"dca_nb_pt50",0.377777777777778,NA,"3arc","1",1,0,1008,90
"dca_nb_pt75",0.233333333333333,NA,"3arc","1",1,0,1008,90
"pr_auc",0.933588173540343,NA,"3arc","1",1,0,1009,90
"roc_auc",0.926666666666667,NA,"3arc","1",1,0,1009,90
"brier_class",0.0957574642935878,NA,"3arc","1",1,0,1009,90
"brier_scaled",0.616970142825649,NA,"3arc","1",1,0,1009,90
"prevalence",0.5,NA,"3arc","1",1,0,1009,90
"cox_intercept",0.0400363887682095,0.352769141856672,"3arc","1",1,0,1009,90
"cox_slope",0.930911082371361,0.171474888123425,"3arc","1",1,0,1009,90
"dca_prop_useful",0.94949494949495,NA,"3arc","1",1,0,1009,90
"dca_mean_excess_nb",0.189719906341612,NA,"3arc","1",1,0,1009,90
"dca_nb_pt25",0.42962962962963,NA,"3arc","1",1,0,1009,90
"dca_nb_pt50",0.388888888888889,NA,"3arc","1",1,0,1009,90
"dca_nb_pt75",0.255555555555556,NA,"3arc","1",1,0,1009,90
"pr_auc",0.9434475162233,NA,"3arc","1",1,0,1010,90
"roc_auc",0.95358024691358,NA,"3arc","1",1,0,1010,90
"brier_class",0.0796607944320988,NA,"3arc","1",1,0,1010,90
"brier_scaled",0.681356822271605,NA,"3arc","1",1,0,1010,90
"prevalence",0.5,NA,"3arc","1",1,0,1010,90
"cox_intercept",0.0269900262112973,0.31679490090576,"3arc","1",1,0,1010,90
"cox_slope",1.42877865036052,0.295071916968414,"3arc","1",1,0,1010,90
"dca_prop_useful",1,NA,"3arc","1",1,0,1010,90
"dca_mean_excess_nb",0.19731274242515,NA,"3arc","1",1,0,1010,90
"dca_nb_pt25",0.451851851851852,NA,"3arc","1",1,0,1010,90
"dca_nb_pt50",0.422222222222222,NA,"3arc","1",1,0,1010,90
"dca_nb_pt75",0.255555555555556,NA,"3arc","1",1,0,1010,90
"pr_auc",0.964748612550506,NA,"3arc","1",1,0,1011,90
"roc_auc",0.964444444444444,NA,"3arc","1",1,0,1011,90
"brier_class",0.0775147919753086,NA,"3arc","1",1,0,1011,90
"brier_scaled",0.689940832098765,NA,"3arc","1",1,0,1011,90
"prevalence",0.5,NA,"3arc","1",1,0,1011,90
"cox_intercept",-0.265696426579338,0.334633537553644,"3arc","1",1,0,1011,90
"cox_slope",1.36039771634217,0.291119432559003,"3arc","1",1,0,1011,90
"dca_prop_useful",1,NA,"3arc","1",1,0,1011,90
"dca_mean_excess_nb",0.21581829241127,NA,"3arc","1",1,0,1011,90
"dca_nb_pt25",0.440740740740741,NA,"3arc","1",1,0,1011,90
"dca_nb_pt50",0.4,NA,"3arc","1",1,0,1011,90
"dca_nb_pt75",0.311111111111111,NA,"3arc","1",1,0,1011,90
"pr_auc",0.95887215090438,NA,"3arc","1",1,0,1012,90
"roc_auc",0.964938271604938,NA,"3arc","1",1,0,1012,90
"brier_class",0.0637882555555556,NA,"3arc","1",1,0,1012,90
"brier_scaled",0.744846977777778,NA,"3arc","1",1,0,1012,90
"prevalence",0.5,NA,"3arc","1",1,0,1012,90
"cox_intercept",-0.0647309995536656,0.362373245822927,"3arc","1",1,0,1012,90
"cox_slope",1.27601523659128,0.258279991201025,"3arc","1",1,0,1012,90
"dca_prop_useful",1,NA,"3arc","1",1,0,1012,90
"dca_mean_excess_nb",0.220723223451123,NA,"3arc","1",1,0,1012,90
"dca_nb_pt25",0.477777777777778,NA,"3arc","1",1,0,1012,90
"dca_nb_pt50",0.411111111111111,NA,"3arc","1",1,0,1012,90
"dca_nb_pt75",0.333333333333333,NA,"3arc","1",1,0,1012,90
"pr_auc",0.909687864051703,NA,"3arc","1",1,0,1013,90
"roc_auc",0.915555555555556,NA,"3arc","1",1,0,1013,90
"brier_class",0.1118352,NA,"3arc","1",1,0,1013,90
"brier_scaled",0.5526592,NA,"3arc","1",1,0,1013,90
"prevalence",0.5,NA,"3arc","1",1,0,1013,90
"cox_intercept",-0.206393087708735,0.41095726191981,"3arc","1",1,0,1013,90
"cox_slope",0.430211082949818,0.100277271285539,"3arc","1",1,0,1013,90
"dca_prop_useful",0.898989898989899,NA,"3arc","1",1,0,1013,90
"dca_mean_excess_nb",0.162344218848842,NA,"3arc","1",1,0,1013,90
"dca_nb_pt25",0.403703703703704,NA,"3arc","1",1,0,1013,90
"dca_nb_pt50",0.377777777777778,NA,"3arc","1",1,0,1013,90
"dca_nb_pt75",0.222222222222222,NA,"3arc","1",1,0,1013,90
"pr_auc",0.939434139676161,NA,"3arc","1",1,0,1014,90
"roc_auc",0.95283950617284,NA,"3arc","1",1,0,1014,90
"brier_class",0.0794347734567901,NA,"3arc","1",1,0,1014,90
"brier_scaled",0.68226090617284,NA,"3arc","1",1,0,1014,90
"prevalence",0.5,NA,"3arc","1",1,0,1014,90
"cox_intercept",-0.557644421196303,0.332193322442826,"3arc","1",1,0,1014,90
"cox_slope",1.30359886229568,0.275302043160616,"3arc","1",1,0,1014,90
"dca_prop_useful",0.95959595959596,NA,"3arc","1",1,0,1014,90
"dca_mean_excess_nb",0.198294299022173,NA,"3arc","1",1,0,1014,90
"dca_nb_pt25",0.451851851851852,NA,"3arc","1",1,0,1014,90
"dca_nb_pt50",0.4,NA,"3arc","1",1,0,1014,90
"dca_nb_pt75",0.322222222222222,NA,"3arc","1",1,0,1014,90
"pr_auc",0.941190690761322,NA,"3arc","1",1,0,1015,90
"roc_auc",0.94962962962963,NA,"3arc","1",1,0,1015,90
"brier_class",0.0887563555555556,NA,"3arc","1",1,0,1015,90
"brier_scaled",0.644974577777778,NA,"3arc","1",1,0,1015,90
"prevalence",0.5,NA,"3arc","1",1,0,1015,90
"cox_intercept",-0.608791681295114,0.348892905161082,"3arc","1",1,0,1015,90
"cox_slope",1.08348540708727,0.218037889766366,"3arc","1",1,0,1015,90
"dca_prop_useful",0.96969696969697,NA,"3arc","1",1,0,1015,90
"dca_mean_excess_nb",0.184000307600582,NA,"3arc","1",1,0,1015,90
"dca_nb_pt25",0.455555555555556,NA,"3arc","1",1,0,1015,90
"dca_nb_pt50",0.377777777777778,NA,"3arc","1",1,0,1015,90
"dca_nb_pt75",0.255555555555556,NA,"3arc","1",1,0,1015,90
"pr_auc",0.745612287127127,NA,"3arc","1",1,0,1016,90
"roc_auc",0.857707509881423,NA,"3arc","1",1,0,1016,90
"brier_class",0.133228325925926,NA,"3arc","1",1,0,1016,90
"brier_scaled",0.466823399209486,NA,"3arc","1",1,0,1016,90
"prevalence",0.511111111111111,NA,"3arc","1",1,0,1016,90
"cox_intercept",0.574062034571022,0.291190924223217,"3arc","1",1,0,1016,90
"cox_slope",0.873546967140215,0.172156814233406,"3arc","1",1,0,1016,90
"dca_prop_useful",0.707070707070707,NA,"3arc","1",1,0,1016,90
"dca_mean_excess_nb",0.0641214688263737,NA,"3arc","1",1,0,1016,90
"dca_nb_pt25",0.451851851851852,NA,"3arc","1",1,0,1016,90
"dca_nb_pt50",0.377777777777778,NA,"3arc","1",1,0,1016,90
"dca_nb_pt75",0.0666666666666667,NA,"3arc","1",1,0,1016,90
"pr_auc",0.796765103921992,NA,"3arc","1",1,0,1017,95
"roc_auc",0.905057675244011,NA,"3arc","1",1,0,1017,95
"brier_class",0.101760785590643,NA,"3arc","1",1,0,1017,95
"brier_scaled",0.592550536843143,NA,"3arc","1",1,0,1017,95
"prevalence",0.484210526315789,NA,"3arc","1",1,0,1017,95
"cox_intercept",0.535351521004029,0.291696425115666,"3arc","1",1,0,1017,95
"cox_slope",1.043383217272,0.185678288363474,"3arc","1",1,0,1017,95
"dca_prop_useful",0.747474747474748,NA,"3arc","1",1,0,1017,95
"dca_mean_excess_nb",0.0982534346552454,NA,"3arc","1",1,0,1017,95
"dca_nb_pt25",0.431578947368421,NA,"3arc","1",1,0,1017,95
"dca_nb_pt50",0.4,NA,"3arc","1",1,0,1017,95
"dca_nb_pt75",0.147368421052632,NA,"3arc","1",1,0,1017,95
"pr_auc",0.81385304778512,NA,"3arc","1",1,0,1018,98
"roc_auc",0.890259197324415,NA,"3arc","1",1,0,1018,98
"brier_class",0.102406,NA,"3arc","1",1,0,1018,98
"brier_scaled",0.588834772575251,NA,"3arc","1",1,0,1018,98
"prevalence",0.469387755102041,NA,"3arc","1",1,0,1018,98
"cox_intercept",0.315896306724288,0.290316372508113,"3arc","1",1,0,1018,98
"cox_slope",0.900667324079631,0.166068840459275,"3arc","1",1,0,1018,98
"dca_prop_useful",0.777777777777778,NA,"3arc","1",1,0,1018,98
"dca_mean_excess_nb",0.12048563642428,NA,"3arc","1",1,0,1018,98
"dca_nb_pt25",0.41156462585034,NA,"3arc","1",1,0,1018,98
"dca_nb_pt50",0.387755102040816,NA,"3arc","1",1,0,1018,98
"dca_nb_pt75",0.193877551020408,NA,"3arc","1",1,0,1018,98
"pr_auc",0.883884817021312,NA,"3arc","1",1,0,1019,85
"roc_auc",0.928651059085842,NA,"3arc","1",1,0,1019,85
"brier_class",0.116681698521342,NA,"3arc","1",1,0,1019,85
"brier_scaled",0.530086247593816,NA,"3arc","1",1,0,1019,85
"prevalence",0.541176470588235,NA,"3arc","1",1,0,1019,85
"cox_intercept",0.805943304660916,0.288565772132155,"3arc","1",1,0,1019,85
"cox_slope",1.43873861407816,0.278676140073771,"3arc","1",1,0,1019,85
"dca_prop_useful",0.797979797979798,NA,"3arc","1",1,0,1019,85
"dca_mean_excess_nb",0.125780901733386,NA,"3arc","1",1,0,1019,85
"dca_nb_pt25",0.47843137254902,NA,"3arc","1",1,0,1019,85
"dca_nb_pt50",0.447058823529412,NA,"3arc","1",1,0,1019,85
"dca_nb_pt75",0.0823529411764706,NA,"3arc","1",1,0,1019,85
"pr_auc",0.763241839946494,NA,"3arc","1",1,0,1020,99
"roc_auc",0.886382280557834,NA,"3arc","1",1,0,1020,99
"brier_class",0.170864767676768,NA,"3arc","1",1,0,1020,99
"brier_scaled",0.313106813781788,NA,"3arc","1",1,0,1020,99
"prevalence",0.464646464646465,NA,"3arc","1",1,0,1020,99
"cox_intercept",0.957778885723205,0.252756861736288,"3arc","1",1,0,1020,99
"cox_slope",0.961248699009243,0.197477081862803,"3arc","1",1,0,1020,99
"dca_prop_useful",0.636363636363636,NA,"3arc","1",1,0,1020,99
"dca_mean_excess_nb",0.00937331649052014,NA,"3arc","1",1,0,1020,99
"dca_nb_pt25",0.410774410774411,NA,"3arc","1",1,0,1020,99
"dca_nb_pt50",0.212121212121212,NA,"3arc","1",1,0,1020,99
"dca_nb_pt75",-0.0808080808080808,NA,"3arc","1",1,0,1020,99
"pr_auc",0.725121352497534,NA,"3arc","1",1,0,1021,89
"roc_auc",0.820525783619818,NA,"3arc","1",1,0,1021,89
"brier_class",0.203132449438202,NA,"3arc","1",1,0,1021,89
"brier_scaled",0.186545939332659,NA,"3arc","1",1,0,1021,89
"prevalence",0.51685393258427,NA,"3arc","1",1,0,1021,89
"cox_intercept",1.04502003179566,0.281705131091586,"3arc","1",1,0,1021,89
"cox_slope",0.355565931241365,0.114559649020246,"3arc","1",1,0,1021,89
"dca_prop_useful",0.565656565656566,NA,"3arc","1",1,0,1021,89
"dca_mean_excess_nb",-0.0384619171303339,NA,"3arc","1",1,0,1021,89
"dca_nb_pt25",0.438202247191011,NA,"3arc","1",1,0,1021,89
"dca_nb_pt50",0.213483146067416,NA,"3arc","1",1,0,1021,89
"dca_nb_pt75",-0.0898876404494382,NA,"3arc","1",1,0,1021,89
"pr_auc",0.805263749975841,NA,"3arc","1",1,0,1022,85
"roc_auc",0.900222965440357,NA,"3arc","1",1,0,1022,85
"brier_class",0.0971676588235294,NA,"3arc","1",1,0,1022,85
"brier_scaled",0.608675398550725,NA,"3arc","1",1,0,1022,85
"prevalence",0.541176470588235,NA,"3arc","1",1,0,1022,85
"cox_intercept",0.695996716813419,0.351427738431244,"3arc","1",1,0,1022,85
"cox_slope",0.896801657808284,0.16883196492121,"3arc","1",1,0,1022,85
"dca_prop_useful",0.848484848484849,NA,"3arc","1",1,0,1022,85
"dca_mean_excess_nb",0.125503398107585,NA,"3arc","1",1,0,1022,85
"dca_nb_pt25",0.494117647058823,NA,"3arc","1",1,0,1022,85
"dca_nb_pt50",0.458823529411765,NA,"3arc","1",1,0,1022,85
"dca_nb_pt75",0.223529411764706,NA,"3arc","1",1,0,1022,85
"pr_auc",0.820346716554618,NA,"3arc","1",1,0,1023,90
"roc_auc",0.91304347826087,NA,"3arc","1",1,0,1023,90
"brier_class",0.156493733333333,NA,"3arc","1",1,0,1023,90
"brier_scaled",0.373715790513834,NA,"3arc","1",1,0,1023,90
"prevalence",0.511111111111111,NA,"3arc","1",1,0,1023,90
"cox_intercept",1.19524924150384,0.285013650987442,"3arc","1",1,0,1023,90
"cox_slope",1.12864510900212,0.217469217759553,"3arc","1",1,0,1023,90
"dca_prop_useful",0.747474747474748,NA,"3arc","1",1,0,1023,90
"dca_mean_excess_nb",0.0492370364022944,NA,"3arc","1",1,0,1023,90
"dca_nb_pt25",0.455555555555556,NA,"3arc","1",1,0,1023,90
"dca_nb_pt50",0.288888888888889,NA,"3arc","1",1,0,1023,90
"dca_nb_pt75",0.0111111111111111,NA,"3arc","1",1,0,1023,90
"pr_auc",0.898079652842175,NA,"3arc","1",1,0,1024,84
"roc_auc",0.945366132723112,NA,"3arc","1",1,0,1024,84
"brier_class",0.0882200740740741,NA,"3arc","1",1,0,1024,84
"brier_scaled",0.643889678108314,NA,"3arc","1",1,0,1024,84
"prevalence",0.547619047619048,NA,"3arc","1",1,0,1024,84
"cox_intercept",1.00152437399957,0.328855856280824,"3arc","1",1,0,1024,84
"cox_slope",1.37685714274005,0.271527149525284,"3arc","1",1,0,1024,84
"dca_prop_useful",0.808080808080808,NA,"3arc","1",1,0,1024,84
"dca_mean_excess_nb",0.167354797304276,NA,"3arc","1",1,0,1024,84
"dca_nb_pt25",0.492063492063492,NA,"3arc","1",1,0,1024,84
"dca_nb_pt50",0.5,NA,"3arc","1",1,0,1024,84
"dca_nb_pt75",0.226190476190476,NA,"3arc","1",1,0,1024,84
"pr_auc",0.737815171628808,NA,"3arc","1",1,0,1025,101
"roc_auc",0.876877470355731,NA,"3arc","1",1,0,1025,101
"brier_class",0.123371397139714,NA,"3arc","1",1,0,1025,101
"brier_scaled",0.50256457619675,NA,"3arc","1",1,0,1025,101
"prevalence",0.455445544554455,NA,"3arc","1",1,0,1025,101
"cox_intercept",0.131091523776456,0.277701370198627,"3arc","1",1,0,1025,101
"cox_slope",0.869575015830715,0.165306010497592,"3arc","1",1,0,1025,101
"dca_prop_useful",0.767676767676768,NA,"3arc","1",1,0,1025,101
"dca_mean_excess_nb",0.0721011315301067,NA,"3arc","1",1,0,1025,101
"dca_nb_pt25",0.382838283828383,NA,"3arc","1",1,0,1025,101
"dca_nb_pt50",0.326732673267327,NA,"3arc","1",1,0,1025,101
"dca_nb_pt75",0.0891089108910891,NA,"3arc","1",1,0,1025,101
"pr_auc",0.824606532462177,NA,"3arc","1",2,0,1002,136
"roc_auc",0.937484737484737,NA,"3arc","1",2,0,1002,136
"brier_class",0.0776860588235294,NA,"3arc","1",2,0,1002,136
"brier_scaled",0.649113224908425,NA,"3arc","1",2,0,1002,136
"prevalence",0.330882352941176,NA,"3arc","1",2,0,1002,136
"cox_intercept",-0.100677481363396,0.327604744242078,"3arc","1",2,0,1002,136
"cox_slope",0.805642419895288,0.1352464018833,"3arc","1",2,0,1002,136
"dca_prop_useful",0.858585858585859,NA,"3arc","1",2,0,1002,136
"dca_mean_excess_nb",0.114341403753488,NA,"3arc","1",2,0,1002,136
"dca_nb_pt25",0.28921568627451,NA,"3arc","1",2,0,1002,136
"dca_nb_pt50",0.235294117647059,NA,"3arc","1",2,0,1002,136
"dca_nb_pt75",0.110294117647059,NA,"3arc","1",2,0,1002,136
"pr_auc",0.729576692321343,NA,"3arc","1",2,0,1004,140
"roc_auc",0.902867715078631,NA,"3arc","1",2,0,1004,140
"brier_class",0.0947296766313933,NA,"3arc","1",2,0,1004,140
"brier_scaled",0.570605536083416,NA,"3arc","1",2,0,1004,140
"prevalence",0.328571428571429,NA,"3arc","1",2,0,1004,140
"cox_intercept",0.357001253334221,0.254565202986202,"3arc","1",2,0,1004,140
"cox_slope",0.993302955724796,0.155212183889385,"3arc","1",2,0,1004,140
"dca_prop_useful",0.696969696969697,NA,"3arc","1",2,0,1004,140
"dca_mean_excess_nb",0.0752838225460877,NA,"3arc","1",2,0,1004,140
"dca_nb_pt25",0.288095238095238,NA,"3arc","1",2,0,1004,140
"dca_nb_pt50",0.235714285714286,NA,"3arc","1",2,0,1004,140
"dca_nb_pt75",-0.0142857142857143,NA,"3arc","1",2,0,1004,140
"pr_auc",0.674118862975485,NA,"3arc","1",2,0,1005,133
"roc_auc",0.884807596201899,NA,"3arc","1",2,0,1005,133
"brier_class",0.109185657410192,NA,"3arc","1",2,0,1005,133
"brier_scaled",0.517395029003276,NA,"3arc","1",2,0,1005,133
"prevalence",0.345864661654135,NA,"3arc","1",2,0,1005,133
"cox_intercept",0.256303927609352,0.26439106392202,"3arc","1",2,0,1005,133
"cox_slope",0.92092358206781,0.146225425084699,"3arc","1",2,0,1005,133
"dca_prop_useful",0.707070707070707,NA,"3arc","1",2,0,1005,133
"dca_mean_excess_nb",0.0744798989426989,NA,"3arc","1",2,0,1005,133
"dca_nb_pt25",0.298245614035088,NA,"3arc","1",2,0,1005,133
"dca_nb_pt50",0.225563909774436,NA,"3arc","1",2,0,1005,133
"dca_nb_pt75",-0.037593984962406,NA,"3arc","1",2,0,1005,133
"pr_auc",0.610033871252578,NA,"3arc","1",2,0,1006,146
"roc_auc",0.852717391304348,NA,"3arc","1",2,0,1006,146
"brier_class",0.141006164383562,NA,"3arc","1",2,0,1006,146
"brier_scaled",0.346589695652174,NA,"3arc","1",2,0,1006,146
"prevalence",0.315068493150685,NA,"3arc","1",2,0,1006,146
"cox_intercept",0.434882797262088,0.23129286972205,"3arc","1",2,0,1006,146
"cox_slope",0.76294126913098,0.138701958625488,"3arc","1",2,0,1006,146
"dca_prop_useful",0.535353535353535,NA,"3arc","1",2,0,1006,146
"dca_mean_excess_nb",0.0152097944285767,NA,"3arc","1",2,0,1006,146
"dca_nb_pt25",0.264840182648402,NA,"3arc","1",2,0,1006,146
"dca_nb_pt50",0.089041095890411,NA,"3arc","1",2,0,1006,146
"dca_nb_pt75",-0.102739726027397,NA,"3arc","1",2,0,1006,146
"pr_auc",0.857882135479782,NA,"3arc","1",3,0,1003,182
"roc_auc",0.959529602595296,NA,"3arc","1",3,0,1003,182
"brier_class",0.0701546291005158,NA,"3arc","1",3,0,1003,182
"brier_scaled",0.623065379671454,NA,"3arc","1",3,0,1003,182
"prevalence",0.247252747252747,NA,"3arc","1",3,0,1003,182
"cox_intercept",0.106652985170959,0.254554500085953,"3arc","1",3,0,1003,182
"cox_slope",1.29476115409257,0.221152816647947,"3arc","1",3,0,1003,182
"dca_prop_useful",0.96969696969697,NA,"3arc","1",3,0,1003,182
"dca_mean_excess_nb",0.099806624033473,NA,"3arc","1",3,0,1003,182
"dca_nb_pt25",0.205128205128205,NA,"3arc","1",3,0,1003,182
"dca_nb_pt50",0.159340659340659,NA,"3arc","1",3,0,1003,182
"dca_nb_pt75",0.0549450549450549,NA,"3arc","1",3,0,1003,182
"pr_auc",0.567717857026106,NA,"3arc","1",3,0,1007,186
"roc_auc",0.879114906832298,NA,"3arc","1",3,0,1007,186
"brier_class",0.122409500348304,NA,"3arc","1",3,0,1007,186
"brier_scaled",0.342410081669265,NA,"3arc","1",3,0,1007,186
"prevalence",0.247311827956989,NA,"3arc","1",3,0,1007,186
"cox_intercept",0.316745465760254,0.220999945708354,"3arc","1",3,0,1007,186
"cox_slope",0.889015246505565,0.138733189092633,"3arc","1",3,0,1007,186
"dca_prop_useful",0.575757575757576,NA,"3arc","1",3,0,1007,186
"dca_mean_excess_nb",0.0189820299455422,NA,"3arc","1",3,0,1007,186
"dca_nb_pt25",0.198924731182796,NA,"3arc","1",3,0,1007,186
"dca_nb_pt50",0.043010752688172,NA,"3arc","1",3,0,1007,186
"dca_nb_pt75",-0.102150537634409,NA,"3arc","1",3,0,1007,186
"pr_auc",0.565034073581793,NA,"3arc","1",3,0,1008,177
"roc_auc",0.875954198473282,NA,"3arc","1",3,0,1008,177
"brier_class",0.14645525744298,NA,"3arc","1",3,0,1008,177
"brier_scaled",0.238583345431279,NA,"3arc","1",3,0,1008,177
"prevalence",0.259887005649718,NA,"3arc","1",3,0,1008,177
"cox_intercept",0.538605207611072,0.231498078295586,"3arc","1",3,0,1008,177
"cox_slope",0.642237087621353,0.11183558239302,"3arc","1",3,0,1008,177
"dca_prop_useful",0.525252525252525,NA,"3arc","1",3,0,1008,177
"dca_mean_excess_nb",-0.0378102913918736,NA,"3arc","1",3,0,1008,177
"dca_nb_pt25",0.193973634651601,NA,"3arc","1",3,0,1008,177
"dca_nb_pt50",0.0282485875706215,NA,"3arc","1",3,0,1008,177
"dca_nb_pt75",-0.15819209039548,NA,"3arc","1",3,0,1008,177
"pr_auc",0.691024583208526,NA,"3arc","1",3,0,1009,189
"roc_auc",0.915931894192764,NA,"3arc","1",3,0,1009,189
"brier_class",0.101200455026455,NA,"3arc","1",3,0,1009,189
"brier_scaled",0.450443682882335,NA,"3arc","1",3,0,1009,189
"prevalence",0.243386243386243,NA,"3arc","1",3,0,1009,189
"cox_intercept",0.6608156003682,0.221152594507716,"3arc","1",3,0,1009,189
"cox_slope",1.22594733847202,0.18127015117383,"3arc","1",3,0,1009,189
"dca_prop_useful",0.606060606060606,NA,"3arc","1",3,0,1009,189
"dca_mean_excess_nb",0.0562393960925643,NA,"3arc","1",3,0,1009,189
"dca_nb_pt25",0.211640211640212,NA,"3arc","1",3,0,1009,189
"dca_nb_pt50",0.0740740740740741,NA,"3arc","1",3,0,1009,189
"dca_nb_pt75",-0.0211640211640212,NA,"3arc","1",3,0,1009,189
"pr_auc",0.789922604486774,NA,"3arc","1",4,0,1004,228
"roc_auc",0.943108682452945,NA,"3arc","1",4,0,1004,228
"brier_class",0.0745918612791542,NA,"3arc","1",4,0,1004,228
"brier_scaled",0.529133780602847,NA,"3arc","1",4,0,1004,228
"prevalence",0.197368421052632,NA,"3arc","1",4,0,1004,228
"cox_intercept",-0.0278111452178823,0.247755578168392,"3arc","1",4,0,1004,228
"cox_slope",0.985937012083411,0.149017454598627,"3arc","1",4,0,1004,228
"dca_prop_useful",0.95959595959596,NA,"3arc","1",4,0,1004,228
"dca_mean_excess_nb",0.0680250891352187,NA,"3arc","1",4,0,1004,228
"dca_nb_pt25",0.141812865497076,NA,"3arc","1",4,0,1004,228
"dca_nb_pt50",0.0833333333333333,NA,"3arc","1",4,0,1004,228
"dca_nb_pt75",0.043859649122807,NA,"3arc","1",4,0,1004,228
"pr_auc",0.606054655436019,NA,"3arc","1",4,0,1010,224
"roc_auc",0.905959941377626,NA,"3arc","1",4,0,1010,224
"brier_class",0.105089957566411,NA,"3arc","1",4,0,1010,224
"brier_scaled",0.35600956144941,NA,"3arc","1",4,0,1010,224
"prevalence",0.205357142857143,NA,"3arc","1",4,0,1010,224
"cox_intercept",0.625636162922997,0.213571287299676,"3arc","1",4,0,1010,224
"cox_slope",1.04420471960617,0.149876172993811,"3arc","1",4,0,1010,224
"dca_prop_useful",0.515151515151515,NA,"3arc","1",4,0,1010,224
"dca_mean_excess_nb",0.0253730883917439,NA,"3arc","1",4,0,1010,224
"dca_nb_pt25",0.168154761904762,NA,"3arc","1",4,0,1010,224
"dca_nb_pt50",0.00892857142857143,NA,"3arc","1",4,0,1010,224
"dca_nb_pt75",-0.0491071428571429,NA,"3arc","1",4,0,1010,224
"pr_auc",0.545940575572593,NA,"3arc","1",4,0,1011,224
"roc_auc",0.893685881778212,NA,"3arc","1",4,0,1011,224
"brier_class",0.121106426436368,NA,"3arc","1",4,0,1011,224
"brier_scaled",0.257860765404103,NA,"3arc","1",4,0,1011,224
"prevalence",0.205357142857143,NA,"3arc","1",4,0,1011,224
"cox_intercept",0.577015976192106,0.221018928378084,"3arc","1",4,0,1011,224
"cox_slope",0.777084714719363,0.117498659577605,"3arc","1",4,0,1011,224
"dca_prop_useful",0.494949494949495,NA,"3arc","1",4,0,1011,224
"dca_mean_excess_nb",-0.00421993122806737,NA,"3arc","1",4,0,1011,224
"dca_nb_pt25",0.150297619047619,NA,"3arc","1",4,0,1011,224
"dca_nb_pt50",0.00892857142857143,NA,"3arc","1",4,0,1011,224
"dca_nb_pt75",-0.120535714285714,NA,"3arc","1",4,0,1011,224
"pr_auc",0.531654420314885,NA,"3arc","1",4,0,1012,223
"roc_auc",0.885593220338983,NA,"3arc","1",4,0,1012,223
"brier_class",0.121183934121201,NA,"3arc","1",4,0,1012,223
"brier_scaled",0.25984329895441,NA,"3arc","1",4,0,1012,223
"prevalence",0.20627802690583,NA,"3arc","1",4,0,1012,223
"cox_intercept",0.501576364021365,0.216258290551384,"3arc","1",4,0,1012,223
"cox_slope",0.814753379070249,0.123374715884484,"3arc","1",4,0,1012,223
"dca_prop_useful",0.484848484848485,NA,"3arc","1",4,0,1012,223
"dca_mean_excess_nb",-0.000618602902831923,NA,"3arc","1",4,0,1012,223
"dca_nb_pt25",0.155455904334828,NA,"3arc","1",4,0,1012,223
"dca_nb_pt50",-0.00896860986547085,NA,"3arc","1",4,0,1012,223
"dca_nb_pt75",-0.121076233183856,NA,"3arc","1",4,0,1012,223
"pr_auc",0.614004516432541,NA,"3arc","1",5,0,1005,273
"roc_auc",0.919200779727095,NA,"3arc","1",5,0,1005,273
"brier_class",0.0821036800394957,NA,"3arc","1",5,0,1005,273
"brier_scaled",0.403595987362225,NA,"3arc","1",5,0,1005,273
"prevalence",0.164835164835165,NA,"3arc","1",5,0,1005,273
"cox_intercept",-0.0770036088808301,0.228513735968314,"3arc","1",5,0,1005,273
"cox_slope",0.823982707754951,0.120463705889358,"3arc","1",5,0,1005,273
"dca_prop_useful",0.737373737373737,NA,"3arc","1",5,0,1005,273
"dca_mean_excess_nb",0.0353740452727266,NA,"3arc","1",5,0,1005,273
"dca_nb_pt25",0.102564102564103,NA,"3arc","1",5,0,1005,273
"dca_nb_pt50",0.0476190476190476,NA,"3arc","1",5,0,1005,273
"dca_nb_pt75",-0.0183150183150183,NA,"3arc","1",5,0,1005,273
"pr_auc",0.496623048811249,NA,"3arc","1",5,0,1013,277
"roc_auc",0.889704498400151,NA,"3arc","1",5,0,1013,277
"brier_class",0.110461530888488,NA,"3arc","1",5,0,1013,277
"brier_scaled",0.202371277663958,NA,"3arc","1",5,0,1013,277
"prevalence",0.166064981949458,NA,"3arc","1",5,0,1013,277
"cox_intercept",0.524994679804586,0.205441475263205,"3arc","1",5,0,1013,277
"cox_slope",0.803687361593503,0.118277682935669,"3arc","1",5,0,1013,277
"dca_prop_useful",0.414141414141414,NA,"3arc","1",5,0,1013,277
"dca_mean_excess_nb",-0.00178225867920151,NA,"3arc","1",5,0,1013,277
"dca_nb_pt25",0.0926594464500602,NA,"3arc","1",5,0,1013,277
"dca_nb_pt50",-0.0144404332129964,NA,"3arc","1",5,0,1013,277
"dca_nb_pt75",-0.075812274368231,NA,"3arc","1",5,0,1013,277
"pr_auc",0.494393283138717,NA,"3arc","1",5,0,1014,271
"roc_auc",0.895265700483092,NA,"3arc","1",5,0,1014,271
"brier_class",0.115144752767528,NA,"3arc","1",5,0,1014,271
"brier_scaled",0.182961759613526,NA,"3arc","1",5,0,1014,271
"prevalence",0.169741697416974,NA,"3arc","1",5,0,1014,271
"cox_intercept",0.729454912303189,0.221919334101057,"3arc","1",5,0,1014,271
"cox_slope",0.587731001614786,0.0991017891287582,"3arc","1",5,0,1014,271
"dca_prop_useful",0.424242424242424,NA,"3arc","1",5,0,1014,271
"dca_mean_excess_nb",-0.00910818775191331,NA,"3arc","1",5,0,1014,271
"dca_nb_pt25",0.0922509225092251,NA,"3arc","1",5,0,1014,271
"dca_nb_pt50",-0.014760147601476,NA,"3arc","1",5,0,1014,271
"dca_nb_pt75",-0.0922509225092251,NA,"3arc","1",5,0,1014,271
"pr_auc",0.474689700011437,NA,"3arc","1",5,0,1015,273
"roc_auc",0.886037157632637,NA,"3arc","1",5,0,1015,273
"brier_class",0.115139419400297,NA,"3arc","1",5,0,1015,273
"brier_scaled",0.178200939620306,NA,"3arc","1",5,0,1015,273
"prevalence",0.168498168498169,NA,"3arc","1",5,0,1015,273
"cox_intercept",0.571793094016247,0.210927357420882,"3arc","1",5,0,1015,273
"cox_slope",0.736939649414826,0.110277144308667,"3arc","1",5,0,1015,273
"dca_prop_useful",0.424242424242424,NA,"3arc","1",5,0,1015,273
"dca_mean_excess_nb",-0.00653722846822266,NA,"3arc","1",5,0,1015,273
"dca_nb_pt25",0.0915750915750916,NA,"3arc","1",5,0,1015,273
"dca_nb_pt50",-0.032967032967033,NA,"3arc","1",5,0,1015,273
"dca_nb_pt75",-0.0769230769230769,NA,"3arc","1",5,0,1015,273
